date,rh_ws2,rh_ws3,rh_ws4,rh_ws5,rh_ws6,rh_ws7,rh_ws8,rh_ws9,rh_ws10,rh_ws11,rh_ws12,rh_ws13,rh_ws14,rh_ws15,rh_ws16,rh_ws17,rh_ws18,rh_ws19,rh_ws20,rh_ws21,rh_ws22,rh_ws23,rh_ws24,rh_ws25
2005-01-01T00:00:00Z,84.95833333333333,74.91666666666667,75.95833333333333,75.25,88.41666666666667,79.45833333333333,75.95833333333333,62.083333333333336,71,75.58333333333333,83.08333333333333,68.20833333333333,72.29166666666667,74.95833333333333,79.125,74.91666666666667,79.125,77.41666666666667,86.33333333333333,73.08333333333333,66.70833333333333,80.45833333333333,87.20833333333333,70.79166666666667
2005-01-02T00:00:00Z,86.25,80.91666666666667,78.58333333333333,74.58333333333333,93.83333333333333,81.75,76.45833333333333,77.08333333333333,81.58333333333333,80.58333333333333,88.04166666666667,68.29166666666667,78.33333333333333,80.83333333333333,79.66666666666667,81.58333333333333,79.33333333333333,77.83333333333333,87.04166666666667,80.79166666666667,67.04166666666667,84.41666666666667,95.54166666666667,70.66666666666667
2005-01-03T00:00:00Z,85.25,82.25,81.625,75.41666666666667,92.41666666666667,80.375,77.66666666666667,73.91666666666667,83.16666666666667,82.875,87.125,68.625,79.54166666666667,78.70833333333333,91,80.25,83.45833333333333,76.5,95.375,79.29166666666667,72.41666666666667,85.33333333333333,86.54166666666667,71.875
2005-01-04T00:00:00Z,77.20833333333333,76.16666666666667,71.95833333333333,73.95833333333333,81.625,72.20833333333333,72.91666666666667,74.95833333333333,70.20833333333333,72.91666666666667,79.625,68,70.83333333333333,70.5,91.54166666666667,70.70833333333333,76.79166666666667,66.91666666666667,90.625,74.91666666666667,68.5,79.25,80.91666666666667,63.708333333333336
2005-01-05T00:00:00Z,78.08333333333333,80.20833333333333,70.5,73.29166666666667,87.08333333333333,74.33333333333333,73.5,70.54166666666667,76.79166666666667,75.08333333333333,79.33333333333333,67.04166666666667,73.25,74.5,87.125,72.375,75.54166666666667,65.45833333333333,88.04166666666667,73.41666666666667,70.16666666666667,76.70833333333333,94.95833333333333,70.375
2005-01-06T00:00:00Z,76.08333333333333,81.625,82.125,68.29166666666667,88.41666666666667,72.875,69.95833333333333,71.875,73.83333333333333,87,92.66666666666667,67.33333333333333,84.29166666666667,78.79166666666667,88.58333333333333,76.20833333333333,71.70833333333333,80.375,90.20833333333333,85.29166666666667,69.5,71.70833333333333,82.54166666666667,65
2005-01-07T00:00:00Z,69.29166666666667,73.33333333333333,73.125,74.20833333333333,80.58333333333333,73.95833333333333,71.16666666666667,64.41666666666667,71.20833333333333,69.375,77.79166666666667,67.125,80.625,58.666666666666664,81.45833333333333,66.54166666666667,80.70833333333333,78.08333333333333,84.41666666666667,77.08333333333333,53.666666666666664,76.5,77.29166666666667,62.208333333333336
2005-01-08T00:00:00Z,87.83333333333333,82.58333333333333,79.83333333333333,78.95833333333333,86.91666666666667,78.58333333333333,80.54166666666667,76.75,80.41666666666667,85,89.33333333333333,67.66666666666667,85.41666666666667,82.04166666666667,89.08333333333333,83.95833333333333,84.625,81.41666666666667,94.45833333333333,75.91666666666667,66.375,82.95833333333333,89.66666666666667,71.79166666666667
2005-01-09T00:00:00Z,79,81.5,73.04166666666667,69.91666666666667,83.79166666666667,69.66666666666667,72.29166666666667,74.45833333333333,68.25,73.45833333333333,77.54166666666667,67.58333333333333,68.75,77.45833333333333,75.45833333333333,71.625,76.04166666666667,67.75,79,70.75,64.54166666666667,71.16666666666667,87.375,60.5
2005-01-10T00:00:00Z,88.91666666666667,76.58333333333333,77.66666666666667,80.20833333333333,95.16666666666667,79.66666666666667,77.08333333333333,64.58333333333333,80.5,77.70833333333333,81.16666666666667,68.875,74,81.54166666666667,92.375,87.83333333333333,83.58333333333333,80,98.04166666666667,73.25,61.625,86.875,90.16666666666667,76.875
2005-01-11T00:00:00Z,86.375,82.41666666666667,83.45833333333333,82.125,94.45833333333333,82.70833333333333,80.875,76.375,82.625,81.95833333333333,85.45833333333333,67.66666666666667,80.54166666666667,78.33333333333333,76.875,84.08333333333333,84.375,79.41666666666667,88.95833333333333,80.79166666666667,68.625,82.54166666666667,91.83333333333333,75.75
2005-01-12T00:00:00Z,84.70833333333333,78.70833333333333,84,84.75,83.29166666666667,80.29166666666667,81.45833333333333,75.83333333333333,80.08333333333333,89.125,93.54166666666667,68.20833333333333,87.375,85.20833333333333,86.04166666666667,81.08333333333333,84.83333333333333,82.375,89.58333333333333,86.83333333333333,79.08333333333333,84.20833333333333,85.25,70.41666666666667
2005-01-13T00:00:00Z,78.125,84.20833333333333,80.33333333333333,84,82.33333333333333,82.70833333333333,83.625,80.625,79.29166666666667,88.16666666666667,92.75,69.04166666666667,83.125,84.45833333333333,86.08333333333333,83.875,81.625,77.875,87.625,84.83333333333333,75.04166666666667,83.33333333333333,81,68.25
2005-01-14T00:00:00Z,81.70833333333333,72.66666666666667,69.5,72.5,83.58333333333333,79.91666666666667,74.5,71.5,58.166666666666664,72.625,66.33333333333333,68.5,68.66666666666667,62.333333333333336,85.70833333333333,60.208333333333336,79.91666666666667,66.79166666666667,88.875,64.91666666666667,59.375,83.20833333333333,81.25,71.54166666666667
2005-01-15T00:00:00Z,58.791666666666664,64.875,54.375,58.416666666666664,73.625,70.33333333333333,60.416666666666664,60,43.083333333333336,59.041666666666664,63.375,68.95833333333333,68.79166666666667,60.958333333333336,73.08333333333333,42.125,65.125,58.25,77.20833333333333,71.125,51.291666666666664,67.625,63.916666666666664,59.458333333333336
2005-01-16T00:00:00Z,84.08333333333333,66.08333333333333,43.375,81.45833333333333,86.95833333333333,84,81.75,67.58333333333333,76.58333333333333,45.916666666666664,51.75,69.33333333333333,44.541666666666664,74.54166666666667,81.41666666666667,61.333333333333336,83.375,37.208333333333336,89.91666666666667,47.25,36.458333333333336,86.625,85.79166666666667,83.70833333333333
2005-01-17T00:00:00Z,42.958333333333336,49.458333333333336,40.041666666666664,50.333333333333336,51.291666666666664,49.875,50.375,50.208333333333336,53.666666666666664,36.75,38.541666666666664,85.04166666666667,38.75,42.958333333333336,54.541666666666664,39.75,54.416666666666664,30.458333333333332,58.458333333333336,34.583333333333336,27.583333333333332,52.041666666666664,45.5,39.125
2005-01-18T00:00:00Z,41.875,34.333333333333336,36.041666666666664,40,39.041666666666664,37.75,43.291666666666664,39.541666666666664,39.708333333333336,38.458333333333336,29.333333333333332,89,35.375,47.875,45.541666666666664,48.083333333333336,42.75,32.25,39.875,26.75,25.458333333333332,44.75,37.666666666666664,35.75
2005-01-19T00:00:00Z,79.29166666666667,45.083333333333336,50.416666666666664,58.125,69.08333333333333,56.791666666666664,54.083333333333336,55.5,59.041666666666664,53.875,52.75,76.33333333333333,45.208333333333336,68.375,62.291666666666664,55.916666666666664,58.375,55.708333333333336,60.666666666666664,51.916666666666664,42,61.583333333333336,69.45833333333333,58.875
2005-01-20T00:00:00Z,76.66666666666667,60.958333333333336,57.958333333333336,59.333333333333336,69.91666666666667,54.5,66.875,72.54166666666667,59.583333333333336,64.79166666666667,62.75,69.375,59.333333333333336,73.16666666666667,62.583333333333336,64.58333333333333,57.583333333333336,65.16666666666667,57.958333333333336,60.333333333333336,61.166666666666664,55.708333333333336,69.625,54.333333333333336
2005-01-21T00:00:00Z,84.95833333333333,71.58333333333333,66.54166666666667,73.625,70.41666666666667,78.125,76.75,75.16666666666667,88.04166666666667,96.125,77.41666666666667,69.375,77.45833333333333,92.91666666666667,70.83333333333333,87.58333333333333,77.5,71.54166666666667,80.625,80.79166666666667,83.91666666666667,81.58333333333333,66.91666666666667,74.29166666666667
2005-01-22T00:00:00Z,83.08333333333333,86.25,76.375,74.125,84.625,77.66666666666667,75.16666666666667,87.20833333333333,75.41666666666667,93.25,91.41666666666667,70.83333333333333,86.54166666666667,90.25,81.95833333333333,80.5,75.08333333333333,83.45833333333333,86.54166666666667,88.58333333333333,81,75.95833333333333,87.04166666666667,73.16666666666667
2005-01-23T00:00:00Z,63.041666666666664,55.333333333333336,49.541666666666664,39.291666666666664,62.666666666666664,52.25,43.25,50.333333333333336,50.25,47.375,43.375,68.29166666666667,43.625,56.875,66.29166666666667,49.166666666666664,48.083333333333336,37.416666666666664,58.25,41.083333333333336,43.583333333333336,51.791666666666664,59.833333333333336,46
2005-01-24T00:00:00Z,47.25,43.625,41.875,36.75,47.666666666666664,40.541666666666664,35.833333333333336,52.666666666666664,39.25,41,35.458333333333336,68.54166666666667,39.083333333333336,52.791666666666664,54.583333333333336,40.125,41.875,42.125,45.375,50.25,44.791666666666664,41.541666666666664,40.875,36.625
2005-01-25T00:00:00Z,58.083333333333336,39.583333333333336,39.875,47.458333333333336,61.875,49.625,44.666666666666664,52.583333333333336,46.208333333333336,43.166666666666664,35,68.54166666666667,36.708333333333336,48.291666666666664,63.833333333333336,45.5,49.625,41.916666666666664,56.875,38.416666666666664,36.25,52.416666666666664,61,39.291666666666664
2005-01-26T00:00:00Z,66.875,65.5,50.666666666666664,59.291666666666664,68.75,70.45833333333333,58.541666666666664,70.625,62.791666666666664,64.125,54.875,67.79166666666667,57.416666666666664,62.416666666666664,80.04166666666667,60.208333333333336,70.75,55.958333333333336,80.20833333333333,58.875,53.875,66.58333333333333,70.375,57.291666666666664
2005-01-27T00:00:00Z,47.583333333333336,55.083333333333336,46.708333333333336,49.958333333333336,62.791666666666664,54.541666666666664,52.208333333333336,48.166666666666664,50.666666666666664,47.166666666666664,54.041666666666664,72,42.75,50.875,75.79166666666667,45.791666666666664,51.291666666666664,40.125,60.5,34.25,29.583333333333332,51.291666666666664,64.83333333333333,42.125
2005-01-28T00:00:00Z,46.75,35.333333333333336,27.541666666666668,34.958333333333336,58.083333333333336,54.916666666666664,38.416666666666664,36.083333333333336,44.416666666666664,35.166666666666664,31.833333333333332,94.95833333333333,34.791666666666664,40.708333333333336,68.29166666666667,34.25,45.041666666666664,21.958333333333332,63.791666666666664,26.791666666666668,22.791666666666668,48.5,59.625,42.875
2005-01-29T00:00:00Z,69.5,79.125,67.45833333333333,68.83333333333333,71.91666666666667,67.5,70.08333333333333,62.25,69.79166666666667,66.54166666666667,81.20833333333333,83.66666666666667,73.29166666666667,72.875,77.33333333333333,67.20833333333333,72.20833333333333,65.04166666666667,71.125,71.16666666666667,54.75,70.20833333333333,80,60.875
2005-01-30T00:00:00Z,91.45833333333333,83.41666666666667,88.83333333333333,81.70833333333333,93.83333333333333,87.83333333333333,83.79166666666667,76.41666666666667,87.83333333333333,92.29166666666667,97.16666666666667,69.08333333333333,85.95833333333333,93.375,91.70833333333333,91.29166666666667,85.29166666666667,91,86.83333333333333,79.95833333333333,62.375,87.79166666666667,96.45833333333333,83.16666666666667
2005-01-31T00:00:00Z,69.04166666666667,74,54,60.5,74.75,68.20833333333333,63.375,75.20833333333333,61.458333333333336,60.791666666666664,68.20833333333333,68.75,59.25,74.125,83.875,58.583333333333336,65.125,62.875,73.25,63.458333333333336,52.791666666666664,68.70833333333333,81.95833333333333,59.083333333333336
2005-02-01T00:00:00Z,80.5,65.83333333333333,59.958333333333336,69.04166666666667,82.375,77.875,73.75,69.45833333333333,72.625,73.91666666666667,63.583333333333336,68.75,62.75,79.08333333333333,88.33333333333333,67.20833333333333,71.33333333333333,63.708333333333336,79.08333333333333,62.166666666666664,60.166666666666664,77.66666666666667,87.58333333333333,69.16666666666667
2005-02-02T00:00:00Z,72.45833333333333,76,71.25,70.45833333333333,80.5,74.54166666666667,74.20833333333333,68.33333333333333,69.04166666666667,59.666666666666664,84.04166666666667,70.66666666666667,73.95833333333333,63.333333333333336,83.08333333333333,55.916666666666664,70.91666666666667,68.875,76.58333333333333,73.58333333333333,46.625,73.45833333333333,84.33333333333333,66.04166666666667
2005-02-03T00:00:00Z,96,86.95833333333333,89,86.125,97,89.04166666666667,87,86.20833333333333,90.95833333333333,91.125,92.125,69.75,89.75,92.41666666666667,90.70833333333333,84.91666666666667,90.33333333333333,88.08333333333333,87.95833333333333,90,78.875,91.5,100,86.91666666666667
2005-02-04T00:00:00Z,75.41666666666667,62.5,66.95833333333333,71.125,82,74.25,73.70833333333333,64.91666666666667,71.41666666666667,67.95833333333333,66.25,68.875,65.625,83.25,85.16666666666667,72.5,69.625,64.45833333333333,76.54166666666667,63.416666666666664,46.25,71.95833333333333,90.33333333333333,67.66666666666667
2005-02-05T00:00:00Z,53.708333333333336,61.458333333333336,51.583333333333336,45.125,58.083333333333336,54.375,55.666666666666664,39.583333333333336,57.416666666666664,46.375,54.25,71.79166666666667,52.333333333333336,56.666666666666664,82.70833333333333,48.875,57.208333333333336,56.166666666666664,60.083333333333336,57.958333333333336,31.458333333333332,51.375,68.5,43.833333333333336
2005-02-06T00:00:00Z,54.833333333333336,59.458333333333336,40.916666666666664,42.625,65.95833333333333,50.75,50.25,32.375,54.375,44.125,42.75,69.25,46.125,54.416666666666664,86.125,44.375,50.583333333333336,45.75,61.083333333333336,51.458333333333336,38.875,49.125,81.66666666666667,46.541666666666664
2005-02-07T00:00:00Z,67.08333333333333,57.541666666666664,44.458333333333336,48.291666666666664,87.70833333333333,81.54166666666667,48.333333333333336,41.583333333333336,50.791666666666664,49.541666666666664,44.5,70.91666666666667,46.208333333333336,48.375,93.5,42.916666666666664,69.45833333333333,50.666666666666664,91.41666666666667,56.708333333333336,38.416666666666664,73.25,99.58333333333333,54.916666666666664
2005-02-08T00:00:00Z,70.75,59.916666666666664,50.75,55.625,80.16666666666667,71.20833333333333,61.291666666666664,62.25,63.708333333333336,55.166666666666664,62.708333333333336,74.70833333333333,53.25,49.458333333333336,89.91666666666667,60.916666666666664,69.91666666666667,55.541666666666664,88.83333333333333,62.416666666666664,47.875,74.75,75.45833333333333,59
2005-02-09T00:00:00Z,75.375,91.54166666666667,89.41666666666667,76.20833333333333,73.625,70.70833333333333,81.125,80.33333333333333,75.33333333333333,94,98.25,67.66666666666667,90.5,79.54166666666667,81.41666666666667,77.79166666666667,72.70833333333333,88.04166666666667,81.625,88.66666666666667,75.08333333333333,71.20833333333333,78.625,62.875
2005-02-10T00:00:00Z,57.666666666666664,64.04166666666667,52.25,51.833333333333336,66.79166666666667,61.166666666666664,53.208333333333336,64.58333333333333,55.833333333333336,55.75,53.166666666666664,70.75,50.208333333333336,62.083333333333336,79.16666666666667,46.5,57.583333333333336,42.666666666666664,66.41666666666667,45.041666666666664,47.041666666666664,59.166666666666664,72,50.666666666666664
2005-02-11T00:00:00Z,36.708333333333336,54.083333333333336,48.5,36.958333333333336,38.166666666666664,40.75,38.5,61.875,37.416666666666664,46.708333333333336,42.041666666666664,74.33333333333333,47.5,41.291666666666664,43.833333333333336,40.416666666666664,37.083333333333336,43.416666666666664,40.666666666666664,47.125,37.083333333333336,41.458333333333336,35.375,28.875
2005-02-12T00:00:00Z,52.75,41.625,41.5,43.291666666666664,50.25,45.458333333333336,46.583333333333336,64.29166666666667,45.25,48.916666666666664,50.75,83.04166666666667,35.5,50.833333333333336,54,44.583333333333336,50.208333333333336,44.041666666666664,58.208333333333336,31.458333333333332,34.75,46.958333333333336,55.166666666666664,35.541666666666664
2005-02-13T00:00:00Z,53.625,81.91666666666667,61.333333333333336,50.458333333333336,54.75,53.875,47.125,69.375,48.041666666666664,63.5,69.375,75.95833333333333,67.83333333333333,49.291666666666664,58.625,55.125,56.041666666666664,71.16666666666667,58.458333333333336,76.79166666666667,65.875,55.958333333333336,68.66666666666667,40.458333333333336
2005-02-14T00:00:00Z,86.5,86.45833333333333,84.375,74.95833333333333,86.83333333333333,81,74.41666666666667,83.5,85.375,97.5,95.08333333333333,66,91.91666666666667,87.54166666666667,80.83333333333333,90.625,77.79166666666667,87.25,81.16666666666667,93.08333333333333,74.95833333333333,83,95.70833333333333,80.375
2005-02-15T00:00:00Z,77.33333333333333,81.91666666666667,86.91666666666667,75.20833333333333,77.41666666666667,82.83333333333333,76.75,60.291666666666664,74.79166666666667,72.75,96.25,66.08333333333333,84.33333333333333,72.875,86.70833333333333,74.08333333333333,77.70833333333333,82.5,85.45833333333333,84.04166666666667,78.66666666666667,83.20833333333333,86.16666666666667,65.16666666666667
2005-02-16T00:00:00Z,80.375,80,76.83333333333333,79.45833333333333,75.79166666666667,79.95833333333333,80.95833333333333,75.58333333333333,81.91666666666667,73.16666666666667,79.91666666666667,67.5,73.5,68.29166666666667,90.5,69.91666666666667,82.08333333333333,75.04166666666667,94.375,71.83333333333333,67.91666666666667,79.79166666666667,86.83333333333333,70.83333333333333
2005-02-17T00:00:00Z,51.083333333333336,48.333333333333336,44,45.75,52.666666666666664,54.416666666666664,44.208333333333336,46.291666666666664,48.833333333333336,47.5,42.833333333333336,68.33333333333333,40.5,51.166666666666664,65.33333333333333,45.708333333333336,57.333333333333336,40.5,61.791666666666664,40.375,33.25,60,58.75,41.208333333333336
2005-02-18T00:00:00Z,47.041666666666664,43.083333333333336,36.125,51.375,54.416666666666664,51.208333333333336,44.833333333333336,45.625,47.416666666666664,38.291666666666664,35.916666666666664,69.375,35.041666666666664,42.708333333333336,54.416666666666664,39.958333333333336,55.625,26.25,47.375,31.666666666666668,32.458333333333336,56.333333333333336,52.625,48.291666666666664
2005-02-19T00:00:00Z,59.125,48.125,42.583333333333336,53.958333333333336,60.833333333333336,59.208333333333336,50.375,35.625,60.25,48.041666666666664,43.291666666666664,67.83333333333333,41.333333333333336,50.291666666666664,61.333333333333336,49,64.16666666666667,51.208333333333336,58.541666666666664,34.791666666666664,40.416666666666664,62.458333333333336,67.79166666666667,46.75
2005-02-20T00:00:00Z,75.5,81.20833333333333,72.58333333333333,65.54166666666667,73.08333333333333,70.70833333333333,62.291666666666664,59.333333333333336,75.08333333333333,57.833333333333336,77,67.875,65.125,73.45833333333333,65.25,61.666666666666664,66.54166666666667,63.958333333333336,65.41666666666667,67.625,45.5,69.91666666666667,79.70833333333333,65.16666666666667
2005-02-21T00:00:00Z,89.45833333333333,85.375,93.75,83.04166666666667,84.875,83.33333333333333,85.58333333333333,64.08333333333333,67.625,98.54166666666667,91.83333333333333,67.41666666666667,92.875,93.16666666666667,91.75,89.625,81.125,91.66666666666667,88.66666666666667,80.20833333333333,85.83333333333333,81.58333333333333,90.41666666666667,75.875
2005-02-22T00:00:00Z,88.5,64.45833333333333,69.875,75.41666666666667,86.33333333333333,88.08333333333333,77.875,49.916666666666664,86.70833333333333,75.20833333333333,69.58333333333333,68.16666666666667,58.375,87.45833333333333,92.625,75.41666666666667,81.79166666666667,69.125,90.75,53.125,53.666666666666664,83.375,93.04166666666667,76.83333333333333
2005-02-23T00:00:00Z,75.66666666666667,55.291666666666664,54.416666666666664,70,78.58333333333333,76.83333333333333,69.25,54.666666666666664,71.375,55.458333333333336,53.041666666666664,68.41666666666667,53.375,66.5,77.5,64.04166666666667,77.75,60.708333333333336,78.70833333333333,53.833333333333336,38.375,74.16666666666667,84.04166666666667,63
2005-02-24T00:00:00Z,91.29166666666667,87.16666666666667,87.79166666666667,88.625,88.54166666666667,86.25,90.5,87,89.41666666666667,93.04166666666667,83.66666666666667,69.91666666666667,85.16666666666667,91.625,91.83333333333333,87.25,89.83333333333333,85.45833333333333,90.16666666666667,85.625,77.41666666666667,89.33333333333333,95.58333333333333,78.54166666666667
2005-02-25T00:00:00Z,82.75,61.875,67.91666666666667,75.16666666666667,79.16666666666667,77.875,79.58333333333333,60.541666666666664,78.91666666666667,71.08333333333333,73.08333333333333,69.83333333333333,69.75,86.33333333333333,78.08333333333333,79.95833333333333,76.45833333333333,71.91666666666667,78.91666666666667,69.5,55.041666666666664,77.79166666666667,88.125,73
2005-02-26T00:00:00Z,77.33333333333333,62.416666666666664,63.75,71.16666666666667,71.625,71.91666666666667,71,48.958333333333336,72.58333333333333,61.666666666666664,66.625,68.5,64.45833333333333,71.875,72,67.5,70.16666666666667,68.75,69.70833333333333,66.20833333333333,56,62.541666666666664,78.79166666666667,66.375
2005-02-27T00:00:00Z,70.125,79.45833333333333,64.83333333333333,70.66666666666667,71.625,74.20833333333333,73.625,70.625,74.83333333333333,72.08333333333333,71.33333333333333,70.41666666666667,75.25,72.125,73.125,70.20833333333333,72.375,71.79166666666667,76.04166666666667,74.54166666666667,59.833333333333336,58.916666666666664,72.70833333333333,63.833333333333336
2005-02-28T00:00:00Z,94.79166666666667,90.5,90.83333333333333,87.5,94.04166666666667,87.33333333333333,89,87.5,94.20833333333333,98,86.33333333333333,69.58333333333333,94.83333333333333,98.54166666666667,90.70833333333333,93.875,89.45833333333333,89,87.625,92.33333333333333,83.125,86.54166666666667,99.25,83.125
2005-03-01T00:00:00Z,60.166666666666664,52.125,44.75,48.833333333333336,62.666666666666664,54.875,51.791666666666664,68.75,55.041666666666664,51.458333333333336,45.791666666666664,69.29166666666667,48.958333333333336,60.083333333333336,61.375,53.5,52.958333333333336,43.708333333333336,58.541666666666664,44.375,41.125,57.166666666666664,67.16666666666667,46.666666666666664
2005-03-02T00:00:00Z,42.625,48.791666666666664,42.458333333333336,41.625,44.916666666666664,40.791666666666664,40.916666666666664,56.416666666666664,40,39.875,40.208333333333336,68.875,41.25,45.083333333333336,42.833333333333336,40.25,41.541666666666664,33.75,43.875,38.75,34.458333333333336,40.041666666666664,42.208333333333336,35.458333333333336
2005-03-03T00:00:00Z,46.833333333333336,43.416666666666664,38.166666666666664,48.916666666666664,46.375,44.708333333333336,44.041666666666664,39.583333333333336,42.666666666666664,40.458333333333336,41.625,68.45833333333333,31.958333333333332,43.833333333333336,41.708333333333336,47.625,43.333333333333336,43,43.333333333333336,31.25,29.541666666666668,46.791666666666664,42.833333333333336,37.666666666666664
2005-03-04T00:00:00Z,54.666666666666664,53.791666666666664,44.041666666666664,51.083333333333336,54.5,54.958333333333336,46.541666666666664,47.666666666666664,49.708333333333336,47.625,44.666666666666664,67.91666666666667,46.666666666666664,53.416666666666664,54.458333333333336,46.083333333333336,58.75,43.833333333333336,58,49.791666666666664,44.416666666666664,57.166666666666664,57.833333333333336,47.541666666666664
2005-03-05T00:00:00Z,78.70833333333333,55,43.833333333333336,55.916666666666664,74.625,57.708333333333336,55.625,71.625,67.04166666666667,73.45833333333333,44.875,67.70833333333333,45.833333333333336,80.125,69.5,65.08333333333333,59.291666666666664,40.958333333333336,71.08333333333333,46.083333333333336,52.291666666666664,61.666666666666664,90.20833333333333,54.75
2005-03-06T00:00:00Z,61.708333333333336,49.333333333333336,49.708333333333336,65.75,64.75,62.375,64.58333333333333,44,64.125,52.625,44.125,68.125,40.958333333333336,59.958333333333336,71.20833333333333,52.958333333333336,65.70833333333333,48,74.16666666666667,34.583333333333336,32.958333333333336,66.5,70.58333333333333,52.583333333333336
2005-03-07T00:00:00Z,47.125,66.16666666666667,52.25,48.083333333333336,49.75,50.916666666666664,47.041666666666664,47.625,44.75,51.916666666666664,58.375,68.70833333333333,46.916666666666664,44.291666666666664,73.375,43.208333333333336,53.041666666666664,55.958333333333336,73.70833333333333,48.208333333333336,39.875,58.333333333333336,53.791666666666664,34.708333333333336
2005-03-08T00:00:00Z,69.95833333333333,66.375,61.291666666666664,54.125,67.66666666666667,57.791666666666664,55.083333333333336,70.625,60.958333333333336,66.16666666666667,57.291666666666664,70.25,57.833333333333336,67.04166666666667,74.33333333333333,64.75,56.583333333333336,54.541666666666664,67.08333333333333,54.458333333333336,52.375,57.875,77,53.458333333333336
2005-03-09T00:00:00Z,55.416666666666664,51.666666666666664,48.416666666666664,53.541666666666664,48.083333333333336,49.875,54.75,49.958333333333336,52.291666666666664,44.083333333333336,47.916666666666664,69.375,42.583333333333336,50.875,46.166666666666664,50,52.333333333333336,40.375,49.25,39.375,32.625,49.583333333333336,47.916666666666664,40.875
2005-03-10T00:00:00Z,56.208333333333336,48.125,46.166666666666664,51.208333333333336,52.791666666666664,54.666666666666664,51.208333333333336,39.5,48.25,45.083333333333336,48.083333333333336,68.41666666666667,39.875,44.541666666666664,51.083333333333336,43.666666666666664,54.875,41,54.458333333333336,34.625,27.083333333333332,55.291666666666664,55.291666666666664,43.583333333333336
2005-03-11T00:00:00Z,67.5,56.125,45.75,48.583333333333336,63.666666666666664,59,53.791666666666664,71.04166666666667,61.541666666666664,62.333333333333336,47.291666666666664,68.625,49.958333333333336,67.91666666666667,60.541666666666664,58.916666666666664,58.583333333333336,44.916666666666664,70.04166666666667,46.25,49.625,60.791666666666664,73.33333333333333,50
2005-03-12T00:00:00Z,57,33.041666666666664,36.416666666666664,34.458333333333336,53.75,47.5,36.791666666666664,55.583333333333336,46.25,56.541666666666664,35.875,69.20833333333333,41.458333333333336,51.708333333333336,61.916666666666664,49.166666666666664,44.208333333333336,32.041666666666664,60.75,38.416666666666664,47.791666666666664,43.75,62.333333333333336,42.166666666666664
2005-03-13T00:00:00Z,66.16666666666667,40.291666666666664,44.25,38.833333333333336,67.25,67.25,38.666666666666664,54.625,59.291666666666664,68.66666666666667,43.583333333333336,67.54166666666667,56.916666666666664,59.208333333333336,78.83333333333333,57.458333333333336,46.625,44.25,75,52.541666666666664,57.125,68.83333333333333,80.5,56.791666666666664
2005-03-14T00:00:00Z,78.75,78,80.29166666666667,74.33333333333333,75.79166666666667,76.70833333333333,78.79166666666667,73,82.33333333333333,83.5,80.125,68.58333333333333,75.08333333333333,83.91666666666667,76.95833333333333,79.54166666666667,81.33333333333333,81.04166666666667,79.45833333333333,81.41666666666667,76.08333333333333,80.125,88.54166666666667,73.29166666666667
2005-03-15T00:00:00Z,61.958333333333336,59,53.083333333333336,61.958333333333336,56.5,62.916666666666664,64.20833333333333,39.583333333333336,61.333333333333336,53.541666666666664,58.708333333333336,68.75,52,61.5,53.25,52.291666666666664,67.95833333333333,48.083333333333336,61.416666666666664,57.583333333333336,40.708333333333336,65.16666666666667,58.958333333333336,56.083333333333336
2005-03-16T00:00:00Z,91.41666666666667,85.875,83.20833333333333,85,82.79166666666667,86.625,86.625,82.58333333333333,89.95833333333333,86.875,87.625,69.04166666666667,85.83333333333333,86.875,78.875,85.79166666666667,86.375,83.45833333333333,84.91666666666667,87.875,74,86.95833333333333,80.75,81.08333333333333
2005-03-17T00:00:00Z,94.45833333333333,81.25,87.875,90,93.04166666666667,90.5,89.25,82.04166666666667,93.625,90.75,85.375,69.95833333333333,83.79166666666667,94.08333333333333,93.16666666666667,92.58333333333333,90.20833333333333,88.125,92.58333333333333,83.875,75.70833333333333,92.45833333333333,96.29166666666667,88.5
2005-03-18T00:00:00Z,71.125,67,60.791666666666664,67.04166666666667,66.83333333333333,62.708333333333336,82.66666666666667,72.58333333333333,67.04166666666667,66.04166666666667,59.791666666666664,69.125,61.625,83.29166666666667,80.16666666666667,67.70833333333333,63.625,65.29166666666667,73.70833333333333,71.75,56.583333333333336,62.541666666666664,75.25,60.375
2005-03-19T00:00:00Z,70.79166666666667,64.66666666666667,53.125,65.33333333333333,72.33333333333333,62.208333333333336,64.66666666666667,54.458333333333336,68.5,57.583333333333336,56.291666666666664,53.541666666666664,59.125,66.58333333333333,70.95833333333333,63.916666666666664,65.54166666666667,57.75,68.04166666666667,48.833333333333336,45.041666666666664,59.708333333333336,80.125,59.875
2005-03-20T00:00:00Z,82,55.333333333333336,48.416666666666664,65.875,86.375,79.16666666666667,62,47.291666666666664,73.66666666666667,53.583333333333336,46.333333333333336,42.916666666666664,48.041666666666664,61.458333333333336,86.16666666666667,54.291666666666664,70.20833333333333,50.083333333333336,84.83333333333333,38.166666666666664,40,77.33333333333333,85.91666666666667,67.95833333333333
2005-03-21T00:00:00Z,61.083333333333336,52.208333333333336,43.916666666666664,47.125,64.66666666666667,61.416666666666664,44.625,32.333333333333336,49.666666666666664,44.833333333333336,48.125,34.291666666666664,46.291666666666664,55.25,67.75,48.666666666666664,62.208333333333336,49.458333333333336,68.79166666666667,25.125,36.041666666666664,61.291666666666664,75.83333333333333,49.291666666666664
2005-03-22T00:00:00Z,67.83333333333333,79.08333333333333,67.04166666666667,71.04166666666667,68.66666666666667,69.41666666666667,70.29166666666667,66.5,70.16666666666667,64.83333333333333,71.125,36.416666666666664,74.08333333333333,63.791666666666664,63.583333333333336,64.45833333333333,77.25,66.16666666666667,71.625,52,50.041666666666664,73.45833333333333,79.625,60.833333333333336
2005-03-23T00:00:00Z,87.91666666666667,70.66666666666667,75.54166666666667,75,91.70833333333333,85.83333333333333,73.83333333333333,78.29166666666667,85.08333333333333,93.33333333333333,72.5,33.625,78.625,92.79166666666667,93.20833333333333,83.70833333333333,84.16666666666667,68,90.33333333333333,65.58333333333333,78.29166666666667,86.25,98.25,77
2005-03-24T00:00:00Z,82.95833333333333,63.458333333333336,55.375,55.208333333333336,84.83333333333333,80.875,52.708333333333336,70.41666666666667,74.91666666666667,64.5,58.166666666666664,33.333333333333336,54.625,77.25,81.91666666666667,70.875,65.75,53.75,81.08333333333333,30.458333333333332,57.541666666666664,77.79166666666667,97.20833333333333,70.79166666666667
2005-03-25T00:00:00Z,78.54166666666667,62.416666666666664,65.75,76.25,80.04166666666667,72.875,68.04166666666667,77.29166666666667,75.16666666666667,81.33333333333333,54.791666666666664,33.166666666666664,64.91666666666667,82.83333333333333,75.5,85.75,77.95833333333333,62.208333333333336,75.16666666666667,44.291666666666664,69.29166666666667,75.20833333333333,89.95833333333333,63.291666666666664
2005-03-26T00:00:00Z,79.45833333333333,74.66666666666667,77,74.125,78.08333333333333,74.75,70.875,86.125,74.33333333333333,89.58333333333333,71.45833333333333,33.625,81.5,83.58333333333333,82.41666666666667,85.125,76.625,74.25,79.70833333333333,62.125,88.41666666666667,76.54166666666667,94.04166666666667,65.375
2005-03-27T00:00:00Z,82,92.79166666666667,92.08333333333333,87.95833333333333,87.16666666666667,84.70833333333333,81.45833333333333,90.25,85.91666666666667,96.625,94.33333333333333,33.5,95.08333333333333,85.54166666666667,87.83333333333333,85.70833333333333,87.20833333333333,89.5,85.5,74.04166666666667,93.45833333333333,86.5,98.875,73.83333333333333
2005-03-28T00:00:00Z,80.08333333333333,78.75,76.75,72.58333333333333,87.66666666666667,80.45833333333333,71.875,83,79,85.625,75.375,33.083333333333336,81.66666666666667,81.54166666666667,89.83333333333333,78.91666666666667,76.75,75.16666666666667,82.625,61.666666666666664,83.95833333333333,83.16666666666667,90.79166666666667,71.375
2005-03-29T00:00:00Z,74.625,48.666666666666664,47.708333333333336,57.208333333333336,76.625,64.79166666666667,53.666666666666664,46.75,62.25,52.083333333333336,46.5,49.625,44.75,59.208333333333336,74.41666666666667,55.75,62.291666666666664,46.583333333333336,63.541666666666664,38.5,47.208333333333336,65.29166666666667,88.875,58.833333333333336
2005-03-30T00:00:00Z,70.08333333333333,55,42.041666666666664,66.625,76.16666666666667,73.75,65.29166666666667,41.25,69.29166666666667,54,41.166666666666664,66.70833333333333,51.75,64.45833333333333,78.29166666666667,62.791666666666664,69.25,53.541666666666664,76.33333333333333,36.75,52.875,77.20833333333333,88,62.166666666666664
2005-03-31T00:00:00Z,77.45833333333333,81.66666666666667,85.79166666666667,85.83333333333333,85.125,79.33333333333333,82.5,56.166666666666664,81.54166666666667,87.41666666666667,79.45833333333333,34.625,77.375,82.125,84.75,86.125,81.33333333333333,82.91666666666667,84.58333333333333,60.333333333333336,78.875,84.95833333333333,94.625,68.91666666666667
2005-04-01T00:00:00Z,85.70833333333333,92.79166666666667,91,80.91666666666667,89.375,82.79166666666667,81.375,69.5,83.875,85.66666666666667,93.08333333333333,33.375,94.91666666666667,89.54166666666667,87.29166666666667,90.54166666666667,84.83333333333333,88.41666666666667,85.91666666666667,72.79166666666667,80.91666666666667,87.95833333333333,99.54166666666667,75.58333333333333
2005-04-02T00:00:00Z,76.83333333333333,73.29166666666667,64.29166666666667,60.041666666666664,79.79166666666667,67.875,57.458333333333336,76.66666666666667,69.45833333333333,70.125,61.416666666666664,33.125,64.54166666666667,74.54166666666667,80.20833333333333,73.16666666666667,65.75,60.291666666666664,75.41666666666667,42.875,68.95833333333333,69.04166666666667,91.75,65.66666666666667
2005-04-03T00:00:00Z,33.26086956521739,37.04347826086956,30.82608695652174,35.30434782608695,39.91304347826087,34.73913043478261,30.695652173913043,47.82608695652174,34.78260869565217,31.652173913043477,32.391304347826086,48.130434782608695,31.347826086956523,34.91304347826087,49.608695652173914,30.869565217391305,38.43478260869565,22.956521739130434,45.26086956521739,36.608695652173914,31.82608695652174,36.82608695652174,45.30434782608695,26.91304347826087
2005-04-04T00:00:00Z,40.583333333333336,40.875,39.166666666666664,40.666666666666664,42.958333333333336,40.583333333333336,33.416666666666664,39.75,40.083333333333336,38.416666666666664,37.375,78.5,35,37.375,60.958333333333336,40.083333333333336,41.875,37.208333333333336,51.875,28.083333333333332,36.625,42.916666666666664,49.083333333333336,32.458333333333336
2005-04-05T00:00:00Z,49.458333333333336,53.25,42.541666666666664,53.083333333333336,53.666666666666664,52.291666666666664,45.416666666666664,33.875,47.583333333333336,43.75,40.708333333333336,76.41666666666667,41,41.083333333333336,57.375,51.916666666666664,60.958333333333336,47.208333333333336,58.583333333333336,30.333333333333332,49.041666666666664,61.083333333333336,59.458333333333336,44.166666666666664
2005-04-06T00:00:00Z,51.291666666666664,50.875,47.166666666666664,65.29166666666667,61.125,66.16666666666667,59.5,32.916666666666664,59.375,43.166666666666664,49.75,78.70833333333333,40.916666666666664,52.875,85.54166666666667,55.208333333333336,69.5,43.5,82.125,21.666666666666668,46.458333333333336,75.33333333333333,63.375,47.875
2005-04-07T00:00:00Z,72.29166666666667,84.875,81.20833333333333,81.83333333333333,70.79166666666667,74.16666666666667,77.91666666666667,80.16666666666667,76.70833333333333,83.125,84.33333333333333,60.291666666666664,79.70833333333333,77.125,84.75,69.16666666666667,78.91666666666667,77.875,78.5,62.416666666666664,81.91666666666667,81.70833333333333,75.54166666666667,66.75
2005-04-08T00:00:00Z,89.58333333333333,88.95833333333333,84.16666666666667,77.08333333333333,93.41666666666667,83.875,73.5,84.375,77.45833333333333,84.95833333333333,90.58333333333333,36.75,83.875,89.16666666666667,92.70833333333333,77.16666666666667,80.83333333333333,79.66666666666667,89.16666666666667,67.66666666666667,83.16666666666667,83.125,99.41666666666667,73.25
2005-04-09T00:00:00Z,60.541666666666664,64.375,51.5,66.91666666666667,71.375,71.08333333333333,62.916666666666664,57.166666666666664,56.208333333333336,51.208333333333336,60.958333333333336,72.75,56.208333333333336,57.416666666666664,82.66666666666667,55.75,69.66666666666667,49.458333333333336,77.83333333333333,31.583333333333332,49.75,72.41666666666667,75.70833333333333,54.666666666666664
2005-04-10T00:00:00Z,52.458333333333336,64.375,51.416666666666664,44.708333333333336,44.625,44.541666666666664,41.875,48.708333333333336,50.375,51.125,54.333333333333336,85,57.583333333333336,54.916666666666664,55.166666666666664,60.208333333333336,44.666666666666664,56.791666666666664,45.458333333333336,40.541666666666664,55.625,45.291666666666664,67.45833333333333,42
2005-04-11T00:00:00Z,57.791666666666664,58.291666666666664,52.541666666666664,54.125,68.54166666666667,57.041666666666664,45.583333333333336,47.25,57.958333333333336,54.125,55.208333333333336,85.58333333333333,55.625,51.333333333333336,70.25,63.666666666666664,55.916666666666664,59.75,68.5,38.25,53.708333333333336,62.666666666666664,75.08333333333333,48.958333333333336
2005-04-12T00:00:00Z,80.16666666666667,71.75,72,76.58333333333333,77.58333333333333,82.58333333333333,68.75,73.45833333333333,78.125,73.875,75.79166666666667,89.29166666666667,68.125,74.25,84.66666666666667,52.75,80.54166666666667,69.75,86.58333333333333,48.833333333333336,68.58333333333333,90.45833333333333,81.125,72.16666666666667
2005-04-13T00:00:00Z,87.45833333333333,88.66666666666667,92.95833333333333,90.58333333333333,86.875,90.41666666666667,88.33333333333333,88.16666666666667,93.25,96.25,88.70833333333333,55.625,92.25,75.29166666666667,90.79166666666667,74.04166666666667,92.25,91.25,91.58333333333333,70.29166666666667,91.33333333333333,97.375,80.25,80.33333333333333
2005-04-14T00:00:00Z,55.625,54.125,63.375,66.5,63.208333333333336,58.166666666666664,71.41666666666667,57.958333333333336,60.583333333333336,58.083333333333336,61.125,75.29166666666667,55.333333333333336,55.791666666666664,75.20833333333333,68.41666666666667,82.875,60.583333333333336,62.458333333333336,45.041666666666664,65.25,75.91666666666667,63.708333333333336,49.041666666666664
2005-04-15T00:00:00Z,47.791666666666664,52.25,44.291666666666664,46,68.33333333333333,60.875,45.5,43.916666666666664,49.375,39.333333333333336,49.458333333333336,74.625,46,46,74.95833333333333,40.041666666666664,54,41.416666666666664,66.33333333333333,25.416666666666668,39.5,63.166666666666664,65.95833333333333,44.916666666666664
2005-04-16T00:00:00Z,46.416666666666664,32.666666666666664,29.458333333333332,38.75,68.75,64.375,37.583333333333336,22.833333333333332,42.666666666666664,29.625,30.708333333333332,63.666666666666664,30.041666666666668,39.125,76.83333333333333,30.5,53.75,29.833333333333332,68.91666666666667,27.791666666666668,25.25,67.04166666666667,65.58333333333333,40.958333333333336
2005-04-17T00:00:00Z,52.041666666666664,48.791666666666664,42.875,39.458333333333336,56.583333333333336,57.666666666666664,36.958333333333336,22.75,43.75,37.458333333333336,41.5,77.125,45.458333333333336,37.375,68.41666666666667,37.375,56,48.708333333333336,59.541666666666664,37,42.458333333333336,68.58333333333333,47,45.25
2005-04-18T00:00:00Z,56.125,52.625,47.958333333333336,52.083333333333336,55.166666666666664,54.25,47.291666666666664,31.708333333333332,54,46.333333333333336,45.125,82.25,46.458333333333336,48.958333333333336,70.5,53.541666666666664,55.333333333333336,52.583333333333336,69.16666666666667,38.625,50.583333333333336,66.29166666666667,46.541666666666664,46.166666666666664
2005-04-19T00:00:00Z,59.833333333333336,53.708333333333336,49.791666666666664,51.791666666666664,64.75,53.5,42.666666666666664,40.416666666666664,49.833333333333336,49.666666666666664,47.75,80.5,48.375,54.5,80.125,56.541666666666664,49.375,50.583333333333336,69.91666666666667,38.458333333333336,53.625,55.791666666666664,61.458333333333336,41.583333333333336
2005-04-20T00:00:00Z,56.291666666666664,50.958333333333336,44.875,44.375,58.333333333333336,51.708333333333336,39.791666666666664,27.625,47.5,46.791666666666664,41.25,80.79166666666667,42.208333333333336,57.375,82.58333333333333,47.625,48.625,39.291666666666664,75.54166666666667,28.208333333333332,50.083333333333336,50.291666666666664,57.833333333333336,41.875
2005-04-21T00:00:00Z,57.875,66.16666666666667,49.875,44.416666666666664,64,48.083333333333336,41.541666666666664,40.958333333333336,47.791666666666664,50.625,50.75,83.70833333333333,54.916666666666664,56,81.45833333333333,49.041666666666664,45.833333333333336,46.916666666666664,70.54166666666667,38.875,67.41666666666667,50.458333333333336,68.58333333333333,43.708333333333336
2005-04-22T00:00:00Z,71.91666666666667,86.04166666666667,73.95833333333333,50.708333333333336,70.375,63.666666666666664,46.416666666666664,79.70833333333333,64.75,75.625,81.54166666666667,67.54166666666667,83.625,70.75,82.83333333333333,67.83333333333333,59.75,75.04166666666667,77.20833333333333,65.95833333333333,87.79166666666667,61.833333333333336,91.83333333333333,57.416666666666664
2005-04-23T00:00:00Z,71.29166666666667,76.29166666666667,66.54166666666667,54.541666666666664,72.91666666666667,67.33333333333333,52.541666666666664,64.375,55.208333333333336,70.70833333333333,64.83333333333333,63.125,67.91666666666667,74.875,87.5,71.125,62.833333333333336,60.541666666666664,80.08333333333333,45.958333333333336,70,70.95833333333333,77.5,59.791666666666664
2005-04-24T00:00:00Z,54.916666666666664,58.791666666666664,51.375,48.708333333333336,54.583333333333336,53.416666666666664,44.041666666666664,67,41.708333333333336,53.625,44.833333333333336,91.125,52.541666666666664,59.75,52.208333333333336,53.333333333333336,46.708333333333336,42.875,49.25,27.916666666666668,53.833333333333336,52.375,53.333333333333336,44.833333333333336
2005-04-25T00:00:00Z,49.916666666666664,36.916666666666664,48.25,49.541666666666664,46.75,50.541666666666664,43.041666666666664,61.375,43.083333333333336,43.791666666666664,45.083333333333336,78.41666666666667,36.458333333333336,55.791666666666664,48.125,47.458333333333336,51.666666666666664,35.5,52.166666666666664,27.791666666666668,54.583333333333336,50.125,48.833333333333336,37.916666666666664
2005-04-26T00:00:00Z,68.20833333333333,78.33333333333333,67.04166666666667,69.20833333333333,69.54166666666667,66.75,62.708333333333336,61.666666666666664,63.666666666666664,63.375,72.70833333333333,79.91666666666667,67.75,61.083333333333336,69.25,64.70833333333333,72.95833333333333,67.41666666666667,76.95833333333333,54.833333333333336,71.83333333333333,71.45833333333333,71.66666666666667,56.791666666666664
2005-04-27T00:00:00Z,60.458333333333336,61.458333333333336,66.08333333333333,62.041666666666664,68.20833333333333,63.666666666666664,57.708333333333336,64.08333333333333,63.416666666666664,63,63.666666666666664,66.66666666666667,61.791666666666664,61.083333333333336,82.54166666666667,61.708333333333336,59.166666666666664,57.375,76.04166666666667,41.208333333333336,66.375,63.333333333333336,73.04166666666667,54.166666666666664
2005-04-28T00:00:00Z,47.625,67.375,60.708333333333336,49.541666666666664,50.333333333333336,49.75,40.625,58.583333333333336,45.041666666666664,57.166666666666664,60.291666666666664,79.58333333333333,60.791666666666664,50.916666666666664,55.25,54.541666666666664,48.125,57.083333333333336,56.333333333333336,46.541666666666664,66.20833333333333,52.666666666666664,53.916666666666664,38.666666666666664
2005-04-29T00:00:00Z,81.79166666666667,62.708333333333336,63.125,62.5,77.04166666666667,68.45833333333333,56.75,82.125,63.5,83.875,61.416666666666664,73.95833333333333,84.41666666666667,81.54166666666667,71.375,86.33333333333333,67.95833333333333,66.25,76.58333333333333,66.91666666666667,88.33333333333333,72.75,82.04166666666667,60.25
2005-04-30T00:00:00Z,74.45833333333333,77.95833333333333,83.54166666666667,71.91666666666667,77.29166666666667,77.33333333333333,69.875,71.58333333333333,70.41666666666667,81.875,82.66666666666667,75.58333333333333,82.25,78.875,83.5,77.75,74.95833333333333,78.08333333333333,85.75,66.29166666666667,87.25,81.25,79.29166666666667,61.166666666666664
2005-05-01T00:00:00Z,77.20833333333333,52.125,61.125,72.875,74.29166666666667,84.875,63.666666666666664,46.791666666666664,75.41666666666667,57.583333333333336,56.041666666666664,67.33333333333333,54.25,70.79166666666667,81.125,68.91666666666667,81.20833333333333,54.291666666666664,85.79166666666667,30.375,50.75,84.58333333333333,77.04166666666667,68.58333333333333
2005-05-02T00:00:00Z,63.916666666666664,51.5,46.583333333333336,67.04166666666667,75.45833333333333,67.75,64.20833333333333,37.208333333333336,67.83333333333333,51.791666666666664,43,71.79166666666667,48.333333333333336,58.833333333333336,65.79166666666667,56.291666666666664,67.625,46.833333333333336,73.04166666666667,26.458333333333332,54.166666666666664,69.91666666666667,74.125,64.08333333333333
2005-05-03T00:00:00Z,50.416666666666664,45.958333333333336,48.5,45.333333333333336,59.625,54.208333333333336,43.083333333333336,35.166666666666664,47,48.291666666666664,48.833333333333336,82.91666666666667,52.708333333333336,48.083333333333336,61.208333333333336,46.583333333333336,55.75,54.125,60.291666666666664,28.875,50.041666666666664,54.208333333333336,61.083333333333336,45.75
2005-05-04T00:00:00Z,66.29166666666667,48.75,49.333333333333336,61.25,62.791666666666664,62,59.833333333333336,45.291666666666664,61.291666666666664,49.416666666666664,48.25,88.125,48.125,65.125,61.708333333333336,60.75,68.16666666666667,45.958333333333336,67.91666666666667,26,44.5,67.58333333333333,71.58333333333333,54.625
2005-05-05T00:00:00Z,58.375,79.45833333333333,70.08333333333333,88.75,64.95833333333333,77.79166666666667,82.33333333333333,71.625,78.75,69.5,79.25,90.875,75.29166666666667,62.875,82.20833333333333,63.916666666666664,84.125,71.33333333333333,84.16666666666667,56.583333333333336,64.08333333333333,82.79166666666667,75.625,66.70833333333333
2005-05-06T00:00:00Z,88.95833333333333,56.291666666666664,58.583333333333336,81.58333333333333,91.66666666666667,88.625,80.79166666666667,58.875,89.70833333333333,67.91666666666667,53.833333333333336,72.83333333333333,52.041666666666664,84.33333333333333,92.25,77.125,88.875,56.833333333333336,91.95833333333333,40.833333333333336,49.75,90.58333333333333,95.125,79.125
2005-05-07T00:00:00Z,63.791666666666664,57.5,52.791666666666664,62.041666666666664,66.70833333333333,61.333333333333336,63.25,37.416666666666664,57.083333333333336,59.083333333333336,53.5,73.75,51,69.375,73.375,61.5,59.333333333333336,52.416666666666664,71.125,40.375,56.208333333333336,61.125,69.41666666666667,50.458333333333336
2005-05-08T00:00:00Z,57.916666666666664,60.208333333333336,52.083333333333336,50.5,56.791666666666664,58.208333333333336,46.458333333333336,41.083333333333336,56.166666666666664,46.833333333333336,50.875,73.625,45.333333333333336,56.5,60.791666666666664,60.916666666666664,58.375,54.583333333333336,61.291666666666664,27.916666666666668,44.5,59.916666666666664,61.666666666666664,48.25
2005-05-09T00:00:00Z,62.458333333333336,61.458333333333336,40.25,56.541666666666664,65.83333333333333,57.833333333333336,50.458333333333336,35.958333333333336,54.083333333333336,43.875,53.083333333333336,73.66666666666667,46.833333333333336,55.166666666666664,58.333333333333336,51.375,64.125,53.375,66.54166666666667,33.958333333333336,47.25,66,72.625,50.125
2005-05-10T00:00:00Z,68.95833333333333,79.95833333333333,71.41666666666667,72,77.33333333333333,67.5,67.33333333333333,58.291666666666664,63.583333333333336,58.166666666666664,73.58333333333333,81.70833333333333,73.45833333333333,61,75,62.75,76.375,77.375,73.91666666666667,51.208333333333336,64.5,71.66666666666667,84.875,58.291666666666664
2005-05-11T00:00:00Z,77.04166666666667,70.58333333333333,72.875,72.75,73.875,69.54166666666667,65.375,62.458333333333336,67.25,66.04166666666667,69,66.66666666666667,66.83333333333333,70.41666666666667,79.08333333333333,70.375,76.45833333333333,68.75,78.5,50,65.29166666666667,74.20833333333333,80.75,59.541666666666664
2005-05-12T00:00:00Z,68.125,66.79166666666667,66.91666666666667,65.29166666666667,69.625,71.91666666666667,58.583333333333336,48.875,68.91666666666667,69.625,61.458333333333336,58.791666666666664,65.04166666666667,71.04166666666667,81.66666666666667,69.33333333333333,70.45833333333333,64.54166666666667,83.91666666666667,45.208333333333336,70.91666666666667,75.75,79.75,59.5
2005-05-13T00:00:00Z,71.375,81.33333333333333,85.375,77.375,69.125,74.95833333333333,76.70833333333333,86.95833333333333,75.75,79.375,77.125,72.58333333333333,85.41666666666667,76.75,78.20833333333333,74.375,82.83333333333333,86.5,83.5,62.75,85.91666666666667,82,80.5,68.08333333333333
2005-05-14T00:00:00Z,74.95833333333333,75.04166666666667,71.91666666666667,74.70833333333333,74.33333333333333,76.91666666666667,74.29166666666667,83.70833333333333,73.33333333333333,74.625,75.5,79.04166666666667,79.25,79.16666666666667,82.16666666666667,70.70833333333333,77.20833333333333,73.79166666666667,83.41666666666667,63.583333333333336,85.29166666666667,80.54166666666667,77.08333333333333,67.04166666666667
2005-05-15T00:00:00Z,81.25,86.79166666666667,81.66666666666667,72.45833333333333,78.5,72.04166666666667,68.58333333333333,71.95833333333333,76.04166666666667,85.625,88.5,86.08333333333333,87.29166666666667,80.25,86.91666666666667,74.66666666666667,69.125,83.29166666666667,85.45833333333333,70.20833333333333,88.75,75.33333333333333,86.79166666666667,68.375
2005-05-16T00:00:00Z,76.83333333333333,63.5,65.54166666666667,77.95833333333333,77.58333333333333,80.58333333333333,71.79166666666667,56.791666666666664,77.29166666666667,64.04166666666667,66,56.166666666666664,67.125,69.125,84.75,63.458333333333336,78.04166666666667,68.66666666666667,82.66666666666667,48.208333333333336,63.791666666666664,80.5,83.125,71.33333333333333
2005-05-17T00:00:00Z,72.54166666666667,69.25,64,80.41666666666667,67.16666666666667,70.41666666666667,74.70833333333333,67.83333333333333,67.45833333333333,69.875,70.70833333333333,75.16666666666667,71.54166666666667,72.04166666666667,80.95833333333333,66.58333333333333,82.20833333333333,72.08333333333333,77.16666666666667,52.875,69.33333333333333,73.79166666666667,74.33333333333333,57
2005-05-18T00:00:00Z,76.95833333333333,70.95833333333333,72.58333333333333,63.041666666666664,64.54166666666667,64.75,59.041666666666664,64.75,62.625,71.08333333333333,71.25,70.20833333333333,69.125,66.08333333333333,58.458333333333336,66,64.66666666666667,73.33333333333333,63.75,50.208333333333336,77.125,66.75,71,55.583333333333336
2005-05-19T00:00:00Z,88.91666666666667,78.58333333333333,68.79166666666667,66.70833333333333,89.08333333333333,81,61.416666666666664,62.833333333333336,74.45833333333333,74.08333333333333,78,67.95833333333333,79.70833333333333,81.79166666666667,81.5,78.25,73.08333333333333,73.04166666666667,75.33333333333333,61.958333333333336,83.70833333333333,76.83333333333333,89,67.08333333333333
2005-05-20T00:00:00Z,84.66666666666667,82.08333333333333,84.875,83,83.79166666666667,81.41666666666667,81.125,71.33333333333333,80.66666666666667,84.70833333333333,89.04166666666667,81.5,84.25,83.45833333333333,82.33333333333333,82.95833333333333,80.5,84.125,82.08333333333333,65.5,87.45833333333333,84.33333333333333,90.375,70.91666666666667
2005-05-21T00:00:00Z,68.20833333333333,80.25,59.625,76.58333333333333,68.75,73.5,70.04166666666667,64.58333333333333,63.291666666666664,65.33333333333333,72.20833333333333,65.83333333333333,60.333333333333336,64.95833333333333,75.45833333333333,67.375,80.16666666666667,61.166666666666664,75.54166666666667,47.458333333333336,62,77.20833333333333,76.16666666666667,60.791666666666664
2005-05-22T00:00:00Z,63.5,69.54166666666667,72.83333333333333,64.5,63,63.416666666666664,60.458333333333336,44.791666666666664,67.91666666666667,57.708333333333336,74.54166666666667,68.04166666666667,70.91666666666667,57.583333333333336,75.125,57.541666666666664,65.66666666666667,71.91666666666667,72.70833333333333,49.208333333333336,57.416666666666664,63.875,63.666666666666664,55.25
2005-05-23T00:00:00Z,69.125,60.208333333333336,62.708333333333336,66.5,76.54166666666667,70.33333333333333,63.125,52.916666666666664,64.79166666666667,63.208333333333336,60.125,68.5,57.166666666666664,64.41666666666667,84.375,64.70833333333333,73.29166666666667,59.458333333333336,84.875,35.125,58.5,75.125,75.875,58.583333333333336
2005-05-24T00:00:00Z,81.75,57.25,55.875,67.41666666666667,86.41666666666667,69.08333333333333,60.916666666666664,58.291666666666664,68.375,75.125,52.708333333333336,67.75,54.5,82.75,80.08333333333333,74.83333333333333,73.875,56.916666666666664,79.5,37.5,71.20833333333333,76.25,92,66.75
2005-05-25T00:00:00Z,87.16666666666667,57.25,59.25,67.875,83.16666666666667,74.91666666666667,64.08333333333333,60.041666666666664,70.91666666666667,65.20833333333333,56.5,71.375,58.083333333333336,81.125,79.41666666666667,66.83333333333333,70.75,58.333333333333336,74.04166666666667,38.458333333333336,59.583333333333336,75.875,90.5,71.16666666666667
2005-05-26T00:00:00Z,70,57.541666666666664,56.625,55.416666666666664,71.79166666666667,62.208333333333336,47.958333333333336,50.208333333333336,56,54.75,55.458333333333336,65.91666666666667,53.291666666666664,63.208333333333336,73.20833333333333,54.458333333333336,59.958333333333336,60.083333333333336,70.45833333333333,37.708333333333336,53.291666666666664,63.083333333333336,79.75,55.333333333333336
2005-05-27T00:00:00Z,65.45833333333333,62,58.208333333333336,59.458333333333336,62.875,62.375,52.458333333333336,49.458333333333336,56.333333333333336,57.833333333333336,58.083333333333336,65.04166666666667,55.666666666666664,60.958333333333336,84.41666666666667,59.416666666666664,63.166666666666664,60.916666666666664,79.25,39.75,63.333333333333336,59.833333333333336,64.79166666666667,50.833333333333336
2005-05-28T00:00:00Z,75.91666666666667,74.375,67.25,58.75,73.375,61.333333333333336,52.375,49.583333333333336,61.75,60.25,68.54166666666667,76.91666666666667,64.625,70.5,84.66666666666667,69.25,67.125,64.16666666666667,82.79166666666667,53.041666666666664,67.79166666666667,60.291666666666664,81.75,56.708333333333336
2005-05-29T00:00:00Z,65.91666666666667,72.29166666666667,56.25,51.708333333333336,64.875,53.458333333333336,44.625,40,55.958333333333336,52.625,61.875,63.208333333333336,56.958333333333336,61.916666666666664,74.25,59.541666666666664,56.208333333333336,60.583333333333336,64.29166666666667,49.125,64.20833333333333,55,66.54166666666667,50.583333333333336
2005-05-30T00:00:00Z,71.70833333333333,74.625,85.41666666666667,84.125,67.08333333333333,77.5,80.29166666666667,57.125,70.29166666666667,64.16666666666667,87.70833333333333,72.375,66.125,68,75.58333333333333,65.54166666666667,83.58333333333333,75.54166666666667,81.79166666666667,48.541666666666664,68.16666666666667,79.375,73.54166666666667,57.208333333333336
2005-05-31T00:00:00Z,72.29166666666667,76.04166666666667,75.25,78.70833333333333,74.29166666666667,70.83333333333333,79.95833333333333,70.625,68.41666666666667,73.54166666666667,80.91666666666667,72.625,75.45833333333333,74.75,69.29166666666667,71,78.04166666666667,78.83333333333333,75.20833333333333,57.083333333333336,68.04166666666667,72.875,80.29166666666667,60.25
2005-06-01T00:00:00Z,81.58333333333333,89.16666666666667,86.41666666666667,86.58333333333333,78.58333333333333,83.04166666666667,80.75,82.83333333333333,80.95833333333333,80.91666666666667,93.04166666666667,84.33333333333333,87.75,79.54166666666667,76.25,77.20833333333333,85.375,87.75,81.04166666666667,68.20833333333333,75.95833333333333,84.875,84,70.41666666666667
2005-06-02T00:00:00Z,92.75,90.125,93.04166666666667,88.58333333333333,94.875,90.91666666666667,87.75,87.54166666666667,94.25,96.125,93.20833333333333,97,93.33333333333333,94,93.83333333333333,95,88.95833333333333,89.5,90.83333333333333,72.79166666666667,89.5,92.29166666666667,97.45833333333333,84.58333333333333
2005-06-03T00:00:00Z,93.5,90.625,89.875,86.125,91.95833333333333,85.125,82.95833333333333,88.04166666666667,91.5,93.33333333333333,93.125,91.79166666666667,90.25,94.04166666666667,93.08333333333333,90.375,83.33333333333333,88.45833333333333,92.41666666666667,70.45833333333333,89.58333333333333,89.625,100,85.41666666666667
2005-06-04T00:00:00Z,86.5,74.20833333333333,76.79166666666667,84.95833333333333,86,86.75,79.5,76.79166666666667,83.75,79.45833333333333,75.33333333333333,81.04166666666667,79.33333333333333,83.16666666666667,92.79166666666667,79.95833333333333,88,76.29166666666667,93.125,75.5,84.83333333333333,90.875,88.875,73.16666666666667
2005-06-05T00:00:00Z,81.75,75.25,73,79.66666666666667,86.375,82.04166666666667,73.20833333333333,64.29166666666667,77.75,73.83333333333333,74.33333333333333,74.125,70.20833333333333,77.33333333333333,92.04166666666667,75.125,80.125,73.33333333333333,89.20833333333333,56,72.08333333333333,83.45833333333333,86.91666666666667,70.54166666666667
2005-06-06T00:00:00Z,79.58333333333333,78.29166666666667,74.75,77.29166666666667,85.41666666666667,86.20833333333333,72.83333333333333,68.66666666666667,79.95833333333333,71.16666666666667,78.125,73.20833333333333,74.375,73.25,88.16666666666667,73.70833333333333,79.04166666666667,71.41666666666667,89.66666666666667,62.541666666666664,75.33333333333333,84.58333333333333,88.58333333333333,69.375
2005-06-07T00:00:00Z,86.58333333333333,73.625,79.20833333333333,75.04166666666667,85.375,80.33333333333333,71.5,76.33333333333333,83.33333333333333,78.95833333333333,76.5,82.20833333333333,76.91666666666667,84.29166666666667,84.33333333333333,80.70833333333333,78.16666666666667,75.83333333333333,88.33333333333333,59.458333333333336,77.29166666666667,83.29166666666667,87.875,72.91666666666667
2005-06-08T00:00:00Z,89.875,86.625,83.91666666666667,81.45833333333333,79.08333333333333,82.45833333333333,75.5,78.375,82.5,85,83.04166666666667,84.54166666666667,80.16666666666667,76.54166666666667,84.625,81.70833333333333,82.25,79.375,84.625,64.04166666666667,83.25,79.75,77.58333333333333,72.25
2005-06-09T00:00:00Z,90.04166666666667,78.70833333333333,82.95833333333333,78.91666666666667,83.29166666666667,87.125,79.83333333333333,78.83333333333333,85.33333333333333,87.16666666666667,87.41666666666667,84.20833333333333,81.54166666666667,88.125,81.91666666666667,85.5,80.08333333333333,83.5,85.54166666666667,65.20833333333333,87.33333333333333,83.5,86.66666666666667,72.91666666666667
2005-06-10T00:00:00Z,79.08333333333333,84.70833333333333,82.04166666666667,74.04166666666667,75,75.33333333333333,70.58333333333333,82.66666666666667,76.125,83.25,86,81.04166666666667,87,80.83333333333333,68.08333333333333,77.375,72.625,86.08333333333333,72.79166666666667,65.70833333333333,87.58333333333333,76.625,82.20833333333333,65.375
2005-06-11T00:00:00Z,75.66666666666667,79.29166666666667,70.25,77.33333333333333,76.04166666666667,78.20833333333333,73,78.5,74.625,71.41666666666667,79.625,74.875,73.58333333333333,71.125,66.5,71.5,78.91666666666667,71.5,78.04166666666667,57.291666666666664,76.58333333333333,77,76.125,66.95833333333333
2005-06-12T00:00:00Z,75.95833333333333,92.08333333333333,75.70833333333333,76.54166666666667,75.125,75,71.16666666666667,85.66666666666667,75.58333333333333,82.375,87.41666666666667,78.875,81.45833333333333,78,70.16666666666667,77.41666666666667,77.79166666666667,76.75,77.625,64.20833333333333,85.58333333333333,77.83333333333333,77.375,65.08333333333333
2005-06-13T00:00:00Z,78.54166666666667,79.29166666666667,84.04166666666667,75.95833333333333,76.16666666666667,79.375,69.33333333333333,76.58333333333333,75.04166666666667,82.16666666666667,77.70833333333333,80.25,82.33333333333333,76.5,79.16666666666667,78.16666666666667,76.54166666666667,78.83333333333333,81.75,60.416666666666664,85.66666666666667,84.25,74.91666666666667,65.04166666666667
2005-06-14T00:00:00Z,75.5,70.95833333333333,76.16666666666667,75.33333333333333,75.70833333333333,77.45833333333333,69.83333333333333,57.041666666666664,75.5,71.5,64.91666666666667,73.04166666666667,67.58333333333333,68.70833333333333,88.41666666666667,70.66666666666667,78.125,69.75,86.33333333333333,50.208333333333336,70.70833333333333,81.16666666666667,68.875,64.66666666666667
2005-06-15T00:00:00Z,71.41666666666667,63.416666666666664,63.291666666666664,67.83333333333333,71.33333333333333,76.08333333333333,63.291666666666664,54.833333333333336,64.54166666666667,61.791666666666664,58.541666666666664,65.83333333333333,56.625,62.583333333333336,88.125,64.83333333333333,73.375,58.5,86.875,33.458333333333336,62.125,77.83333333333333,61.75,58.916666666666664
2005-06-16T00:00:00Z,62.458333333333336,62.125,59.75,58.166666666666664,58.25,66.33333333333333,50.041666666666664,51.541666666666664,52.583333333333336,56.833333333333336,58.791666666666664,62.416666666666664,53.375,55.708333333333336,84.16666666666667,56.916666666666664,64.29166666666667,59.625,76.75,44.208333333333336,59.958333333333336,69.125,55.291666666666664,50.25
2005-06-17T00:00:00Z,62.666666666666664,54.291666666666664,54.875,59.541666666666664,64.375,69.5,50.416666666666664,44.666666666666664,52.291666666666664,51.666666666666664,55.166666666666664,61.583333333333336,56.791666666666664,51,65.45833333333333,53.083333333333336,73.75,63.166666666666664,73.54166666666667,58.708333333333336,52.916666666666664,69.125,60.416666666666664,51.291666666666664
2005-06-18T00:00:00Z,67.25,76.95833333333333,57.75,64.625,67.25,70.20833333333333,58.666666666666664,62.375,57.875,57.083333333333336,56.666666666666664,59.416666666666664,60.541666666666664,63.166666666666664,67.25,56.041666666666664,72.91666666666667,65.16666666666667,72.20833333333333,64.08333333333333,66.16666666666667,66.08333333333333,63.583333333333336,55.166666666666664
2005-06-19T00:00:00Z,67.70833333333333,80.04166666666667,81.5,59,69.20833333333333,58.958333333333336,56.958333333333336,72.95833333333333,62.5,66.20833333333333,75.58333333333333,65.95833333333333,82.25,83.45833333333333,63.708333333333336,64.75,63.583333333333336,84.16666666666667,59.208333333333336,74.04166666666667,77.16666666666667,61.291666666666664,75.25,54.916666666666664
2005-06-20T00:00:00Z,73.83333333333333,89.16666666666667,78.58333333333333,66.33333333333333,69.08333333333333,65.75,63.75,80.45833333333333,68.20833333333333,70.29166666666667,79.20833333333333,71,80.5,72.625,74.20833333333333,67.45833333333333,65.875,79.08333333333333,68.66666666666667,79.25,78.33333333333333,65.33333333333333,73.125,61.416666666666664
2005-06-21T00:00:00Z,72.08333333333333,83.58333333333333,74.54166666666667,64.08333333333333,73.04166666666667,66.33333333333333,58.166666666666664,65.08333333333333,62.625,70.45833333333333,75.70833333333333,68.45833333333333,74.375,68.08333333333333,73,67.54166666666667,68,73.95833333333333,72.08333333333333,73.70833333333333,75.79166666666667,68.79166666666667,71.08333333333333,58.791666666666664
2005-06-22T00:00:00Z,68.04166666666667,73.66666666666667,68.75,63.375,68.08333333333333,68.5,57.791666666666664,56.041666666666664,57.25,64.5,64.70833333333333,66.125,66.83333333333333,67.625,79.29166666666667,69.08333333333333,67,69.75,76.5,68.41666666666667,66.45833333333333,69.16666666666667,69.66666666666667,52.583333333333336
2005-06-23T00:00:00Z,67.875,70.58333333333333,59.875,65.79166666666667,77.45833333333333,69.08333333333333,58.5,60.583333333333336,60.666666666666664,61.208333333333336,60.666666666666664,57,62.416666666666664,66.25,74.75,67.04166666666667,72,65.83333333333333,73.04166666666667,64.83333333333333,63.708333333333336,72.125,81.625,56.166666666666664
2005-06-24T00:00:00Z,72.375,69.75,60.041666666666664,71.29166666666667,74.54166666666667,72.95833333333333,63.083333333333336,63,63.583333333333336,59.791666666666664,63.708333333333336,55.875,68.58333333333333,56.875,74.95833333333333,61.625,76.08333333333333,71.20833333333333,77,65.54166666666667,67.25,75.08333333333333,73.33333333333333,61
2005-06-25T00:00:00Z,77.375,71,63.041666666666664,85.95833333333333,80.41666666666667,83.08333333333333,80.70833333333333,67.04166666666667,68.79166666666667,61.583333333333336,67.16666666666667,56,73.29166666666667,62.291666666666664,78.08333333333333,64.5,88.25,72.41666666666667,86,71.04166666666667,65.5,86.41666666666667,81.20833333333333,65.625
2005-06-26T00:00:00Z,84.66666666666667,86.125,80.54166666666667,80.95833333333333,92.54166666666667,81.91666666666667,77.70833333333333,69.70833333333333,84.20833333333333,72.45833333333333,81.08333333333333,68.54166666666667,72.54166666666667,88.91666666666667,91.54166666666667,80.125,81.41666666666667,80.08333333333333,86.91666666666667,74.33333333333333,72.33333333333333,86.25,97.33333333333333,70.875
2005-06-27T00:00:00Z,72.5,82.08333333333333,79.625,78.45833333333333,80.79166666666667,82.20833333333333,72.875,76.45833333333333,79.41666666666667,83.5,83.91666666666667,67,79.70833333333333,81.45833333333333,86.75,78,80.25,82.29166666666667,86.58333333333333,79.95833333333333,80.625,84.66666666666667,82.5,64.25
2005-06-28T00:00:00Z,71.625,88.58333333333333,92.125,91.33333333333333,85.375,88.25,87.33333333333333,76.45833333333333,91.41666666666667,92.16666666666667,88.875,82.04166666666667,85.95833333333333,88.29166666666667,84.95833333333333,88.54166666666667,84.29166666666667,86.70833333333333,86.41666666666667,84.625,89.41666666666667,91,89,78.95833333333333
2005-06-29T00:00:00Z,75.75,81.83333333333333,83.70833333333333,87.29166666666667,93.33333333333333,91.25,83.16666666666667,74.25,89.20833333333333,86.5,83.5,78.66666666666667,83.20833333333333,86.5,86.70833333333333,85.04166666666667,91.70833333333333,82.70833333333333,91,82.5,89.41666666666667,91.875,94.83333333333333,82.66666666666667
2005-06-30T00:00:00Z,69.29166666666667,77.125,76.125,75.375,87.79166666666667,80.70833333333333,68.75,66,77.29166666666667,74.45833333333333,76.04166666666667,69,75.125,76.54166666666667,88,71.79166666666667,82.54166666666667,72.29166666666667,87.95833333333333,75.66666666666667,83.45833333333333,85.125,84.95833333333333,73.25
2005-07-01T00:00:00Z,64.66666666666667,76.125,77.66666666666667,72.125,78.125,79,62.125,61.958333333333336,74.375,75.58333333333333,78.29166666666667,67.375,78.04166666666667,68.41666666666667,88.08333333333333,69.5,76.41666666666667,76,88.54166666666667,74.95833333333333,78.91666666666667,78.125,77.875,67.375
2005-07-02T00:00:00Z,63.875,78.83333333333333,76.08333333333333,68.20833333333333,84.91666666666667,78.45833333333333,65,70.58333333333333,73.375,78.33333333333333,73.41666666666667,66.95833333333333,79.375,70.375,89.16666666666667,69.75,76.04166666666667,76.83333333333333,86.20833333333333,77.20833333333333,80.625,83.375,91.20833333333333,63
2005-07-03T00:00:00Z,77.25,85.83333333333333,81.66666666666667,72,80.33333333333333,78.54166666666667,73.45833333333333,82.41666666666667,75.25,88.33333333333333,83.83333333333333,75.08333333333333,84.95833333333333,76.91666666666667,84.25,75.25,81.625,81.58333333333333,83.29166666666667,83.08333333333333,78.29166666666667,74,85.25,69
2005-07-04T00:00:00Z,58.291666666666664,86.625,80.70833333333333,71.20833333333333,78.70833333333333,77.20833333333333,70.41666666666667,79.70833333333333,72.16666666666667,92.33333333333333,81.375,78.91666666666667,81.91666666666667,70,81.375,78.33333333333333,84.70833333333333,82.58333333333333,80.625,78.375,82.66666666666667,78.20833333333333,84.375,62.541666666666664
2005-07-05T00:00:00Z,71.70833333333333,78.83333333333333,79.54166666666667,71.41666666666667,83.33333333333333,80,61.791666666666664,68.41666666666667,78.45833333333333,88.70833333333333,75.625,74.58333333333333,79.66666666666667,74.375,81.625,76.08333333333333,79.375,77.91666666666667,86.04166666666667,77.20833333333333,85.75,77,88.625,71.04166666666667
2005-07-06T00:00:00Z,63.875,83.54166666666667,80.33333333333333,66.75,79.16666666666667,73.75,59.666666666666664,70.20833333333333,68.29166666666667,76.20833333333333,76.625,70.875,74.33333333333333,68,82.33333333333333,69.33333333333333,74.25,75.79166666666667,81.95833333333333,73.29166666666667,71.41666666666667,77.25,84.625,64
2005-07-07T00:00:00Z,68.58333333333333,88.75,76.875,66,77,70.375,57.208333333333336,91.875,70.45833333333333,85.54166666666667,87.29166666666667,76.83333333333333,87.875,81.08333333333333,85.04166666666667,74.29166666666667,72.54166666666667,83.58333333333333,78.375,84.375,79.875,77.83333333333333,84.20833333333333,63.291666666666664
2005-07-08T00:00:00Z,62.5,68.25,70.125,66.04166666666667,73.58333333333333,69.125,61.25,69.54166666666667,72.54166666666667,74.45833333333333,70.5,69.33333333333333,67.70833333333333,77.5,80.41666666666667,76.66666666666667,69.79166666666667,71.95833333333333,79.16666666666667,62.75,65,73.75,78.08333333333333,62.5
2005-07-09T00:00:00Z,57.541666666666664,69.875,72.33333333333333,65.58333333333333,72.91666666666667,72.70833333333333,64.70833333333333,70.83333333333333,74.08333333333333,67.41666666666667,69.875,64,69.45833333333333,64.41666666666667,76.875,65.875,75.25,70.625,76.125,67.375,61.875,74.70833333333333,67.91666666666667,61.375
2005-07-10T00:00:00Z,59.333333333333336,81,76.66666666666667,72.5,79.29166666666667,75.375,68.79166666666667,78.41666666666667,74.45833333333333,70.33333333333333,81.16666666666667,65.08333333333333,73.54166666666667,69.95833333333333,82.58333333333333,70.29166666666667,85.08333333333333,73.5,81.95833333333333,71.83333333333333,64.91666666666667,80.95833333333333,74.5,61.875
2005-07-11T00:00:00Z,64.95833333333333,90.45833333333333,80.08333333333333,77.5,82.58333333333333,82.66666666666667,72.29166666666667,89.375,81.375,87.375,86.16666666666667,77.41666666666667,83.45833333333333,77.91666666666667,82.16666666666667,82.125,83.04166666666667,81.83333333333333,84,81.95833333333333,76.95833333333333,83.41666666666667,78.58333333333333,69.625
2005-07-12T00:00:00Z,72.70833333333333,81.91666666666667,81.20833333333333,78.45833333333333,81.91666666666667,81.66666666666667,66.875,81.54166666666667,83.58333333333333,77.95833333333333,80.375,65.33333333333333,79.79166666666667,76.04166666666667,81.29166666666667,74.25,79.83333333333333,77.5,83.45833333333333,75.20833333333333,74.95833333333333,85.29166666666667,78.16666666666667,74.79166666666667
2005-07-13T00:00:00Z,70.08333333333333,83.83333333333333,80.375,72.66666666666667,81.33333333333333,89.875,70.5,80.91666666666667,84.375,81.33333333333333,83.95833333333333,67,85.41666666666667,72.375,88.83333333333333,80,85.54166666666667,81.83333333333333,86.91666666666667,84.66666666666667,78.95833333333333,90.91666666666667,87.04166666666667,79.875
2005-07-14T00:00:00Z,71.875,85.70833333333333,85.54166666666667,72.08333333333333,82.875,87.625,67.91666666666667,90.25,84.79166666666667,92,85.08333333333333,75.125,87.79166666666667,81.83333333333333,85.79166666666667,82.5,84.91666666666667,85.20833333333333,87.875,84.41666666666667,79.70833333333333,91.66666666666667,88.375,78.375
2005-07-15T00:00:00Z,65.83333333333333,81.625,80.5,74.79166666666667,83.625,81.75,65.33333333333333,90.79166666666667,78.41666666666667,84.95833333333333,79.29166666666667,69.95833333333333,81.875,78.16666666666667,84.08333333333333,77.20833333333333,79.04166666666667,79.95833333333333,82.375,79.5,78.20833333333333,86.29166666666667,87.79166666666667,69.79166666666667
2005-07-16T00:00:00Z,63.041666666666664,82.91666666666667,81.33333333333333,69.875,81.33333333333333,78.20833333333333,62.083333333333336,84.875,67.45833333333333,82.08333333333333,79.29166666666667,66.91666666666667,83.75,68.79166666666667,86.33333333333333,74.54166666666667,74.95833333333333,79.83333333333333,83.54166666666667,81.29166666666667,80.45833333333333,78.91666666666667,88.79166666666667,67
2005-07-17T00:00:00Z,70.25,81.75,76.16666666666667,69.91666666666667,83.79166666666667,83.08333333333333,64.875,74.29166666666667,69.70833333333333,78.20833333333333,74.625,63.25,80.04166666666667,67.08333333333333,83.91666666666667,73.375,74.66666666666667,76.25,84.16666666666667,78.375,73.875,75.75,87.58333333333333,70.33333333333333
2005-07-18T00:00:00Z,64.25,84.45833333333333,74.375,79.95833333333333,80.20833333333333,85.125,65.41666666666667,72.625,78.125,76.375,74.625,68.20833333333333,80.875,69.41666666666667,85.125,74.5,79.20833333333333,75.45833333333333,83.66666666666667,81.20833333333333,75.16666666666667,84.04166666666667,76,70.79166666666667
2005-07-19T00:00:00Z,70.75,84.625,74.875,81.95833333333333,79.58333333333333,84.20833333333333,62.291666666666664,72.20833333333333,77.70833333333333,78.41666666666667,73.54166666666667,65.04166666666667,80.95833333333333,66.91666666666667,83.125,72.41666666666667,76.33333333333333,76.25,81.75,76.70833333333333,76.5,83,73.41666666666667,68
2005-07-20T00:00:00Z,68,84.41666666666667,71.95833333333333,86.83333333333333,79.79166666666667,77,61.291666666666664,75.70833333333333,73,75.5,77.16666666666667,65.29166666666667,75.54166666666667,67.41666666666667,81.91666666666667,76.04166666666667,78.79166666666667,75.95833333333333,80.20833333333333,76.91666666666667,71.95833333333333,84.41666666666667,79.91666666666667,70.33333333333333
2005-07-21T00:00:00Z,70.875,80.95833333333333,72.29166666666667,86.16666666666667,81.16666666666667,80.58333333333333,70.54166666666667,70.54166666666667,72.875,75.29166666666667,76.20833333333333,65.5,73.5,65.04166666666667,84.33333333333333,70.79166666666667,84.91666666666667,74.58333333333333,84.58333333333333,75.95833333333333,74.29166666666667,89.25,78.91666666666667,66.95833333333333
2005-07-22T00:00:00Z,68.75,77.04166666666667,75.20833333333333,82.95833333333333,84.66666666666667,79.95833333333333,66,70.04166666666667,77.45833333333333,77.375,75.5,70.70833333333333,76.5,80.375,84.5,76.54166666666667,78.95833333333333,77.29166666666667,84.20833333333333,75.66666666666667,73.125,89.54166666666667,81,72.83333333333333
2005-07-23T00:00:00Z,63.208333333333336,69.625,67.58333333333333,82.79166666666667,81.29166666666667,81.33333333333333,71.54166666666667,64.08333333333333,79.20833333333333,71.45833333333333,68.08333333333333,64,68.54166666666667,70.875,80.5,69.45833333333333,81.08333333333333,73.16666666666667,80.75,73.33333333333333,58.875,84.54166666666667,80.91666666666667,71.70833333333333
2005-07-24T00:00:00Z,57.333333333333336,78.08333333333333,67.20833333333333,76.58333333333333,67.875,71.41666666666667,61.625,75.25,70.91666666666667,69.33333333333333,67.70833333333333,64.66666666666667,70.75,63.75,65.16666666666667,67.70833333333333,70.79166666666667,70.79166666666667,65.25,75.20833333333333,65.79166666666667,74,61.25,64.04166666666667
2005-07-25T00:00:00Z,57.833333333333336,71,67.75,79.04166666666667,74.625,74.54166666666667,59,59.875,73.08333333333333,69.20833333333333,71.66666666666667,62.708333333333336,71.91666666666667,65.83333333333333,71.08333333333333,67.54166666666667,72.125,72.04166666666667,72.66666666666667,73.66666666666667,61.958333333333336,79.08333333333333,71.08333333333333,63.875
2005-07-26T00:00:00Z,61.708333333333336,72.20833333333333,64.20833333333333,73.375,79.5,75.33333333333333,51.583333333333336,65.29166666666667,69.91666666666667,57.416666666666664,64.33333333333333,56.625,66.83333333333333,52.791666666666664,83.04166666666667,53.166666666666664,69.125,68.79166666666667,82.70833333333333,72.58333333333333,59.708333333333336,80,80.54166666666667,64.79166666666667
2005-07-27T00:00:00Z,55.166666666666664,77.95833333333333,63.083333333333336,73.58333333333333,78,75.04166666666667,49,69.45833333333333,68.25,63.166666666666664,65.375,57.5,72.16666666666667,55.333333333333336,86.625,58.416666666666664,71.20833333333333,67.625,86.16666666666667,72.625,60.083333333333336,82.25,73.58333333333333,61.208333333333336
2005-07-28T00:00:00Z,66.625,85.45833333333333,73.75,79,80.79166666666667,74.33333333333333,57.083333333333336,86.25,67.08333333333333,76.70833333333333,72.16666666666667,67.91666666666667,81.5,72.375,79.33333333333333,66.95833333333333,76.33333333333333,77.54166666666667,79.25,70.875,71.29166666666667,77.875,82.08333333333333,65.20833333333333
2005-07-29T00:00:00Z,73.79166666666667,89.54166666666667,90.79166666666667,84.79166666666667,86.54166666666667,81.04166666666667,76.29166666666667,91.625,86.29166666666667,96.04166666666667,91.66666666666667,85.83333333333333,92.125,91.16666666666667,80.91666666666667,90.41666666666667,79.66666666666667,92.5,82.79166666666667,77.83333333333333,82.79166666666667,88.625,88.04166666666667,79.25
2005-07-30T00:00:00Z,75.20833333333333,84.04166666666667,89.54166666666667,88.29166666666667,91.5,82.125,77.66666666666667,87,88.04166666666667,91.95833333333333,85.70833333333333,82.5,85.58333333333333,85.08333333333333,79.70833333333333,83.33333333333333,87.08333333333333,87.91666666666667,83.41666666666667,83.41666666666667,78.54166666666667,86.625,87.29166666666667,81.95833333333333
2005-07-31T00:00:00Z,76.95833333333333,88.41666666666667,87.875,96.625,91.70833333333333,89.66666666666667,81.75,87.875,92.41666666666667,92.41666666666667,88.5,84.58333333333333,89.45833333333333,90.91666666666667,87.625,90.54166666666667,88.95833333333333,88.95833333333333,85.70833333333333,84.75,76.25,91.04166666666667,91.75,83.29166666666667
2005-08-01T00:00:00Z,69.125,79.58333333333333,75.83333333333333,90.45833333333333,81,86.125,72.58333333333333,75.04166666666667,82.375,78.75,76.83333333333333,68.29166666666667,75.20833333333333,79.54166666666667,80.83333333333333,76.54166666666667,83.375,75.58333333333333,85.70833333333333,77.70833333333333,67.125,88.20833333333333,81,76.08333333333333
2005-08-02T00:00:00Z,63.416666666666664,74.33333333333333,72.04166666666667,81.70833333333333,77.79166666666667,73.75,63.375,77.70833333333333,74.83333333333333,71.08333333333333,69,67.29166666666667,70.70833333333333,76.70833333333333,72.83333333333333,72.25,77.125,73.79166666666667,72.95833333333333,70.83333333333333,67.04166666666667,78.41666666666667,72.04166666666667,64.66666666666667
2005-08-03T00:00:00Z,61.916666666666664,73.70833333333333,72.20833333333333,79.66666666666667,78.70833333333333,73.91666666666667,62.25,75.66666666666667,69.54166666666667,69.625,67.125,67.25,70.625,70.04166666666667,72.70833333333333,76.29166666666667,71.83333333333333,71.375,74.125,68.79166666666667,67.875,78.08333333333333,70.79166666666667,64.95833333333333
2005-08-04T00:00:00Z,60.791666666666664,78.54166666666667,69.875,84.5,78.95833333333333,75.33333333333333,62.166666666666664,72.41666666666667,71,68.04166666666667,65.91666666666667,66.58333333333333,68.79166666666667,68.875,73.875,77.66666666666667,71.70833333333333,71.91666666666667,75.45833333333333,68.75,63.208333333333336,80.29166666666667,76.29166666666667,64.375
2005-08-05T00:00:00Z,63.625,82.625,79.20833333333333,82.5,77.125,76,62.958333333333336,75.66666666666667,75.41666666666667,72,73.04166666666667,63.458333333333336,72.66666666666667,69.04166666666667,64.875,76,77.25,70.625,73.91666666666667,72.58333333333333,67.54166666666667,85.58333333333333,72.04166666666667,63.708333333333336
2005-08-06T00:00:00Z,62.541666666666664,82.20833333333333,77.79166666666667,96.33333333333333,78.16666666666667,79.08333333333333,72.20833333333333,82.79166666666667,77.95833333333333,74.75,79.54166666666667,66.125,77.54166666666667,72.875,66.66666666666667,75,78.45833333333333,75.5,73.75,76.41666666666667,73.625,72.875,71.70833333333333,69.16666666666667
2005-08-07T00:00:00Z,65.875,92.25,75.16666666666667,80.58333333333333,80.125,74.20833333333333,62.916666666666664,89.08333333333333,74.875,74.58333333333333,88.875,69.20833333333333,88.54166666666667,72.91666666666667,64.29166666666667,75.16666666666667,70.75,85.08333333333333,66.75,85.58333333333333,74,76.79166666666667,77.66666666666667,68.29166666666667
2005-08-08T00:00:00Z,65.125,87.66666666666667,79.25,97.375,79.5,78.54166666666667,76.95833333333333,89.33333333333333,82.04166666666667,82.08333333333333,85.125,75.25,79.04166666666667,71.33333333333333,66.625,82.33333333333333,81.625,80.54166666666667,73,77.41666666666667,72.58333333333333,89.33333333333333,81.5,71.33333333333333
2005-08-09T00:00:00Z,74.125,84.29166666666667,81.66666666666667,93.45833333333333,89.25,84.625,78.58333333333333,90.5,91.29166666666667,84.79166666666667,84.33333333333333,79.70833333333333,82.83333333333333,86.91666666666667,81.16666666666667,87.66666666666667,89.75,81.29166666666667,81.29166666666667,77.125,77.91666666666667,94.95833333333333,91.41666666666667,77.79166666666667
2005-08-10T00:00:00Z,68.5,84.29166666666667,83.08333333333333,89.5,84.75,83.04166666666667,71.66666666666667,84.79166666666667,85.95833333333333,83.29166666666667,80.625,77.875,80.33333333333333,83.41666666666667,79.08333333333333,83.16666666666667,85,81.29166666666667,79.45833333333333,78.625,77.125,90.29166666666667,84.79166666666667,74.5
2005-08-11T00:00:00Z,64.08333333333333,74.16666666666667,78.66666666666667,84.25,79.66666666666667,78.79166666666667,64.08333333333333,77.08333333333333,76.70833333333333,71.875,76.45833333333333,71.25,71.33333333333333,75.20833333333333,75.66666666666667,77.625,80.75,74.875,78.08333333333333,69.29166666666667,66.04166666666667,88.66666666666667,78.04166666666667,67.66666666666667
2005-08-12T00:00:00Z,65.54166666666667,75.29166666666667,79.25,85.58333333333333,80.375,79.125,69.04166666666667,79.58333333333333,77.95833333333333,71.54166666666667,76.625,67.33333333333333,71.41666666666667,72.5,73.5,74.83333333333333,82.08333333333333,73.75,78.66666666666667,69.33333333333333,66.5,87.16666666666667,85.75,66.33333333333333
2005-08-13T00:00:00Z,64.70833333333333,78.25,80.16666666666667,88.625,79,78.125,66.83333333333333,79.95833333333333,80.29166666666667,79.20833333333333,79.91666666666667,71,74.91666666666667,79.33333333333333,69.66666666666667,84.41666666666667,81.79166666666667,77.41666666666667,78.33333333333333,71.33333333333333,67.5,80.875,79.79166666666667,66.95833333333333
2005-08-14T00:00:00Z,64.375,77.08333333333333,83.125,95,79.54166666666667,78.33333333333333,72.75,74.875,81.95833333333333,82.04166666666667,78.41666666666667,77.5,72.79166666666667,76.41666666666667,72.04166666666667,83.33333333333333,82.58333333333333,76.125,79.04166666666667,69.20833333333333,66.04166666666667,81.29166666666667,78.875,67.875
2005-08-15T00:00:00Z,64.45833333333333,77.29166666666667,74.125,84.41666666666667,85.5,75.08333333333333,62.75,73.75,75.16666666666667,72.29166666666667,70.83333333333333,67.66666666666667,70.45833333333333,67.25,77,72.125,78.45833333333333,69.54166666666667,80.95833333333333,68.75,72.20833333333333,83.95833333333333,79.95833333333333,73.41666666666667
2005-08-16T00:00:00Z,67.20833333333333,78.75,72.83333333333333,82.54166666666667,80.16666666666667,77.95833333333333,60.708333333333336,74.45833333333333,74.20833333333333,77.04166666666667,78.29166666666667,72.25,71.45833333333333,80.54166666666667,78.75,74.95833333333333,77.16666666666667,70.33333333333333,80.625,66.04166666666667,73.20833333333333,86.79166666666667,83.20833333333333,69.41666666666667
2005-08-17T00:00:00Z,72.125,83.41666666666667,75.33333333333333,85.08333333333333,84.375,80.125,65.41666666666667,84.58333333333333,85,84.04166666666667,77.79166666666667,77.125,77.125,86.45833333333333,75.04166666666667,85.66666666666667,81.29166666666667,78.58333333333333,80.375,76.83333333333333,74.125,84.95833333333333,82.83333333333333,76.83333333333333
2005-08-18T00:00:00Z,64.91666666666667,90.29166666666667,83.83333333333333,94.04166666666667,77.04166666666667,71.20833333333333,72.45833333333333,95.5,72.625,85.91666666666667,83.75,80.66666666666667,91.16666666666667,85.95833333333333,70.41666666666667,80.625,84.54166666666667,89.58333333333333,75.29166666666667,84.79166666666667,76.5,85.95833333333333,76.29166666666667,65.08333333333333
2005-08-19T00:00:00Z,69.66666666666667,83.79166666666667,81.29166666666667,87.875,74,76.41666666666667,67.08333333333333,81.41666666666667,77.08333333333333,85,82.29166666666667,76.70833333333333,81.91666666666667,85.04166666666667,77.83333333333333,82.41666666666667,81,79.83333333333333,77.95833333333333,77.79166666666667,71,81.79166666666667,84.79166666666667,70.875
2005-08-20T00:00:00Z,68.54166666666667,79.58333333333333,75.875,81.08333333333333,84.875,74.08333333333333,60.083333333333336,69.75,72.83333333333333,82.95833333333333,75.33333333333333,68.25,79.54166666666667,77.66666666666667,80.45833333333333,81.70833333333333,73.20833333333333,77.875,79.75,78.41666666666667,76.04166666666667,77.66666666666667,86.04166666666667,69.41666666666667
2005-08-21T00:00:00Z,68.125,74.16666666666667,72.95833333333333,81.375,79.25,74.33333333333333,60.125,62.125,68.45833333333333,69.95833333333333,71.41666666666667,69.33333333333333,67.75,68.625,83.66666666666667,74.95833333333333,73.70833333333333,71.70833333333333,77.66666666666667,69.83333333333333,60.541666666666664,75.33333333333333,82.375,66.08333333333333
2005-08-22T00:00:00Z,60.083333333333336,84.125,72.70833333333333,76.29166666666667,72.33333333333333,65.70833333333333,52.125,66.95833333333333,58.416666666666664,62.833333333333336,78.95833333333333,64.33333333333333,79.33333333333333,63.083333333333336,73.54166666666667,66.08333333333333,67.75,73.16666666666667,73.25,75.375,59.458333333333336,66.58333333333333,72.91666666666667,58.833333333333336
2005-08-23T00:00:00Z,72.91666666666667,86.25,82.625,94.95833333333333,80.125,83.08333333333333,72.5,87.20833333333333,74.75,86.70833333333333,85.54166666666667,73.625,85.33333333333333,90.16666666666667,76.875,82.33333333333333,89.45833333333333,85.70833333333333,80.66666666666667,82.83333333333333,73.79166666666667,88.95833333333333,92.375,68.70833333333333
2005-08-24T00:00:00Z,63.875,81.54166666666667,76.66666666666667,95.45833333333333,74.75,78.875,73.45833333333333,86.83333333333333,82.625,83.625,81.08333333333333,70.29166666666667,75.91666666666667,82.75,76.20833333333333,76.95833333333333,86.70833333333333,78.83333333333333,76.29166666666667,73.66666666666667,69.29166666666667,85.5,77.16666666666667,72.75
2005-08-25T00:00:00Z,57.375,76.20833333333333,67.16666666666667,77.54166666666667,64.58333333333333,65.16666666666667,55.833333333333336,84.25,68.70833333333333,76.79166666666667,74.08333333333333,64.70833333333333,73.79166666666667,72.25,56.125,71.125,68.33333333333333,73.25,61.083333333333336,73.70833333333333,66.625,69.29166666666667,64.66666666666667,61.375
2005-08-26T00:00:00Z,61.125,77.04166666666667,61.125,81.33333333333333,71.375,66.04166666666667,63.583333333333336,85.83333333333333,71.29166666666667,67.54166666666667,71.20833333333333,63.333333333333336,72.41666666666667,68.83333333333333,64.29166666666667,70.41666666666667,74.54166666666667,72.04166666666667,65.95833333333333,72.04166666666667,65.54166666666667,72,71.91666666666667,64.75
2005-08-27T00:00:00Z,66.75,78.5,70.66666666666667,88.70833333333333,78.83333333333333,76.75,69.45833333333333,87.125,78.20833333333333,76.95833333333333,72.83333333333333,66.83333333333333,76.20833333333333,78.75,71.16666666666667,74.29166666666667,84.5,77.41666666666667,81.5,74.375,70.91666666666667,75.66666666666667,83.375,67.45833333333333
2005-08-28T00:00:00Z,73.20833333333333,82.25,72.75,88.75,79,79.875,66.83333333333333,85.25,79.625,83.16666666666667,74.54166666666667,69.58333333333333,76.79166666666667,76.5,80.25,74.33333333333333,82.79166666666667,77.58333333333333,80.20833333333333,73.875,72.79166666666667,80.58333333333333,84.95833333333333,71.70833333333333
2005-08-29T00:00:00Z,77.95833333333333,85.41666666666667,71.54166666666667,87.20833333333333,80.83333333333333,83.16666666666667,66.75,88.25,82,81.91666666666667,76,71.75,77.25,81.04166666666667,76.91666666666667,79.125,81.875,77,82.25,82,73.625,82.58333333333333,87.75,75.29166666666667
2005-08-30T00:00:00Z,76.33333333333333,84.91666666666667,80.16666666666667,88.25,80.04166666666667,80.41666666666667,68.33333333333333,92.33333333333333,78.66666666666667,83.70833333333333,80.41666666666667,72.20833333333333,80.45833333333333,81.08333333333333,83.33333333333333,80.875,79.16666666666667,77.125,84,79.29166666666667,75.16666666666667,85.25,86.91666666666667,71.16666666666667
2005-08-31T00:00:00Z,67.70833333333333,70.875,66.66666666666667,79.08333333333333,70.04166666666667,69.04166666666667,55.5,73.125,65.16666666666667,69.04166666666667,64.33333333333333,62.541666666666664,67,66,83.58333333333333,68.25,74.875,66.20833333333333,82.5,69.25,67.04166666666667,72.625,69.45833333333333,58.416666666666664
2005-09-01T00:00:00Z,67.375,70.75,65.91666666666667,77.58333333333333,72.20833333333333,68.375,48.458333333333336,67.625,60.166666666666664,65.70833333333333,60.916666666666664,65.20833333333333,67.41666666666667,67.45833333333333,67.45833333333333,64.95833333333333,71.45833333333333,68.33333333333333,71.58333333333333,72.54166666666667,62.708333333333336,72.25,68.625,61.041666666666664
2005-09-02T00:00:00Z,69.54166666666667,74.33333333333333,64,80.20833333333333,70.875,70.54166666666667,54.958333333333336,70.125,61.416666666666664,65.20833333333333,61.875,64.83333333333333,68.08333333333333,63.75,64.79166666666667,64.29166666666667,78.91666666666667,67.08333333333333,72.41666666666667,72.625,61.5,80.41666666666667,69.20833333333333,62.958333333333336
2005-09-03T00:00:00Z,67.79166666666667,63.583333333333336,50.875,74.91666666666667,63.791666666666664,65.95833333333333,46.208333333333336,50.75,54.916666666666664,55.875,54.666666666666664,56.916666666666664,59.916666666666664,56.583333333333336,63.333333333333336,50.25,71.25,60.958333333333336,69,66.58333333333333,50.541666666666664,55.708333333333336,61.125,53.166666666666664
2005-09-04T00:00:00Z,68.25,73.70833333333333,58.166666666666664,73.08333333333333,58.666666666666664,59.583333333333336,48.583333333333336,70.04166666666667,61.791666666666664,63.041666666666664,55.375,56.458333333333336,62.75,63.083333333333336,53.833333333333336,56,63.708333333333336,64.41666666666667,61.458333333333336,67.375,57.708333333333336,62.958333333333336,61.75,57.666666666666664
2005-09-05T00:00:00Z,73.125,73,55.625,70.29166666666667,65.70833333333333,62.375,49.25,69.125,61.958333333333336,59.125,56.666666666666664,49.291666666666664,60.166666666666664,65.625,61.25,53.291666666666664,64.29166666666667,60.916666666666664,63.083333333333336,63.083333333333336,57.041666666666664,60.791666666666664,69.58333333333333,57.25
2005-09-06T00:00:00Z,70,70.91666666666667,63.458333333333336,72.04166666666667,65.54166666666667,63.333333333333336,52.583333333333336,75.04166666666667,65.125,68.875,60.291666666666664,57.916666666666664,64.58333333333333,67.20833333333333,75.54166666666667,62.291666666666664,66.75,62.916666666666664,71.54166666666667,66.04166666666667,57.583333333333336,63.208333333333336,63.333333333333336,60.875
2005-09-07T00:00:00Z,73.08333333333333,69.625,65.5,79.29166666666667,77.45833333333333,78.66666666666667,58,63.5,74.20833333333333,68.95833333333333,58.708333333333336,61.25,60.875,69.875,83.66666666666667,62.125,73.875,63.416666666666664,77.75,60.25,54.875,75.16666666666667,77.66666666666667,71.5
2005-09-08T00:00:00Z,70.91666666666667,70.04166666666667,61.291666666666664,86.25,76.54166666666667,75.75,61.583333333333336,64.70833333333333,73.29166666666667,64.83333333333333,54.791666666666664,62.125,60.041666666666664,72.41666666666667,77.08333333333333,63.5,78.33333333333333,62.791666666666664,74.33333333333333,65.41666666666667,57.5,75.08333333333333,76.375,66.79166666666667
2005-09-09T00:00:00Z,66.75,73.16666666666667,55.083333333333336,72.25,73.91666666666667,76.625,54,65.45833333333333,65.45833333333333,59.041666666666664,52.041666666666664,56.125,59.875,65.41666666666667,78.5,61.041666666666664,74.04166666666667,58.083333333333336,77.79166666666667,64.25,53.583333333333336,74.58333333333333,72.25,64.125
2005-09-10T00:00:00Z,61.791666666666664,71.875,58.125,68.5,67.58333333333333,68.04166666666667,50.5,70.54166666666667,65.04166666666667,61.666666666666664,55.666666666666664,53.125,63.333333333333336,61.541666666666664,78.625,53.166666666666664,67,62.916666666666664,74.91666666666667,66.375,56.416666666666664,68.41666666666667,61.041666666666664,60.875
2005-09-11T00:00:00Z,62.166666666666664,76.58333333333333,51.291666666666664,70.41666666666667,63.958333333333336,67.20833333333333,50.208333333333336,70.45833333333333,61.041666666666664,59.041666666666664,54.916666666666664,47.416666666666664,61.291666666666664,63.541666666666664,79.79166666666667,53.708333333333336,70,58.916666666666664,77.625,63.583333333333336,53.166666666666664,68.45833333333333,56.666666666666664,55.583333333333336
2005-09-12T00:00:00Z,70.54166666666667,75.25,54.416666666666664,77.58333333333333,77.79166666666667,76.20833333333333,59.875,69.95833333333333,73.45833333333333,61.125,56.083333333333336,50.833333333333336,61.083333333333336,67.83333333333333,82.375,63.833333333333336,79.83333333333333,60.458333333333336,87.54166666666667,67.33333333333333,55.166666666666664,77.91666666666667,72.58333333333333,66.66666666666667
2005-09-13T00:00:00Z,75.625,71.70833333333333,61.708333333333336,90.08333333333333,83.75,83.79166666666667,69.95833333333333,67.875,78.54166666666667,73.54166666666667,49.958333333333336,66.25,59.208333333333336,85.83333333333333,85.33333333333333,82,86.41666666666667,60.333333333333336,81.375,62.375,55.625,81.75,88.79166666666667,77.75
2005-09-14T00:00:00Z,82.125,68.5,73.375,95.125,82.125,88.375,76.66666666666667,71.91666666666667,91.29166666666667,81.45833333333333,53.458333333333336,69,70.29166666666667,87.41666666666667,82.54166666666667,82.625,90.75,76.875,87.79166666666667,68.79166666666667,65.125,92.16666666666667,85.70833333333333,80.54166666666667
2005-09-15T00:00:00Z,81.91666666666667,73.75,65.58333333333333,82.20833333333333,83.375,88.45833333333333,69.83333333333333,62.25,78.08333333333333,70.54166666666667,57.291666666666664,62.25,63.125,76.91666666666667,87.54166666666667,69.58333333333333,77.875,67.875,90.04166666666667,66.79166666666667,61.458333333333336,86.25,86.91666666666667,74.375
2005-09-16T00:00:00Z,75.375,85.33333333333333,77.04166666666667,82.25,84.25,79.91666666666667,59.416666666666664,81.5,76.58333333333333,80.625,65.70833333333333,70.375,72.83333333333333,77.20833333333333,79.04166666666667,76.54166666666667,74.125,78.375,82.95833333333333,71.83333333333333,76.375,79.70833333333333,87.125,71.95833333333333
2005-09-17T00:00:00Z,70.75,79.625,70.70833333333333,80.25,74.33333333333333,75.875,59.458333333333336,70.08333333333333,76.29166666666667,76.5,62.666666666666664,69.5,67.58333333333333,74.5,73.875,70.54166666666667,71.95833333333333,72.04166666666667,84.70833333333333,61.916666666666664,70.625,77.41666666666667,72.66666666666667,66.95833333333333
2005-09-18T00:00:00Z,73.20833333333333,71.5,64,83.625,78.91666666666667,80.08333333333333,60.541666666666664,70.875,77,66.54166666666667,55,60.208333333333336,62.458333333333336,73.70833333333333,73.04166666666667,66.08333333333333,76.83333333333333,68.54166666666667,85.625,57.416666666666664,63.416666666666664,75.41666666666667,85.41666666666667,74
2005-09-19T00:00:00Z,65.70833333333333,73.625,62.291666666666664,83.04166666666667,79.375,81.375,74.125,75.5,85.16666666666667,77,55.5,73.45833333333333,64.875,72,69.16666666666667,74.875,78.91666666666667,67.125,85.54166666666667,59.666666666666664,68.33333333333333,87.33333333333333,77.79166666666667,68.875
2005-09-20T00:00:00Z,77.33333333333333,76.25,73.29166666666667,82.375,81.66666666666667,81.91666666666667,69.83333333333333,70.58333333333333,81.16666666666667,80.70833333333333,61.375,70.20833333333333,69.66666666666667,79.625,76.5,75.91666666666667,80.20833333333333,69.625,83.29166666666667,65.25,74.5,86.125,82.95833333333333,72.625
2005-09-21T00:00:00Z,79.75,76.125,68.16666666666667,81.375,78.875,78.45833333333333,72.20833333333333,77.41666666666667,85.79166666666667,76.58333333333333,64.83333333333333,70.45833333333333,66.375,81.04166666666667,80.25,79.75,78.41666666666667,69.25,82.25,58.083333333333336,64.58333333333333,81.91666666666667,78.16666666666667,75.95833333333333
2005-09-22T00:00:00Z,73.29166666666667,78.20833333333333,70.70833333333333,82.45833333333333,73.41666666666667,78.45833333333333,70.29166666666667,84.95833333333333,80.20833333333333,79.45833333333333,68.54166666666667,69.08333333333333,73.20833333333333,82.75,80.25,76.79166666666667,80.54166666666667,77.83333333333333,80.79166666666667,65.20833333333333,75.54166666666667,81,73.79166666666667,65.5
2005-09-23T00:00:00Z,68.625,76.45833333333333,65.54166666666667,79.95833333333333,76.25,75,67.25,75,82.70833333333333,66.5,63.875,62.125,66.20833333333333,79.625,75.375,68.58333333333333,77.70833333333333,70.625,79.875,61.083333333333336,65.125,79.375,71.625,71.08333333333333
2005-09-24T00:00:00Z,77.16666666666667,77.16666666666667,69.04166666666667,76.33333333333333,82,84.33333333333333,69.79166666666667,86.16666666666667,78.83333333333333,81.20833333333333,65.54166666666667,71.25,72.375,90.875,77.625,76.875,74.58333333333333,72.29166666666667,84.45833333333333,64,67.875,82.29166666666667,82.04166666666667,78
2005-09-25T00:00:00Z,70.66666666666667,76.16666666666667,75.54166666666667,85.79166666666667,70.70833333333333,78.25,72.125,97.5,74.375,82.95833333333333,72.25,74.08333333333333,80.95833333333333,87.66666666666667,69.5,74.25,78.29166666666667,78.5,77.04166666666667,69.5,78.25,81.79166666666667,71.54166666666667,71.375
2005-09-26T00:00:00Z,74,85.20833333333333,81.91666666666667,81.33333333333333,76.5,80.75,71.5,92.20833333333333,81.375,87.125,79.29166666666667,74.66666666666667,85.33333333333333,87.16666666666667,59.458333333333336,80,73.5,83.375,76.375,73.75,81.125,86.66666666666667,73.5,72.66666666666667
2005-09-27T00:00:00Z,67.625,74.04166666666667,66.20833333333333,83,72.45833333333333,79.5,70.58333333333333,70.20833333333333,80.58333333333333,70.58333333333333,68.5,68.33333333333333,68.875,76.83333333333333,74.83333333333333,71.08333333333333,81.33333333333333,69.5,78.625,60.958333333333336,63.458333333333336,81.875,69.66666666666667,71.45833333333333
2005-09-28T00:00:00Z,65.79166666666667,84.875,66.58333333333333,73.08333333333333,72.54166666666667,71.125,58.458333333333336,86.58333333333333,75.375,66.70833333333333,72.25,62.375,74.33333333333333,74.41666666666667,66.45833333333333,64.91666666666667,73.16666666666667,78.33333333333333,72.25,66,69.83333333333333,73.54166666666667,68.375,67.41666666666667
2005-09-29T00:00:00Z,69.66666666666667,81,72.91666666666667,78.125,76.25,77.83333333333333,65.625,80.83333333333333,75.79166666666667,70.29166666666667,74.29166666666667,61.708333333333336,67.91666666666667,79.83333333333333,76,67.375,73.875,67.04166666666667,84.41666666666667,63.833333333333336,62.166666666666664,77.58333333333333,73.91666666666667,69.375
2005-09-30T00:00:00Z,48.875,70,53.791666666666664,76.25,63,69.91666666666667,63.458333333333336,77.70833333333333,65.79166666666667,55.916666666666664,52.125,46.916666666666664,56.208333333333336,57.208333333333336,72.58333333333333,46.75,74.25,50.541666666666664,75,52.583333333333336,50.875,71.41666666666667,58.833333333333336,60.25
2005-10-01T00:00:00Z,62.208333333333336,75.45833333333333,61.791666666666664,78.41666666666667,68.20833333333333,72.5,70.83333333333333,81.29166666666667,74.91666666666667,64.75,57.416666666666664,65.70833333333333,63.25,79.125,68.95833333333333,69.20833333333333,76.125,65.45833333333333,74.33333333333333,57.541666666666664,64.41666666666667,81.33333333333333,64.04166666666667,65.125
2005-10-02T00:00:00Z,64.95833333333333,85.33333333333333,67.66666666666667,73.5,75.29166666666667,72.08333333333333,59.791666666666664,80.25,73.625,74.29166666666667,71.95833333333333,65.66666666666667,72.125,77.91666666666667,75.33333333333333,71.41666666666667,70.25,76.66666666666667,74,65.625,69.04166666666667,71,77.41666666666667,65.66666666666667
2005-10-03T00:00:00Z,76.58333333333333,79.16666666666667,64.25,83.875,84.41666666666667,82.375,71.375,79.95833333333333,82.375,66.95833333333333,61.083333333333336,61.958333333333336,66,80.04166666666667,80.33333333333333,75.41666666666667,78.29166666666667,66.70833333333333,82.08333333333333,61,61.541666666666664,79.33333333333333,87.45833333333333,75.45833333333333
2005-10-04T00:00:00Z,80.41666666666667,76.70833333333333,62.958333333333336,86.70833333333333,87.33333333333333,85.875,73.83333333333333,78.16666666666667,84.33333333333333,73.41666666666667,56.708333333333336,67.41666666666667,66.29166666666667,91.83333333333333,87.875,76,84.58333333333333,66.20833333333333,83.375,58.583333333333336,63.375,84.91666666666667,90.33333333333333,77.95833333333333
2005-10-05T00:00:00Z,76.625,79.45833333333333,75.20833333333333,88.66666666666667,87.58333333333333,85.95833333333333,79.625,93.33333333333333,83.375,93.125,75.45833333333333,72.875,80.875,91.125,82.79166666666667,80.16666666666667,86.58333333333333,78.66666666666667,84.41666666666667,68.83333333333333,79.5,85.5,89.04166666666667,79.875
2005-10-06T00:00:00Z,77.625,89.04166666666667,90.375,93.83333333333333,85.25,88.54166666666667,83.29166666666667,93.875,92.70833333333333,92.125,91.125,82.66666666666667,91.95833333333333,94.16666666666667,79.58333333333333,88.5,86.16666666666667,89.08333333333333,83.04166666666667,78.875,82.04166666666667,87.95833333333333,84.41666666666667,82.375
2005-10-07T00:00:00Z,86,92.04166666666667,93.25,93.875,91.125,91.375,82.66666666666667,93.70833333333333,95.375,97.125,93.375,84.83333333333333,94.95833333333333,98.375,86.375,94.25,90.75,93.33333333333333,91.54166666666667,80.91666666666667,84.70833333333333,94.83333333333333,90.20833333333333,85.95833333333333
2005-10-08T00:00:00Z,88.54166666666667,79.5,84.875,86.33333333333333,91.25,90.95833333333333,76.29166666666667,90.16666666666667,93.625,94.70833333333333,72.29166666666667,84.54166666666667,80.41666666666667,76.58333333333333,92.375,89.58333333333333,87,83.58333333333333,89.79166666666667,66.83333333333333,74.33333333333333,89.54166666666667,95.41666666666667,85.45833333333333
2005-10-09T00:00:00Z,85.91666666666667,82.375,80.79166666666667,88.70833333333333,91.41666666666667,93.83333333333333,83.58333333333333,96.83333333333333,96.75,87.75,79.91666666666667,81.25,68.625,95.66666666666667,95.125,87.08333333333333,85.625,83.70833333333333,90.79166666666667,70.58333333333333,74.54166666666667,91.04166666666667,91.33333333333333,86.375
2005-10-10T00:00:00Z,85.79166666666667,85.58333333333333,92.70833333333333,94.45833333333333,94.125,92.70833333333333,80.83333333333333,96.75,94.70833333333333,94.5,85.25,90.70833333333333,81.04166666666667,100,97.20833333333333,93.04166666666667,88.79166666666667,90.75,96.20833333333333,79.33333333333333,84.45833333333333,90.83333333333333,96.5,85.41666666666667
2005-10-11T00:00:00Z,87.5,82.25,92.04166666666667,90.875,91.91666666666667,88.58333333333333,77.25,93.91666666666667,94.08333333333333,94.45833333333333,82.33333333333333,86.54166666666667,83.79166666666667,91.33333333333333,91.875,92.54166666666667,85.33333333333333,88.41666666666667,89.54166666666667,73.875,79.79166666666667,86.5,92.95833333333333,84.41666666666667
2005-10-12T00:00:00Z,79.95833333333333,80.91666666666667,82.16666666666667,88.29166666666667,83.875,85.29166666666667,76.58333333333333,92.125,87.375,85.91666666666667,79.125,79.91666666666667,82.125,97.75,87.45833333333333,85.58333333333333,85.04166666666667,84.125,86.83333333333333,71.91666666666667,81.58333333333333,85.91666666666667,85.04166666666667,81.125
2005-10-13T00:00:00Z,78.91666666666667,76.29166666666667,76.91666666666667,76.75,88.83333333333333,80.70833333333333,64.45833333333333,82.95833333333333,77.20833333333333,77.33333333333333,81.125,74.29166666666667,78.25,86.95833333333333,89.20833333333333,76.25,73.16666666666667,77.45833333333333,84.25,67.91666666666667,67.91666666666667,77.58333333333333,92.66666666666667,75.29166666666667
2005-10-14T00:00:00Z,80.08333333333333,73.16666666666667,71.04166666666667,82.91666666666667,86.45833333333333,84.33333333333333,70.08333333333333,76.20833333333333,81.79166666666667,70.875,66.54166666666667,67.16666666666667,71.70833333333333,88.75,86.75,77.58333333333333,79.29166666666667,72.625,86.54166666666667,66,59.25,83.16666666666667,88.70833333333333,76.70833333333333
2005-10-15T00:00:00Z,64.375,59.125,69.08333333333333,69,65.25,70.08333333333333,54.75,61.333333333333336,72.41666666666667,61.5,58.583333333333336,63.666666666666664,59.583333333333336,69.45833333333333,74.5,64.08333333333333,70.83333333333333,64.41666666666667,68.875,50.291666666666664,46.541666666666664,71.625,61.5,60.791666666666664
2005-10-16T00:00:00Z,61.041666666666664,39.583333333333336,52.5,64.75,58.5,62.833333333333336,44.583333333333336,46.333333333333336,57.208333333333336,46.125,35.416666666666664,57.208333333333336,44.208333333333336,53.291666666666664,56.5,56.875,58.083333333333336,55.208333333333336,59.25,39.208333333333336,33.125,63.458333333333336,45.291666666666664,57.791666666666664
2005-10-17T00:00:00Z,66.29166666666667,55.708333333333336,60.958333333333336,67.16666666666667,63.75,69.125,52.041666666666664,55.875,67.79166666666667,57.833333333333336,54.916666666666664,59.666666666666664,55.833333333333336,69.75,56.083333333333336,64.41666666666667,65.875,66.79166666666667,64.91666666666667,53.166666666666664,56.041666666666664,71.20833333333333,52.416666666666664,64
2005-10-18T00:00:00Z,64.875,68.20833333333333,69.54166666666667,67.91666666666667,66.83333333333333,66.33333333333333,53.666666666666664,56.166666666666664,64.08333333333333,63.458333333333336,60.041666666666664,61.416666666666664,60.291666666666664,75.91666666666667,65.91666666666667,66.91666666666667,67.45833333333333,70.70833333333333,67.25,59.875,60.833333333333336,70.66666666666667,63.541666666666664,58.75
2005-10-19T00:00:00Z,68.45833333333333,76.70833333333333,73.16666666666667,70.79166666666667,68.125,70.875,57.166666666666664,71.25,65.79166666666667,69.54166666666667,70.91666666666667,66.625,70.91666666666667,79.54166666666667,79.70833333333333,70.79166666666667,67.58333333333333,74.91666666666667,72.875,64.375,68.29166666666667,75.41666666666667,68.58333333333333,62.833333333333336
2005-10-20T00:00:00Z,72.04166666666667,76.875,74.08333333333333,70.41666666666667,78.58333333333333,74.16666666666667,58.333333333333336,69.16666666666667,70.20833333333333,72.375,69.66666666666667,65.16666666666667,69.79166666666667,84.45833333333333,81,73.41666666666667,72.25,73.20833333333333,77.54166666666667,64.58333333333333,68.33333333333333,76.75,79.70833333333333,63.458333333333336
2005-10-21T00:00:00Z,83.41666666666667,77.66666666666667,74.70833333333333,76.875,87.45833333333333,78.83333333333333,66.41666666666667,90.79166666666667,75.125,92.25,71.375,74.79166666666667,83.95833333333333,100,86.125,86.29166666666667,78.33333333333333,80.95833333333333,81.125,74.29166666666667,80.29166666666667,83.79166666666667,91.58333333333333,80.25
2005-10-22T00:00:00Z,81.25,76.125,74.04166666666667,72.04166666666667,85.04166666666667,82.625,59.625,81.08333333333333,83.25,82.16666666666667,70,69.08333333333333,70.375,93.70833333333333,88.54166666666667,83.25,72.83333333333333,69.5,85.5,58.041666666666664,71.29166666666667,82.5,84.16666666666667,73.5
2005-10-23T00:00:00Z,62.666666666666664,66,66.5,64.75,64.125,67.04166666666667,53,64.79166666666667,63.166666666666664,59.583333333333336,63.833333333333336,60.333333333333336,58.041666666666664,72.625,75.66666666666667,68.66666666666667,63.333333333333336,66.45833333333333,69.25,54.333333333333336,52.291666666666664,62.916666666666664,56.458333333333336,56.25
2005-10-24T00:00:00Z,86.16666666666667,65.33333333333333,72.5,84.33333333333333,84.66666666666667,90.08333333333333,74.83333333333333,75.20833333333333,90.33333333333333,72.95833333333333,61.666666666666664,64.54166666666667,66.875,95.625,78.91666666666667,73.75,87.5,68.29166666666667,91.375,54.75,64,92.66666666666667,80.91666666666667,82.375
2005-10-25T00:00:00Z,67.66666666666667,64.08333333333333,63.458333333333336,56.25,76.66666666666667,63.833333333333336,46.666666666666664,84.66666666666667,57.708333333333336,62.333333333333336,57.833333333333336,52.958333333333336,57.875,64.95833333333333,78.625,54.166666666666664,57.416666666666664,60.375,66,44.541666666666664,54.583333333333336,65,82.125,56.416666666666664
2005-10-26T00:00:00Z,65.66666666666667,61.208333333333336,62.958333333333336,64.54166666666667,66.08333333333333,67.29166666666667,51.333333333333336,71.5,62.541666666666664,61.333333333333336,57.458333333333336,57.208333333333336,53.958333333333336,69.91666666666667,70.125,61.75,64.20833333333333,59.375,63.833333333333336,43.125,49.416666666666664,64.125,58.625,61.291666666666664
2005-10-27T00:00:00Z,68.91666666666667,72.66666666666667,65.16666666666667,65.04166666666667,67.5,67.25,57.25,73.5,65.16666666666667,69.45833333333333,64.41666666666667,65.66666666666667,71.875,75.20833333333333,76,67.95833333333333,63.833333333333336,72.5,69.95833333333333,63.208333333333336,63,60.916666666666664,60.5,67.16666666666667
2005-10-28T00:00:00Z,71.70833333333333,66.20833333333333,66.33333333333333,76.54166666666667,74.20833333333333,79.75,67.75,62.625,74.04166666666667,65.25,62.291666666666664,68.625,67.16666666666667,83.25,88.91666666666667,70.54166666666667,76.25,69.375,84.95833333333333,55.458333333333336,50.666666666666664,79.625,59.166666666666664,68.91666666666667
2005-10-29T00:00:00Z,69.54166666666667,60.208333333333336,66.91666666666667,72.66666666666667,70.375,68,60.125,56.916666666666664,68.83333333333333,62.416666666666664,59.75,64.04166666666667,60.666666666666664,75.95833333333333,62.625,67.70833333333333,69.66666666666667,65.25,66.66666666666667,49.833333333333336,49.708333333333336,68.33333333333333,59,68.75
2005-10-30T00:00:00Z,64,61.604166666666664,65.70833333333333,69.29166666666667,62.291666666666664,69.33333333333333,52.5,52.541666666666664,65.91666666666667,58.229166666666664,58.458333333333336,59.75,55.895833333333336,68.79166666666667,70.79166666666667,62.125,67.5,63.958333333333336,65.91666666666667,56.416666666666664,47.25,67.95833333333333,62.041666666666664,65.66666666666667
2005-10-31T00:00:00Z,64.33333333333333,64.5,63.833333333333336,67.91666666666667,64.5,69.66666666666667,51.875,53.375,64.66666666666667,58.875,61.083333333333336,56.041666666666664,59.708333333333336,64.125,80.04166666666667,60.5,68.79166666666667,67.75,70.625,54.833333333333336,53.125,70,59.125,62.125
2005-11-01T00:00:00Z,75.125,75.375,68.625,85.95833333333333,80.66666666666667,80.875,70.625,60,79.83333333333333,67,68.41666666666667,62,70.83333333333333,77.33333333333333,70.66666666666667,71.125,83.54166666666667,73.20833333333333,81.29166666666667,64.41666666666667,64.08333333333333,79.20833333333333,69.375,72
2005-11-02T00:00:00Z,64.75,53.666666666666664,61.083333333333336,70.04166666666667,66.875,71.04166666666667,57.5,59.666666666666664,67.875,57.458333333333336,53.166666666666664,54.5,51.625,66.5,72,57.125,68.75,59.666666666666664,73.45833333333333,43.583333333333336,47.083333333333336,70.875,67.54166666666667,63.625
2005-11-03T00:00:00Z,66.58333333333333,62.875,63.75,70.08333333333333,70.625,74.41666666666667,56.875,56.625,68.33333333333333,59.833333333333336,57.916666666666664,59,59.208333333333336,72,70.33333333333333,62.625,69.95833333333333,66.16666666666667,77.04166666666667,56.583333333333336,54.416666666666664,74.41666666666667,65.20833333333333,66.16666666666667
2005-11-04T00:00:00Z,65.875,68.91666666666667,65,74.5,70.29166666666667,76.16666666666667,63,57.458333333333336,71.16666666666667,64.41666666666667,63.125,55.708333333333336,65.91666666666667,72.375,73.41666666666667,61.583333333333336,74.91666666666667,67.16666666666667,80.20833333333333,59.75,59.041666666666664,78.66666666666667,58.958333333333336,64.125
2005-11-05T00:00:00Z,71.375,75.29166666666667,73.875,76.375,75.04166666666667,75.875,64.79166666666667,72.04166666666667,72.83333333333333,71.5,74.66666666666667,66.58333333333333,71.41666666666667,80.04166666666667,77.45833333333333,70.54166666666667,74.875,72.16666666666667,77.25,63.125,66.91666666666667,76.375,72,68.33333333333333
2005-11-06T00:00:00Z,65.66666666666667,76.33333333333333,78.70833333333333,77.625,76.91666666666667,76.83333333333333,67.5,68.08333333333333,74.375,78.08333333333333,80.54166666666667,66.91666666666667,75.45833333333333,82,82.08333333333333,75.41666666666667,77.75,74.125,80.95833333333333,64.33333333333333,70.91666666666667,82.5,73,66.375
2005-11-07T00:00:00Z,66.66666666666667,64.70833333333333,68.125,75.66666666666667,75.83333333333333,72.41666666666667,57.666666666666664,48.25,67.91666666666667,62.916666666666664,69.16666666666667,58.541666666666664,58.583333333333336,70.58333333333333,75.45833333333333,60.25,73.08333333333333,69.66666666666667,77.125,52.333333333333336,50.541666666666664,75.08333333333333,74.54166666666667,61.458333333333336
2005-11-08T00:00:00Z,74.20833333333333,69.79166666666667,69.16666666666667,79.375,78.83333333333333,78.375,68.75,57.75,78.66666666666667,63.625,68.125,61.416666666666664,62.958333333333336,72.83333333333333,69.54166666666667,67.125,78,70.29166666666667,83.33333333333333,57.541666666666664,61.791666666666664,78.58333333333333,70.08333333333333,73.54166666666667
2005-11-09T00:00:00Z,66.625,68.04166666666667,64.04166666666667,75.45833333333333,72.16666666666667,74.29166666666667,63.875,65.70833333333333,74,68.58333333333333,63.291666666666664,51.666666666666664,63.125,75.41666666666667,62.875,63.416666666666664,72.95833333333333,62.583333333333336,83.625,52.125,59.708333333333336,76.66666666666667,72.16666666666667,63.416666666666664
2005-11-10T00:00:00Z,50,43.416666666666664,43.666666666666664,48.541666666666664,60.041666666666664,56.583333333333336,42.166666666666664,46.833333333333336,55.25,52.125,34.958333333333336,42,37.833333333333336,57.125,39.25,50.208333333333336,52.083333333333336,38.666666666666664,60.833333333333336,27.458333333333332,39,55.375,55.833333333333336,49.666666666666664
2005-11-11T00:00:00Z,64.5,40.875,47.291666666666664,57.625,60.833333333333336,63.166666666666664,49.083333333333336,38.75,51.916666666666664,51.708333333333336,42.333333333333336,51.333333333333336,40.708333333333336,63.5,50.333333333333336,54.625,57.333333333333336,55.541666666666664,61.75,38.125,41.708333333333336,62.041666666666664,50.25,61.791666666666664
2005-11-12T00:00:00Z,61.458333333333336,51.5,51.208333333333336,65.375,68.83333333333333,68.5,51.291666666666664,41.625,60.833333333333336,51.541666666666664,47.833333333333336,40.666666666666664,49.125,55.333333333333336,63,59.125,68.54166666666667,58.083333333333336,68.58333333333333,47.25,44.041666666666664,67.91666666666667,65.54166666666667,57.083333333333336
2005-11-13T00:00:00Z,70.75,69.875,67.41666666666667,79.83333333333333,73.66666666666667,76.25,67.20833333333333,62.083333333333336,66.95833333333333,74.45833333333333,65.20833333333333,64.75,68.95833333333333,77.95833333333333,73.70833333333333,77,77.04166666666667,73.29166666666667,77.20833333333333,58,61.25,81.625,72.29166666666667,66.625
2005-11-14T00:00:00Z,76.75,73.25,68.79166666666667,79.41666666666667,77.75,82.45833333333333,68.875,79.83333333333333,77.625,74.45833333333333,70.91666666666667,60.708333333333336,68.75,82.625,86.25,73.91666666666667,80.16666666666667,71.54166666666667,90.625,60.041666666666664,63.25,85.16666666666667,79.83333333333333,73.04166666666667
2005-11-15T00:00:00Z,84.83333333333333,83.625,84.83333333333333,83.41666666666667,86.04166666666667,86.625,74.625,89,91,91.16666666666667,83.33333333333333,76.875,85.33333333333333,90.54166666666667,89.45833333333333,77.375,83.83333333333333,86.66666666666667,87.08333333333333,73.54166666666667,78.16666666666667,89.20833333333333,85.25,77.16666666666667
2005-11-16T00:00:00Z,74.875,81.04166666666667,74.08333333333333,84.04166666666667,80.25,80.04166666666667,72.75,85,84.91666666666667,80.41666666666667,74.625,63.375,77.5,82.875,87.45833333333333,77.25,81.08333333333333,73.58333333333333,86.70833333333333,59.125,70.58333333333333,80.20833333333333,78.29166666666667,73.54166666666667
2005-11-17T00:00:00Z,66,50.875,52.625,54.666666666666664,65.08333333333333,74.125,46.791666666666664,50.958333333333336,55.916666666666664,46.25,46.166666666666664,37.666666666666664,46.75,57.333333333333336,77.54166666666667,36.958333333333336,67.70833333333333,55.416666666666664,77.625,37.083333333333336,32,73.625,56.041666666666664,67.625
2005-11-18T00:00:00Z,56.666666666666664,39,43.083333333333336,54.75,66.75,69.08333333333333,50.875,40.416666666666664,62.25,45.791666666666664,43.125,42.166666666666664,49.083333333333336,64.33333333333333,63.375,50.75,59.625,52.25,69.04166666666667,42.916666666666664,34.166666666666664,64.70833333333333,66.125,58.833333333333336
2005-11-19T00:00:00Z,67,53.875,56.333333333333336,52.875,72.04166666666667,67.25,49.125,51.666666666666664,72.20833333333333,53.875,46.208333333333336,48.625,54.166666666666664,62.458333333333336,71.25,54.458333333333336,67.95833333333333,57.291666666666664,74.875,46.791666666666664,48.541666666666664,60.916666666666664,70.29166666666667,64.125
2005-11-20T00:00:00Z,70.375,67.20833333333333,61.333333333333336,90.41666666666667,78.70833333333333,84.91666666666667,77.875,55.5,79.41666666666667,61.458333333333336,48,57.791666666666664,55,67.29166666666667,88.25,62.416666666666664,86.625,64.375,93.79166666666667,49.291666666666664,45.791666666666664,89.41666666666667,75.41666666666667,78.04166666666667
2005-11-21T00:00:00Z,88.16666666666667,91.16666666666667,93.45833333333333,94.75,95,92.625,82.5,93.54166666666667,99,98.70833333333333,96.04166666666667,86.08333333333333,91.08333333333333,99.5,89.20833333333333,94.16666666666667,85.375,92.20833333333333,97.45833333333333,79.41666666666667,80.54166666666667,93.04166666666667,99.08333333333333,88.29166666666667
2005-11-22T00:00:00Z,68.70833333333333,66.04166666666667,66.70833333333333,65.58333333333333,76.91666666666667,66.45833333333333,58.458333333333336,77.95833333333333,70.45833333333333,68.08333333333333,57.625,55.375,57.625,77.29166666666667,67.79166666666667,66.83333333333333,64.58333333333333,64.54166666666667,70.125,45.625,51.708333333333336,71.66666666666667,72.75,62.75
2005-11-23T00:00:00Z,48.916666666666664,52.75,55.291666666666664,57.75,57.166666666666664,51.916666666666664,51.166666666666664,67.79166666666667,50.708333333333336,50.625,55.875,44.583333333333336,47,61.75,51.375,49.791666666666664,55.208333333333336,49.208333333333336,55.25,39.166666666666664,40.666666666666664,57.583333333333336,48.083333333333336,43.958333333333336
2005-11-24T00:00:00Z,47.333333333333336,39.291666666666664,45.791666666666664,52.708333333333336,56.875,53.375,44.125,49.833333333333336,65.125,49.625,44.958333333333336,37.25,42.458333333333336,68.70833333333333,64.25,46.333333333333336,52.833333333333336,39.625,62.5,35.041666666666664,48.625,55.291666666666664,49.583333333333336,45.541666666666664
2005-11-25T00:00:00Z,45.041666666666664,46.666666666666664,43.375,51.833333333333336,52.041666666666664,55.208333333333336,45.375,59.75,48.833333333333336,44.833333333333336,41.333333333333336,37.75,44.041666666666664,53.083333333333336,68,39.208333333333336,53.416666666666664,45.291666666666664,61.5,33.666666666666664,41.791666666666664,61.583333333333336,50.083333333333336,48
2005-11-26T00:00:00Z,63.541666666666664,67.29166666666667,58.833333333333336,64.08333333333333,69.125,74.20833333333333,54.291666666666664,64.20833333333333,69.04166666666667,61.25,66.20833333333333,52.666666666666664,68.04166666666667,65.04166666666667,78.375,64.45833333333333,68,70.66666666666667,74.16666666666667,62.458333333333336,58.083333333333336,64.95833333333333,71.41666666666667,61.875
2005-11-27T00:00:00Z,75.33333333333333,77.91666666666667,82.45833333333333,84.875,81.91666666666667,81.58333333333333,74.16666666666667,75.75,84.58333333333333,92.20833333333333,73.54166666666667,79.75,87.70833333333333,90.41666666666667,87,80.41666666666667,78.16666666666667,88.41666666666667,82.08333333333333,73.91666666666667,81.45833333333333,74.45833333333333,85.29166666666667,76
2005-11-28T00:00:00Z,75.54166666666667,95.25,95.58333333333333,89.125,74.08333333333333,76.08333333333333,80.70833333333333,93.25,88.20833333333333,96.45833333333333,95.20833333333333,83.66666666666667,95.54166666666667,98,78.70833333333333,65.70833333333333,78.875,93.16666666666667,79.58333333333333,84.79166666666667,65.875,82.95833333333333,74.83333333333333,73.625
2005-11-29T00:00:00Z,77.66666666666667,69.79166666666667,82.04166666666667,86.08333333333333,75.875,76.33333333333333,75.66666666666667,75.20833333333333,83.66666666666667,89.45833333333333,75.125,74.41666666666667,80.95833333333333,95.58333333333333,85.54166666666667,87.33333333333333,80.04166666666667,76.79166666666667,79.33333333333333,72.29166666666667,79.04166666666667,81.20833333333333,75.58333333333333,73.5
2005-11-30T00:00:00Z,81.58333333333333,59.083333333333336,68.5,76.5,79.16666666666667,72.75,65.875,69.54166666666667,80.5,69.125,59.291666666666664,67.79166666666667,62.708333333333336,74.66666666666667,91.625,65.54166666666667,71.75,67.83333333333333,82.5,56.083333333333336,54,73.33333333333333,80.95833333333333,73.125
2005-12-01T00:00:00Z,72.95833333333333,64.20833333333333,61.166666666666664,78.58333333333333,73.79166666666667,77,71.70833333333333,73.29166666666667,77.625,72.08333333333333,55.958333333333336,66.29166666666667,67.45833333333333,75.25,74.95833333333333,69.20833333333333,80.79166666666667,61.958333333333336,78.95833333333333,57.125,60,80.33333333333333,72.70833333333333,70.91666666666667
2005-12-02T00:00:00Z,50.666666666666664,44.958333333333336,45.958333333333336,56.541666666666664,51.708333333333336,56.541666666666664,45.916666666666664,51.916666666666664,51.083333333333336,43.75,49.291666666666664,39.75,39,56.875,46.625,44.666666666666664,53.166666666666664,32.75,51.916666666666664,28.416666666666668,29.75,56.666666666666664,46.708333333333336,49.5
2005-12-03T00:00:00Z,55.291666666666664,66,65.75,64.375,49.083333333333336,60.916666666666664,54.75,61.958333333333336,63.791666666666664,62.291666666666664,66.41666666666667,55.333333333333336,56.666666666666664,61.083333333333336,47.666666666666664,58.333333333333336,64.54166666666667,65.79166666666667,52.041666666666664,58.875,52.291666666666664,58.416666666666664,39.041666666666664,51.708333333333336
2005-12-04T00:00:00Z,79.25,77.75,84.79166666666667,62.291666666666664,77.5,72.29166666666667,57.708333333333336,73.5,75.08333333333333,86.95833333333333,89.29166666666667,71.41666666666667,79.45833333333333,86.58333333333333,85.20833333333333,77.66666666666667,65.33333333333333,77.75,78.58333333333333,77.04166666666667,63.333333333333336,69.33333333333333,79.04166666666667,70.25
2005-12-05T00:00:00Z,86.79166666666667,90.91666666666667,93.33333333333333,89.91666666666667,91.625,88.125,84.75,94.25,94.875,99.83333333333333,92.5,85.66666666666667,90.875,100,97.29166666666667,93.70833333333333,85.91666666666667,86.70833333333333,91,68.95833333333333,82.5,87.875,92.5,87.125
2005-12-06T00:00:00Z,79.625,65.20833333333333,73.45833333333333,78.25,79.375,84.875,72.20833333333333,66.79166666666667,84.41666666666667,77,64.58333333333333,71.125,57.208333333333336,89.5,82.95833333333333,79.04166666666667,77.875,71.33333333333333,86.04166666666667,46.791666666666664,51.041666666666664,76,78.08333333333333,79.625
2005-12-07T00:00:00Z,74.375,63.791666666666664,60,82.91666666666667,70.70833333333333,75.29166666666667,75.875,54.083333333333336,74.16666666666667,64.25,58.75,57.333333333333336,61.083333333333336,81.08333333333333,60.958333333333336,71.54166666666667,75.08333333333333,62.916666666666664,75.75,52.416666666666664,50.75,71.66666666666667,68.29166666666667,70.66666666666667
2005-12-08T00:00:00Z,60.25,77.70833333333333,65.70833333333333,73.29166666666667,67.04166666666667,69.20833333333333,66.29166666666667,74.625,67.66666666666667,67.83333333333333,71.79166666666667,52.125,69.16666666666667,71.66666666666667,67.04166666666667,58.708333333333336,70.91666666666667,65.83333333333333,68.25,63.041666666666664,57.125,62.166666666666664,61,60.375
2005-12-09T00:00:00Z,71.58333333333333,67.41666666666667,71.91666666666667,75.58333333333333,73.04166666666667,71.5,69.25,69.5,75.625,77.375,65.95833333333333,77.70833333333333,68.25,82.29166666666667,75.5,71.33333333333333,73,69.29166666666667,73.20833333333333,61.958333333333336,68.375,69.04166666666667,70.125,68.58333333333333
2005-12-10T00:00:00Z,73.625,68.125,64.125,77.20833333333333,75.125,79.125,69.95833333333333,65,77.79166666666667,71.66666666666667,61.875,59.916666666666664,67.5,78.66666666666667,82.5,71.04166666666667,78.45833333333333,62.25,78.125,65.04166666666667,64.95833333333333,73.20833333333333,68.875,69.25
2005-12-11T00:00:00Z,60.333333333333336,55.083333333333336,60.583333333333336,60.916666666666664,67,67,51.833333333333336,73.20833333333333,64.83333333333333,64.70833333333333,56.875,54.541666666666664,52.125,72.5,72.75,65.04166666666667,60.833333333333336,53.791666666666664,61.708333333333336,39.541666666666664,51.875,66.625,57.083333333333336,60.75
2005-12-12T00:00:00Z,60.208333333333336,71.20833333333333,67.95833333333333,69.91666666666667,60.541666666666664,63.875,61.333333333333336,83.20833333333333,63.208333333333336,67.41666666666667,62.875,61.916666666666664,54.166666666666664,72.66666666666667,59.25,62.208333333333336,70.20833333333333,57.625,62.791666666666664,43.25,56.833333333333336,66.66666666666667,55.791666666666664,52.166666666666664
2005-12-13T00:00:00Z,49.625,62,55.416666666666664,64.25,58.583333333333336,57.666666666666664,60.166666666666664,64.375,55,55.75,54.458333333333336,54.166666666666664,50.208333333333336,68.5,68.91666666666667,57.416666666666664,67.16666666666667,55.958333333333336,60.166666666666664,39.958333333333336,38.916666666666664,64.5,54.333333333333336,51.041666666666664
2005-12-14T00:00:00Z,62.416666666666664,59.791666666666664,46.708333333333336,60.791666666666664,71.20833333333333,64.66666666666667,56.708333333333336,75.04166666666667,63.083333333333336,55.458333333333336,56.375,42.75,55.375,67.95833333333333,69.875,52.916666666666664,74.95833333333333,52.375,71.875,44.333333333333336,37.625,63.708333333333336,69.79166666666667,62.666666666666664
2005-12-15T00:00:00Z,85.16666666666667,91.75,90.125,76.16666666666667,87.79166666666667,87.95833333333333,71.04166666666667,88.29166666666667,92.33333333333333,92.75,90.91666666666667,80.875,85.58333333333333,83.66666666666667,90.70833333333333,86.83333333333333,51.625,81.91666666666667,87.58333333333333,79.54166666666667,75.5,77.75,86.70833333333333,83.75
2005-12-16T00:00:00Z,72.625,66.375,77.33333333333333,72.45833333333333,76.375,73.29166666666667,61.916666666666664,72.45833333333333,77.66666666666667,84.75,79.20833333333333,70.75,78.41666666666667,79.29166666666667,86.20833333333333,75.875,62.166666666666664,80.95833333333333,77.83333333333333,79.75,74.66666666666667,73.375,71.29166666666667,67.41666666666667
2005-12-17T00:00:00Z,76.125,62.5,58.666666666666664,74.79166666666667,72.83333333333333,80.125,67.45833333333333,72.16666666666667,73.95833333333333,68.70833333333333,60.208333333333336,54.708333333333336,71.70833333333333,80,78.83333333333333,61.208333333333336,75.91666666666667,67.41666666666667,79.08333333333333,74.95833333333333,61.625,73.58333333333333,63.875,71.83333333333333
2005-12-18T00:00:00Z,86.25,64.66666666666667,69.83333333333333,89.58333333333333,85.95833333333333,88.54166666666667,80.66666666666667,72.08333333333333,92.66666666666667,74.95833333333333,55.375,78,58.791666666666664,94.16666666666667,95.83333333333333,86.45833333333333,89.625,58.083333333333336,91.08333333333333,58.791666666666664,54.458333333333336,79.79166666666667,74.5,83.75
2005-12-19T00:00:00Z,71.91666666666667,68,67.375,74.66666666666667,71.875,68.875,68.83333333333333,67.375,71.54166666666667,67.125,60.541666666666664,61.833333333333336,61.375,75.79166666666667,75.625,65.875,72.375,58.958333333333336,72.29166666666667,54.5,52.333333333333336,70.95833333333333,72.45833333333333,64.79166666666667
2005-12-20T00:00:00Z,62.875,54.416666666666664,54.25,64.375,70.45833333333333,63.708333333333336,53.958333333333336,51.083333333333336,55.25,45.083333333333336,54.875,49.125,51.583333333333336,53.125,71.20833333333333,46.041666666666664,60,62.708333333333336,64.54166666666667,39.916666666666664,24.75,56.416666666666664,53.25,54.833333333333336
2005-12-21T00:00:00Z,59.208333333333336,43.541666666666664,42.5,55.916666666666664,66.58333333333333,70.45833333333333,48.208333333333336,46.958333333333336,57.541666666666664,39.416666666666664,40.416666666666664,41.458333333333336,49.208333333333336,54.25,61.416666666666664,42.541666666666664,58.25,52.625,68.41666666666667,42.208333333333336,28,65.5,66.625,58.541666666666664
2005-12-22T00:00:00Z,71.33333333333333,51.958333333333336,55.041666666666664,62.958333333333336,72.16666666666667,73.41666666666667,49.375,46.5,63.458333333333336,51.5,42.541666666666664,49.458333333333336,46.708333333333336,60.875,68.20833333333333,51.208333333333336,63.708333333333336,53.75,69.58333333333333,44.375,41.458333333333336,69.66666666666667,69.70833333333333,67.79166666666667
2005-12-23T00:00:00Z,56,57.625,49.458333333333336,63.583333333333336,61.875,64.20833333333333,51.916666666666664,24.625,59.708333333333336,52.75,42.208333333333336,40.458333333333336,49.875,61.625,69.70833333333333,48.291666666666664,63.333333333333336,56.416666666666664,71.20833333333333,47.666666666666664,46.083333333333336,63.5,53.041666666666664,55.625
2005-12-24T00:00:00Z,48.25,62.125,48,63.25,56.75,60.458333333333336,53,32.416666666666664,50.083333333333336,51.208333333333336,52.625,36.75,50.791666666666664,58.166666666666664,72.25,45.458333333333336,66.29166666666667,47.833333333333336,73.16666666666667,49.541666666666664,45.541666666666664,65.375,45.625,49.125
2005-12-25T00:00:00Z,81.66666666666667,86.5,83.16666666666667,73.79166666666667,91.25,89.5,66.375,91.04166666666667,85.375,93.33333333333333,86.70833333333333,72.58333333333333,86.125,89.16666666666667,93.04166666666667,75.75,84.625,81.41666666666667,89.70833333333333,79.25,83.04166666666667,91.75,82.75,80.95833333333333
2005-12-26T00:00:00Z,64.5,73.95833333333333,63.75,61.333333333333336,69.125,61.791666666666664,50.041666666666664,81.08333333333333,62.208333333333336,72.375,64.125,57.5,59.833333333333336,73.58333333333333,73.29166666666667,60.708333333333336,63,54.666666666666664,66.625,49.208333333333336,59.875,65.375,65.45833333333333,54.708333333333336
2005-12-27T00:00:00Z,64.5,65,59,68.5,69.875,67.58333333333333,55.958333333333336,57.875,66.125,61.666666666666664,56.291666666666664,54.166666666666664,49.916666666666664,71.58333333333333,72.625,56.5,67.41666666666667,55.833333333333336,72.625,50.166666666666664,56.208333333333336,73.70833333333333,64.625,56.75
2005-12-28T00:00:00Z,66.16666666666667,83.79166666666667,79.04166666666667,73.625,75.58333333333333,73.79166666666667,62.083333333333336,79.5,69.91666666666667,83.75,80.58333333333333,62.708333333333336,83,77.70833333333333,81.58333333333333,69.75,76.25,82,81.41666666666667,78.16666666666667,77.16666666666667,80.16666666666667,69.58333333333333,61
2005-12-29T00:00:00Z,76.41666666666667,83.41666666666667,75.91666666666667,78.625,85.125,76.70833333333333,67.54166666666667,88.33333333333333,79.54166666666667,81.375,73.95833333333333,66.70833333333333,76.91666666666667,83.04166666666667,88,74.125,79.25,68.95833333333333,82.375,66.66666666666667,68.04166666666667,84.375,87.25,69.625
2005-12-30T00:00:00Z,72.625,71.75,72.75,74.04166666666667,72,68.16666666666667,63,79.54166666666667,73.66666666666667,76.20833333333333,71.75,62.666666666666664,68.75,76.29166666666667,77.08333333333333,70.58333333333333,70.83333333333333,68.08333333333333,74.33333333333333,63.75,59.916666666666664,73.75,70.91666666666667,63.541666666666664
2005-12-31T00:00:00Z,80.29166666666667,60.541666666666664,66.58333333333333,81.70833333333333,83,78.16666666666667,66.625,68.75,76.375,70.45833333333333,57.625,59.791666666666664,56.666666666666664,72.91666666666667,88.58333333333333,70.45833333333333,80.79166666666667,67.75,88.875,45.625,55.5,80.625,85.70833333333333,72.66666666666667
2006-01-01T00:00:00Z,71.20833333333333,53.291666666666664,53.458333333333336,65.16666666666667,77.5,71.375,51.375,50.083333333333336,57.75,54.458333333333336,49.125,50.041666666666664,44.875,58.541666666666664,83.75,54.75,72.79166666666667,57.416666666666664,77.375,36.291666666666664,47.833333333333336,75.125,87.08333333333333,64.45833333333333
2006-01-02T00:00:00Z,80.375,92.95833333333333,89.04166666666667,92.95833333333333,89.91666666666667,85.45833333333333,80.33333333333333,85.95833333333333,80.16666666666667,85.5,93.25,74.125,87.45833333333333,88.04166666666667,88.33333333333333,83.08333333333333,90.375,87.41666666666667,91.875,76.66666666666667,80.41666666666667,95.41666666666667,94.25,78.20833333333333
2006-01-03T00:00:00Z,88.45833333333333,83.75,79.66666666666667,84.79166666666667,91.125,84.20833333333333,83.33333333333333,83.29166666666667,91.33333333333333,82.95833333333333,74.58333333333333,77.375,77.58333333333333,99.70833333333333,96,89.16666666666667,84.20833333333333,72.45833333333333,87.58333333333333,77.83333333333333,75.75,90.41666666666667,94.29166666666667,81.70833333333333
2006-01-04T00:00:00Z,78.83333333333333,81.70833333333333,78.91666666666667,89.70833333333333,84.41666666666667,81.625,93.125,84,84.20833333333333,81.125,72.04166666666667,71.95833333333333,77.375,92.58333333333333,91.70833333333333,81.33333333333333,83.08333333333333,75.16666666666667,83.16666666666667,71.04166666666667,76.41666666666667,90.08333333333333,86,73.83333333333333
2006-01-05T00:00:00Z,74.75,75.25,72.875,77.54166666666667,86.83333333333333,77.95833333333333,81.91666666666667,73.125,77.58333333333333,67.95833333333333,61.083333333333336,64.625,63.25,76.58333333333333,89.25,69.08333333333333,79.29166666666667,62.291666666666664,88,51.083333333333336,55.416666666666664,85.20833333333333,87.375,70.33333333333333
2006-01-06T00:00:00Z,70,63.791666666666664,63.166666666666664,65.5,74.91666666666667,72.375,67.95833333333333,72.45833333333333,72.79166666666667,53.166666666666664,50.125,58,50.083333333333336,78.79166666666667,81.45833333333333,66.95833333333333,69.79166666666667,52.541666666666664,77.58333333333333,39.208333333333336,44.5,79.04166666666667,71.04166666666667,67.91666666666667
2006-01-07T00:00:00Z,69.70833333333333,60.666666666666664,60.541666666666664,64.45833333333333,64.95833333333333,61.875,63.041666666666664,57.208333333333336,60.958333333333336,58.416666666666664,51.583333333333336,54.333333333333336,50.458333333333336,68.20833333333333,61.166666666666664,60.416666666666664,62.583333333333336,54.583333333333336,65.83333333333333,46.833333333333336,48.5,68.375,57.125,59.541666666666664
2006-01-08T00:00:00Z,53,61.958333333333336,52.25,58.958333333333336,62.25,56.916666666666664,62.708333333333336,56.083333333333336,58,53.541666666666664,50.583333333333336,40.916666666666664,54.583333333333336,66.375,66.08333333333333,53.166666666666664,53.458333333333336,49.416666666666664,63.125,61.791666666666664,51.291666666666664,68.58333333333333,57.416666666666664,49.583333333333336
2006-01-09T00:00:00Z,67.79166666666667,67.75,70.25,70.25,69.83333333333333,67.79166666666667,73.125,64.66666666666667,71.95833333333333,70.625,69.125,63.791666666666664,64.125,73.66666666666667,84.79166666666667,70.5,67.29166666666667,62.708333333333336,79.91666666666667,65.91666666666667,67.58333333333333,83.54166666666667,63.75,60.416666666666664
2006-01-10T00:00:00Z,70.70833333333333,78.83333333333333,79.875,72.54166666666667,81.625,82.625,79.25,84.04166666666667,86.875,89.33333333333333,76.95833333333333,76.29166666666667,76.66666666666667,83.29166666666667,90.66666666666667,88.41666666666667,75.20833333333333,76.375,86.16666666666667,78.58333333333333,69.16666666666667,93,82.25,76.375
2006-01-11T00:00:00Z,81.125,77.33333333333333,85.08333333333333,84.45833333333333,83.33333333333333,81.54166666666667,87.33333333333333,79.45833333333333,85.83333333333333,95.5,84.625,88.08333333333333,85.16666666666667,92.29166666666667,92.875,88.41666666666667,80.75,83,88.375,90.25,84.91666666666667,92.125,81.95833333333333,75.95833333333333
2006-01-12T00:00:00Z,83.20833333333333,69.625,82.41666666666667,88.54166666666667,89.66666666666667,81,88.29166666666667,51.833333333333336,88.375,85.29166666666667,71.45833333333333,90.54166666666667,73.95833333333333,89.33333333333333,97,83.95833333333333,87.29166666666667,77.79166666666667,90.91666666666667,80.125,79.75,91.70833333333333,86.625,78.25
2006-01-13T00:00:00Z,82.25,76.5,90.16666666666667,89.875,90.29166666666667,88.08333333333333,90.20833333333333,77.20833333333333,89.41666666666667,91.5,84.125,87.375,88.625,90.58333333333333,98.33333333333333,85.625,87.58333333333333,83.58333333333333,91.875,84.625,87.16666666666667,92.75,88.5,80.45833333333333
2006-01-14T00:00:00Z,67.08333333333333,63.041666666666664,54.083333333333336,56.958333333333336,81.08333333333333,64.33333333333333,59.791666666666664,70.95833333333333,63.166666666666664,56.458333333333336,49.625,55.75,51,63.916666666666664,86.41666666666667,58.166666666666664,59.208333333333336,41.208333333333336,70.33333333333333,49.916666666666664,50.041666666666664,77.54166666666667,84.45833333333333,59.625
2006-01-15T00:00:00Z,30.125,39.416666666666664,42.583333333333336,42.708333333333336,48.666666666666664,34.916666666666664,47,38.125,37.875,37.291666666666664,33.041666666666664,41.583333333333336,30.833333333333332,40.791666666666664,45.875,41.5,39.958333333333336,32.666666666666664,40.958333333333336,33.208333333333336,28.291666666666668,51.583333333333336,38.25,30.25
2006-01-16T00:00:00Z,54.708333333333336,58.291666666666664,58.75,50.083333333333336,60.375,57.166666666666664,52.916666666666664,47.666666666666664,55.375,54.75,56.25,57.916666666666664,53.666666666666664,56.083333333333336,55.541666666666664,53.833333333333336,56.125,59.166666666666664,63.458333333333336,57.791666666666664,49.25,80.79166666666667,55.208333333333336,46.583333333333336
2006-01-17T00:00:00Z,71.83333333333333,87.41666666666667,73.875,73.875,83.45833333333333,73.29166666666667,75.95833333333333,91.29166666666667,71,76.45833333333333,80.20833333333333,73.91666666666667,78.33333333333333,72.66666666666667,81.95833333333333,73.54166666666667,72.45833333333333,70,81.875,84.70833333333333,71.16666666666667,81.08333333333333,82.66666666666667,61.916666666666664
2006-01-18T00:00:00Z,58.375,51.125,55.708333333333336,60.833333333333336,64.91666666666667,57.583333333333336,62.25,62.166666666666664,60.666666666666664,58.75,51.75,63.916666666666664,47.875,66.375,69.91666666666667,61.791666666666664,57.333333333333336,51.958333333333336,63.875,44.875,52.958333333333336,61.125,62.708333333333336,52.291666666666664
2006-01-19T00:00:00Z,51.583333333333336,56.458333333333336,53.333333333333336,63.708333333333336,56.875,54.958333333333336,62.041666666666664,49.625,51.916666666666664,54.083333333333336,48.375,57.708333333333336,49.541666666666664,59.125,61.041666666666664,53.875,57.541666666666664,55,60.416666666666664,59.291666666666664,51.125,61.75,53.75,43.375
2006-01-20T00:00:00Z,59.333333333333336,56.5,58.125,76.41666666666667,67.91666666666667,72.58333333333333,74.875,43.083333333333336,71.41666666666667,52.625,50.75,58.75,51.083333333333336,58.416666666666664,78.20833333333333,53.375,74.83333333333333,51.583333333333336,76.70833333333333,63.791666666666664,53.666666666666664,77.58333333333333,54.125,63.166666666666664
2006-01-21T00:00:00Z,81.70833333333333,86,90.08333333333333,85.83333333333333,79,80.75,87.875,84.04166666666667,88.91666666666667,88.375,89.58333333333333,81.75,85.75,92.625,90.5,86.625,85,83.625,85.54166666666667,88.79166666666667,77.91666666666667,84.66666666666667,81.79166666666667,77.45833333333333
2006-01-22T00:00:00Z,66.5,87.875,71.41666666666667,83.16666666666667,70.875,79.41666666666667,86.29166666666667,64.45833333333333,76.75,68.75,80.375,71.20833333333333,70.45833333333333,76.875,88.16666666666667,70.79166666666667,80,65.875,85.83333333333333,74.95833333333333,61,87.5,74.29166666666667,64.75
2006-01-23T00:00:00Z,87.83333333333333,90.5,95.58333333333333,96.75,94.04166666666667,91.33333333333333,98.95833333333333,82.04166666666667,99.58333333333333,97.29166666666667,93.625,98.25,93.83333333333333,100,97.08333333333333,93.875,89.625,90.20833333333333,94.45833333333333,95.91666666666667,88.5,95.16666666666667,96.95833333333333,85.83333333333333
2006-01-24T00:00:00Z,73.04166666666667,57.375,83.33333333333333,94.75,82.25,83.75,95.20833333333333,58.833333333333336,87.16666666666667,77,66.08333333333333,82.45833333333333,61.25,86,94.70833333333333,80.75,89.54166666666667,69.70833333333333,89.41666666666667,59.583333333333336,52.666666666666664,92.66666666666667,79.20833333333333,70.20833333333333
2006-01-25T00:00:00Z,34.25,37.416666666666664,39.375,39.416666666666664,51.291666666666664,50.333333333333336,46.541666666666664,46.958333333333336,48.25,39.458333333333336,32.416666666666664,44.791666666666664,32.791666666666664,47.875,54.458333333333336,40.375,45.333333333333336,22.125,53.791666666666664,31.875,33.458333333333336,57.25,44.375,40.625
2006-01-26T00:00:00Z,39.333333333333336,49.666666666666664,46.708333333333336,45.083333333333336,46.083333333333336,43.833333333333336,49.375,48.208333333333336,44.916666666666664,46.25,40,49.791666666666664,42.583333333333336,50.416666666666664,44.708333333333336,43.625,44.458333333333336,50.333333333333336,48,43.708333333333336,35.208333333333336,49.625,37.625,41.833333333333336
2006-01-27T00:00:00Z,40.333333333333336,59.083333333333336,44.166666666666664,46.666666666666664,56.625,46.666666666666664,53.291666666666664,46.916666666666664,47.833333333333336,44.416666666666664,47.083333333333336,51.75,47.166666666666664,50,68.04166666666667,42.333333333333336,51.541666666666664,52.291666666666664,53.875,56.958333333333336,43.166666666666664,51.708333333333336,57.208333333333336,43.666666666666664
2006-01-28T00:00:00Z,41.458333333333336,55.625,49.875,69.08333333333333,50.041666666666664,59.708333333333336,64.79166666666667,41.25,54.75,42.125,50.5,44.875,45.416666666666664,46.375,73.45833333333333,42.125,67.33333333333333,51.5,74.45833333333333,54.416666666666664,41.791666666666664,68.25,40.541666666666664,44.375
2006-01-29T00:00:00Z,70.83333333333333,77.125,86,83.70833333333333,79.95833333333333,80.375,83.75,77.16666666666667,80.875,86.5,86.45833333333333,82.125,81.83333333333333,80.45833333333333,91.33333333333333,77.125,80.66666666666667,82.83333333333333,88.83333333333333,78.125,76.58333333333333,80.70833333333333,73.95833333333333,70.70833333333333
2006-01-30T00:00:00Z,81.20833333333333,75.20833333333333,74.83333333333333,84.45833333333333,88.125,81.79166666666667,86.41666666666667,59.75,84,76.20833333333333,75.20833333333333,76,76.33333333333333,80.33333333333333,96.625,76.5,83.375,68.16666666666667,93.41666666666667,76.66666666666667,73.66666666666667,85.5,86.25,76.95833333333333
2006-01-31T00:00:00Z,68.5,66.20833333333333,54.041666666666664,65.125,80.45833333333333,74.625,64.625,73.66666666666667,66.75,58.125,51.875,59.083333333333336,51.291666666666664,69.66666666666667,88.08333333333333,59.583333333333336,66.70833333333333,43.583333333333336,78.16666666666667,53.333333333333336,52.916666666666664,72.33333333333333,78.66666666666667,64
2006-02-01T00:00:00Z,70.08333333333333,67.95833333333333,64.16666666666667,68.45833333333333,70.83333333333333,68.54166666666667,68.33333333333333,60.791666666666664,68.45833333333333,61.625,63.125,67.66666666666667,64.125,65.95833333333333,73.875,62.875,68.5,65.25,73,71.91666666666667,60.625,71.66666666666667,64.79166666666667,61.833333333333336
2006-02-02T00:00:00Z,70.04166666666667,79.16666666666667,72.25,78.91666666666667,79.04166666666667,75.125,79.04166666666667,66.29166666666667,75.16666666666667,67.75,76.75,74.45833333333333,77.45833333333333,71.16666666666667,83.08333333333333,68.25,76.20833333333333,74.20833333333333,79.70833333333333,80.91666666666667,66.08333333333333,83.125,71.45833333333333,65.625
2006-02-03T00:00:00Z,74.58333333333333,74.04166666666667,78.91666666666667,87.125,81,83.25,85.08333333333333,72.54166666666667,81.79166666666667,83.29166666666667,80.41666666666667,79.66666666666667,84.04166666666667,75.16666666666667,95.41666666666667,74.41666666666667,84.83333333333333,81.75,91.66666666666667,93.08333333333333,80.08333333333333,86.95833333333333,77.66666666666667,72.70833333333333
2006-02-04T00:00:00Z,76.70833333333333,78.41666666666667,74.54166666666667,76.41666666666667,84.25,77.5,78.625,86.08333333333333,79.70833333333333,82.66666666666667,68.66666666666667,78.83333333333333,74.45833333333333,89.91666666666667,88.04166666666667,80.70833333333333,74.875,66.25,82.33333333333333,75.08333333333333,72.625,79.08333333333333,83.79166666666667,69.41666666666667
2006-02-05T00:00:00Z,51.666666666666664,58.166666666666664,47.291666666666664,47.208333333333336,55.458333333333336,48.916666666666664,51.583333333333336,70.125,52.458333333333336,53.083333333333336,46.458333333333336,49.333333333333336,47.791666666666664,59.833333333333336,55.791666666666664,50.666666666666664,47.125,40.291666666666664,51.625,48.416666666666664,47.25,51.208333333333336,49.083333333333336,48.333333333333336
2006-02-06T00:00:00Z,47.791666666666664,53.083333333333336,61.5,61.958333333333336,49.416666666666664,50.458333333333336,64.45833333333333,48,57.958333333333336,46.041666666666664,64.25,55.25,39.958333333333336,52,52.458333333333336,50.166666666666664,53.416666666666664,53,56.083333333333336,40.166666666666664,43.625,58.416666666666664,41.583333333333336,48.125
2006-02-07T00:00:00Z,42.458333333333336,42.291666666666664,47.916666666666664,79.66666666666667,55.291666666666664,71.75,76.91666666666667,39.041666666666664,61.208333333333336,35,43.875,44.708333333333336,35.708333333333336,40.75,73.45833333333333,39.875,79.79166666666667,36.333333333333336,78.41666666666667,37.375,28.666666666666668,76.625,48.708333333333336,55.708333333333336
2006-02-08T00:00:00Z,57.333333333333336,42.25,40.333333333333336,57.5,63.208333333333336,65.25,56.625,47.375,56.416666666666664,39.625,41,44.708333333333336,33.666666666666664,53.041666666666664,65.91666666666667,39.416666666666664,61.75,41.041666666666664,67.04166666666667,39.291666666666664,35.791666666666664,64.875,55.75,59.083333333333336
2006-02-09T00:00:00Z,53.666666666666664,67.375,46,71,73.70833333333333,57.458333333333336,63.041666666666664,57.416666666666664,49.791666666666664,51.458333333333336,49.333333333333336,47.375,50.291666666666664,47.5,68.45833333333333,43.916666666666664,64.16666666666667,50.458333333333336,58.583333333333336,52.25,35.875,59.666666666666664,53.833333333333336,47.875
2006-02-10T00:00:00Z,50.458333333333336,56.25,50.791666666666664,64.75,55.958333333333336,57.666666666666664,61.916666666666664,45.791666666666664,55.333333333333336,47.916666666666664,50.375,50.791666666666664,47.916666666666664,57.125,54.25,45.75,62.333333333333336,58.833333333333336,64.70833333333333,52.708333333333336,44.666666666666664,64.375,44.625,49
2006-02-11T00:00:00Z,75.08333333333333,86.91666666666667,88.45833333333333,88.95833333333333,87.66666666666667,88.83333333333333,89.875,88.91666666666667,93.54166666666667,89.16666666666667,88.08333333333333,86.58333333333333,88.5,89.70833333333333,89.5,83.20833333333333,85.375,97.79166666666667,90,89.625,81.91666666666667,90.08333333333333,78.45833333333333,79.25
2006-02-12T00:00:00Z,73.58333333333333,72.58333333333333,59.75,59.625,77.41666666666667,67.45833333333333,62.375,71.5,64.79166666666667,62.541666666666664,59.833333333333336,64.08333333333333,58.625,77.58333333333333,69.95833333333333,58.708333333333336,63.458333333333336,64.625,69.08333333333333,57.333333333333336,53.75,63.5,72.625,65.625
2006-02-13T00:00:00Z,55.625,69.20833333333333,54,49.208333333333336,60.083333333333336,55.458333333333336,52.708333333333336,63.125,52.208333333333336,55.75,54.541666666666664,58.416666666666664,50.833333333333336,58.833333333333336,52.583333333333336,52.583333333333336,50.333333333333336,63.333333333333336,52.791666666666664,56.25,60.791666666666664,54.666666666666664,45.875,46.625
2006-02-14T00:00:00Z,47.083333333333336,43.416666666666664,44.416666666666664,54.083333333333336,55.916666666666664,53.25,55.25,61.291666666666664,51.208333333333336,47.25,38.458333333333336,52.041666666666664,46,58.75,56.083333333333336,47.041666666666664,50.041666666666664,55.916666666666664,57.333333333333336,52.208333333333336,50.041666666666664,54,42.958333333333336,45.458333333333336
2006-02-15T00:00:00Z,45.333333333333336,56.5,46.708333333333336,53.333333333333336,57.333333333333336,55.625,54.583333333333336,48.666666666666664,47.916666666666664,45.916666666666664,43.625,40.958333333333336,46.375,49.541666666666664,67.04166666666667,44.833333333333336,60.458333333333336,44.458333333333336,69.20833333333333,59.416666666666664,63.958333333333336,59.125,45.958333333333336,45.416666666666664
2006-02-16T00:00:00Z,58.166666666666664,63.625,53.25,70.70833333333333,67.58333333333333,70.45833333333333,70.58333333333333,57.875,65.95833333333333,52.083333333333336,49.541666666666664,47.791666666666664,51.166666666666664,52.875,82.75,49.041666666666664,71.41666666666667,61.833333333333336,76.20833333333333,59.583333333333336,46.041666666666664,74.33333333333333,60.5,59.166666666666664
2006-02-17T00:00:00Z,52.083333333333336,58.166666666666664,59.125,73.54166666666667,63.458333333333336,64.95833333333333,75.20833333333333,59.583333333333336,65.08333333333333,53.583333333333336,60.458333333333336,53.666666666666664,47.708333333333336,58.416666666666664,82.16666666666667,54.333333333333336,69.29166666666667,61.041666666666664,81.91666666666667,48.041666666666664,50.166666666666664,66.16666666666667,66.04166666666667,54.958333333333336
2006-02-18T00:00:00Z,63.666666666666664,77,65.04166666666667,56.875,65.5,64.79166666666667,62.708333333333336,71.91666666666667,45.166666666666664,66.04166666666667,66.125,62.791666666666664,67.25,71.08333333333333,69.41666666666667,62.208333333333336,58.5,75.41666666666667,67.25,70.625,41.166666666666664,61.291666666666664,65.70833333333333,61
2006-02-19T00:00:00Z,39.791666666666664,73.79166666666667,48.375,46.541666666666664,57.666666666666664,53.25,48.75,65.875,47.708333333333336,46.583333333333336,51.833333333333336,48.958333333333336,53.291666666666664,49.791666666666664,64.75,45.958333333333336,50.583333333333336,51.583333333333336,61.791666666666664,59.875,45.208333333333336,50.625,57.625,43.208333333333336
2006-02-20T00:00:00Z,70.125,69.70833333333333,61.416666666666664,80.91666666666667,83.625,75.41666666666667,72.95833333333333,75.125,66.41666666666667,56.333333333333336,70.375,59.541666666666664,61.208333333333336,73.75,84.54166666666667,55.625,78.58333333333333,70.66666666666667,79.79166666666667,65.125,66.95833333333333,76.66666666666667,76.33333333333333,63.666666666666664
2006-02-21T00:00:00Z,64.08333333333333,58,67.04166666666667,87.66666666666667,77.41666666666667,78.95833333333333,87.29166666666667,51.916666666666664,75.58333333333333,58.708333333333336,64.20833333333333,64.75,61.583333333333336,66.33333333333333,92.04166666666667,62.125,86.04166666666667,77.54166666666667,86.875,60.666666666666664,58.875,85.33333333333333,74.79166666666667,64.5
2006-02-22T00:00:00Z,84.45833333333333,75.20833333333333,81.29166666666667,92.45833333333333,90.875,92.33333333333333,95.08333333333333,73.375,94.83333333333333,72,77.5,90.70833333333333,74.70833333333333,85.25,93.83333333333333,83.04166666666667,86.875,95.45833333333333,93.625,77.20833333333333,71.29166666666667,94.5,86.375,85.16666666666667
2006-02-23T00:00:00Z,70.16666666666667,56.041666666666664,62.166666666666664,86.04166666666667,86.83333333333333,85.5,83.75,54.916666666666664,80.125,62.5,55.375,69.95833333333333,56.041666666666664,70.70833333333333,98.375,71.04166666666667,84.41666666666667,62.875,93.08333333333333,56.041666666666664,50,90.83333333333333,86.79166666666667,71.20833333333333
2006-02-24T00:00:00Z,41.458333333333336,34.958333333333336,31.625,54.041666666666664,46.208333333333336,51,45.458333333333336,31.833333333333332,49,30.25,37.625,43.625,25.791666666666668,42.041666666666664,67.25,37.625,56.083333333333336,39.875,54.125,26.333333333333332,37.833333333333336,60.583333333333336,46.583333333333336,38.666666666666664
2006-02-25T00:00:00Z,58.541666666666664,60.916666666666664,63.666666666666664,82.375,57.875,73.5,77.41666666666667,38.916666666666664,72.5,48.458333333333336,66.83333333333333,60.166666666666664,63.75,58.25,75.95833333333333,58.625,80.58333333333333,81.54166666666667,84.125,65.125,55.833333333333336,83.08333333333333,48.541666666666664,60.916666666666664
2006-02-26T00:00:00Z,27.583333333333332,34,35.583333333333336,54.083333333333336,40.5,52.625,51.416666666666664,31.958333333333332,37.375,28.166666666666668,37.375,32.166666666666664,27.916666666666668,37.625,54.875,32.75,60.541666666666664,28.166666666666668,60.083333333333336,23.166666666666668,18.791666666666668,55.958333333333336,35.875,36.625
2006-02-27T00:00:00Z,40.375,33.875,36.583333333333336,46.083333333333336,41.583333333333336,49.416666666666664,46.541666666666664,24.958333333333332,42.708333333333336,33.25,28.25,35.333333333333336,24.875,36.458333333333336,39.625,30.416666666666668,50.166666666666664,38.666666666666664,50.958333333333336,24.291666666666668,14.791666666666666,49.166666666666664,36.333333333333336,39.875
2006-02-28T00:00:00Z,46.041666666666664,43.458333333333336,39.375,45.333333333333336,59.541666666666664,44.541666666666664,47.5,44.375,42.416666666666664,40.083333333333336,41.041666666666664,42.083333333333336,37,47.125,64.41666666666667,36.916666666666664,48.958333333333336,40.041666666666664,64.41666666666667,33.833333333333336,37,46.833333333333336,59.125,35
2006-03-01T00:00:00Z,62.666666666666664,54.5,53.916666666666664,49.333333333333336,68.08333333333333,59,51.541666666666664,63.166666666666664,56.875,53.041666666666664,54.291666666666664,54.541666666666664,47.333333333333336,57.5,73.75,63.416666666666664,53.416666666666664,58.833333333333336,75.29166666666667,46.625,48.083333333333336,53.958333333333336,64.41666666666667,50.125
2006-03-02T00:00:00Z,54.75,51.583333333333336,52.708333333333336,61.208333333333336,64.375,57.708333333333336,62.916666666666664,58.458333333333336,60.208333333333336,51.458333333333336,53.916666666666664,47.5,48.583333333333336,58.375,82.375,63.083333333333336,60.541666666666664,47.458333333333336,81.45833333333333,47.291666666666664,51.25,58.666666666666664,65.16666666666667,50.75
2006-03-03T00:00:00Z,43,57.375,43,52.291666666666664,51.5,53,55.083333333333336,66.45833333333333,51.083333333333336,45.291666666666664,41.583333333333336,44.083333333333336,44.791666666666664,48.041666666666664,69.79166666666667,31.791666666666668,59.208333333333336,44.25,67.91666666666667,45.166666666666664,45.375,55.791666666666664,54.583333333333336,43.333333333333336
2006-03-04T00:00:00Z,34.583333333333336,39.708333333333336,37.166666666666664,45.625,41.166666666666664,41.125,47.125,36.708333333333336,41,35.75,32.25,39.958333333333336,30.791666666666668,43.833333333333336,48.958333333333336,37.541666666666664,43.041666666666664,39.541666666666664,44.458333333333336,33.916666666666664,28.958333333333332,43.291666666666664,39,33.25
2006-03-05T00:00:00Z,39.708333333333336,35.708333333333336,33.916666666666664,47.958333333333336,44.208333333333336,44.583333333333336,42.708333333333336,33.291666666666664,39.583333333333336,32.083333333333336,29.583333333333332,37.75,29.833333333333332,42.083333333333336,58.166666666666664,34.333333333333336,49.208333333333336,37.583333333333336,51.916666666666664,28.25,24.166666666666668,46.666666666666664,41.333333333333336,37.166666666666664
2006-03-06T00:00:00Z,73.875,63.791666666666664,63.208333333333336,73.25,80.29166666666667,75.33333333333333,74.79166666666667,77.375,80.20833333333333,63.416666666666664,45,70.41666666666667,63.625,77.33333333333333,77.79166666666667,66.375,72.33333333333333,71.95833333333333,77.875,64.20833333333333,66.91666666666667,72.33333333333333,74.125,66.70833333333333
2006-03-07T00:00:00Z,54.666666666666664,52.375,51.916666666666664,63.875,65.79166666666667,57.875,61.666666666666664,55.125,55.208333333333336,57.083333333333336,46.416666666666664,61.125,42.708333333333336,59.791666666666664,67.20833333333333,57,61.291666666666664,50.083333333333336,63.916666666666664,46,41.208333333333336,56.666666666666664,67.41666666666667,54.083333333333336
2006-03-08T00:00:00Z,47.041666666666664,50.75,49.166666666666664,58.208333333333336,55.708333333333336,56.25,54.833333333333336,48.583333333333336,53.916666666666664,44.958333333333336,45.5,48.875,47.375,51.041666666666664,59,48.791666666666664,56.916666666666664,56.958333333333336,62,51.666666666666664,44.458333333333336,58.458333333333336,61.333333333333336,47.666666666666664
2006-03-09T00:00:00Z,48.875,50.083333333333336,51.458333333333336,69.79166666666667,60.458333333333336,65.25,67.79166666666667,47.958333333333336,62.75,48.541666666666664,52.416666666666664,49.333333333333336,47.125,54.041666666666664,82,48.75,64.91666666666667,50.916666666666664,73.91666666666667,50.125,44.541666666666664,63.958333333333336,50.666666666666664,52.166666666666664
2006-03-10T00:00:00Z,63.458333333333336,54.041666666666664,64.125,70.5,70.29166666666667,65,74.79166666666667,44.375,71.91666666666667,55.333333333333336,64.375,63.041666666666664,54.75,67.70833333333333,83.79166666666667,63.958333333333336,66.5,65.20833333333333,81.20833333333333,57.416666666666664,53.875,66.16666666666667,64.04166666666667,61
2006-03-11T00:00:00Z,63.958333333333336,68.25,83.20833333333333,76.66666666666667,75.95833333333333,71.625,76.70833333333333,56.375,75.125,77.04166666666667,83.91666666666667,84.66666666666667,76.41666666666667,64.54166666666667,86.45833333333333,76.70833333333333,74.125,96.41666666666667,86.25,70.25,53.958333333333336,74.83333333333333,62.541666666666664,62.166666666666664
2006-03-12T00:00:00Z,65.25,71.58333333333333,68.16666666666667,81.16666666666667,74.95833333333333,77.66666666666667,77.83333333333333,68.41666666666667,77.54166666666667,74,66.375,68.5,69.04166666666667,72.375,92.83333333333333,69.16666666666667,77.125,73.95833333333333,90.66666666666667,66.33333333333333,67.875,80.04166666666667,67.5,65
2006-03-13T00:00:00Z,63.166666666666664,71.75,68.125,76.75,73.20833333333333,75.91666666666667,72.54166666666667,67.25,72.66666666666667,67.625,71.625,70.83333333333333,65.16666666666667,67.08333333333333,91,60.25,72.70833333333333,79.79166666666667,90.25,63.333333333333336,59.666666666666664,72.625,64.70833333333333,62.041666666666664
2006-03-14T00:00:00Z,37.041666666666664,46.291666666666664,38.458333333333336,50.708333333333336,50.166666666666664,57.083333333333336,51.958333333333336,45.458333333333336,49.166666666666664,40.791666666666664,39.041666666666664,40.208333333333336,39.208333333333336,46.583333333333336,78.20833333333333,38.083333333333336,57.375,35.541666666666664,72.08333333333333,35.208333333333336,32.166666666666664,51.416666666666664,46.958333333333336,46.625
2006-03-15T00:00:00Z,23.416666666666668,34.75,31.291666666666668,26.166666666666668,32.5,32.291666666666664,29.166666666666668,37.416666666666664,27,29.416666666666668,31.125,29.208333333333332,28.541666666666668,31.791666666666668,39.083333333333336,27.041666666666668,27.208333333333332,27.875,33.041666666666664,25.916666666666668,21.708333333333332,31.083333333333332,29.583333333333332,23.125
2006-03-16T00:00:00Z,42.583333333333336,41.125,49.708333333333336,49.833333333333336,53.333333333333336,49,52.416666666666664,32.125,43.958333333333336,38.375,41,43.875,40.666666666666664,42.583333333333336,51.708333333333336,42.333333333333336,54.291666666666664,53.291666666666664,54.791666666666664,40.375,25.375,54.291666666666664,55.333333333333336,35.708333333333336
2006-03-17T00:00:00Z,53.25,51.833333333333336,41.5,41.208333333333336,69.45833333333333,55.333333333333336,44.583333333333336,64.45833333333333,48.666666666666664,48.958333333333336,42.583333333333336,45.375,45.041666666666664,52.708333333333336,71.79166666666667,47.708333333333336,48.166666666666664,40.541666666666664,63.375,48.25,49.875,47.291666666666664,75.66666666666667,42.333333333333336
2006-03-18T00:00:00Z,32.541666666666664,41.291666666666664,39.208333333333336,43.5,49.166666666666664,56.791666666666664,44.333333333333336,36.375,37.75,34.333333333333336,33,41.875,30.666666666666668,41.541666666666664,53.708333333333336,38.625,51.083333333333336,37.125,60.5,29.541666666666668,27.875,55.791666666666664,34.5,41.666666666666664
2006-03-19T00:00:00Z,36.083333333333336,28.166666666666668,29.875,31.458333333333332,39.083333333333336,41.75,37.791666666666664,25.375,32.083333333333336,27.333333333333332,29.125,30.5,24.916666666666668,33.666666666666664,45.833333333333336,31.875,41.458333333333336,38.833333333333336,50.041666666666664,20.666666666666668,17.083333333333332,42.041666666666664,29.833333333333332,32.5
2006-03-20T00:00:00Z,47.291666666666664,74.33333333333333,57.375,51.416666666666664,43.791666666666664,61.041666666666664,57.916666666666664,63.458333333333336,57.916666666666664,55.208333333333336,58.333333333333336,61.458333333333336,67.83333333333333,55,55.125,51.916666666666664,58.791666666666664,74.75,63.5,74.625,49.375,60.333333333333336,43.041666666666664,53.541666666666664
2006-03-21T00:00:00Z,86.08333333333333,88.20833333333333,91.5,93.91666666666667,91.20833333333333,90.75,95.04166666666667,92.29166666666667,97.83333333333333,96.5,86.66666666666667,91.29166666666667,86.875,99.125,94,93.125,89.625,98.91666666666667,92.91666666666667,90.04166666666667,89.25,91.75,90.125,83.125
2006-03-22T00:00:00Z,59.833333333333336,55.083333333333336,47.75,63.958333333333336,64.75,65.20833333333333,64.5,60.125,61.375,49.291666666666664,48.625,56.041666666666664,44.833333333333336,61.458333333333336,72.16666666666667,52.791666666666664,63.333333333333336,57,63.5,49.666666666666664,41.125,60.041666666666664,60.291666666666664,60
2006-03-23T00:00:00Z,57.041666666666664,63.125,47.25,55.833333333333336,56.541666666666664,57.083333333333336,59.708333333333336,54.625,53.416666666666664,47.75,49.375,52,53.958333333333336,57.291666666666664,62.25,50.041666666666664,59.541666666666664,63,56.041666666666664,61.583333333333336,58.666666666666664,54.208333333333336,50.875,50.625
2006-03-24T00:00:00Z,65.54166666666667,82.95833333333333,80.95833333333333,74.95833333333333,82.75,86.29166666666667,75,79.75,78.875,65.75,72.875,70.91666666666667,77,64.91666666666667,81.83333333333333,61.458333333333336,81.70833333333333,92.5,86.58333333333333,82.29166666666667,65.75,80.5,62.25,72.58333333333333
2006-03-25T00:00:00Z,70.20833333333333,71.70833333333333,60,63.333333333333336,76.04166666666667,71,65.70833333333333,68.58333333333333,74.79166666666667,70.875,55.208333333333336,77.33333333333333,56.625,86.54166666666667,74.125,82.45833333333333,66.58333333333333,62,74.625,66.125,58.916666666666664,71.75,72.70833333333333,67.58333333333333
2006-03-26T00:00:00Z,56.625,59.916666666666664,51.458333333333336,65.75,59.625,64.08333333333333,63.458333333333336,66.95833333333333,63.625,53.208333333333336,47,63.75,51.25,65.91666666666667,66.16666666666667,56.375,55.958333333333336,61.791666666666664,66,58.458333333333336,54.458333333333336,63.958333333333336,57.083333333333336,57.083333333333336
2006-03-27T00:00:00Z,48.5,52.666666666666664,49.583333333333336,80.70833333333333,58.416666666666664,56.416666666666664,73.20833333333333,49.5,52.375,50.583333333333336,46.625,63.583333333333336,50.041666666666664,55.25,62.75,50.083333333333336,55.125,63.875,60.666666666666664,57.833333333333336,54,57.083333333333336,52.541666666666664,44.791666666666664
2006-03-28T00:00:00Z,51.041666666666664,60.833333333333336,63.583333333333336,87.83333333333333,61,58.833333333333336,82.16666666666667,55.333333333333336,60.75,58.875,65.91666666666667,67.66666666666667,60.75,60.5,77.625,57.583333333333336,59.958333333333336,78.08333333333333,72.04166666666667,66.45833333333333,62.458333333333336,60.333333333333336,59.708333333333336,47
2006-03-29T00:00:00Z,68.625,64.875,60.708333333333336,73.25,71.08333333333333,68.875,80.79166666666667,55.541666666666664,63.416666666666664,59.5,61.666666666666664,67.04166666666667,61.791666666666664,67.625,76.125,62.083333333333336,62.375,71.66666666666667,69.54166666666667,65.33333333333333,59.458333333333336,63.416666666666664,87.66666666666667,56.458333333333336
2006-03-30T00:00:00Z,60.041666666666664,68.54166666666667,51.916666666666664,72.54166666666667,69.45833333333333,67.33333333333333,77.58333333333333,61.125,63.416666666666664,58.625,56.625,59.875,55.458333333333336,62.916666666666664,76.25,56.416666666666664,62.541666666666664,67.79166666666667,70.79166666666667,62.625,58.916666666666664,69.45833333333333,64.25,53.541666666666664
2006-03-31T00:00:00Z,61.166666666666664,70.875,63.458333333333336,80.91666666666667,64.375,64.58333333333333,84.91666666666667,73.33333333333333,66.95833333333333,65.5,63.875,69.08333333333333,62.166666666666664,61.5,75.125,56.541666666666664,65.625,73.54166666666667,77.79166666666667,71.54166666666667,65.75,70.45833333333333,53.416666666666664,52.75
2006-04-01T00:00:00Z,70.70833333333333,53.958333333333336,60.875,91.66666666666667,68.41666666666667,68.875,88.70833333333333,61.125,70.41666666666667,64,56.458333333333336,73.58333333333333,54.291666666666664,64.58333333333333,88.70833333333333,61.041666666666664,68.625,66,82.20833333333333,59.541666666666664,60.75,68.54166666666667,60.541666666666664,59.916666666666664
2006-04-02T00:00:00Z,63.82608695652174,56.73913043478261,46.47826086956522,74.47826086956522,60.869565217391305,59.82608695652174,81.8695652173913,44.30434782608695,54.26086956521739,50.73913043478261,42.30434782608695,55.95652173913044,44.17391304347826,56.34782608695652,64.34782608695652,50.65217391304348,69.04347826086956,53.26086956521739,67.26086956521739,55.17391304347826,51.69565217391305,65.04347826086956,62.65217391304348,49.52173913043478
2006-04-03T00:00:00Z,88.79166666666667,63.291666666666664,59.25,64.66666666666667,81.875,77.08333333333333,85.625,61.75,76,69.41666666666667,58.333333333333336,72.25,66.45833333333333,79,90.75,65.45833333333333,73.16666666666667,71.79166666666667,82.70833333333333,70.41666666666667,66.79166666666667,74.95833333333333,80.33333333333333,70.125
2006-04-04T00:00:00Z,47.166666666666664,42.458333333333336,40.125,73.58333333333333,51.166666666666664,49.25,64.04166666666667,45,44.291666666666664,38.875,34.833333333333336,46.958333333333336,36.875,46.666666666666664,58.958333333333336,30.958333333333332,46.833333333333336,36.5,54.375,40.333333333333336,37.333333333333336,41.583333333333336,41.541666666666664,37.291666666666664
2006-04-05T00:00:00Z,43.916666666666664,29.916666666666668,25.541666666666668,59.75,47.791666666666664,51.708333333333336,64.91666666666667,26.291666666666668,41.833333333333336,27.916666666666668,25.291666666666668,39.458333333333336,22.166666666666668,42.75,56.458333333333336,27.708333333333332,48.375,10.583333333333334,56.041666666666664,24.541666666666668,20.708333333333332,47.583333333333336,41.083333333333336,33.666666666666664
2006-04-06T00:00:00Z,58.208333333333336,36.375,27.75,58.458333333333336,59.25,50.791666666666664,58.958333333333336,28.041666666666668,53.541666666666664,35.75,27.041666666666668,45.166666666666664,35.291666666666664,52.083333333333336,56.041666666666664,40.333333333333336,53.125,38.125,63.416666666666664,42.166666666666664,36.583333333333336,55.5,53.833333333333336,43.416666666666664
2006-04-07T00:00:00Z,44,38.083333333333336,40.333333333333336,26.541666666666668,55.291666666666664,57.125,26.083333333333332,51.458333333333336,42.291666666666664,41.166666666666664,38,39.458333333333336,35.458333333333336,39.791666666666664,78.04166666666667,41.083333333333336,54.791666666666664,40.375,76.70833333333333,48.5,32.166666666666664,56.583333333333336,46.291666666666664,37.458333333333336
2006-04-08T00:00:00Z,81.33333333333333,74.08333333333333,71.83333333333333,26.958333333333332,76.33333333333333,75.875,26.708333333333332,76.75,72.79166666666667,82.20833333333333,73,80.79166666666667,67.66666666666667,80.66666666666667,87.08333333333333,73.04166666666667,74.54166666666667,78.375,83.04166666666667,73.29166666666667,37.208333333333336,74.875,78.45833333333333,63.708333333333336
2006-04-09T00:00:00Z,67.16666666666667,46.333333333333336,44.291666666666664,48.583333333333336,66.45833333333333,63,45.791666666666664,45.583333333333336,54.708333333333336,59.291666666666664,44.583333333333336,61.5,40.458333333333336,53.666666666666664,75.95833333333333,47.666666666666664,56.375,46.916666666666664,69.375,50.375,51.875,62.583333333333336,62.041666666666664,53.083333333333336
2006-04-10T00:00:00Z,61.25,53.166666666666664,45.458333333333336,59.125,59.833333333333336,58.458333333333336,51.458333333333336,48.208333333333336,54.625,54.208333333333336,44.833333333333336,59.541666666666664,51.541666666666664,55.041666666666664,53.291666666666664,48.041666666666664,54.916666666666664,58.291666666666664,57.708333333333336,56.458333333333336,50.041666666666664,54.125,52.708333333333336,49.291666666666664
2006-04-11T00:00:00Z,58.208333333333336,51.958333333333336,41.958333333333336,58.166666666666664,65.83333333333333,63.083333333333336,49.416666666666664,46.041666666666664,52.625,47.75,45.583333333333336,55.375,44.458333333333336,47.125,64.20833333333333,55.541666666666664,62,57.708333333333336,62.666666666666664,51.75,42,53.416666666666664,55.375,49.333333333333336
2006-04-12T00:00:00Z,68.08333333333333,58.375,55.5,70.45833333333333,69.54166666666667,68.95833333333333,64.16666666666667,44.875,65.125,59.458333333333336,55.583333333333336,52.75,50.125,55.583333333333336,66.08333333333333,63.083333333333336,68.20833333333333,71.5,72.91666666666667,56.666666666666664,52.291666666666664,65.45833333333333,64.25,57.125
2006-04-13T00:00:00Z,64.79166666666667,58.666666666666664,55.75,71.16666666666667,67.04166666666667,68,62.083333333333336,54.916666666666664,64.375,60.5,52,53.833333333333336,56.041666666666664,60.75,80.58333333333333,67.83333333333333,67.5,67.75,74.91666666666667,56.583333333333336,55.958333333333336,68.95833333333333,64.58333333333333,56.875
2006-04-14T00:00:00Z,71.33333333333333,53,53.5,60.708333333333336,68.33333333333333,60.291666666666664,52.666666666666664,50.25,56.208333333333336,58.833333333333336,49.166666666666664,50.375,48.375,65.45833333333333,84.375,54.916666666666664,57.916666666666664,59.125,79.95833333333333,50.458333333333336,57.916666666666664,61.666666666666664,68.91666666666667,50.166666666666664
2006-04-15T00:00:00Z,60.5,43.125,41.625,45.291666666666664,63.875,47.791666666666664,40.083333333333336,54.875,47,48.583333333333336,42.375,41,40,56.333333333333336,79.29166666666667,43,49.208333333333336,41.458333333333336,76.79166666666667,37.125,45.458333333333336,46.083333333333336,70.08333333333333,43.333333333333336
2006-04-16T00:00:00Z,61.708333333333336,46.458333333333336,42.666666666666664,48.083333333333336,65.25,52.625,42.208333333333336,46.583333333333336,51.458333333333336,51.291666666666664,42.625,44.583333333333336,36.166666666666664,59,73.04166666666667,52.916666666666664,52.75,50.666666666666664,65.29166666666667,38.041666666666664,50.125,53.291666666666664,62.5,52.291666666666664
2006-04-17T00:00:00Z,80.625,52.375,60.25,67.54166666666667,79.04166666666667,73.70833333333333,62.416666666666664,73,75.5,79.41666666666667,52.916666666666664,69.95833333333333,57.708333333333336,80.125,86.75,74.125,64.91666666666667,71.75,80.70833333333333,57.041666666666664,72.29166666666667,67.54166666666667,81.33333333333333,71.70833333333333
2006-04-18T00:00:00Z,72.875,62,54.625,67.70833333333333,73.875,65.70833333333333,62.333333333333336,60.75,67.25,63.583333333333336,55.333333333333336,64.29166666666667,51.625,68.33333333333333,67.625,62.75,63.791666666666664,59.416666666666664,68.375,54.833333333333336,59.583333333333336,68.375,70.58333333333333,60.958333333333336
2006-04-19T00:00:00Z,63.833333333333336,75.75,78.83333333333333,76.04166666666667,66.45833333333333,61.75,64.04166666666667,75.04166666666667,67.66666666666667,85.95833333333333,79.125,85,76.08333333333333,72.08333333333333,76.5,78.91666666666667,64.08333333333333,95.04166666666667,71.58333333333333,76.91666666666667,73.29166666666667,63.125,64.58333333333333,53.125
2006-04-20T00:00:00Z,58.375,79.45833333333333,72.875,67,59.166666666666664,57.833333333333336,59.708333333333336,70.29166666666667,62.125,67.16666666666667,72.16666666666667,66.75,74.29166666666667,66.125,70.33333333333333,67,61.625,78.54166666666667,69.83333333333333,76.70833333333333,69.75,59.333333333333336,52.875,52.875
2006-04-21T00:00:00Z,65.66666666666667,87.41666666666667,64.79166666666667,72.04166666666667,59.458333333333336,63.125,61.583333333333336,85.29166666666667,51.125,72.625,75.66666666666667,61.208333333333336,75.66666666666667,73.41666666666667,84.16666666666667,64.04166666666667,70,82.875,77.625,84.66666666666667,86.25,67.04166666666667,71.66666666666667,43.333333333333336
2006-04-22T00:00:00Z,85.83333333333333,78.54166666666667,86.33333333333333,92.70833333333333,81.04166666666667,84.70833333333333,86.75,85.25,90.75,90.08333333333333,85,84.79166666666667,85.58333333333333,89.875,86.04166666666667,77.66666666666667,83.375,96.54166666666667,85.125,87.70833333333333,91.16666666666667,85.25,84.70833333333333,78.29166666666667
2006-04-23T00:00:00Z,75.08333333333333,63.375,67.5,73.29166666666667,72.875,75.70833333333333,67.33333333333333,60.75,66.70833333333333,73.625,61.333333333333336,66.58333333333333,61.75,76.25,93.625,74,66.625,73.54166666666667,86.625,63.5,74.33333333333333,74.625,71.45833333333333,62.125
2006-04-24T00:00:00Z,68.75,59.291666666666664,52.666666666666664,58.75,66.54166666666667,69.83333333333333,54.5,63.916666666666664,69.5,66.83333333333333,50.5,62.083333333333336,50.625,68.95833333333333,89.25,67.16666666666667,54.375,69.16666666666667,79.16666666666667,47.541666666666664,71.29166666666667,63.791666666666664,58.25,62.041666666666664
2006-04-25T00:00:00Z,68.375,71.25,67.125,63.416666666666664,75.20833333333333,63.916666666666664,57.541666666666664,67.125,66.79166666666667,69.20833333333333,56.416666666666664,66.25,71.33333333333333,65.125,91.83333333333333,66.75,58.333333333333336,82.83333333333333,83.79166666666667,71.16666666666667,70.91666666666667,61.291666666666664,78.83333333333333,59.541666666666664
2006-04-26T00:00:00Z,87.29166666666667,90.29166666666667,83.20833333333333,85.41666666666667,80.875,78.54166666666667,81.125,96.5,85.45833333333333,89.33333333333333,80.5,89.625,89.5,95.83333333333333,86.16666666666667,88.5,79.08333333333333,97.04166666666667,84.95833333333333,90.20833333333333,88,81.75,80.95833333333333,78.70833333333333
2006-04-27T00:00:00Z,91.5,64.54166666666667,79.25,96.75,63,89.91666666666667,90.70833333333333,63.958333333333336,98.25,83.91666666666667,67.5,87.125,72.45833333333333,98,91.75,90.75,90.08333333333333,92,89.08333333333333,75.16666666666667,74.5,94.58333333333333,69.70833333333333,84.16666666666667
2006-04-28T00:00:00Z,69.45833333333333,55.583333333333336,58.875,70.45833333333333,64.58333333333333,67.125,70.66666666666667,43.791666666666664,67.75,58.583333333333336,54.375,61,53.5,66.375,67.91666666666667,75.625,60.5,66.20833333333333,61.833333333333336,60.583333333333336,51.458333333333336,62.625,66.16666666666667,61.583333333333336
2006-04-29T00:00:00Z,62.958333333333336,61.791666666666664,46.875,51.416666666666664,53.083333333333336,55.25,50.625,52.666666666666664,56.625,48.458333333333336,56.333333333333336,50.583333333333336,48.875,62,69.08333333333333,55.208333333333336,49.666666666666664,60.083333333333336,57.083333333333336,53.75,40.875,53.125,52.583333333333336,48.958333333333336
2006-04-30T00:00:00Z,52.541666666666664,61.541666666666664,46.791666666666664,43.5,53.625,48.666666666666664,42.708333333333336,60.833333333333336,44.708333333333336,54.083333333333336,53.125,49.666666666666664,55.416666666666664,58.291666666666664,69.29166666666667,50.416666666666664,39.208333333333336,64.70833333333333,58.875,58,52.291666666666664,40.541666666666664,43.875,37.458333333333336
2006-05-01T00:00:00Z,62.791666666666664,53,37.791666666666664,51.416666666666664,72.70833333333333,63.791666666666664,48.625,42.916666666666664,56.75,43.25,43.208333333333336,38.333333333333336,41.041666666666664,54.125,82.33333333333333,51.583333333333336,51.916666666666664,52.75,73.70833333333333,49.166666666666664,40.041666666666664,57.916666666666664,62.833333333333336,53.875
2006-05-02T00:00:00Z,68.875,62.875,59.75,62.833333333333336,56.708333333333336,58.166666666666664,57.458333333333336,60.041666666666664,61.291666666666664,63.166666666666664,54.958333333333336,61.375,60.041666666666664,69.375,73.79166666666667,68.70833333333333,56.25,73.58333333333333,68.95833333333333,60.25,61.083333333333336,57.5,50.583333333333336,52.5
2006-05-03T00:00:00Z,67.70833333333333,58.208333333333336,50,59.333333333333336,72.375,63.333333333333336,52.708333333333336,58.541666666666664,55.583333333333336,56.083333333333336,51.166666666666664,57.041666666666664,48.708333333333336,58.25,79.83333333333333,58.5,54.875,61.125,65.33333333333333,46.791666666666664,58.958333333333336,55.25,69.20833333333333,51.791666666666664
2006-05-04T00:00:00Z,57.208333333333336,71.33333333333333,58.708333333333336,59.583333333333336,70.33333333333333,57.333333333333336,49.541666666666664,66.375,55.291666666666664,53.375,56.25,57.791666666666664,58.208333333333336,55.125,80.70833333333333,51.666666666666664,55.875,71.41666666666667,67.70833333333333,68.875,60.708333333333336,58.541666666666664,61.75,47.208333333333336
2006-05-05T00:00:00Z,73,84.58333333333333,78.95833333333333,79.58333333333333,77.5,71.625,71.58333333333333,88.58333333333333,70.66666666666667,76.875,78.41666666666667,71.5,86.25,75.70833333333333,88.16666666666667,74.91666666666667,73.33333333333333,93.125,84.45833333333333,90.625,88.5,76.75,66.45833333333333,64.91666666666667
2006-05-06T00:00:00Z,79.29166666666667,66.91666666666667,65.375,76.41666666666667,81.125,78.875,68.375,68.29166666666667,74.70833333333333,61.5,58.958333333333336,66.20833333333333,64.54166666666667,63.208333333333336,93.45833333333333,59.958333333333336,72.83333333333333,75.70833333333333,84.20833333333333,65.875,61.416666666666664,79.45833333333333,73.125,71.29166666666667
2006-05-07T00:00:00Z,68.75,85.08333333333333,81,92.79166666666667,71.95833333333333,79.33333333333333,84.5,88.54166666666667,79.58333333333333,81.41666666666667,73.75,81.41666666666667,82.45833333333333,71,83.79166666666667,77.16666666666667,82.66666666666667,95.875,81.83333333333333,87.66666666666667,76.66666666666667,83.25,71,66.95833333333333
2006-05-08T00:00:00Z,92.75,83.33333333333333,81.45833333333333,90.75,86.66666666666667,89.75,85.33333333333333,92.75,90.375,89,74.41666666666667,84.33333333333333,80,96.41666666666667,89.54166666666667,86.70833333333333,81.41666666666667,97,89.45833333333333,86,82.45833333333333,89.08333333333333,88.625,85.16666666666667
2006-05-09T00:00:00Z,75,81.75,74.45833333333333,85.41666666666667,66.08333333333333,72.375,80.04166666666667,96.45833333333333,75.75,76.91666666666667,75.20833333333333,77.08333333333333,75.29166666666667,81.75,67.70833333333333,78.95833333333333,76,89.125,73.95833333333333,82.5,79.45833333333333,75.04166666666667,61.291666666666664,66.33333333333333
2006-05-10T00:00:00Z,75.125,78.91666666666667,77.66666666666667,79.41666666666667,69.375,71.25,72.08333333333333,92.75,77.95833333333333,78.58333333333333,79.08333333333333,76.70833333333333,77.125,81.25,70.91666666666667,78.04166666666667,71.08333333333333,90.70833333333333,73.70833333333333,84.04166666666667,83.41666666666667,74.04166666666667,65.5,68.75
2006-05-11T00:00:00Z,81.70833333333333,65.20833333333333,67.54166666666667,74.41666666666667,77.29166666666667,76.79166666666667,73.375,82.45833333333333,77.66666666666667,77.95833333333333,63.083333333333336,68.5,69.41666666666667,83.91666666666667,87.66666666666667,74.33333333333333,74.5,79.66666666666667,86.5,74.29166666666667,81.04166666666667,78.70833333333333,78.58333333333333,66.29166666666667
2006-05-12T00:00:00Z,68.5,61.125,53.625,57.541666666666664,61.583333333333336,60.916666666666664,50.666666666666664,64.54166666666667,61.875,61.333333333333336,55.375,57,59.875,69.54166666666667,65.04166666666667,66.875,57.791666666666664,65.16666666666667,62.375,58.666666666666664,65.95833333333333,62.458333333333336,66.5,51.25
2006-05-13T00:00:00Z,66.95833333333333,65.79166666666667,55.583333333333336,59.25,59.958333333333336,57.833333333333336,52.708333333333336,64.16666666666667,58.541666666666664,64.75,56.5,55.083333333333336,59.125,60.375,70.5,58.625,56.208333333333336,62.791666666666664,61.458333333333336,60.291666666666664,62.958333333333336,58.833333333333336,61.791666666666664,52.25
2006-05-14T00:00:00Z,88.41666666666667,64.58333333333333,66.58333333333333,73.79166666666667,83.25,73.125,70.75,80.66666666666667,75.54166666666667,83.625,55.5,73.08333333333333,66.33333333333333,87.58333333333333,81.45833333333333,80.70833333333333,67.75,82.16666666666667,71.79166666666667,65.70833333333333,81.08333333333333,71.70833333333333,77.58333333333333,70.08333333333333
2006-05-15T00:00:00Z,82.58333333333333,65.25,58.541666666666664,83.04166666666667,86.08333333333333,73.58333333333333,74,66.83333333333333,82.625,78.83333333333333,50,66.70833333333333,60.541666666666664,78.91666666666667,81.29166666666667,73.625,74.33333333333333,70.83333333333333,77.375,64.29166666666667,78.79166666666667,76.20833333333333,83.66666666666667,74.70833333333333
2006-05-16T00:00:00Z,73.625,68.58333333333333,59.916666666666664,74.625,71.375,67.5,66.875,71.75,66.29166666666667,67.66666666666667,59.166666666666664,65.45833333333333,62.666666666666664,73.33333333333333,72.04166666666667,66.91666666666667,65.91666666666667,75.75,64.41666666666667,66.83333333333333,71.125,69.95833333333333,62.083333333333336,58.666666666666664
2006-05-17T00:00:00Z,71.33333333333333,74.5,59.625,67.41666666666667,68.83333333333333,66.08333333333333,60.708333333333336,73.29166666666667,66.79166666666667,65.125,65,63.666666666666664,60.416666666666664,73.70833333333333,71.75,66.125,63.833333333333336,78.875,69.875,62.583333333333336,71.625,69.54166666666667,58.958333333333336,57.958333333333336
2006-05-18T00:00:00Z,76.41666666666667,76.95833333333333,72.125,63.916666666666664,70.75,64.625,60.958333333333336,77.54166666666667,71.25,67.375,58.375,74.75,63.041666666666664,79.66666666666667,77.79166666666667,75,59.166666666666664,80.83333333333333,71.70833333333333,66.20833333333333,78.33333333333333,65.25,67.54166666666667,59.958333333333336
2006-05-19T00:00:00Z,68.91666666666667,56.5,47.291666666666664,62.291666666666664,64.08333333333333,60.541666666666664,51.791666666666664,59,60.416666666666664,51.75,44.541666666666664,53.708333333333336,42.416666666666664,58.666666666666664,64.70833333333333,59,59.041666666666664,54.875,62.625,46,60.666666666666664,58.333333333333336,57.125,53.833333333333336
2006-05-20T00:00:00Z,67.125,81.33333333333333,77.04166666666667,73.41666666666667,62.791666666666664,67.79166666666667,65.375,78.33333333333333,71.54166666666667,65.75,74.29166666666667,72.95833333333333,69.95833333333333,63.541666666666664,75.95833333333333,69,69.875,88.91666666666667,77.08333333333333,73.20833333333333,70.29166666666667,71.125,52.5,58.166666666666664
2006-05-21T00:00:00Z,62.416666666666664,74.75,74,78.91666666666667,53.333333333333336,68.08333333333333,65.41666666666667,58.916666666666664,65.95833333333333,49.333333333333336,69.66666666666667,63.958333333333336,59.208333333333336,54.375,77.25,52.208333333333336,71.04166666666667,75.29166666666667,78.75,63.708333333333336,49.75,63.083333333333336,47.083333333333336,54.375
2006-05-22T00:00:00Z,51.5,82.625,76.5,69.70833333333333,51.708333333333336,56.25,61.666666666666664,51.208333333333336,55.708333333333336,61.208333333333336,67.125,67.75,70.79166666666667,52.875,58.458333333333336,59.625,59.916666666666664,93.16666666666667,64.79166666666667,71.79166666666667,53.375,59.041666666666664,47.458333333333336,48.041666666666664
2006-05-23T00:00:00Z,61.583333333333336,55.791666666666664,48.708333333333336,67.625,61.791666666666664,63.958333333333336,55.833333333333336,43,60.5,45.708333333333336,55,53.625,54.875,56.75,64.125,49.041666666666664,65.5,72.45833333333333,70.04166666666667,52.583333333333336,44.458333333333336,70.66666666666667,56.583333333333336,54.125
2006-05-24T00:00:00Z,69.33333333333333,51.625,55.916666666666664,68.79166666666667,63.833333333333336,66.04166666666667,64.625,53.75,67.75,45.5,46.166666666666664,55.541666666666664,56.041666666666664,60,53.166666666666664,55.916666666666664,63.666666666666664,73.08333333333333,65.25,54.916666666666664,48.708333333333336,69.79166666666667,56.25,55.875
2006-05-25T00:00:00Z,73.75,78.125,68.58333333333333,78.5,75.875,77,70.70833333333333,55.041666666666664,72.16666666666667,62.875,72.625,59.5,66.54166666666667,69.33333333333333,78.08333333333333,70.58333333333333,74.83333333333333,78.95833333333333,83.5,68.41666666666667,68.95833333333333,79.95833333333333,67.95833333333333,60.333333333333336
2006-05-26T00:00:00Z,69.125,65.70833333333333,73.79166666666667,77.08333333333333,74.08333333333333,73.75,64.33333333333333,70.16666666666667,68,66.41666666666667,66.70833333333333,58.875,65.5,72.125,85.16666666666667,67.04166666666667,71.70833333333333,88.33333333333333,83.58333333333333,65.45833333333333,73.25,75.75,59.833333333333336,60.875
2006-05-27T00:00:00Z,76.375,65.58333333333333,62.125,69.54166666666667,74.66666666666667,73.04166666666667,63.208333333333336,65.5,72.5,62.541666666666664,60.583333333333336,61.75,56.25,71.125,81.20833333333333,67.33333333333333,66.08333333333333,76.75,81.70833333333333,59.25,65.04166666666667,70.91666666666667,77.04166666666667,64.95833333333333
2006-05-28T00:00:00Z,72.95833333333333,67.70833333333333,58.583333333333336,70.875,73.875,70.33333333333333,65.75,75.5,70.45833333333333,60.5,55.958333333333336,60.875,59.916666666666664,69.79166666666667,77.25,64.875,69.5,78.58333333333333,73.70833333333333,65.83333333333333,65.83333333333333,73.91666666666667,77.79166666666667,62.208333333333336
2006-05-29T00:00:00Z,72.70833333333333,72.04166666666667,59.416666666666664,73.91666666666667,74.83333333333333,70.91666666666667,65.20833333333333,75.58333333333333,72.70833333333333,60.291666666666664,58,61.583333333333336,61.125,70.16666666666667,88.20833333333333,64.95833333333333,75.29166666666667,77.5,78.70833333333333,66.04166666666667,67.41666666666667,75.95833333333333,78.5,59.666666666666664
2006-05-30T00:00:00Z,72.625,67.875,57.375,75.20833333333333,74.45833333333333,77.70833333333333,66.70833333333333,70.33333333333333,69.25,57.166666666666664,59,60.5,59.916666666666664,65.5,89.45833333333333,63.166666666666664,76.16666666666667,77.20833333333333,81.70833333333333,68.33333333333333,65.16666666666667,73.66666666666667,70.16666666666667,59.25
2006-05-31T00:00:00Z,76.95833333333333,74.41666666666667,66.45833333333333,89.45833333333333,77.79166666666667,76.58333333333333,78.29166666666667,75.95833333333333,77.04166666666667,62.5,59.416666666666664,68.75,67.875,71.16666666666667,84.375,68.91666666666667,76.375,82.58333333333333,78.625,76.33333333333333,73.95833333333333,80.45833333333333,77.375,70.08333333333333
2006-06-01T00:00:00Z,75.70833333333333,77.54166666666667,66.41666666666667,81.5,73.5,76.70833333333333,70.20833333333333,81,73.70833333333333,74.95833333333333,63.916666666666664,67.125,65.375,74.33333333333333,81.83333333333333,72.29166666666667,74.75,79.41666666666667,80.66666666666667,74.45833333333333,80.45833333333333,80.04166666666667,70.25,63.333333333333336
2006-06-02T00:00:00Z,81.25,83.25,75.625,76.91666666666667,73.66666666666667,76.5,68.625,86.66666666666667,74.04166666666667,84.66666666666667,73.45833333333333,75.625,76.25,83.41666666666667,80.45833333333333,79.04166666666667,70.625,87.45833333333333,81,85.75,86.375,76.625,71.08333333333333,62.666666666666664
2006-06-03T00:00:00Z,89.16666666666667,65.04166666666667,67,92.75,86.45833333333333,83.54166666666667,84.91666666666667,67.41666666666667,87.41666666666667,65.08333333333333,59.208333333333336,69.91666666666667,60.541666666666664,79.70833333333333,82.125,73.16666666666667,82.58333333333333,63.625,83.70833333333333,62.166666666666664,63.416666666666664,86.95833333333333,94.75,79.20833333333333
2006-06-04T00:00:00Z,74.125,75.04166666666667,63.458333333333336,74.375,70.41666666666667,70.29166666666667,68,69.875,67.41666666666667,61,61.75,67.375,64.125,68.16666666666667,66.5,68.5,70.125,62.791666666666664,71.79166666666667,70.5,64.16666666666667,71.66666666666667,73.625,60.333333333333336
2006-06-05T00:00:00Z,82.875,63.875,68.16666666666667,80.91666666666667,79.625,77.45833333333333,73.58333333333333,70.25,85.375,60.583333333333336,60,70.66666666666667,59.583333333333336,70.5,74.5,70.91666666666667,78.20833333333333,66.45833333333333,79,61.75,56.208333333333336,78.04166666666667,81.29166666666667,72
2006-06-06T00:00:00Z,89.41666666666667,55.958333333333336,56.958333333333336,90.5,81,79.29166666666667,81.95833333333333,55.125,84.29166666666667,55.833333333333336,48.291666666666664,63.625,46.916666666666664,77.54166666666667,83,72.20833333333333,83.79166666666667,52.958333333333336,80.04166666666667,52.375,54.333333333333336,83.58333333333333,81.95833333333333,79.91666666666667
2006-06-07T00:00:00Z,79.375,62.958333333333336,56.083333333333336,71.29166666666667,68.79166666666667,68.20833333333333,63.625,51.541666666666664,66.54166666666667,53.375,45.625,60.083333333333336,48.083333333333336,64.875,75.83333333333333,64.04166666666667,68,65.41666666666667,76.20833333333333,58.791666666666664,56.75,69.08333333333333,61.458333333333336,61.166666666666664
2006-06-08T00:00:00Z,79.79166666666667,66.16666666666667,66.375,75.66666666666667,74.29166666666667,71.5,73.29166666666667,70.08333333333333,73.625,66.08333333333333,49.291666666666664,72.25,60.666666666666664,77.58333333333333,79.70833333333333,70.79166666666667,71.41666666666667,80.625,79.41666666666667,63.083333333333336,67.16666666666667,69.95833333333333,75.95833333333333,62.583333333333336
2006-06-09T00:00:00Z,74.25,60.375,60.541666666666664,74.08333333333333,73.54166666666667,72.95833333333333,65.79166666666667,63.166666666666664,72.25,55.583333333333336,47,65.08333333333333,50.708333333333336,65,76.875,63.291666666666664,69.45833333333333,65.08333333333333,76.875,58.166666666666664,54.708333333333336,69.95833333333333,75.375,64.25
2006-06-10T00:00:00Z,64.375,61.625,54.916666666666664,63.791666666666664,55.25,64.83333333333333,59.208333333333336,62.625,61.708333333333336,53.291666666666664,47.625,56.083333333333336,46.708333333333336,54.291666666666664,66.875,58.583333333333336,63.5,66.95833333333333,69.5,54.041666666666664,56.666666666666664,68,52.458333333333336,52.166666666666664
2006-06-11T00:00:00Z,80.08333333333333,71.33333333333333,68.79166666666667,70,71.25,70.83333333333333,69.5,76.33333333333333,73.16666666666667,76.375,60.333333333333336,63.875,63.583333333333336,83.08333333333333,80.66666666666667,77.41666666666667,65.875,87.04166666666667,77.95833333333333,62,82.75,71.5,51.458333333333336,74.08333333333333
2006-06-12T00:00:00Z,90.20833333333333,71.45833333333333,77.20833333333333,77.58333333333333,86.66666666666667,82.08333333333333,79.45833333333333,78.58333333333333,86.375,83.33333333333333,67,79.375,71.79166666666667,89.08333333333333,87.58333333333333,85.58333333333333,76.66666666666667,84.16666666666667,84.70833333333333,68.91666666666667,81,83.5,90.70833333333333,78.75
2006-06-13T00:00:00Z,76.25,81.58333333333333,81.66666666666667,94.625,72.20833333333333,84.75,74.41666666666667,82.16666666666667,89.75,69.875,85.66666666666667,80.41666666666667,70.5,76.91666666666667,80.33333333333333,74,89.25,88.54166666666667,86.54166666666667,72.125,74.125,91.95833333333333,70.16666666666667,71.66666666666667
2006-06-14T00:00:00Z,91.375,63.625,82.54166666666667,82.70833333333333,90.25,87.08333333333333,82.91666666666667,76.04166666666667,94.04166666666667,86.45833333333333,60.791666666666664,87.375,65.08333333333333,99.5,88.66666666666667,91.70833333333333,81.83333333333333,89.33333333333333,85.66666666666667,65.66666666666667,72.41666666666667,87.875,79.125,83.08333333333333
2006-06-15T00:00:00Z,78.29166666666667,56.375,57.875,67.79166666666667,72.54166666666667,74.125,68.16666666666667,55.833333333333336,74.66666666666667,57.541666666666664,46.666666666666664,62.666666666666664,52.041666666666664,72.41666666666667,74.08333333333333,66.04166666666667,73.5,73.375,80.41666666666667,54,54.416666666666664,74.625,68.58333333333333,67.625
2006-06-16T00:00:00Z,68.25,63.583333333333336,59.375,63.875,66.29166666666667,67.16666666666667,64.04166666666667,67.625,68,54.958333333333336,50.833333333333336,63.041666666666664,55.666666666666664,68.54166666666667,70.25,67.375,63.416666666666664,72.29166666666667,64.95833333333333,57.916666666666664,61.416666666666664,66.66666666666667,60.333333333333336,56.375
2006-06-17T00:00:00Z,70.29166666666667,66.70833333333333,60.916666666666664,63.208333333333336,64.5,65.33333333333333,61.5,68.45833333333333,64.45833333333333,61.166666666666664,54.583333333333336,56.25,56.916666666666664,69.70833333333333,66.54166666666667,67.08333333333333,64.75,74.45833333333333,67.16666666666667,62.291666666666664,67.08333333333333,67.83333333333333,55.541666666666664,54.833333333333336
2006-06-18T00:00:00Z,69.5,66.70833333333333,63.708333333333336,65.5,66.33333333333333,69.875,64.66666666666667,68.04166666666667,66.91666666666667,62.25,55.916666666666664,55.625,56.958333333333336,69.08333333333333,72.66666666666667,63.708333333333336,67.875,76.75,68.875,62.375,67.79166666666667,71.91666666666667,56.75,55.083333333333336
2006-06-19T00:00:00Z,68.20833333333333,70.625,66.16666666666667,64.66666666666667,65.75,67.91666666666667,64.20833333333333,74.33333333333333,64.125,66.08333333333333,57.916666666666664,63.666666666666664,61.375,70.45833333333333,66.75,65.95833333333333,67.41666666666667,79.625,67.375,66.75,72,69.29166666666667,58.875,55.75
2006-06-20T00:00:00Z,68.54166666666667,64.5,62.5,68.58333333333333,64.66666666666667,73.08333333333333,65,63.666666666666664,66.58333333333333,58.333333333333336,56.375,61.208333333333336,51.833333333333336,64.83333333333333,84.41666666666667,63.166666666666664,69.66666666666667,71.625,85.04166666666667,54.958333333333336,63.666666666666664,77.29166666666667,68.66666666666667,58.375
2006-06-21T00:00:00Z,77.16666666666667,59.5,59.791666666666664,75.20833333333333,78.66666666666667,82.58333333333333,76.5,66.29166666666667,86.29166666666667,58.541666666666664,44.916666666666664,64.08333333333333,51.458333333333336,68.5,87.75,66.75,75.04166666666667,72.66666666666667,86.41666666666667,55.458333333333336,64.58333333333333,82.16666666666667,67.16666666666667,74.54166666666667
2006-06-22T00:00:00Z,79.70833333333333,71.91666666666667,64.91666666666667,71.33333333333333,75.29166666666667,77.41666666666667,72,60.166666666666664,77.75,63.666666666666664,63.208333333333336,66.08333333333333,66.33333333333333,77.625,82.66666666666667,71.08333333333333,76.16666666666667,82.45833333333333,82.91666666666667,63.666666666666664,64.66666666666667,80.41666666666667,68.16666666666667,69.375
2006-06-23T00:00:00Z,82.54166666666667,82.625,77.08333333333333,72.29166666666667,75.25,75.70833333333333,72.41666666666667,77.29166666666667,79.91666666666667,74.875,75,75.5,76.58333333333333,91.375,75.66666666666667,83.33333333333333,75.375,92.33333333333333,77.08333333333333,78.70833333333333,72.58333333333333,78.25,76,66.04166666666667
2006-06-24T00:00:00Z,82.66666666666667,82,79.125,73.83333333333333,78.91666666666667,76.45833333333333,74.125,86.70833333333333,70.91666666666667,79.33333333333333,75.625,84.375,77.25,87.375,73.70833333333333,80.45833333333333,76.75,93,77.5,81.625,79.70833333333333,78.79166666666667,81.95833333333333,70.70833333333333
2006-06-25T00:00:00Z,85.04166666666667,84.45833333333333,82.33333333333333,87.41666666666667,75.33333333333333,83.41666666666667,89.25,86.66666666666667,77.08333333333333,84,76.16666666666667,90.66666666666667,78.58333333333333,94.95833333333333,73.75,89.70833333333333,81.54166666666667,93,81.375,82.66666666666667,81,88.83333333333333,76.16666666666667,76.91666666666667
2006-06-26T00:00:00Z,91.91666666666667,89.29166666666667,84.04166666666667,78.16666666666667,86.25,85,78.08333333333333,89.41666666666667,93.16666666666667,83.375,87.95833333333333,83.70833333333333,85.91666666666667,96.16666666666667,83.25,88.54166666666667,77.45833333333333,93.95833333333333,86.45833333333333,87.875,87.29166666666667,85.58333333333333,88.66666666666667,82.04166666666667
2006-06-27T00:00:00Z,92.33333333333333,74.25,80.70833333333333,81.95833333333333,87.25,90.08333333333333,82.29166666666667,79.41666666666667,92.625,90.125,74.75,89.70833333333333,81.33333333333333,94.91666666666667,87.33333333333333,85.66666666666667,85.33333333333333,90.95833333333333,89.79166666666667,75.66666666666667,86.54166666666667,88.08333333333333,88.04166666666667,81.41666666666667
2006-06-28T00:00:00Z,79.66666666666667,70.66666666666667,70.58333333333333,67.5,82.58333333333333,84.5,68.66666666666667,61.708333333333336,82.125,68.33333333333333,65.29166666666667,74.70833333333333,62.875,74.08333333333333,90.5,76,76.66666666666667,77.75,89.08333333333333,65.95833333333333,72.375,85.70833333333333,79.58333333333333,74.33333333333333
2006-06-29T00:00:00Z,70.20833333333333,65.875,65.91666666666667,70.58333333333333,78.70833333333333,82.79166666666667,69.33333333333333,60.583333333333336,70.5,59,57.5,70.16666666666667,58.666666666666664,63.375,84.91666666666667,65.54166666666667,76.83333333333333,76.66666666666667,85.66666666666667,64.375,67.25,83,73.70833333333333,69.25
2006-06-30T00:00:00Z,65.375,61.875,62.541666666666664,65.625,73.54166666666667,73.95833333333333,66.95833333333333,61.541666666666664,73.91666666666667,58.083333333333336,54.958333333333336,72.33333333333333,58.583333333333336,59.291666666666664,80.45833333333333,63.625,73.45833333333333,77.95833333333333,81.79166666666667,67.33333333333333,62.166666666666664,75.20833333333333,64.95833333333333,65
2006-07-01T00:00:00Z,66.45833333333333,70.29166666666667,65,69.04166666666667,68.66666666666667,74.25,69.08333333333333,64,62.333333333333336,61.75,62,67.79166666666667,62.958333333333336,62.416666666666664,76.83333333333333,68.04166666666667,73.875,82.95833333333333,83.25,67.04166666666667,70.45833333333333,74.70833333333333,63,64.08333333333333
2006-07-02T00:00:00Z,64.20833333333333,68.625,65.83333333333333,66.625,73.41666666666667,74.83333333333333,67.66666666666667,59.916666666666664,63.083333333333336,62.25,63.875,66.625,59.208333333333336,61.041666666666664,82,65.83333333333333,69.16666666666667,78.08333333333333,82.125,67.33333333333333,71.54166666666667,75.16666666666667,65,61.875
2006-07-03T00:00:00Z,63.75,69,65.41666666666667,65.16666666666667,72.375,72.70833333333333,67.25,54.583333333333336,71.5,62.333333333333336,62.166666666666664,67.125,59.083333333333336,63.916666666666664,83.08333333333333,66.45833333333333,69.33333333333333,78.08333333333333,79,65.58333333333333,65.29166666666667,74.79166666666667,66.20833333333333,61.791666666666664
2006-07-04T00:00:00Z,68.29166666666667,75.875,66.125,68.91666666666667,76.5,79.5,70.70833333333333,63.041666666666664,72.20833333333333,67.66666666666667,61.791666666666664,68.5,65,67.54166666666667,81.91666666666667,69.45833333333333,71.125,82,81,71.45833333333333,74.70833333333333,77.29166666666667,69.91666666666667,67.70833333333333
2006-07-05T00:00:00Z,70.08333333333333,86.91666666666667,74.95833333333333,68.41666666666667,71.75,76.33333333333333,69.70833333333333,82.25,74.41666666666667,80.375,73.75,77.29166666666667,73.75,80.16666666666667,80.83333333333333,71.75,71.41666666666667,87.125,79.33333333333333,78.875,82.70833333333333,77.54166666666667,68.20833333333333,65.16666666666667
2006-07-06T00:00:00Z,78.70833333333333,74.45833333333333,82.79166666666667,76.625,84.5,84.41666666666667,83.625,74.625,94.16666666666667,83.83333333333333,77.83333333333333,88.875,75,82.75,85.91666666666667,80.125,77.875,95.16666666666667,85.04166666666667,76.20833333333333,73.16666666666667,83.29166666666667,81.25,80.45833333333333
2006-07-07T00:00:00Z,64.125,68.375,65.08333333333333,71.25,75.08333333333333,75.95833333333333,71.5,65.83333333333333,73.25,64.95833333333333,62.291666666666664,72.91666666666667,58.416666666666664,64.875,68.91666666666667,68,73.08333333333333,77.58333333333333,73.54166666666667,66.16666666666667,65.25,73.91666666666667,67.45833333333333,67.54166666666667
2006-07-08T00:00:00Z,67.125,70.66666666666667,63.041666666666664,65.20833333333333,73.29166666666667,70.75,65.08333333333333,71.54166666666667,68.04166666666667,62.375,60.708333333333336,71.5,60.708333333333336,64.83333333333333,69.875,70.83333333333333,62.333333333333336,78.83333333333333,72.79166666666667,69.08333333333333,67.79166666666667,67.20833333333333,60.166666666666664,67.625
2006-07-09T00:00:00Z,63.291666666666664,78.54166666666667,72.41666666666667,64.375,70.41666666666667,70.66666666666667,62.625,78.08333333333333,66.875,70.25,63.541666666666664,74.04166666666667,70.41666666666667,66.45833333333333,67.33333333333333,72.70833333333333,67.58333333333333,86.25,72.33333333333333,79.08333333333333,78.20833333333333,71.58333333333333,62.041666666666664,62.083333333333336
2006-07-10T00:00:00Z,68.29166666666667,73.95833333333333,65,62.833333333333336,75.875,76.125,63.416666666666664,67.79166666666667,70.875,66.95833333333333,59.791666666666664,66,67.04166666666667,65.91666666666667,85.91666666666667,70.41666666666667,71.83333333333333,76.375,84.70833333333333,68,74.875,76.625,66.70833333333333,62.083333333333336
2006-07-11T00:00:00Z,67,84.5,67.75,69.29166666666667,74.41666666666667,74.20833333333333,67.25,81.08333333333333,73.45833333333333,67.58333333333333,62.875,67.75,65.75,65.20833333333333,83.04166666666667,68.75,75.08333333333333,79.375,80.66666666666667,78.5,78.70833333333333,77.375,66.33333333333333,63.791666666666664
2006-07-12T00:00:00Z,67.875,77.25,72.95833333333333,71.58333333333333,74.29166666666667,77.54166666666667,73.91666666666667,76.08333333333333,77.625,70.33333333333333,64.58333333333333,74.08333333333333,67.04166666666667,68.83333333333333,83.83333333333333,71.41666666666667,78.75,82.08333333333333,82.45833333333333,71.70833333333333,76.16666666666667,79.79166666666667,64.91666666666667,66.70833333333333
2006-07-13T00:00:00Z,70.95833333333333,79.91666666666667,72.70833333333333,67.41666666666667,78.875,75.79166666666667,70.45833333333333,74.29166666666667,75.45833333333333,73.54166666666667,70.33333333333333,73.125,72.04166666666667,71.5,82.83333333333333,73.625,71.08333333333333,85.91666666666667,80.79166666666667,76.66666666666667,82.54166666666667,75.66666666666667,75.08333333333333,66.95833333333333
2006-07-14T00:00:00Z,77.33333333333333,86.83333333333333,77.75,67.20833333333333,85.45833333333333,73.95833333333333,68.91666666666667,68.79166666666667,72.20833333333333,80.70833333333333,77.83333333333333,77,75.375,79.45833333333333,81.70833333333333,79.125,72.125,89.16666666666667,82.66666666666667,75.58333333333333,83.33333333333333,73.95833333333333,82.83333333333333,70.375
2006-07-15T00:00:00Z,74,82.79166666666667,74.08333333333333,72.5,82.5,77.625,73.79166666666667,73.625,70.91666666666667,78.375,67.875,74.54166666666667,74.25,72.91666666666667,87.875,75.75,73.20833333333333,84.66666666666667,85.95833333333333,70.08333333333333,84.875,77.79166666666667,79.29166666666667,69.66666666666667
2006-07-16T00:00:00Z,67.33333333333333,71.75,62.5,67.75,75.5,80.66666666666667,67.66666666666667,63.291666666666664,69.375,63.375,58.5,69.16666666666667,61.583333333333336,63.833333333333336,81.83333333333333,63.625,73.83333333333333,77.70833333333333,81.16666666666667,60.375,63.5,76.5,74.5,66.20833333333333
2006-07-17T00:00:00Z,67.125,70.16666666666667,59.541666666666664,64.79166666666667,71.25,72.91666666666667,64.41666666666667,68.95833333333333,69.08333333333333,59.875,52.875,70.5,59.625,64.45833333333333,75.91666666666667,64.5,70.45833333333333,76.25,73.58333333333333,63.25,67.79166666666667,74.25,61.875,61.833333333333336
2006-07-18T00:00:00Z,67,67.79166666666667,61.5,64.58333333333333,75.66666666666667,72.41666666666667,61.666666666666664,67.45833333333333,70.95833333333333,58.166666666666664,55.041666666666664,68.25,59.666666666666664,64,79,64.41666666666667,69.75,76.58333333333333,79.375,62,68.5,74.45833333333333,66.375,58.333333333333336
2006-07-19T00:00:00Z,70.625,68.70833333333333,62.625,66.33333333333333,77.54166666666667,71,64.25,69.95833333333333,73.79166666666667,68.375,54,70.20833333333333,58.625,78.29166666666667,72.70833333333333,67.75,71.54166666666667,73.125,76.5,62.416666666666664,66.41666666666667,74.70833333333333,78.41666666666667,63.875
2006-07-20T00:00:00Z,71.08333333333333,74.45833333333333,68.29166666666667,73.5,74.29166666666667,79.625,76.08333333333333,80.5,80.5,69.66666666666667,63.583333333333336,78.45833333333333,77.83333333333333,72.79166666666667,76,70.75,76.08333333333333,87.375,79.83333333333333,79.91666666666667,79.25,82.04166666666667,69.875,70.125
2006-07-21T00:00:00Z,68.79166666666667,80.25,68.41666666666667,71.45833333333333,74.04166666666667,79,72.5,75.33333333333333,75.54166666666667,71.54166666666667,62.833333333333336,77.16666666666667,71.125,68.91666666666667,75.16666666666667,69.16666666666667,73.79166666666667,85.70833333333333,78.79166666666667,75.20833333333333,83.04166666666667,80.125,64.58333333333333,65.75
2006-07-22T00:00:00Z,69.875,74.66666666666667,79.70833333333333,68.58333333333333,72.16666666666667,76.45833333333333,71.91666666666667,70.95833333333333,75.625,77.66666666666667,71.125,76.41666666666667,73.125,73.625,75.58333333333333,71.5,68.75,90.5,75.83333333333333,75.625,77.33333333333333,75.375,67.5,64.5
2006-07-23T00:00:00Z,73.33333333333333,70.54166666666667,83.79166666666667,75.04166666666667,86.125,84.45833333333333,75.91666666666667,73.16666666666667,84.375,78.79166666666667,80.25,88.83333333333333,75.95833333333333,80.375,87.70833333333333,87.33333333333333,75.16666666666667,92.16666666666667,85.45833333333333,78.41666666666667,75.33333333333333,86.29166666666667,74.375,76.83333333333333
2006-07-24T00:00:00Z,68.79166666666667,79.20833333333333,77.5,84.08333333333333,78.75,81.66666666666667,88.58333333333333,78.33333333333333,82.5,70.375,82.58333333333333,78,73.41666666666667,69.75,81.33333333333333,73.83333333333333,83.75,91.16666666666667,84.33333333333333,73.875,74.25,84.45833333333333,68.625,70.125
2006-07-25T00:00:00Z,79.20833333333333,76.125,78.91666666666667,78.58333333333333,86.375,87.29166666666667,80.75,79.375,88.79166666666667,83.91666666666667,80.29166666666667,88.125,77.5,85.41666666666667,88.375,86.95833333333333,77.16666666666667,90.04166666666667,86.04166666666667,82.16666666666667,82.70833333333333,85.04166666666667,83.20833333333333,77.33333333333333
2006-07-26T00:00:00Z,76.75,74.79166666666667,74.625,75.54166666666667,83.20833333333333,80.33333333333333,75.70833333333333,68.83333333333333,82,75.58333333333333,65.33333333333333,77.91666666666667,72.29166666666667,77.58333333333333,80.5,80.33333333333333,79.83333333333333,84.875,84.25,78.125,77.45833333333333,82.08333333333333,77.83333333333333,72.66666666666667
2006-07-27T00:00:00Z,73.83333333333333,76.91666666666667,67.95833333333333,77.58333333333333,79.45833333333333,80.75,79.25,64.54166666666667,85.91666666666667,70.45833333333333,58.958333333333336,81.70833333333333,65.66666666666667,74.25,81.91666666666667,75.29166666666667,80.45833333333333,80.79166666666667,86.33333333333333,74.25,77.625,82.41666666666667,67.75,67.625
2006-07-28T00:00:00Z,70.54166666666667,67.91666666666667,66.08333333333333,70.70833333333333,76.25,77.41666666666667,72.33333333333333,63.375,82.625,67.54166666666667,57.166666666666664,71.54166666666667,61.833333333333336,67.875,84.16666666666667,69.54166666666667,78.45833333333333,74.125,84.33333333333333,70.41666666666667,73,79.58333333333333,59.833333333333336,67.45833333333333
2006-07-29T00:00:00Z,73.83333333333333,83.16666666666667,76.20833333333333,74.16666666666667,77.70833333333333,75.91666666666667,72.95833333333333,69.95833333333333,76.875,76.70833333333333,69.33333333333333,71.83333333333333,75.45833333333333,74.125,86.04166666666667,68.70833333333333,78.79166666666667,90.875,83.83333333333333,78.875,75.16666666666667,79.45833333333333,60.291666666666664,70.75
2006-07-30T00:00:00Z,73.70833333333333,70.875,71.375,76.91666666666667,78.20833333333333,79.625,79.29166666666667,68.91666666666667,77.70833333333333,66.66666666666667,65.95833333333333,72.625,65.5,70.5,80.5,71.41666666666667,84.45833333333333,81.125,82.41666666666667,71.5,68.375,87,65.83333333333333,71.875
2006-07-31T00:00:00Z,67.95833333333333,69.29166666666667,71.45833333333333,65.875,76.5,75.875,66.45833333333333,74.625,73.91666666666667,65.25,62.5,73.83333333333333,61.125,70.04166666666667,77.70833333333333,72.04166666666667,74.20833333333333,79.83333333333333,78.33333333333333,66.91666666666667,70.33333333333333,79.70833333333333,63.708333333333336,63.125
2006-08-01T00:00:00Z,71.41666666666667,68.45833333333333,71.08333333333333,64.83333333333333,77.125,73.45833333333333,66.375,66.625,71.625,63.541666666666664,64.54166666666667,69.5,60.833333333333336,68.20833333333333,84.875,71.75,70.54166666666667,81.04166666666667,83.20833333333333,66.16666666666667,68.16666666666667,77.29166666666667,62.666666666666664,62.666666666666664
2006-08-02T00:00:00Z,71.29166666666667,70.58333333333333,71.20833333333333,67.79166666666667,75.83333333333333,75.08333333333333,67.16666666666667,67.75,78.125,64.70833333333333,65.25,68.91666666666667,62.458333333333336,66.70833333333333,82.33333333333333,69.58333333333333,73.29166666666667,80.45833333333333,87.16666666666667,71.04166666666667,69.83333333333333,77.91666666666667,59,65.20833333333333
2006-08-03T00:00:00Z,71,75.125,68.20833333333333,68.04166666666667,76.54166666666667,75.5,67.375,66.625,72.33333333333333,67.08333333333333,63.125,72.16666666666667,70.54166666666667,67.41666666666667,87.16666666666667,69.33333333333333,71.20833333333333,82.875,87.20833333333333,74.91666666666667,73.5,76.16666666666667,57.291666666666664,64.25
2006-08-04T00:00:00Z,65.33333333333333,71.125,66.54166666666667,64.16666666666667,74.04166666666667,76.83333333333333,65.625,66.58333333333333,71.45833333333333,64.54166666666667,55.333333333333336,74.70833333333333,67.45833333333333,66.66666666666667,88.375,66.41666666666667,70.70833333333333,79.20833333333333,83.83333333333333,65.75,65.16666666666667,76.83333333333333,66.08333333333333,60.291666666666664
2006-08-05T00:00:00Z,60.541666666666664,77.625,76.75,77.875,73.91666666666667,86,79.45833333333333,74.54166666666667,84.83333333333333,65.54166666666667,67.08333333333333,72.54166666666667,68.20833333333333,68.83333333333333,78.83333333333333,64.58333333333333,79.29166666666667,87.79166666666667,83.08333333333333,67.5,61.208333333333336,80.41666666666667,61.958333333333336,71.875
2006-08-06T00:00:00Z,58.833333333333336,77.45833333333333,77.08333333333333,79.54166666666667,69.5,74.83333333333333,75.91666666666667,81.25,70.79166666666667,75.08333333333333,72.91666666666667,76.08333333333333,72.875,56.083333333333336,69.04166666666667,65.95833333333333,77.83333333333333,89.66666666666667,71.125,72.91666666666667,73.79166666666667,76.125,65.20833333333333,60.458333333333336
2006-08-07T00:00:00Z,72.5,76.125,79.79166666666667,72.33333333333333,75.70833333333333,75.20833333333333,73.70833333333333,77.79166666666667,79.625,74.66666666666667,65.125,82.125,78.91666666666667,72.875,71.75,77.875,75.70833333333333,92.04166666666667,76.875,79.58333333333333,78.16666666666667,78.25,66.79166666666667,68.79166666666667
2006-08-08T00:00:00Z,68.83333333333333,73.125,76.70833333333333,71.91666666666667,81.375,71.08333333333333,74.33333333333333,70.33333333333333,76.79166666666667,71.375,65.83333333333333,78.08333333333333,74.70833333333333,74.29166666666667,81.29166666666667,71.125,75.45833333333333,92.66666666666667,80.875,75.66666666666667,74.83333333333333,76.54166666666667,72.95833333333333,65.41666666666667
2006-08-09T00:00:00Z,62.541666666666664,75.16666666666667,78.20833333333333,82.875,67.125,78.70833333333333,84.91666666666667,85.91666666666667,78.41666666666667,76.04166666666667,64.20833333333333,82,75.5,67.70833333333333,70.125,71.04166666666667,80.79166666666667,93.5,80.54166666666667,79.125,75.04166666666667,73.83333333333333,58.75,65.375
2006-08-10T00:00:00Z,73.25,74.95833333333333,78.25,78.08333333333333,75.375,77.54166666666667,78.58333333333333,74.41666666666667,81.58333333333333,74.33333333333333,76.04166666666667,75.875,76.5,72.91666666666667,71.04166666666667,70.20833333333333,83.45833333333333,92.875,80.5,75.75,77.70833333333333,81.125,66.20833333333333,69.54166666666667
2006-08-11T00:00:00Z,78.58333333333333,76.875,77.79166666666667,79.45833333333333,81.04166666666667,85.5,79.66666666666667,87.5,86.16666666666667,80.79166666666667,71.375,77.25,80.83333333333333,80.54166666666667,78.25,77.04166666666667,84.20833333333333,93.16666666666667,86.625,87.04166666666667,86.91666666666667,90.91666666666667,69.375,78.33333333333333
2006-08-12T00:00:00Z,66.29166666666667,87.75,81.66666666666667,77.91666666666667,58.291666666666664,73.25,78.75,85.16666666666667,76.66666666666667,81.16666666666667,85,85.33333333333333,84.08333333333333,66.95833333333333,62.583333333333336,65.5,79.91666666666667,97.79166666666667,73.20833333333333,88.5,80.95833333333333,77.20833333333333,49.291666666666664,64.95833333333333
2006-08-13T00:00:00Z,63.75,77.41666666666667,69.04166666666667,64.45833333333333,67.41666666666667,65.08333333333333,66.83333333333333,82.25,65.75,67.04166666666667,67.75,71.54166666666667,68.91666666666667,61.333333333333336,56.958333333333336,61.083333333333336,68.54166666666667,85.41666666666667,66.75,76.58333333333333,84.375,66.16666666666667,58.125,61.041666666666664
2006-08-14T00:00:00Z,65.91666666666667,79.08333333333333,71.58333333333333,65.83333333333333,68,71.79166666666667,69.95833333333333,78.66666666666667,72.625,69.45833333333333,70.125,69.75,73.58333333333333,61.166666666666664,59.083333333333336,66.95833333333333,70.83333333333333,86.33333333333333,68.625,83,78.58333333333333,72.66666666666667,56.416666666666664,63.5
2006-08-15T00:00:00Z,65.625,81.95833333333333,77.33333333333333,68.75,69.79166666666667,73.70833333333333,70.33333333333333,78.54166666666667,71.875,75.33333333333333,78.70833333333333,75.375,81.29166666666667,69.08333333333333,62.541666666666664,68.70833333333333,73.41666666666667,93.08333333333333,68.125,85.33333333333333,86.41666666666667,75.45833333333333,60.458333333333336,62.25
2006-08-16T00:00:00Z,67.66666666666667,82.33333333333333,80.66666666666667,74.45833333333333,78.625,75.375,74.375,79.70833333333333,78.08333333333333,74.33333333333333,80.20833333333333,86.70833333333333,77.875,68.875,79.66666666666667,71.04166666666667,74.75,93.66666666666667,80.04166666666667,82.125,68.66666666666667,74.08333333333333,78.5,67.04166666666667
2006-08-17T00:00:00Z,71.625,77.625,64.45833333333333,77.91666666666667,86.5,84.83333333333333,74.375,78.33333333333333,81.54166666666667,64.95833333333333,62.166666666666664,64.375,68.375,64.125,85.54166666666667,57.416666666666664,86.25,82.95833333333333,88.41666666666667,73.79166666666667,64.5,83.95833333333333,75.625,74.20833333333333
2006-08-18T00:00:00Z,71.95833333333333,75.5,69.41666666666667,79.125,81.54166666666667,80.04166666666667,82.45833333333333,76.95833333333333,89.41666666666667,73.41666666666667,60.958333333333336,80.5,67,73.95833333333333,74.83333333333333,72.75,81.79166666666667,82.58333333333333,82.91666666666667,74.41666666666667,68,81.58333333333333,74.95833333333333,72.95833333333333
2006-08-19T00:00:00Z,68.54166666666667,82.25,77.5,74.83333333333333,79.04166666666667,78.45833333333333,80.16666666666667,80,79.58333333333333,76.33333333333333,62.916666666666664,81.75,73.70833333333333,67.625,74.08333333333333,69.5,79.66666666666667,90,78.79166666666667,80.66666666666667,78.16666666666667,77.83333333333333,73.875,67.5
2006-08-20T00:00:00Z,69.625,90.16666666666667,76.5,71.66666666666667,77.41666666666667,77.08333333333333,74.58333333333333,79.70833333333333,79.45833333333333,74.95833333333333,75.41666666666667,80.95833333333333,79.04166666666667,65.66666666666667,75.08333333333333,68.25,74.25,94,79.25,83.70833333333333,84.375,78.16666666666667,64.33333333333333,67.04166666666667
2006-08-21T00:00:00Z,65.41666666666667,79.41666666666667,69.5,79,77.29166666666667,84.08333333333333,84.29166666666667,72,87.58333333333333,70.125,75.08333333333333,77,76.54166666666667,62.166666666666664,82,68.54166666666667,80.79166666666667,87.91666666666667,82.95833333333333,79.875,76.625,91,61.625,76.625
2006-08-22T00:00:00Z,76.79166666666667,78.91666666666667,87.375,82.20833333333333,81.66666666666667,88.83333333333333,82.20833333333333,74.41666666666667,87.54166666666667,79.91666666666667,88.5,86.33333333333333,86.25,73.16666666666667,88.54166666666667,81.625,87.33333333333333,98.41666666666667,86.875,86.66666666666667,83.45833333333333,92.04166666666667,60.541666666666664,78.66666666666667
2006-08-23T00:00:00Z,66.5,80.91666666666667,84.66666666666667,82.125,74.33333333333333,78.91666666666667,81.75,70.5,81.91666666666667,71.875,79.45833333333333,80.79166666666667,75.58333333333333,63.875,81.54166666666667,74.125,85.29166666666667,91.5,85.95833333333333,79.29166666666667,71.29166666666667,86,60.583333333333336,71.25
2006-08-24T00:00:00Z,69.375,81.16666666666667,74.83333333333333,70.625,75.16666666666667,74.58333333333333,73.29166666666667,83.83333333333333,78.25,64.79166666666667,82.66666666666667,71.20833333333333,76.95833333333333,63.416666666666664,77.83333333333333,68.20833333333333,73.83333333333333,90.75,77,83.25,77.375,74.08333333333333,65.16666666666667,67.29166666666667
2006-08-25T00:00:00Z,63.333333333333336,78.29166666666667,67.79166666666667,72.33333333333333,74.5,77.54166666666667,72.25,77.83333333333333,72.45833333333333,61.083333333333336,72.5,70.625,70.95833333333333,58.541666666666664,76.91666666666667,63.833333333333336,78.16666666666667,83.33333333333333,81.625,78.41666666666667,69.83333333333333,78.83333333333333,57.583333333333336,61.75
2006-08-26T00:00:00Z,63.041666666666664,73.875,68.41666666666667,68.29166666666667,75.79166666666667,74.375,70,70.375,67.29166666666667,59.25,70.25,66.66666666666667,70.08333333333333,56.75,71,61,74.375,85.95833333333333,76.5,76.79166666666667,67.08333333333333,74.875,60.916666666666664,62.583333333333336
2006-08-27T00:00:00Z,64.70833333333333,78.875,71.41666666666667,77.375,77.75,82.29166666666667,79.79166666666667,75.375,72.58333333333333,61.208333333333336,70.66666666666667,67.70833333333333,72.66666666666667,60.833333333333336,67.58333333333333,61.75,80.875,86.70833333333333,80.66666666666667,75.95833333333333,71.08333333333333,81.04166666666667,66.95833333333333,68.58333333333333
2006-08-28T00:00:00Z,64.29166666666667,78.45833333333333,70.75,72.04166666666667,76.29166666666667,79.41666666666667,73.875,77.66666666666667,73.625,64.45833333333333,67.16666666666667,66.25,70.41666666666667,59.5,77.54166666666667,62.541666666666664,77.54166666666667,83.83333333333333,83.58333333333333,76.75,70.66666666666667,82.33333333333333,60.708333333333336,68.625
2006-08-29T00:00:00Z,63.333333333333336,78.70833333333333,74.04166666666667,71.83333333333333,74.875,79.54166666666667,71.25,72,77.20833333333333,64.875,72,64.83333333333333,69.41666666666667,57.916666666666664,81.95833333333333,64.75,76.70833333333333,90,85.375,77.5,70.70833333333333,80.91666666666667,59.666666666666664,67.20833333333333
2006-08-30T00:00:00Z,75.08333333333333,84.79166666666667,85.91666666666667,73.58333333333333,86.33333333333333,84.70833333333333,73.95833333333333,89.875,86,82.25,85.5,84.25,82.83333333333333,79.08333333333333,82.04166666666667,84.625,75.91666666666667,96.83333333333333,83.91666666666667,84.75,82.33333333333333,81.45833333333333,83.95833333333333,76.16666666666667
2006-08-31T00:00:00Z,81.54166666666667,85.625,88.66666666666667,88.75,90.58333333333333,92.45833333333333,92.375,92.54166666666667,97.875,94.875,84.45833333333333,92.875,88.04166666666667,89.04166666666667,90.125,94.125,91.41666666666667,98.625,88.83333333333333,92.20833333333333,90.66666666666667,94.33333333333333,78.08333333333333,86.08333333333333
2006-09-01T00:00:00Z,83.66666666666667,84.20833333333333,76.83333333333333,80.95833333333333,87.16666666666667,84.08333333333333,78.875,85.83333333333333,92.91666666666667,88.45833333333333,77.54166666666667,87.45833333333333,72.5,86.5,81.45833333333333,86.79166666666667,80.5,92.5,84.95833333333333,80.33333333333333,77.54166666666667,86.625,53.416666666666664,86.95833333333333
2006-09-02T00:00:00Z,71.375,86.45833333333333,78.04166666666667,72.58333333333333,78.16666666666667,73.54166666666667,71.25,78.375,79.875,70.95833333333333,74.25,76.41666666666667,77.70833333333333,75.91666666666667,73.95833333333333,68.83333333333333,73.04166666666667,91.58333333333333,76.29166666666667,83.58333333333333,77.58333333333333,76.20833333333333,76.70833333333333,67.29166666666667
2006-09-03T00:00:00Z,72.08333333333333,84.95833333333333,72.79166666666667,74.20833333333333,81.125,78.16666666666667,77.16666666666667,82.79166666666667,76.33333333333333,75.33333333333333,80.375,81.16666666666667,79.66666666666667,72.95833333333333,79.95833333333333,74.95833333333333,79,93.875,83.08333333333333,83.33333333333333,81.5,79.91666666666667,75.41666666666667,70.08333333333333
2006-09-04T00:00:00Z,74.70833333333333,87.70833333333333,78.41666666666667,78.33333333333333,84.875,83.70833333333333,78.04166666666667,93,79.33333333333333,86.75,86.41666666666667,87.41666666666667,89.33333333333333,84.625,83.91666666666667,85.58333333333333,82.41666666666667,93.08333333333333,88.75,89.54166666666667,87.41666666666667,85.125,82,73.91666666666667
2006-09-05T00:00:00Z,80.625,89.20833333333333,81.70833333333333,85.25,89.45833333333333,86.29166666666667,82,85.45833333333333,91.5,82.29166666666667,85.33333333333333,89.29166666666667,85.95833333333333,83.79166666666667,88.625,84.04166666666667,85.41666666666667,90.20833333333333,85.75,87.95833333333333,83.375,87.125,85.83333333333333,83.45833333333333
2006-09-06T00:00:00Z,77.16666666666667,75.79166666666667,76.08333333333333,84.33333333333333,85.70833333333333,89.20833333333333,83.66666666666667,72.79166666666667,89.58333333333333,79.125,73.75,82.75,73.625,77.41666666666667,92.04166666666667,79.125,87.75,81.625,93.45833333333333,76.95833333333333,74.70833333333333,89.25,78.58333333333333,78.54166666666667
2006-09-07T00:00:00Z,72.95833333333333,87.375,79.5,77.70833333333333,78.41666666666667,77.20833333333333,81.875,85.75,78.08333333333333,79.33333333333333,81.04166666666667,82.625,83.25,76.75,78.375,78.75,77.29166666666667,81.25,81.25,87.29166666666667,81.29166666666667,76.16666666666667,74.375,72.33333333333333
2006-09-08T00:00:00Z,72.08333333333333,80.75,79.95833333333333,70.25,77.33333333333333,76.20833333333333,73.125,77.875,76.375,79.91666666666667,74.70833333333333,80.58333333333333,77.20833333333333,73.75,77.58333333333333,77.75,70.79166666666667,83.70833333333333,78.5,80.20833333333333,79.58333333333333,70.375,74.54166666666667,70.16666666666667
2006-09-09T00:00:00Z,67.41666666666667,82.83333333333333,79,74.83333333333333,76.625,76.33333333333333,76.375,80.08333333333333,77.79166666666667,74.20833333333333,75.95833333333333,79.95833333333333,79.04166666666667,74.33333333333333,77.79166666666667,77.375,73.04166666666667,82.58333333333333,75.45833333333333,81.04166666666667,78.125,74.54166666666667,70.66666666666667,72
2006-09-10T00:00:00Z,65.125,80.20833333333333,78.58333333333333,67.75,79.875,72.45833333333333,68.75,87.29166666666667,77.29166666666667,73.16666666666667,71.625,75.33333333333333,79.16666666666667,68.875,80,69.04166666666667,73.83333333333333,81.66666666666667,75,78.58333333333333,86.625,73.45833333333333,77.625,69.83333333333333
2006-09-11T00:00:00Z,64.16666666666667,83.04166666666667,75.20833333333333,69.75,68.58333333333333,73.625,73.91666666666667,87.5,78.54166666666667,79.33333333333333,72.45833333333333,78.79166666666667,78.58333333333333,75.58333333333333,69.66666666666667,74.625,72.91666666666667,81.83333333333333,75.54166666666667,72.625,82.16666666666667,73.08333333333333,66.16666666666667,72.125
2006-09-12T00:00:00Z,59,88.20833333333333,70.70833333333333,67.29166666666667,66.08333333333333,68.95833333333333,70.625,92.25,73,74.79166666666667,78.625,73.16666666666667,79.16666666666667,70.33333333333333,65.70833333333333,70,70.20833333333333,82,72.20833333333333,69.66666666666667,84.5,70.79166666666667,61.166666666666664,65.25
2006-09-13T00:00:00Z,69.91666666666667,92.5,88.41666666666667,85.66666666666667,83.83333333333333,82.125,85.625,94,88.54166666666667,91.375,90.875,91.08333333333333,92.125,84.875,75.08333333333333,87.04166666666667,84.83333333333333,96,80,89.875,85.70833333333333,82.04166666666667,78.33333333333333,81.08333333333333
2006-09-14T00:00:00Z,72.5,74.08333333333333,78.75,82.375,88.875,89.5,85.75,72.75,91.41666666666667,81.08333333333333,73.16666666666667,85.70833333333333,74.625,87.75,86.33333333333333,91.20833333333333,91.91666666666667,81.16666666666667,90.5,88.45833333333333,82.41666666666667,91.33333333333333,84.83333333333333,81.25
2006-09-15T00:00:00Z,65.375,72.83333333333333,71.875,70.625,84.95833333333333,82.125,71.33333333333333,65.875,76.66666666666667,67.79166666666667,63.791666666666664,76.5,69.125,71.95833333333333,89.79166666666667,76.45833333333333,76.16666666666667,73.66666666666667,91.33333333333333,75.91666666666667,68.79166666666667,80.25,80.25,71.375
2006-09-16T00:00:00Z,68.25,77.375,72.875,74.91666666666667,86.25,80.79166666666667,74.25,66.625,78.54166666666667,70.58333333333333,71.04166666666667,75,70.91666666666667,76.79166666666667,82.95833333333333,77.91666666666667,76.45833333333333,78.29166666666667,82.33333333333333,72.25,70,78.375,84.04166666666667,76.33333333333333
2006-09-17T00:00:00Z,67.45833333333333,78.20833333333333,76.16666666666667,74.79166666666667,78.20833333333333,77.66666666666667,75.58333333333333,66.20833333333333,78.91666666666667,74.79166666666667,70.08333333333333,78.125,73.33333333333333,75.29166666666667,76.58333333333333,77.91666666666667,76.25,80.41666666666667,78.625,74.75,76.375,77.70833333333333,70.375,74.70833333333333
2006-09-18T00:00:00Z,64.08333333333333,81.83333333333333,77.16666666666667,68.70833333333333,78.875,76.29166666666667,69.625,69.54166666666667,75.79166666666667,73.45833333333333,76.70833333333333,73.16666666666667,74.66666666666667,71,76.45833333333333,75.45833333333333,71.70833333333333,80.875,78.58333333333333,76.95833333333333,74.16666666666667,74.83333333333333,73.45833333333333,70.66666666666667
2006-09-19T00:00:00Z,69,73.25,75.625,75.41666666666667,81.875,83.29166666666667,75.5,63.333333333333336,84.125,79.20833333333333,76.58333333333333,78.66666666666667,73.16666666666667,80.91666666666667,85.45833333333333,80,81.75,80.375,86.54166666666667,65.83333333333333,69.125,80.375,78.29166666666667,75.45833333333333
2006-09-20T00:00:00Z,59.916666666666664,62.958333333333336,59.541666666666664,60,70.41666666666667,70.29166666666667,64.20833333333333,56.666666666666664,63,59.75,59.041666666666664,62.25,55.583333333333336,54.375,69.33333333333333,58.916666666666664,67.70833333333333,65.625,71.625,50.875,57.25,68.5,54.666666666666664,63.958333333333336
2006-09-21T00:00:00Z,57.416666666666664,78.375,58.25,60.916666666666664,63.083333333333336,66.58333333333333,65.375,68.375,68.66666666666667,61.875,63.458333333333336,64.54166666666667,67.66666666666667,64.375,60.166666666666664,64.33333333333333,65.625,69.16666666666667,71.58333333333333,70.29166666666667,63.916666666666664,64.875,58.625,64.5
2006-09-22T00:00:00Z,59.75,87.375,68.54166666666667,71.83333333333333,69.75,68.95833333333333,73.16666666666667,78.625,75,70.66666666666667,73.375,68.04166666666667,80.16666666666667,67.41666666666667,65.16666666666667,72.33333333333333,74.91666666666667,83.45833333333333,68.95833333333333,82.83333333333333,75.91666666666667,71.41666666666667,65.79166666666667,62.458333333333336
2006-09-23T00:00:00Z,63.916666666666664,78.95833333333333,76.08333333333333,75.125,76.125,79.41666666666667,74.66666666666667,74.54166666666667,74.875,73.125,74.58333333333333,70.91666666666667,76.5,75.875,75.66666666666667,75.79166666666667,76.625,80.54166666666667,79.25,78.79166666666667,71.45833333333333,78,70.66666666666667,69.29166666666667
2006-09-24T00:00:00Z,66.45833333333333,86.625,77.54166666666667,71.79166666666667,77.91666666666667,78.04166666666667,73.375,69.20833333333333,74.66666666666667,74.70833333333333,79.5,71.20833333333333,81.25,69.75,81.16666666666667,72.125,76.25,84.375,82.75,80.70833333333333,79,77.5,74.375,72.58333333333333
2006-09-25T00:00:00Z,67.04166666666667,72.5,66.79166666666667,76.125,81.45833333333333,82.375,76.625,63.75,74.20833333333333,72.95833333333333,66.08333333333333,73.125,69.45833333333333,69.83333333333333,81.875,75.625,80.54166666666667,74.04166666666667,82.79166666666667,72.875,72.375,80.16666666666667,73.58333333333333,75.04166666666667
2006-09-26T00:00:00Z,61.916666666666664,73.95833333333333,65.04166666666667,65.25,72.29166666666667,76.375,65.75,57.541666666666664,69.625,66.83333333333333,66.91666666666667,70.125,69.20833333333333,61.958333333333336,68.16666666666667,68.5,68.45833333333333,75.58333333333333,77.625,75.25,66.20833333333333,70.5,61.375,69.08333333333333
2006-09-27T00:00:00Z,61,78.16666666666667,76.29166666666667,67.16666666666667,75.41666666666667,74.54166666666667,66.875,73.41666666666667,74.16666666666667,72.16666666666667,77.79166666666667,72.5,77.125,69.41666666666667,67.20833333333333,73.375,71.41666666666667,80.875,72.33333333333333,78.58333333333333,72.83333333333333,72.91666666666667,71.79166666666667,72.16666666666667
2006-09-28T00:00:00Z,59.791666666666664,82.875,72.54166666666667,74.625,75.04166666666667,78.29166666666667,73.875,67.79166666666667,75.25,76.125,73.70833333333333,67.125,80.5,71.41666666666667,73.75,71.83333333333333,75.125,76.58333333333333,76,83.25,81.625,77.91666666666667,67.16666666666667,67.625
2006-09-29T00:00:00Z,61.833333333333336,72.375,65.75,68.70833333333333,73.95833333333333,73,68.45833333333333,56.041666666666664,74.125,66.41666666666667,60.583333333333336,70.66666666666667,66.20833333333333,69.83333333333333,70.25,73.29166666666667,67.625,75.33333333333333,67.375,63.416666666666664,62.75,73.75,67.33333333333333,70.5
2006-09-30T00:00:00Z,60.583333333333336,75.20833333333333,68.04166666666667,66.91666666666667,73.125,71.83333333333333,65.79166666666667,65.16666666666667,70.83333333333333,70.45833333333333,68.33333333333333,69.75,70.29166666666667,69.29166666666667,69.625,73.83333333333333,71,77.58333333333333,70.95833333333333,74.04166666666667,70.33333333333333,74.04166666666667,65.66666666666667,65.5
2006-10-01T00:00:00Z,63.75,69.91666666666667,67.25,68.83333333333333,75.70833333333333,73.75,66.5,56.25,73.79166666666667,64.58333333333333,62.208333333333336,67.125,63.125,69.83333333333333,72.83333333333333,72.25,68.33333333333333,76.04166666666667,75.125,67.625,67.08333333333333,71.125,72.29166666666667,69.04166666666667
2006-10-02T00:00:00Z,57.916666666666664,77.625,68.79166666666667,67.33333333333333,68.125,70.75,65.70833333333333,56.875,70.75,64.625,65.04166666666667,69.875,70.5,68.95833333333333,68.16666666666667,71.125,67.91666666666667,75.83333333333333,74.41666666666667,74.54166666666667,65.25,71.29166666666667,57.25,66.20833333333333
2006-10-03T00:00:00Z,60.75,80.625,75.08333333333333,65.79166666666667,71.75,71.41666666666667,64.45833333333333,65.41666666666667,70.66666666666667,70.08333333333333,72.79166666666667,69.375,73.83333333333333,70.125,65.125,71.5,73.29166666666667,79.04166666666667,74.5,74.5,72.20833333333333,76.16666666666667,61.458333333333336,65.83333333333333
2006-10-04T00:00:00Z,60.916666666666664,76.70833333333333,74.20833333333333,68.29166666666667,73.83333333333333,73.29166666666667,67.95833333333333,59.166666666666664,71.58333333333333,70.70833333333333,69.04166666666667,70.45833333333333,71.08333333333333,68.91666666666667,71.875,72.29166666666667,76.16666666666667,82.25,77.83333333333333,74,69.16666666666667,77.95833333333333,66.08333333333333,66.625
2006-10-05T00:00:00Z,65.04166666666667,78.16666666666667,71.70833333333333,69.25,79.125,74.875,71.91666666666667,63.208333333333336,74.54166666666667,74.04166666666667,64.875,70.58333333333333,71,74,77,71.54166666666667,71.58333333333333,77.54166666666667,79,73.20833333333333,78.45833333333333,76.33333333333333,73.20833333333333,68.5
2006-10-06T00:00:00Z,74.375,73.375,77.125,78.54166666666667,84.54166666666667,83.04166666666667,82.25,73.54166666666667,90.91666666666667,86.91666666666667,63.333333333333336,83.625,73.79166666666667,89.5,81.25,87.625,80.25,82.66666666666667,84.54166666666667,69.29166666666667,81.33333333333333,84.33333333333333,84.375,86.41666666666667
2006-10-07T00:00:00Z,76.33333333333333,72.20833333333333,82.33333333333333,74.91666666666667,87.08333333333333,85,79.375,74.875,84.04166666666667,90.5,69.33333333333333,88.25,77.83333333333333,86.625,90.45833333333333,87.66666666666667,74.875,81.75,88.83333333333333,76.20833333333333,78,80.75,85.875,79.95833333333333
2006-10-08T00:00:00Z,69.58333333333333,85.20833333333333,88.66666666666667,85.29166666666667,81.95833333333333,84.41666666666667,88,82.16666666666667,91.08333333333333,89.95833333333333,81.54166666666667,88,86.125,84.125,84.95833333333333,89.04166666666667,83.95833333333333,90.5,87.75,83.875,80.54166666666667,86.20833333333333,79.25,78.70833333333333
2006-10-09T00:00:00Z,70.66666666666667,71.95833333333333,73.66666666666667,86.79166666666667,86.75,87.91666666666667,89.58333333333333,50.125,91.625,73.08333333333333,66.91666666666667,77.70833333333333,71.20833333333333,77.54166666666667,88,73.125,84.45833333333333,77.91666666666667,89.375,74.20833333333333,60.291666666666664,83.45833333333333,83.41666666666667,80.29166666666667
2006-10-10T00:00:00Z,60.625,75.83333333333333,67.54166666666667,77.83333333333333,70.08333333333333,74.20833333333333,77.79166666666667,56.291666666666664,72.79166666666667,62.625,61.125,70.08333333333333,67.75,70.625,83.58333333333333,67.91666666666667,81.375,76.29166666666667,80.33333333333333,67.95833333333333,66.83333333333333,74.70833333333333,69.95833333333333,67.5
2006-10-11T00:00:00Z,72.20833333333333,83.25,79.91666666666667,79.20833333333333,85,81.58333333333333,78.25,69.66666666666667,82.625,81.58333333333333,72.5,79.33333333333333,79.91666666666667,80.875,86.875,82.04166666666667,78.29166666666667,84.41666666666667,88.75,81.54166666666667,82.08333333333333,80.33333333333333,87.70833333333333,80.41666666666667
2006-10-12T00:00:00Z,61.416666666666664,66,71.25,69.58333333333333,77.04166666666667,78.25,70.5,53.5,75.08333333333333,63.375,56.958333333333336,70.08333333333333,59.875,61.083333333333336,75.41666666666667,68.625,70.08333333333333,70.45833333333333,76,55.791666666666664,54.291666666666664,75.625,69.33333333333333,74.79166666666667
2006-10-13T00:00:00Z,55.916666666666664,50.333333333333336,62.125,60.083333333333336,65.16666666666667,71.08333333333333,62.666666666666664,35.625,64.66666666666667,51.416666666666664,49.916666666666664,60.583333333333336,48.208333333333336,51.666666666666664,70.41666666666667,55.25,61.375,69.91666666666667,68.58333333333333,45.583333333333336,40.333333333333336,68.70833333333333,56.208333333333336,67.20833333333333
2006-10-14T00:00:00Z,54.625,47.416666666666664,54.875,57.958333333333336,64.79166666666667,63.958333333333336,57.75,23.416666666666668,63,48.125,48.458333333333336,60.708333333333336,46.958333333333336,54.125,41.833333333333336,58.791666666666664,57.791666666666664,63.666666666666664,59.458333333333336,45.583333333333336,44.833333333333336,64.83333333333333,56.666666666666664,62.125
2006-10-15T00:00:00Z,55.875,53,60.5,60.083333333333336,66.29166666666667,65.58333333333333,57.125,26.5,62.125,52.5,47.75,61.541666666666664,48.458333333333336,55.791666666666664,44.166666666666664,64.41666666666667,61.75,65.75,62.041666666666664,57.625,53.583333333333336,67.875,52.541666666666664,62.583333333333336
2006-10-16T00:00:00Z,60.166666666666664,72.70833333333333,56,57.5,70.5,72,56.291666666666664,56,71.04166666666667,59.083333333333336,63.166666666666664,59.166666666666664,72.75,64.20833333333333,63.75,66.375,61.541666666666664,74.54166666666667,64.75,77.08333333333333,64.375,68.70833333333333,66.79166666666667,64.20833333333333
2006-10-17T00:00:00Z,74.625,94.08333333333333,92.70833333333333,84.29166666666667,83.29166666666667,88.95833333333333,86.79166666666667,83.45833333333333,96.5,91.625,92.20833333333333,87.25,94.16666666666667,85.79166666666667,82.375,90.75,83,96,83.25,89.875,87.41666666666667,86.33333333333333,82.41666666666667,81.58333333333333
2006-10-18T00:00:00Z,72.25,84.08333333333333,90.16666666666667,88.29166666666667,87.29166666666667,86.95833333333333,89.20833333333333,78.04166666666667,92.91666666666667,81.54166666666667,85,83.95833333333333,83.54166666666667,78.875,91.25,84.04166666666667,88.45833333333333,91.25,93.66666666666667,73.91666666666667,72.29166666666667,91.08333333333333,87.375,80.75
2006-10-19T00:00:00Z,75.25,89.08333333333333,93.29166666666667,81.91666666666667,87.83333333333333,87.79166666666667,81.79166666666667,83.04166666666667,91.25,89.70833333333333,89.79166666666667,90.16666666666667,95.04166666666667,84.58333333333333,87.875,88.125,87.08333333333333,96,90.83333333333333,89.33333333333333,85.83333333333333,88.79166666666667,85.91666666666667,80.29166666666667
2006-10-20T00:00:00Z,58.5,74.58333333333333,67.16666666666667,64.875,72.58333333333333,69.5,65.20833333333333,67.04166666666667,69.29166666666667,69.41666666666667,70.125,70.20833333333333,68.45833333333333,65.20833333333333,80.5,68.25,66.45833333333333,70.95833333333333,77.79166666666667,65.375,66.25,67.875,67.625,63.291666666666664
2006-10-21T00:00:00Z,61.958333333333336,79.375,61.708333333333336,61.125,69.08333333333333,68.29166666666667,65.91666666666667,61.666666666666664,67.83333333333333,62.5,69.04166666666667,63.125,73.04166666666667,65.75,65.79166666666667,68.29166666666667,68.66666666666667,75.79166666666667,71.66666666666667,77.83333333333333,60.625,67.875,63.041666666666664,66.5
2006-10-22T00:00:00Z,79.41666666666667,71.58333333333333,82.83333333333333,90.08333333333333,87.70833333333333,81.375,91.5,60.916666666666664,94.83333333333333,86.66666666666667,75,89.08333333333333,76.66666666666667,85.25,79.125,93.41666666666667,84.625,84.95833333333333,77.79166666666667,71.83333333333333,74.70833333333333,87.20833333333333,81.33333333333333,82.5
2006-10-23T00:00:00Z,48,52.916666666666664,57.083333333333336,58.583333333333336,64.95833333333333,63.208333333333336,60.916666666666664,51.041666666666664,59.25,48.416666666666664,53,55.458333333333336,46.625,54,67,58.708333333333336,62.208333333333336,49.166666666666664,65.83333333333333,42.375,44.375,62.666666666666664,55,56.583333333333336
2006-10-24T00:00:00Z,44.041666666666664,58.791666666666664,62.5,55.958333333333336,55.75,54.416666666666664,54,51.708333333333336,53.708333333333336,49.375,61.25,53.125,49.291666666666664,50.875,52,54.375,48.958333333333336,64.95833333333333,52.875,48.166666666666664,40.75,54.666666666666664,45.416666666666664,49.708333333333336
2006-10-25T00:00:00Z,55.75,52.458333333333336,61.208333333333336,65.20833333333333,63.958333333333336,61.291666666666664,61.208333333333336,43.5,61.666666666666664,54.5,59.375,64.20833333333333,55.541666666666664,55.25,49.666666666666664,61.875,60.833333333333336,70.5,58.75,63.041666666666664,49.208333333333336,65.08333333333333,47.708333333333336,57.083333333333336
2006-10-26T00:00:00Z,56.666666666666664,57.041666666666664,62.875,63.5,63.333333333333336,66.54166666666667,63.375,52.708333333333336,69.375,62.166666666666664,59.958333333333336,65.54166666666667,64.625,58.958333333333336,54.916666666666664,69.25,63.666666666666664,70.54166666666667,61.75,63.208333333333336,59.875,69,51.708333333333336,64.16666666666667
2006-10-27T00:00:00Z,70.45833333333333,86.125,87.125,88.875,77,84.08333333333333,89.79166666666667,81.58333333333333,89.79166666666667,84.66666666666667,85.08333333333333,84.375,89.91666666666667,77.125,72.375,90.33333333333333,84.66666666666667,94.70833333333333,78.04166666666667,89.04166666666667,86.45833333333333,87.41666666666667,68.33333333333333,74.25
2006-10-28T00:00:00Z,53.75,60.291666666666664,64.20833333333333,61.125,67.20833333333333,62.833333333333336,58.916666666666664,58.333333333333336,64.54166666666667,63.833333333333336,63.166666666666664,60.291666666666664,61.375,57.583333333333336,72.58333333333333,61.958333333333336,62.458333333333336,61.25,70.20833333333333,64.70833333333333,56.5,66.70833333333333,63.375,61.166666666666664
2006-10-29T00:00:00Z,43.145833333333336,51.520833333333336,58.479166666666664,58.083333333333336,48.416666666666664,52.0625,56.6875,41.354166666666664,52.104166666666664,50.833333333333336,54.3125,52.291666666666664,45.604166666666664,48.1875,46.104166666666664,55.104166666666664,61.020833333333336,52.958333333333336,56.229166666666664,43.166666666666664,42.583333333333336,58.9375,44.4375,46.458333333333336
2006-10-30T00:00:00Z,57.208333333333336,62.625,62.75,63,68.58333333333333,70,63.416666666666664,41.458333333333336,62.875,58.208333333333336,56.958333333333336,60.583333333333336,58.125,56.833333333333336,75,66.33333333333333,67.625,69,72.875,62.375,58,74,64.08333333333333,59
2006-10-31T00:00:00Z,58.583333333333336,67.83333333333333,66.875,70.29166666666667,74.04166666666667,74.79166666666667,72.04166666666667,41.166666666666664,77.58333333333333,60.791666666666664,65.91666666666667,58.083333333333336,67.66666666666667,58.958333333333336,77,67.70833333333333,75.25,72.41666666666667,77.16666666666667,68.875,64.41666666666667,77.83333333333333,62.833333333333336,68.25
2006-11-01T00:00:00Z,59.333333333333336,72.29166666666667,68.79166666666667,72.75,71.95833333333333,75.83333333333333,73.29166666666667,58.75,74.25,63.166666666666664,67.70833333333333,61.916666666666664,65.5,58.958333333333336,76.95833333333333,68.54166666666667,78.5,73.83333333333333,83.41666666666667,65.79166666666667,63.166666666666664,78.875,69.33333333333333,67.75
2006-11-02T00:00:00Z,63.291666666666664,62.041666666666664,58.625,64.33333333333333,78.04166666666667,78.70833333333333,66.91666666666667,52.791666666666664,73.91666666666667,56,49.625,53.083333333333336,58.541666666666664,52.75,79.25,57.083333333333336,74.25,59.583333333333336,81.91666666666667,52.416666666666664,49.25,77.04166666666667,65.20833333333333,72.16666666666667
2006-11-03T00:00:00Z,42.5,40.791666666666664,43.041666666666664,47.125,49.375,51.208333333333336,52.958333333333336,33.5,52.583333333333336,39.083333333333336,33.416666666666664,45.916666666666664,36.458333333333336,42.458333333333336,55.708333333333336,46.625,49.25,47.333333333333336,51.791666666666664,40.458333333333336,33.208333333333336,50.166666666666664,43.625,53.583333333333336
2006-11-04T00:00:00Z,47.083333333333336,56.666666666666664,49,62.583333333333336,59.625,65.91666666666667,63.041666666666664,36.625,61.666666666666664,50.333333333333336,46.833333333333336,48.916666666666664,57.541666666666664,50.625,57.125,51.291666666666664,58.666666666666664,64.95833333333333,60.833333333333336,60.541666666666664,51.666666666666664,60.791666666666664,57.416666666666664,61.041666666666664
2006-11-05T00:00:00Z,55.25,60.416666666666664,55.416666666666664,62.375,63.791666666666664,68.79166666666667,61.333333333333336,41.875,67.79166666666667,54.291666666666664,49.458333333333336,57.75,59.791666666666664,58.833333333333336,68.625,60.333333333333336,69.20833333333333,64.625,72.95833333333333,59.916666666666664,54.791666666666664,68.41666666666667,68,67.54166666666667
2006-11-06T00:00:00Z,61.125,60.666666666666664,52.541666666666664,67.16666666666667,78.25,74.66666666666667,71.375,41.416666666666664,77.625,54.291666666666664,46.625,57.25,53.541666666666664,61.625,81.04166666666667,66.625,70.83333333333333,64.16666666666667,79.54166666666667,54.5,46.666666666666664,73.33333333333333,77,71.58333333333333
2006-11-07T00:00:00Z,75.20833333333333,87.66666666666667,86.83333333333333,88,86.5,89.45833333333333,91.5,77.45833333333333,97.5,89.29166666666667,85.45833333333333,87.70833333333333,86.625,91.20833333333333,82.04166666666667,90.70833333333333,87.625,92.70833333333333,88.70833333333333,81.5,79.54166666666667,89.5,79.5,85.5
2006-11-08T00:00:00Z,73.54166666666667,82.08333333333333,78.41666666666667,85.5,85.875,83.29166666666667,87.95833333333333,73.79166666666667,89.125,83.45833333333333,72.83333333333333,85.83333333333333,77.20833333333333,88.45833333333333,86,90.33333333333333,83.29166666666667,83.16666666666667,87.83333333333333,84.125,74.5,84.875,73.91666666666667,80.125
2006-11-09T00:00:00Z,62.291666666666664,61.791666666666664,65.54166666666667,71.54166666666667,74.45833333333333,72.45833333333333,67.875,46.458333333333336,75.04166666666667,63.208333333333336,58.166666666666664,68.45833333333333,57.125,65.54166666666667,83.66666666666667,70.41666666666667,72.16666666666667,73.54166666666667,75.41666666666667,66.33333333333333,53.375,75.54166666666667,70.5,71.08333333333333
2006-11-10T00:00:00Z,59.416666666666664,65.79166666666667,59.875,65.04166666666667,70.54166666666667,72.875,65.79166666666667,43.958333333333336,66,56.333333333333336,59.875,58.083333333333336,52.666666666666664,52.75,78.5,62.041666666666664,70.625,67.25,76.25,62.791666666666664,53.666666666666664,73.125,68.41666666666667,60.208333333333336
2006-11-11T00:00:00Z,60.5,77.70833333333333,70.29166666666667,71.75,79,79.45833333333333,73.75,60.333333333333336,69.16666666666667,64.04166666666667,76.04166666666667,58.5,71.5,62.583333333333336,84.70833333333333,67.83333333333333,75.33333333333333,74.875,87.29166666666667,68.45833333333333,64.625,78.70833333333333,74.25,65.83333333333333
2006-11-12T00:00:00Z,73.08333333333333,71.25,59.791666666666664,60.25,89.54166666666667,81.875,64.04166666666667,73.875,56.916666666666664,65.16666666666667,55.5,61.458333333333336,59.375,72.29166666666667,84.66666666666667,71.83333333333333,66.29166666666667,63.333333333333336,81.875,60.416666666666664,60.333333333333336,73.75,66.5,81.625
2006-11-13T00:00:00Z,71.75,62,60.208333333333336,68.54166666666667,87.79166666666667,77.33333333333333,71.29166666666667,70.08333333333333,74.20833333333333,69.45833333333333,48.291666666666664,68,53.625,69.70833333333333,85.875,72.70833333333333,70.875,67.25,79.54166666666667,66.33333333333333,69,74.16666666666667,75.20833333333333,76.125
2006-11-14T00:00:00Z,64.20833333333333,55.875,61.875,63.041666666666664,79.04166666666667,78.79166666666667,65,39.458333333333336,75.125,60.375,54.75,59.083333333333336,65.5,64.16666666666667,85.75,67.33333333333333,76.625,74.125,84.20833333333333,66.95833333333333,64.29166666666667,81.16666666666667,75.95833333333333,68.79166666666667
2006-11-15T00:00:00Z,63,85.54166666666667,68.20833333333333,69.08333333333333,82.58333333333333,75.95833333333333,70.375,72.25,79.41666666666667,66.41666666666667,80.91666666666667,65.33333333333333,84.83333333333333,66.875,82.5,70.79166666666667,72.875,87.625,78.08333333333333,85.45833333333333,73.20833333333333,75.66666666666667,77.45833333333333,68.91666666666667
2006-11-16T00:00:00Z,67.58333333333333,76.41666666666667,74.375,71.625,79.70833333333333,78.83333333333333,74.66666666666667,71.29166666666667,86.04166666666667,75.91666666666667,75.375,72.45833333333333,72.79166666666667,71.04166666666667,81.875,72.95833333333333,77.33333333333333,76.95833333333333,80.375,69.29166666666667,69.79166666666667,81.66666666666667,78.41666666666667,73.95833333333333
2006-11-17T00:00:00Z,57.75,68.875,65.5,68.66666666666667,69.91666666666667,73.08333333333333,67.29166666666667,66.29166666666667,69.75,64.66666666666667,61.458333333333336,64.875,63.083333333333336,58.708333333333336,66.95833333333333,63.916666666666664,68.66666666666667,71.45833333333333,72.41666666666667,60.958333333333336,56.208333333333336,73.625,64.5,62.958333333333336
2006-11-18T00:00:00Z,49.5,63.416666666666664,61.208333333333336,75.20833333333333,69.58333333333333,77.5,70.45833333333333,46.333333333333336,71.04166666666667,63.791666666666664,56.208333333333336,67.54166666666667,63.375,63.583333333333336,73.25,66.83333333333333,73.5,73.875,79.5,68.70833333333333,58.75,79,61.166666666666664,65.29166666666667
2006-11-19T00:00:00Z,61.458333333333336,74.79166666666667,66.04166666666667,70.375,69.20833333333333,73.16666666666667,68.91666666666667,63.25,76.25,68,60.375,69.875,73.33333333333333,68.70833333333333,64.375,69.75,71,73.70833333333333,72.41666666666667,69.58333333333333,65.20833333333333,74.79166666666667,59.541666666666664,70.5
2006-11-20T00:00:00Z,51.583333333333336,63.666666666666664,59.208333333333336,71.54166666666667,65.83333333333333,71.54166666666667,70.5,61,68.08333333333333,61.041666666666664,53.75,60.083333333333336,60.041666666666664,66.41666666666667,63.625,62.916666666666664,74.45833333333333,62.416666666666664,73,56.5,59.333333333333336,75.625,59.833333333333336,60.916666666666664
2006-11-21T00:00:00Z,66.45833333333333,57.75,69.41666666666667,88.25,78.75,85,89.75,49.958333333333336,85.58333333333333,72.83333333333333,54.083333333333336,71.5,55.541666666666664,70.04166666666667,86.20833333333333,71.91666666666667,86.5,64.375,77.45833333333333,47.75,54.083333333333336,93.25,59.916666666666664,74.20833333333333
2006-11-22T00:00:00Z,87.625,53.041666666666664,85.625,85.66666666666667,92.08333333333333,86.875,88.20833333333333,58.458333333333336,88.79166666666667,93.91666666666667,78.83333333333333,88.45833333333333,77.25,87.375,90.375,90.16666666666667,83.45833333333333,85.375,83.16666666666667,75.75,72.91666666666667,89.125,56.208333333333336,82.08333333333333
2006-11-23T00:00:00Z,89.70833333333333,42.708333333333336,69.75,81.70833333333333,88.95833333333333,86.58333333333333,82.70833333333333,53.458333333333336,80.08333333333333,75.04166666666667,62.041666666666664,79.45833333333333,56.458333333333336,88.08333333333333,92.875,86.41666666666667,82.54166666666667,68.66666666666667,81.95833333333333,57.625,59.291666666666664,84.66666666666667,60.166666666666664,81.16666666666667
2006-11-24T00:00:00Z,62.25,55.416666666666664,55.833333333333336,73.16666666666667,64.875,73.54166666666667,72.54166666666667,26.791666666666668,63.375,54.125,52.166666666666664,60.208333333333336,46.75,63.541666666666664,75.33333333333333,65.79166666666667,69.83333333333333,63.041666666666664,73.75,56.75,43.416666666666664,69.08333333333333,65.91666666666667,62.75
2006-11-25T00:00:00Z,59.208333333333336,61.041666666666664,53.5,64.16666666666667,77.54166666666667,72.20833333333333,61.291666666666664,29.541666666666668,53.583333333333336,53.416666666666664,48.166666666666664,54.666666666666664,50.791666666666664,52.5,77.04166666666667,61.041666666666664,64.20833333333333,64.45833333333333,70.91666666666667,59.833333333333336,52.75,66.33333333333333,81.20833333333333,67.66666666666667
2006-11-26T00:00:00Z,67.95833333333333,63.458333333333336,60.625,75.41666666666667,86.75,83.08333333333333,74.79166666666667,36,64.95833333333333,58.083333333333336,50.875,63.333333333333336,58.25,70.16666666666667,89.08333333333333,73.29166666666667,74.45833333333333,69.58333333333333,75.83333333333333,65.41666666666667,58.25,78.08333333333333,85.33333333333333,77.41666666666667
2006-11-27T00:00:00Z,71.79166666666667,64.70833333333333,71,77.04166666666667,86.75,83.54166666666667,78.45833333333333,39,84.875,58.875,54.291666666666664,70.625,58.708333333333336,65.08333333333333,86.91666666666667,74.70833333333333,78.58333333333333,70.58333333333333,76.125,66.66666666666667,60.25,80.20833333333333,90.04166666666667,78.625
2006-11-28T00:00:00Z,68.375,71.54166666666667,73.20833333333333,87.375,84.66666666666667,78.41666666666667,85.25,52.416666666666664,85.16666666666667,72.875,60.875,75,69.54166666666667,74.58333333333333,80.45833333333333,80.41666666666667,82.33333333333333,80.58333333333333,76.875,73.33333333333333,70.20833333333333,78.66666666666667,82.08333333333333,76.45833333333333
2006-11-29T00:00:00Z,68,89.66666666666667,79.25,78.16666666666667,88.375,81.79166666666667,80.875,75.20833333333333,82.625,85.75,81.875,83.83333333333333,79,82,80.79166666666667,87.54166666666667,81.75,90.375,63.583333333333336,80.95833333333333,82,81.625,86.125,74.25
2006-11-30T00:00:00Z,63.333333333333336,90.125,80.20833333333333,84.04166666666667,79.70833333333333,80.58333333333333,84.66666666666667,81.95833333333333,85,84.75,84.70833333333333,78.79166666666667,85.875,74.54166666666667,84.33333333333333,79.625,79.08333333333333,86.04166666666667,77.16666666666667,84.83333333333333,83.70833333333333,81.83333333333333,74.41666666666667,73.08333333333333
2006-12-01T00:00:00Z,64.20833333333333,63.166666666666664,63.666666666666664,79.66666666666667,84.75,84.33333333333333,79.875,56.75,84.33333333333333,66.16666666666667,62.416666666666664,66.08333333333333,58.166666666666664,70.25,89.875,72.25,81.41666666666667,58.875,91.75,50.416666666666664,60.333333333333336,84.125,75.33333333333333,78.04166666666667
2006-12-02T00:00:00Z,45.375,51.291666666666664,43.333333333333336,48.791666666666664,59.5,59.208333333333336,54.583333333333336,34.25,55.625,46.041666666666664,41,44.041666666666664,48.708333333333336,46.541666666666664,69.75,47.833333333333336,58.875,58.583333333333336,71.625,48.708333333333336,42.25,59.166666666666664,52.541666666666664,51.25
2006-12-03T00:00:00Z,60.166666666666664,53.375,46.25,80.625,69.54166666666667,80.45833333333333,86.58333333333333,43.041666666666664,84.54166666666667,52.208333333333336,40.958333333333336,50.75,58.583333333333336,64.875,74.66666666666667,64.58333333333333,83.5,55.125,80.875,54.416666666666664,49.625,82.25,68.04166666666667,73.04166666666667
2006-12-04T00:00:00Z,53.541666666666664,43.208333333333336,42.083333333333336,64.54166666666667,65.16666666666667,70.58333333333333,62.666666666666664,29.958333333333332,55.5,38.083333333333336,34.958333333333336,39.041666666666664,35.541666666666664,45.875,64.04166666666667,45.833333333333336,65.45833333333333,40.708333333333336,68.66666666666667,33.75,29.25,65.70833333333333,55.625,59.333333333333336
2006-12-05T00:00:00Z,49.041666666666664,43.125,47.791666666666664,63.5,59.041666666666664,64.54166666666667,60.666666666666664,28.125,62,43.666666666666664,39.791666666666664,54.041666666666664,43.375,49.333333333333336,48.041666666666664,52.5,63.958333333333336,58.791666666666664,54.041666666666664,48.5,33.333333333333336,65.54166666666667,52.583333333333336,56.5
2006-12-06T00:00:00Z,55.541666666666664,54.291666666666664,50.5,74.625,69.625,78.54166666666667,75.54166666666667,32.166666666666664,74.45833333333333,52.416666666666664,47.208333333333336,52.875,52,56.291666666666664,71.375,65.20833333333333,79.125,57.625,74.5,54.041666666666664,45.208333333333336,74.70833333333333,61.125,65.66666666666667
2006-12-07T00:00:00Z,36.708333333333336,50.625,39.583333333333336,51.083333333333336,58.041666666666664,54.041666666666664,54.125,47,57.708333333333336,42.75,39.375,40.5,41.833333333333336,48.75,70.875,51.125,57.916666666666664,39.583333333333336,68.41666666666667,43.5,40.541666666666664,57.25,55.166666666666664,49.166666666666664
2006-12-08T00:00:00Z,25.708333333333332,39.958333333333336,42.208333333333336,35.958333333333336,41.958333333333336,42,39.708333333333336,35.75,42.666666666666664,35.625,33.75,39,36.291666666666664,36.083333333333336,43.125,39.833333333333336,41.166666666666664,47.791666666666664,41.458333333333336,44.375,28.541666666666668,51.416666666666664,37,37.791666666666664
2006-12-09T00:00:00Z,43.041666666666664,45.791666666666664,50,55.291666666666664,51.958333333333336,57.583333333333336,54.375,13.833333333333334,57.208333333333336,37.125,38.25,47.791666666666664,43.416666666666664,40.416666666666664,46.791666666666664,44.25,58.541666666666664,55.666666666666664,60.666666666666664,49.583333333333336,35.166666666666664,60.791666666666664,46.375,54.083333333333336
2006-12-10T00:00:00Z,34.666666666666664,47.958333333333336,44.25,55.625,48.125,55.916666666666664,53.166666666666664,13.833333333333334,52.541666666666664,37.208333333333336,34.916666666666664,42.25,44.958333333333336,37.916666666666664,58.583333333333336,41.041666666666664,61.541666666666664,57.291666666666664,59.916666666666664,49.875,37.416666666666664,64.875,42.291666666666664,44.083333333333336
2006-12-11T00:00:00Z,46.416666666666664,45.041666666666664,38.041666666666664,61.625,61.75,62.458333333333336,60.541666666666664,22.333333333333332,58,34.708333333333336,29.75,41.375,37.5,41.833333333333336,62.083333333333336,42.333333333333336,62.833333333333336,57.208333333333336,66,44.291666666666664,37.916666666666664,64.20833333333333,51.708333333333336,49.916666666666664
2006-12-12T00:00:00Z,51.375,57.166666666666664,45.958333333333336,68.04166666666667,79.75,66.58333333333333,66.33333333333333,27.666666666666668,64.75,46.5,41.166666666666664,48.166666666666664,45.041666666666664,48.166666666666664,64.79166666666667,50.875,68.70833333333333,58.041666666666664,67.95833333333333,49.125,39.833333333333336,68.375,81.125,62.791666666666664
2006-12-13T00:00:00Z,69.08333333333333,72,64.95833333333333,87.58333333333333,93.20833333333333,84.91666666666667,83.41666666666667,56.5,72.375,71.20833333333333,56.541666666666664,71.625,62.916666666666664,74.75,85.95833333333333,74.33333333333333,89.08333333333333,66.08333333333333,91.66666666666667,67.58333333333333,75.70833333333333,86.75,87.54166666666667,76.5
2006-12-14T00:00:00Z,66.29166666666667,75.25,84.70833333333333,88.33333333333333,89.08333333333333,93.125,86.16666666666667,57.333333333333336,83.70833333333333,75.5,76.16666666666667,83.33333333333333,75.83333333333333,71.95833333333333,97.125,75.66666666666667,91.66666666666667,79.625,97.16666666666667,76.41666666666667,72.95833333333333,94.41666666666667,76.58333333333333,83.375
2006-12-15T00:00:00Z,64,62.625,77.16666666666667,79.54166666666667,80.29166666666667,82.95833333333333,78.875,47.75,73.66666666666667,70.75,64.75,79.25,58.333333333333336,70.625,87.66666666666667,74.25,81.66666666666667,75,93.375,58.458333333333336,57.666666666666664,83.66666666666667,69.75,69.95833333333333
2006-12-16T00:00:00Z,56.75,60.333333333333336,57.708333333333336,64.45833333333333,70.58333333333333,73.625,66.125,35.166666666666664,68.45833333333333,48.625,56.958333333333336,63.333333333333336,54,40.875,77.33333333333333,57.125,70,68.95833333333333,73.91666666666667,56.291666666666664,55.25,74.08333333333333,61.125,62
2006-12-17T00:00:00Z,59.25,64.58333333333333,75.5,68.54166666666667,67,70.20833333333333,72.5,36.333333333333336,72.20833333333333,62.416666666666664,62.291666666666664,64.29166666666667,64.58333333333333,54.5,70.70833333333333,64.33333333333333,76.25,79.29166666666667,82.375,70.45833333333333,65,76.08333333333333,60.291666666666664,65.41666666666667
2006-12-18T00:00:00Z,57.583333333333336,65.25,68.66666666666667,77.04166666666667,67.95833333333333,79.79166666666667,78.875,37.291666666666664,81.875,67.625,55.666666666666664,67.75,59,57.333333333333336,79.95833333333333,64.29166666666667,77.20833333333333,72.70833333333333,88.875,64.33333333333333,60.208333333333336,81.04166666666667,57.666666666666664,69.5
2006-12-19T00:00:00Z,55.375,78.41666666666667,64.66666666666667,67.91666666666667,75.70833333333333,80.75,73,59.333333333333336,77.58333333333333,63.416666666666664,57.958333333333336,66.91666666666667,60.833333333333336,59.916666666666664,79.75,66.875,78.5,66.95833333333333,81.66666666666667,65.70833333333333,58.458333333333336,80.16666666666667,69.33333333333333,72.08333333333333
2006-12-20T00:00:00Z,57,71.125,46.166666666666664,50.625,70.29166666666667,69.04166666666667,63.958333333333336,54.458333333333336,65.79166666666667,52.958333333333336,48.416666666666664,51.833333333333336,55.75,59.75,65.70833333333333,65.33333333333333,62.833333333333336,54.291666666666664,71.33333333333333,63.083333333333336,57.166666666666664,65.58333333333333,59.416666666666664,63.75
2006-12-21T00:00:00Z,63.458333333333336,89.20833333333333,64.66666666666667,71.625,69.70833333333333,76.66666666666667,75,78.375,78.08333333333333,62.041666666666664,67.83333333333333,64.33333333333333,77.625,63.875,86.125,68.70833333333333,79.83333333333333,78.41666666666667,84.25,82.91666666666667,72.66666666666667,79.91666666666667,66.875,67.54166666666667
2006-12-22T00:00:00Z,65.875,94.08333333333333,92.66666666666667,81.79166666666667,79.29166666666667,85.41666666666667,88.29166666666667,85.16666666666667,86.79166666666667,92.16666666666667,92.58333333333333,87.04166666666667,94.08333333333333,80.04166666666667,79.45833333333333,89.95833333333333,81.70833333333333,92.75,83.875,88.875,88.91666666666667,83.08333333333333,74.83333333333333,77.25
2006-12-23T00:00:00Z,72.875,74.70833333333333,75.54166666666667,85.95833333333333,89.70833333333333,90,86.16666666666667,62.333333333333336,91.41666666666667,72.95833333333333,73.66666666666667,81.91666666666667,69.375,73.91666666666667,94.375,85.375,88.29166666666667,78.20833333333333,96.54166666666667,64,68.875,71.25,85.625,83.79166666666667
2006-12-24T00:00:00Z,63.833333333333336,61.708333333333336,57.791666666666664,68.5,74.29166666666667,71.16666666666667,69.83333333333333,44.791666666666664,74,63.916666666666664,58,61.416666666666664,53.333333333333336,54.375,76.375,62.125,73.66666666666667,66.16666666666667,75.41666666666667,59.083333333333336,50.75,72.33333333333333,75.04166666666667,71
2006-12-25T00:00:00Z,75.125,86.20833333333333,88.70833333333333,86.20833333333333,87.58333333333333,87.66666666666667,85.54166666666667,82.375,75.95833333333333,89.70833333333333,88.75,87.33333333333333,89,85.16666666666667,84.79166666666667,89.91666666666667,86.29166666666667,92.33333333333333,89.83333333333333,86.125,80.375,91.95833333333333,82.08333333333333,84.41666666666667
2006-12-26T00:00:00Z,58.583333333333336,77.625,69.95833333333333,62.583333333333336,74.41666666666667,69.91666666666667,64.625,75.91666666666667,58.666666666666664,72.91666666666667,68.79166666666667,69.54166666666667,73.20833333333333,70.54166666666667,74.125,73.33333333333333,66.375,76.70833333333333,73.33333333333333,69.41666666666667,73.83333333333333,69.54166666666667,68.04166666666667,61.166666666666664
2006-12-27T00:00:00Z,49.333333333333336,62.708333333333336,59.75,61.75,63.5,63.916666666666664,64.08333333333333,52.958333333333336,62.041666666666664,55.791666666666664,56.75,59.458333333333336,53.958333333333336,52.125,59.125,62.916666666666664,62.125,63.791666666666664,67.45833333333333,55.208333333333336,47.208333333333336,67.16666666666667,50.375,54.541666666666664
2006-12-28T00:00:00Z,57.708333333333336,67.58333333333333,62.833333333333336,72.91666666666667,69.66666666666667,73.70833333333333,71.91666666666667,42.458333333333336,75.33333333333333,60.208333333333336,64.66666666666667,65.95833333333333,64.29166666666667,59.875,73.83333333333333,66.54166666666667,72.95833333333333,73.375,76.20833333333333,68.54166666666667,59.291666666666664,74.875,58.875,66.29166666666667
2006-12-29T00:00:00Z,58.875,63.666666666666664,69.79166666666667,74.95833333333333,73.75,74.375,75.125,41.833333333333336,75.375,66.29166666666667,66.58333333333333,73.41666666666667,68.54166666666667,56.333333333333336,81.5,71.91666666666667,74.125,80.41666666666667,74,70.125,59.416666666666664,73.875,67.41666666666667,67.66666666666667
2006-12-30T00:00:00Z,62.166666666666664,87.91666666666667,71.58333333333333,64.70833333333333,80.75,78.33333333333333,67.58333333333333,63.083333333333336,69.41666666666667,67.20833333333333,81.04166666666667,70.54166666666667,76.5,64.41666666666667,88.33333333333333,71.04166666666667,69.83333333333333,81.66666666666667,78.20833333333333,74.79166666666667,68,74.29166666666667,71.75,70.79166666666667
2006-12-31T00:00:00Z,58.833333333333336,93.375,82.04166666666667,77,80,69.20833333333333,73.29166666666667,86.20833333333333,77.125,86.20833333333333,92,75.5,93.79166666666667,62.416666666666664,76.5,70.875,71.08333333333333,92.66666666666667,74.45833333333333,90,87.54166666666667,72.45833333333333,72.20833333333333,61.791666666666664
2007-01-01T00:00:00Z,69.25,73.41666666666667,79.75,80.45833333333333,81.45833333333333,78.83333333333333,85.29166666666667,65,77.16666666666667,78.625,70.875,78.66666666666667,74.16666666666667,81.75,85.625,84.375,80.29166666666667,76.04166666666667,83.95833333333333,72.83333333333333,77.58333333333333,81.875,76.54166666666667,77.04166666666667
2007-01-02T00:00:00Z,52,62.125,60.875,64.08333333333333,62.041666666666664,65.33333333333333,63,53.75,61.791666666666664,60,58.625,61.916666666666664,57.083333333333336,58.208333333333336,63.958333333333336,65.25,67.58333333333333,68.875,68.33333333333333,61.708333333333336,55.833333333333336,67.33333333333333,58.458333333333336,58.541666666666664
2007-01-03T00:00:00Z,64.5,74.125,72.875,75.95833333333333,79.08333333333333,81.45833333333333,78.29166666666667,52.708333333333336,81.20833333333333,69.5,66.33333333333333,75.125,70.25,67.375,72.75,75.25,78.79166666666667,80.875,77.16666666666667,74.125,69,82.375,74.79166666666667,73.70833333333333
2007-01-04T00:00:00Z,60.75,82.95833333333333,83.54166666666667,82.79166666666667,71.91666666666667,79.375,81.79166666666667,69.41666666666667,80.875,83.125,78.125,84.95833333333333,76.95833333333333,72.375,77.29166666666667,81.41666666666667,80.70833333333333,85.625,78.95833333333333,76.79166666666667,75.04166666666667,86.95833333333333,71.83333333333333,72.08333333333333
2007-01-05T00:00:00Z,73.45833333333333,90.45833333333333,92.95833333333333,88.95833333333333,89.58333333333333,87.125,90.375,83.58333333333333,95.16666666666667,94,91.04166666666667,88.29166666666667,93.66666666666667,85.95833333333333,92.91666666666667,90.875,85.70833333333333,93.75,93.83333333333333,90.54166666666667,91.29166666666667,88.33333333333333,88.5,85.45833333333333
2007-01-06T00:00:00Z,65.79166666666667,76.5,75.33333333333333,70.875,77.91666666666667,74.04166666666667,71.58333333333333,61.291666666666664,86,75.91666666666667,73.29166666666667,75.95833333333333,74.625,70.83333333333333,82.83333333333333,76.5,72.5,81.16666666666667,87.5,70.125,68.33333333333333,76.66666666666667,70.66666666666667,73.33333333333333
2007-01-07T00:00:00Z,66.58333333333333,94.25,90.875,86.29166666666667,81.16666666666667,82.125,85.95833333333333,81.70833333333333,84.5,86.08333333333333,89.75,83.70833333333333,90.625,75.41666666666667,81.54166666666667,87.79166666666667,85.54166666666667,94.66666666666667,86.5,87.75,78.625,85.41666666666667,77.91666666666667,78.16666666666667
2007-01-08T00:00:00Z,50.958333333333336,57.541666666666664,59.083333333333336,69.625,69.79166666666667,74.54166666666667,68.45833333333333,47.666666666666664,71.54166666666667,61.458333333333336,50.916666666666664,55.125,53.541666666666664,57.708333333333336,79.5,61.625,74.79166666666667,54.333333333333336,83.79166666666667,47.291666666666664,53.291666666666664,79.5,68,62.416666666666664
2007-01-09T00:00:00Z,46.541666666666664,72.5,51.083333333333336,47.916666666666664,59.208333333333336,53.666666666666664,52.166666666666664,50.791666666666664,51.583333333333336,52.083333333333336,50.083333333333336,50.333333333333336,46.125,54.708333333333336,47.166666666666664,51.541666666666664,52.875,60.875,56.708333333333336,48.041666666666664,51.458333333333336,54.833333333333336,48.75,49.208333333333336
2007-01-10T00:00:00Z,41,48,43.583333333333336,50.666666666666664,58.458333333333336,53.208333333333336,49.416666666666664,40,52,46,36.166666666666664,51.333333333333336,39.375,46.583333333333336,45.458333333333336,50.083333333333336,50.833333333333336,47,53.875,38.333333333333336,38.708333333333336,59.5,43.75,46.166666666666664
2007-01-11T00:00:00Z,58.416666666666664,52.125,43.625,67.33333333333333,66.16666666666667,75.08333333333333,66.41666666666667,40.5,72.125,49.416666666666664,38.333333333333336,60.875,50.333333333333336,51.25,63.541666666666664,55.416666666666664,67.66666666666667,60.833333333333336,69.5,57.875,48.625,73.04166666666667,56.916666666666664,62.041666666666664
2007-01-12T00:00:00Z,62.916666666666664,68.45833333333333,67.625,82.95833333333333,74.83333333333333,75.70833333333333,77.125,64.5,80.08333333333333,59.958333333333336,60.666666666666664,76.16666666666667,62.833333333333336,63.416666666666664,83.41666666666667,70.95833333333333,74.875,72.58333333333333,82.54166666666667,67.41666666666667,60.833333333333336,75.91666666666667,73.625,70.95833333333333
2007-01-13T00:00:00Z,66.95833333333333,72.83333333333333,77.33333333333333,77.66666666666667,78,77.29166666666667,74.70833333333333,63.666666666666664,84,76,72.5,82.16666666666667,71.66666666666667,73.04166666666667,81.33333333333333,74.625,76,83.66666666666667,85.54166666666667,76.45833333333333,75.625,80.125,74.83333333333333,73.41666666666667
2007-01-14T00:00:00Z,66.25,75.125,71.79166666666667,85.25,76.75,78.16666666666667,81.5,65.70833333333333,73.125,71.375,69.91666666666667,75.875,73.79166666666667,74,85.04166666666667,69.125,78.875,75.58333333333333,90.08333333333333,71.625,75.75,82.75,70.91666666666667,71.5
2007-01-15T00:00:00Z,65.58333333333333,74.25,76.04166666666667,76.79166666666667,75.20833333333333,76.29166666666667,74.45833333333333,70.54166666666667,76.375,76.08333333333333,78.04166666666667,80.08333333333333,76.08333333333333,78.41666666666667,84.5,72.625,74.5,82.54166666666667,86.375,75.70833333333333,75,75.45833333333333,71.79166666666667,68.16666666666667
2007-01-16T00:00:00Z,56.166666666666664,75.45833333333333,63.958333333333336,75.45833333333333,75.29166666666667,73.875,72.83333333333333,72.41666666666667,71.08333333333333,60.25,67.95833333333333,67.54166666666667,58.208333333333336,52.291666666666664,82.54166666666667,59.125,73.41666666666667,61.166666666666664,84.66666666666667,45.916666666666664,59.375,75.58333333333333,65.16666666666667,62.166666666666664
2007-01-17T00:00:00Z,41.166666666666664,51.25,44.208333333333336,44.208333333333336,52.916666666666664,53.375,47.541666666666664,50.916666666666664,49.583333333333336,44.541666666666664,47.375,47.5,45.958333333333336,53.041666666666664,61.5,31.375,47.791666666666664,44.791666666666664,63.375,50.541666666666664,42.416666666666664,54.625,55,43.75
2007-01-18T00:00:00Z,81.20833333333333,77.83333333333333,81.16666666666667,94.33333333333333,88.125,88.375,90.83333333333333,74.45833333333333,93.70833333333333,80.33333333333333,79.5,90.16666666666667,78.08333333333333,85.91666666666667,88.54166666666667,76.20833333333333,87.45833333333333,78.875,92,81.95833333333333,73.83333333333333,89.16666666666667,87.04166666666667,82.58333333333333
2007-01-19T00:00:00Z,59.25,58.958333333333336,66.45833333333333,83.70833333333333,70.83333333333333,72.16666666666667,79.79166666666667,60.875,74.41666666666667,62.666666666666664,61.375,71.875,56.333333333333336,66.375,77.66666666666667,62.375,76.29166666666667,51.041666666666664,77.625,56.458333333333336,55.833333333333336,75.625,65.70833333333333,63.125
2007-01-20T00:00:00Z,40.708333333333336,41.875,40.125,54.083333333333336,50.666666666666664,52.875,51.333333333333336,45.375,51.875,39.541666666666664,33.958333333333336,47.75,35.083333333333336,48,45.458333333333336,44.583333333333336,51.791666666666664,29.708333333333332,54.916666666666664,35.5,34.75,54.416666666666664,40.458333333333336,43.375
2007-01-21T00:00:00Z,73.66666666666667,68.95833333333333,64,74.29166666666667,70.79166666666667,73.875,70.25,77.41666666666667,77.66666666666667,66.625,68.20833333333333,72.83333333333333,69.375,72.5,65.58333333333333,65.20833333333333,70.66666666666667,65.58333333333333,69.83333333333333,65.125,67.70833333333333,68.58333333333333,69.79166666666667,72.75
2007-01-22T00:00:00Z,83.41666666666667,85.33333333333333,91.75,94.29166666666667,91.75,89.66666666666667,93.375,77.91666666666667,94.58333333333333,94.54166666666667,87.20833333333333,99.70833333333333,91.33333333333333,96.79166666666667,94.79166666666667,91.33333333333333,90.16666666666667,82.33333333333333,93.91666666666667,92.625,89.79166666666667,92.16666666666667,91.91666666666667,85.5
2007-01-23T00:00:00Z,73.08333333333333,72.58333333333333,77.125,80.04166666666667,80.58333333333333,75.08333333333333,76.58333333333333,68.45833333333333,75.54166666666667,62.416666666666664,65.875,82.875,67.25,75.75,82.375,74.54166666666667,76.08333333333333,69.45833333333333,74.125,72.125,58.291666666666664,78.41666666666667,75.45833333333333,66.41666666666667
2007-01-24T00:00:00Z,66.91666666666667,62.375,61.291666666666664,80.41666666666667,75.95833333333333,70.79166666666667,76.04166666666667,61.875,74.70833333333333,57.791666666666664,58.416666666666664,74.20833333333333,59.75,70.79166666666667,76.625,65.25,73.75,58.041666666666664,72.95833333333333,65.29166666666667,56.875,72.29166666666667,72.45833333333333,66.25
2007-01-25T00:00:00Z,51.125,58.958333333333336,53.916666666666664,58.375,70.79166666666667,57.041666666666664,57.208333333333336,63.125,57.875,46.541666666666664,49.458333333333336,61.375,46.875,58.083333333333336,57.791666666666664,48.916666666666664,58.458333333333336,44.375,59.75,51.541666666666664,47.958333333333336,60.625,67.625,48.833333333333336
2007-01-26T00:00:00Z,32.041666666666664,49.333333333333336,41.708333333333336,42.041666666666664,45.916666666666664,40.833333333333336,41.541666666666664,38.583333333333336,40.958333333333336,40.208333333333336,38.625,50.416666666666664,35.041666666666664,43.916666666666664,42.541666666666664,40.125,44.333333333333336,35.166666666666664,43.666666666666664,37.583333333333336,38.833333333333336,44.333333333333336,40.041666666666664,34.708333333333336
2007-01-27T00:00:00Z,33.125,48.166666666666664,35.208333333333336,40.083333333333336,46.583333333333336,39.916666666666664,40.375,30.458333333333332,39.583333333333336,38.333333333333336,33.791666666666664,42,37.166666666666664,47,49.625,34.208333333333336,40.833333333333336,33.375,53.541666666666664,40.875,37.875,41.958333333333336,37.958333333333336,33.958333333333336
2007-01-28T00:00:00Z,49.666666666666664,56.583333333333336,46.125,58.375,76.58333333333333,70.45833333333333,61,54.333333333333336,72.33333333333333,45.416666666666664,46.75,50.125,44.25,48.833333333333336,80.125,42.333333333333336,64.04166666666667,33.083333333333336,76.91666666666667,45.75,48.833333333333336,67.20833333333333,62.958333333333336,64.375
2007-01-29T00:00:00Z,30.25,51.416666666666664,35.75,34.875,62.583333333333336,43.75,37.333333333333336,51.708333333333336,41.166666666666664,38.625,34.916666666666664,41.75,36.833333333333336,42.208333333333336,52.708333333333336,36.458333333333336,39.416666666666664,25.333333333333332,43.375,42.125,39.541666666666664,45.208333333333336,40.125,37.791666666666664
2007-01-30T00:00:00Z,45.083333333333336,48.666666666666664,41.208333333333336,41.833333333333336,58,42.958333333333336,43.916666666666664,47.166666666666664,50.916666666666664,42.125,33.125,46.958333333333336,37.041666666666664,51.333333333333336,48.666666666666664,43.833333333333336,40.041666666666664,38.125,47.375,44.458333333333336,44.375,40.916666666666664,45.958333333333336,45.458333333333336
2007-01-31T00:00:00Z,31.875,43.25,37.375,45.625,46.125,45.916666666666664,44.666666666666664,45.083333333333336,42.625,37.625,34.625,43.416666666666664,36.916666666666664,41.583333333333336,50.041666666666664,38.208333333333336,43.666666666666664,25.666666666666668,46.583333333333336,39.958333333333336,37.25,46.125,43.25,40.083333333333336
2007-02-01T00:00:00Z,73.66666666666667,81.29166666666667,82.58333333333333,86.875,80.25,84.66666666666667,84.95833333333333,71.45833333333333,84.75,77.58333333333333,81.41666666666667,82.70833333333333,74.625,76.91666666666667,79.66666666666667,74.29166666666667,80.83333333333333,72.5,82.70833333333333,80.58333333333333,74.45833333333333,83.45833333333333,69.79166666666667,77.04166666666667
2007-02-02T00:00:00Z,85.20833333333333,82.83333333333333,87.75,89.58333333333333,91.08333333333333,89.75,90.95833333333333,80.41666666666667,94,89.125,83.20833333333333,87.29166666666667,84.29166666666667,97.79166666666667,94.875,87.33333333333333,87.79166666666667,78.375,95.125,85.16666666666667,84.83333333333333,89.5,91.25,85.5
2007-02-03T00:00:00Z,49.791666666666664,45.958333333333336,49.041666666666664,51.458333333333336,54.416666666666664,55.083333333333336,51.083333333333336,48.458333333333336,51.666666666666664,43.125,47.958333333333336,51.291666666666664,35.5,52.291666666666664,61.916666666666664,44.916666666666664,54.25,33.75,62.333333333333336,35.125,39.083333333333336,57.041666666666664,49.666666666666664,45.375
2007-02-04T00:00:00Z,34.166666666666664,43.333333333333336,39.791666666666664,40.375,46.25,44.291666666666664,41.583333333333336,46.208333333333336,46.5,42.583333333333336,38.083333333333336,44.541666666666664,34.708333333333336,45.833333333333336,46.458333333333336,40.625,38.916666666666664,35.708333333333336,50,34.25,34.958333333333336,43.416666666666664,34.125,37.708333333333336
2007-02-05T00:00:00Z,16.583333333333332,37.958333333333336,31.708333333333332,39.708333333333336,35.791666666666664,37.25,34.708333333333336,42.208333333333336,35.25,33.541666666666664,29.458333333333332,34.958333333333336,27.541666666666668,36.083333333333336,39,31.333333333333332,39.166666666666664,18.125,42.541666666666664,28.416666666666668,32.708333333333336,40.166666666666664,31.083333333333332,28.833333333333332
2007-02-06T00:00:00Z,18.25,41.208333333333336,38.916666666666664,37.375,35.25,35.875,40.75,53.125,39.375,40.333333333333336,40.416666666666664,44.958333333333336,36.958333333333336,38.5,39.791666666666664,37.041666666666664,40.375,31.916666666666668,39,41.458333333333336,37.5,37.5,30.75,27.875
2007-02-07T00:00:00Z,35.625,49.166666666666664,43.541666666666664,59.208333333333336,56.625,55.125,57.125,54.583333333333336,52.291666666666664,44.333333333333336,41.916666666666664,51.666666666666664,39.083333333333336,48.916666666666664,64.54166666666667,42.666666666666664,59.083333333333336,29.166666666666668,60.791666666666664,34.208333333333336,46.5,54.833333333333336,54.541666666666664,44.416666666666664
2007-02-08T00:00:00Z,34.333333333333336,38.041666666666664,38.75,45.666666666666664,50.791666666666664,51.458333333333336,48.916666666666664,29.208333333333332,43.458333333333336,34.041666666666664,41.875,46.208333333333336,34.75,34.5,51.791666666666664,34.333333333333336,45.416666666666664,37.416666666666664,51.666666666666664,33.125,29.25,52.916666666666664,44.958333333333336,39.208333333333336
2007-02-09T00:00:00Z,28.291666666666668,28.166666666666668,25,35.166666666666664,45.458333333333336,39.375,33.875,29.708333333333332,37.333333333333336,25.708333333333332,34.958333333333336,36.083333333333336,28.083333333333332,34.125,49.25,32.083333333333336,37.291666666666664,47.375,49.958333333333336,34.541666666666664,18.958333333333332,38.291666666666664,41.791666666666664,40.166666666666664
2007-02-10T00:00:00Z,28.916666666666668,31.708333333333332,30.708333333333332,33.333333333333336,49.791666666666664,38.166666666666664,33.958333333333336,28.458333333333332,33.208333333333336,23.083333333333332,30.541666666666668,35.666666666666664,32.583333333333336,26.916666666666668,49.291666666666664,26.083333333333332,32.833333333333336,40.5,35.666666666666664,37.25,19.166666666666668,35.666666666666664,47.916666666666664,32.958333333333336
2007-02-11T00:00:00Z,44.875,37.625,29.416666666666668,44.541666666666664,57.375,51.583333333333336,40.75,27.791666666666668,42.375,28.208333333333332,30.916666666666668,41.666666666666664,30.708333333333332,35.666666666666664,58.666666666666664,30.416666666666668,49.208333333333336,34.625,51.333333333333336,40.875,33.833333333333336,51.416666666666664,57.875,48.333333333333336
2007-02-12T00:00:00Z,51.541666666666664,44.791666666666664,50.833333333333336,73.54166666666667,60.458333333333336,62.708333333333336,70.95833333333333,36.541666666666664,66.58333333333333,46.5,44,65.33333333333333,45.75,55.25,56.375,55,71.20833333333333,45.916666666666664,69.79166666666667,50.875,44.166666666666664,73.66666666666667,63.666666666666664,56.666666666666664
2007-02-13T00:00:00Z,78.33333333333333,76.875,78.04166666666667,87.04166666666667,85.29166666666667,71.79166666666667,85.5,75.58333333333333,92.33333333333333,71.54166666666667,70.41666666666667,85.125,80.91666666666667,84.70833333333333,76.41666666666667,80.75,78.25,75.375,83.04166666666667,77.375,70.08333333333333,84.20833333333333,91.375,79.75
2007-02-14T00:00:00Z,66.79166666666667,75.16666666666667,65.58333333333333,80.75,78.125,62.458333333333336,76.66666666666667,67.41666666666667,78.29166666666667,74.58333333333333,66.08333333333333,75.70833333333333,65.125,76.95833333333333,81.20833333333333,71.16666666666667,77.41666666666667,57.25,82.66666666666667,71.58333333333333,70.79166666666667,79.33333333333333,77.58333333333333,66.16666666666667
2007-02-15T00:00:00Z,39.333333333333336,47.625,45.25,52.25,47.541666666666664,49.291666666666664,53.458333333333336,49.291666666666664,45.291666666666664,44.416666666666664,40.416666666666664,52.416666666666664,42.5,46,53.166666666666664,42.583333333333336,47.791666666666664,34.291666666666664,54.958333333333336,47.708333333333336,39.541666666666664,50.458333333333336,42.416666666666664,44.166666666666664
2007-02-16T00:00:00Z,38.291666666666664,44.458333333333336,35.041666666666664,43.083333333333336,45.125,45.708333333333336,42.958333333333336,46.416666666666664,40.583333333333336,38.625,30.875,45.916666666666664,33.333333333333336,43.416666666666664,45.333333333333336,39.25,42.916666666666664,27.833333333333332,50,37.791666666666664,37.041666666666664,45.333333333333336,40.375,38.5
2007-02-17T00:00:00Z,45.458333333333336,59.916666666666664,47.125,57.25,52.958333333333336,54.166666666666664,50.166666666666664,57.833333333333336,64.625,50.083333333333336,46.166666666666664,51.333333333333336,52.458333333333336,53.083333333333336,48.25,45.5,55.916666666666664,44.25,61.833333333333336,59,56.875,58.333333333333336,42.75,44.833333333333336
2007-02-18T00:00:00Z,35.958333333333336,58.541666666666664,44,43.25,50.625,42,39.041666666666664,63.416666666666664,55.916666666666664,44.041666666666664,42.958333333333336,48.833333333333336,40.458333333333336,48,55.083333333333336,41.541666666666664,40,32.958333333333336,47.458333333333336,42.166666666666664,43.875,45.541666666666664,52.541666666666664,35.708333333333336
2007-02-19T00:00:00Z,25.5,48.083333333333336,43.708333333333336,40.125,43.708333333333336,40.166666666666664,41.375,52.333333333333336,49.833333333333336,43.875,42.333333333333336,50.333333333333336,40.583333333333336,46.291666666666664,42.75,41.166666666666664,41.25,35.708333333333336,43.083333333333336,46.5,45.708333333333336,43.791666666666664,36.708333333333336,33.166666666666664
2007-02-20T00:00:00Z,45.291666666666664,60.666666666666664,64.20833333333333,62.125,59.833333333333336,54,60.416666666666664,56.5,61.541666666666664,58,62.375,66.58333333333333,55.916666666666664,67.375,65,53.333333333333336,54.875,48.291666666666664,66.66666666666667,60.833333333333336,61.25,58.916666666666664,50.166666666666664,51.75
2007-02-21T00:00:00Z,72.41666666666667,73.45833333333333,80.625,80.91666666666667,73.33333333333333,71.375,80.33333333333333,67,78.875,73.45833333333333,78.83333333333333,83.91666666666667,70.29166666666667,82.70833333333333,81.20833333333333,68.91666666666667,78.125,68.08333333333333,87,66.83333333333333,77.08333333333333,74.04166666666667,72.625,65.58333333333333
2007-02-22T00:00:00Z,49.958333333333336,46.416666666666664,47.791666666666664,51.916666666666664,60.416666666666664,55.5,54.625,41.166666666666664,50.25,47.166666666666664,45.083333333333336,56.375,41.083333333333336,58.333333333333336,77.33333333333333,50,58.083333333333336,47.833333333333336,77.375,39.416666666666664,44.75,56.541666666666664,61.916666666666664,48.833333333333336
2007-02-23T00:00:00Z,22.916666666666668,28.25,24.625,26,39.583333333333336,36.25,26.5,25.458333333333332,28.916666666666668,25.166666666666668,18.583333333333332,32.083333333333336,20.375,36.25,47.541666666666664,28.166666666666668,31.375,30.416666666666668,40.166666666666664,22.958333333333332,25.75,35.291666666666664,38,32.166666666666664
2007-02-24T00:00:00Z,37.75,37.666666666666664,25.916666666666668,46.416666666666664,45,48.5,39.75,23.583333333333332,38.583333333333336,23.875,26.875,35.416666666666664,33.083333333333336,32.75,47.375,23.125,52.625,34.75,47.541666666666664,38.708333333333336,26.958333333333332,48.625,41.041666666666664,39.958333333333336
2007-02-25T00:00:00Z,63.083333333333336,82.5,76,68.875,77.95833333333333,71.375,70,78.04166666666667,72.79166666666667,73.375,82.20833333333333,77.75,78.5,73.29166666666667,72.58333333333333,68.125,74.625,67.625,75.625,83.125,74.70833333333333,74.04166666666667,79,61.125
2007-02-26T00:00:00Z,75.375,51.833333333333336,71.79166666666667,67.95833333333333,81.33333333333333,72.45833333333333,70.5,45.541666666666664,77.91666666666667,74.79166666666667,55.75,80.625,70.04166666666667,85.5,84.79166666666667,77.25,66.41666666666667,64.08333333333333,87.75,69.5,85,75.04166666666667,86.33333333333333,68.75
2007-02-27T00:00:00Z,65.91666666666667,44,44.458333333333336,65.58333333333333,76.70833333333333,71.5,66.375,40.583333333333336,68.08333333333333,50.583333333333336,33.541666666666664,65.29166666666667,42.291666666666664,64,75.75,57.75,70.83333333333333,44.166666666666664,79.16666666666667,51.083333333333336,48.625,73.25,78.33333333333333,62.791666666666664
2007-02-28T00:00:00Z,51.333333333333336,51,41.75,62.416666666666664,62.083333333333336,68.66666666666667,62.416666666666664,42.083333333333336,61,46.291666666666664,39.458333333333336,51.875,40.875,57.875,74.16666666666667,48,72.375,44.25,72.45833333333333,51.416666666666664,44.166666666666664,71.5,63.541666666666664,56.916666666666664
2007-03-01T00:00:00Z,66.29166666666667,79.33333333333333,82.91666666666667,75.70833333333333,75.5,71.33333333333333,71.375,78.54166666666667,75.95833333333333,80.75,81.625,84.5,83.95833333333333,72.95833333333333,76.75,73.625,70.125,78.16666666666667,75.75,87.91666666666667,85.625,61.875,72.125,67.41666666666667
2007-03-02T00:00:00Z,47.041666666666664,41.833333333333336,43.791666666666664,56.375,64.08333333333333,59.166666666666664,56.333333333333336,37.666666666666664,61.333333333333336,50.625,42.541666666666664,50.625,45.125,56.25,74.20833333333333,50.541666666666664,59.166666666666664,37.291666666666664,71.58333333333333,47.708333333333336,41.541666666666664,49.083333333333336,52.708333333333336,53.041666666666664
2007-03-03T00:00:00Z,36.041666666666664,35.833333333333336,29.708333333333332,30.833333333333332,49.75,45.791666666666664,35.166666666666664,27.083333333333332,39.125,31.958333333333332,29.041666666666668,34.416666666666664,28.666666666666668,41.291666666666664,58.333333333333336,32.416666666666664,45.833333333333336,27.541666666666668,63.666666666666664,36.541666666666664,34.625,46.708333333333336,36.083333333333336,31.666666666666668
2007-03-04T00:00:00Z,29.125,58.375,40.541666666666664,40.375,49.125,42.791666666666664,41.333333333333336,60.416666666666664,42.291666666666664,42.458333333333336,43.833333333333336,46.666666666666664,39.875,49.25,48.916666666666664,43.041666666666664,39.458333333333336,24.458333333333332,47.333333333333336,46.833333333333336,42.25,49.208333333333336,45.5,37.875
2007-03-05T00:00:00Z,30.666666666666668,34.208333333333336,29.583333333333332,35.375,44.166666666666664,40.75,38.666666666666664,49.666666666666664,41.916666666666664,35.833333333333336,35.208333333333336,39.375,30.791666666666668,50.666666666666664,50.5,32.625,41.583333333333336,34.958333333333336,55.625,36.75,30.75,44.916666666666664,42.125,31.75
2007-03-06T00:00:00Z,38.875,38.041666666666664,35.583333333333336,47.208333333333336,46.666666666666664,51.625,45.458333333333336,30.208333333333332,48.166666666666664,31.541666666666668,36.083333333333336,42.625,29.916666666666668,42.958333333333336,54.666666666666664,31.833333333333332,50.458333333333336,30.75,56.333333333333336,31.125,24.208333333333332,52.458333333333336,45.333333333333336,39.875
2007-03-07T00:00:00Z,53.375,44.5,49.958333333333336,55.75,59.541666666666664,67.54166666666667,54.708333333333336,30.791666666666668,56.666666666666664,51.041666666666664,35.583333333333336,61.208333333333336,36.416666666666664,61.625,70.91666666666667,51.083333333333336,66.625,39.208333333333336,76.66666666666667,39.333333333333336,40.75,70.45833333333333,65.16666666666667,45.916666666666664
2007-03-08T00:00:00Z,58.666666666666664,53,48.666666666666664,59.083333333333336,59.916666666666664,65.08333333333333,61,49.75,63.041666666666664,53.25,44.333333333333336,58.166666666666664,49.708333333333336,60.708333333333336,67.54166666666667,55.375,66.95833333333333,43.541666666666664,68.41666666666667,53.875,52.083333333333336,65.95833333333333,57.083333333333336,54.666666666666664
2007-03-09T00:00:00Z,67.33333333333333,63.541666666666664,49.416666666666664,69.75,65.41666666666667,67.33333333333333,70.16666666666667,59.416666666666664,66,49.75,55.958333333333336,59.625,55.416666666666664,62.166666666666664,71.625,56,72.20833333333333,44.458333333333336,71.70833333333333,60.291666666666664,50.791666666666664,70.5,62.125,60.041666666666664
2007-03-10T00:00:00Z,67.875,60.291666666666664,60.916666666666664,75.29166666666667,75.66666666666667,74.75,72.91666666666667,59.291666666666664,71.95833333333333,56.958333333333336,55.958333333333336,66.83333333333333,53.833333333333336,69.70833333333333,72.875,64.08333333333333,76.29166666666667,50.625,79.91666666666667,61.333333333333336,57.5,76.45833333333333,70.70833333333333,66.625
2007-03-11T00:00:00Z,46.78260869565217,50.91304347826087,43.608695652173914,69.34782608695652,62.69565217391305,74.73913043478261,66.78260869565217,39.17391304347826,65.91304347826087,34.43478260869565,55.26086956521739,49,41.130434782608695,49.34782608695652,74.8695652173913,46.52173913043478,75.73913043478261,41.04347826086956,77.95652173913044,47.08695652173913,36.47826086956522,77.78260869565217,67.34782608695652,58.82608695652174
2007-03-12T00:00:00Z,51.458333333333336,46.916666666666664,47.166666666666664,64.83333333333333,64.95833333333333,62.75,63.583333333333336,28.875,64.625,43.958333333333336,32.833333333333336,59,47.083333333333336,54.5,69.875,48.375,63.791666666666664,37.208333333333336,64.08333333333333,45.708333333333336,44.666666666666664,62.25,61.833333333333336,54.791666666666664
2007-03-13T00:00:00Z,59.708333333333336,53.458333333333336,56.583333333333336,66.625,69.20833333333333,68.16666666666667,59.458333333333336,31.916666666666668,64.29166666666667,51.666666666666664,46.416666666666664,59.458333333333336,49.083333333333336,59.041666666666664,68.125,54.958333333333336,67.04166666666667,43.875,76.83333333333333,54.375,58.958333333333336,71.5,62.458333333333336,56.083333333333336
2007-03-14T00:00:00Z,61.916666666666664,56.625,50.583333333333336,69.79166666666667,59.25,68.08333333333333,65.16666666666667,46.375,62.833333333333336,48.208333333333336,46.666666666666664,55.083333333333336,48.708333333333336,53.541666666666664,85.79166666666667,49.166666666666664,61.833333333333336,42.958333333333336,85.66666666666667,52.083333333333336,50.791666666666664,72.04166666666667,53.583333333333336,53.333333333333336
2007-03-15T00:00:00Z,68.83333333333333,70.66666666666667,57.416666666666664,71.70833333333333,66.125,70.41666666666667,65.79166666666667,69.16666666666667,66.08333333333333,54.666666666666664,62.458333333333336,59.75,57.291666666666664,57.166666666666664,83.79166666666667,52.916666666666664,67.625,48.75,84.33333333333333,61.5,64.75,72.41666666666667,60.75,56.083333333333336
2007-03-16T00:00:00Z,77.16666666666667,85.58333333333333,85.45833333333333,90.16666666666667,89.70833333333333,87.58333333333333,69.58333333333333,87.08333333333333,86.95833333333333,92.29166666666667,79.79166666666667,92.375,83.125,97.16666666666667,88.54166666666667,89.70833333333333,84.33333333333333,79.08333333333333,89.33333333333333,86.16666666666667,84.29166666666667,86.91666666666667,93.16666666666667,81.75
2007-03-17T00:00:00Z,69.91666666666667,46.75,44.916666666666664,50.25,65.45833333333333,63.333333333333336,50.25,57.25,60.833333333333336,49.666666666666664,35.666666666666664,55.75,41.791666666666664,62.041666666666664,64.16666666666667,53.375,54.708333333333336,30.291666666666668,63.083333333333336,42.625,51.75,61.583333333333336,62.625,55.375
2007-03-18T00:00:00Z,55.708333333333336,38.625,39.375,52.791666666666664,49.5,48.291666666666664,46.75,41.166666666666664,43.458333333333336,42,40.5,55.666666666666664,33.416666666666664,47.083333333333336,41.166666666666664,44.791666666666664,42.041666666666664,31.958333333333332,44.541666666666664,35.25,43.416666666666664,52.416666666666664,39.833333333333336,40
2007-03-19T00:00:00Z,57.083333333333336,52.083333333333336,45.666666666666664,58.5,49.75,55.875,49.666666666666664,42.75,52.958333333333336,45.166666666666664,38.666666666666664,50.291666666666664,49.625,57.791666666666664,43.333333333333336,56.291666666666664,54.458333333333336,43.5,60,51.708333333333336,49.75,59.375,45.083333333333336,48.083333333333336
2007-03-20T00:00:00Z,60.041666666666664,74.29166666666667,49.75,56.791666666666664,52.958333333333336,54.583333333333336,51.291666666666664,61.75,53.166666666666664,52.791666666666664,47.375,55.125,55.291666666666664,58.541666666666664,70.33333333333333,53.541666666666664,54.041666666666664,40.625,71.83333333333333,61.541666666666664,61.083333333333336,55,53.333333333333336,44.708333333333336
2007-03-21T00:00:00Z,50.041666666666664,81.75,53.708333333333336,68.625,67,73.625,63.916666666666664,87.66666666666667,65.875,59.625,62.75,60.333333333333336,72.08333333333333,62.333333333333336,77.375,53.25,73.25,53.125,82.58333333333333,77.54166666666667,64.875,74.375,74.5,57.583333333333336
2007-03-22T00:00:00Z,61.916666666666664,62.583333333333336,62.416666666666664,70.25,69.125,72.79166666666667,70.29166666666667,66.41666666666667,71.66666666666667,59.166666666666664,56.333333333333336,69.5,59.083333333333336,76.41666666666667,72.66666666666667,65.45833333333333,70.04166666666667,53.583333333333336,77.375,65.125,63.416666666666664,75.04166666666667,69.25,62.125
2007-03-23T00:00:00Z,57.125,64.83333333333333,62.375,69.125,65.20833333333333,69.70833333333333,64.66666666666667,47.791666666666664,65.75,57.583333333333336,59.083333333333336,65.5,57.666666666666664,61.5,79.29166666666667,58.541666666666664,67.625,50.625,81.375,62.583333333333336,61.666666666666664,71.54166666666667,58.916666666666664,57.75
2007-03-24T00:00:00Z,57.5,61.083333333333336,52.166666666666664,65.08333333333333,69.875,66.875,62.833333333333336,47.708333333333336,62.333333333333336,50.75,50.916666666666664,53.625,52.875,68.54166666666667,84.08333333333333,56.208333333333336,64.54166666666667,44.208333333333336,83.79166666666667,59.541666666666664,57.291666666666664,69.41666666666667,83.04166666666667,57.5
2007-03-25T00:00:00Z,61.083333333333336,56.833333333333336,50.083333333333336,59.458333333333336,75.33333333333333,68.41666666666667,59.625,52.25,62.875,48.708333333333336,46.708333333333336,58.416666666666664,47.666666666666664,58.291666666666664,81.33333333333333,52.041666666666664,63.875,47.083333333333336,74.29166666666667,54.416666666666664,55.458333333333336,66.70833333333333,80.125,57.375
2007-03-26T00:00:00Z,62.208333333333336,61.541666666666664,61.833333333333336,71.95833333333333,71.91666666666667,72,63.958333333333336,62.625,70.125,54.875,58.416666666666664,64.41666666666667,58.416666666666664,73.20833333333333,75.20833333333333,62.958333333333336,72.25,52.833333333333336,76.29166666666667,59,56.666666666666664,73.58333333333333,70.125,62.958333333333336
2007-03-27T00:00:00Z,57.958333333333336,66.95833333333333,66.29166666666667,69,63.875,68.41666666666667,66.5,51.916666666666664,66.04166666666667,63.125,64.5,69.08333333333333,63.791666666666664,64.91666666666667,81.79166666666667,64.25,65.83333333333333,54.625,79.75,66.91666666666667,70.29166666666667,69.5,55.041666666666664,61.416666666666664
2007-03-28T00:00:00Z,62.041666666666664,68.79166666666667,55.125,62.375,69.95833333333333,66.16666666666667,58.958333333333336,69.83333333333333,66.83333333333333,62.25,54.458333333333336,59.958333333333336,57,70.33333333333333,82.125,60.958333333333336,57.25,44.083333333333336,74.79166666666667,68.375,69,65.16666666666667,69.08333333333333,67.79166666666667
2007-03-29T00:00:00Z,54.666666666666664,83.875,71.91666666666667,74.95833333333333,49.25,60.666666666666664,78.16666666666667,89.54166666666667,73.20833333333333,78.83333333333333,75.83333333333333,86.58333333333333,82.29166666666667,70.41666666666667,60.416666666666664,77.95833333333333,71.29166666666667,73.41666666666667,62.958333333333336,89.125,62.208333333333336,67.29166666666667,51.791666666666664,61.75
2007-03-30T00:00:00Z,47.791666666666664,75.08333333333333,52.458333333333336,53.291666666666664,58.208333333333336,56.208333333333336,55.583333333333336,62.208333333333336,56.166666666666664,49,60.875,62.875,56.541666666666664,57.541666666666664,52.166666666666664,52.041666666666664,55.208333333333336,44.75,56.791666666666664,66.41666666666667,55.333333333333336,60.916666666666664,50.791666666666664,51.875
2007-03-31T00:00:00Z,55.708333333333336,70.125,64.83333333333333,62.875,56.666666666666664,60.875,57.333333333333336,70.5,56.041666666666664,61.958333333333336,64.33333333333333,67.33333333333333,64.125,72.625,77.66666666666667,58.833333333333336,60.583333333333336,56.25,76.83333333333333,72.75,73.29166666666667,64.04166666666667,66.125,46.958333333333336
2007-04-01T00:00:00Z,65.375,82,78.79166666666667,70.66666666666667,63.875,71.375,66,83.16666666666667,69.75,77.79166666666667,80.54166666666667,81.45833333333333,78.95833333333333,79.16666666666667,84.5,72.83333333333333,67.58333333333333,70.08333333333333,82.83333333333333,82.29166666666667,81.16666666666667,74.16666666666667,83.04166666666667,61.041666666666664
2007-04-02T00:00:00Z,57.916666666666664,63.708333333333336,64.875,62.708333333333336,61.666666666666664,72.20833333333333,59.583333333333336,56.458333333333336,71.20833333333333,62.125,66.41666666666667,74.41666666666667,59.083333333333336,69.29166666666667,88.75,65.5,62.375,60.041666666666664,84.75,63.458333333333336,65.875,69.5,58.958333333333336,59.583333333333336
2007-04-03T00:00:00Z,44.083333333333336,60.25,68,70.75,59.041666666666664,56.375,60.833333333333336,57.958333333333336,51.916666666666664,53.333333333333336,62.791666666666664,66.41666666666667,55.166666666666664,58.875,67.25,53.791666666666664,61.166666666666664,56.416666666666664,62.166666666666664,63.75,60.291666666666664,61.166666666666664,61.083333333333336,45.833333333333336
2007-04-04T00:00:00Z,53.333333333333336,58.708333333333336,45.375,55.708333333333336,68.83333333333333,61.583333333333336,55.875,54.166666666666664,60.458333333333336,47.625,52.291666666666664,53.666666666666664,41.708333333333336,49.208333333333336,84.625,52.458333333333336,56.958333333333336,36.833333333333336,82.08333333333333,46.5,46.458333333333336,62.083333333333336,81.66666666666667,49.375
2007-04-05T00:00:00Z,33.916666666666664,45.208333333333336,33.25,34.958333333333336,54.708333333333336,38.083333333333336,34.208333333333336,48.583333333333336,34.5,35.125,32.375,42.125,34.208333333333336,27.208333333333332,63.875,36.083333333333336,31.083333333333332,20.5,46.291666666666664,35.083333333333336,37.5,32.333333333333336,44.375,31.833333333333332
2007-04-06T00:00:00Z,43.958333333333336,52,41.75,43.625,48.541666666666664,43.666666666666664,47.458333333333336,55.5,42.875,42.875,40.708333333333336,51.25,40.875,48.625,53.333333333333336,43.375,46.291666666666664,30,50.75,41.833333333333336,42.833333333333336,45.125,45.291666666666664,40.625
2007-04-07T00:00:00Z,54.291666666666664,51.916666666666664,41.5,39.666666666666664,63,51.291666666666664,43.541666666666664,54.958333333333336,48.333333333333336,42.208333333333336,37.458333333333336,51.166666666666664,40.625,51.833333333333336,56.083333333333336,47.666666666666664,44.291666666666664,24.666666666666668,48.333333333333336,41.875,40.125,47.458333333333336,63.958333333333336,46.625
2007-04-08T00:00:00Z,43.625,40.5,42.541666666666664,45.333333333333336,44.125,40.958333333333336,40.791666666666664,50.75,44.958333333333336,34.541666666666664,37.125,49,35.75,49.375,40.375,37.083333333333336,43.333333333333336,25.791666666666668,43.791666666666664,39.916666666666664,33.833333333333336,47.583333333333336,42.25,36.833333333333336
2007-04-09T00:00:00Z,47.458333333333336,41.75,42.875,50.958333333333336,59.041666666666664,54.375,48.875,38.416666666666664,44.25,40.666666666666664,40.125,48.833333333333336,41.583333333333336,50.458333333333336,60.791666666666664,42.916666666666664,51.125,33.666666666666664,54.625,42,38.125,53.958333333333336,51.208333333333336,44.375
2007-04-10T00:00:00Z,52.458333333333336,47.75,44.833333333333336,55.5,64.79166666666667,56.958333333333336,50.833333333333336,41,53.375,38.833333333333336,46.5,48.666666666666664,44.041666666666664,52.916666666666664,60.583333333333336,42.625,53.333333333333336,36.125,59.958333333333336,49.125,41.166666666666664,57.333333333333336,64.54166666666667,53.083333333333336
2007-04-11T00:00:00Z,63.791666666666664,79.70833333333333,82.29166666666667,84.91666666666667,64.20833333333333,72.5,81.16666666666667,80.75,76.45833333333333,81.70833333333333,81.45833333333333,84.95833333333333,81.83333333333333,74.08333333333333,63.083333333333336,80.75,77.54166666666667,77.125,70.79166666666667,86.29166666666667,79.5,72.625,62,67.125
2007-04-12T00:00:00Z,48.458333333333336,52.125,56.791666666666664,50.75,63.208333333333336,55.791666666666664,50.5,44,58.875,59.25,53.166666666666664,60.125,56.541666666666664,63.25,78.20833333333333,56,51.583333333333336,44.333333333333336,72.375,72.83333333333333,67.95833333333333,57.291666666666664,64.75,54.583333333333336
2007-04-13T00:00:00Z,39.708333333333336,41.208333333333336,39.166666666666664,47,53.291666666666664,44.041666666666664,38.083333333333336,41.5,42.666666666666664,37.208333333333336,38.5,43.958333333333336,33.25,45.958333333333336,58.416666666666664,43.25,39.875,29.625,44.916666666666664,34.916666666666664,35.375,44.458333333333336,53.041666666666664,40.791666666666664
2007-04-14T00:00:00Z,62.041666666666664,58.208333333333336,48.583333333333336,63.25,63.708333333333336,61.708333333333336,51.166666666666664,72.91666666666667,58.958333333333336,56.333333333333336,47.458333333333336,54.958333333333336,54.166666666666664,56.458333333333336,63.25,46.625,62.375,43.333333333333336,67.20833333333333,59.25,61.875,62.416666666666664,62.583333333333336,54.458333333333336
2007-04-15T00:00:00Z,77.5,77.41666666666667,76.16666666666667,78,84.91666666666667,80.04166666666667,77.58333333333333,70.70833333333333,86.58333333333333,93.95833333333333,71.79166666666667,87.45833333333333,77.20833333333333,82.33333333333333,78.95833333333333,88.33333333333333,74.58333333333333,67.70833333333333,82.66666666666667,80.04166666666667,84.66666666666667,53.708333333333336,90.125,78.875
2007-04-16T00:00:00Z,37.291666666666664,34.583333333333336,31,42.125,52.208333333333336,46.875,44.166666666666664,47.166666666666664,46.041666666666664,38.375,26.791666666666668,38.708333333333336,28.833333333333332,35.708333333333336,51.791666666666664,38.916666666666664,43.208333333333336,19.958333333333332,51.458333333333336,30,39.791666666666664,46.625,51.083333333333336,39.041666666666664
2007-04-17T00:00:00Z,37.333333333333336,25.25,29.125,43.708333333333336,47.208333333333336,42.875,35.916666666666664,30.708333333333332,40.208333333333336,30.833333333333332,18.875,33.208333333333336,22.333333333333332,45.75,50.625,34.083333333333336,35.708333333333336,12.416666666666666,46.208333333333336,24.25,28.791666666666668,40.583333333333336,51.291666666666664,35.291666666666664
2007-04-18T00:00:00Z,57.583333333333336,51.25,47.916666666666664,62.333333333333336,64.16666666666667,62.833333333333336,63.583333333333336,34.875,66,43.041666666666664,39.25,53.125,40.875,59.291666666666664,64.375,59.541666666666664,61.833333333333336,43.041666666666664,67.25,38.833333333333336,36.083333333333336,62.958333333333336,66.125,55.375
2007-04-19T00:00:00Z,68.375,76.95833333333333,75.75,65.08333333333333,70.5,67.41666666666667,66.04166666666667,84.125,70.29166666666667,68.54166666666667,72.5,70.75,82.58333333333333,58.916666666666664,73.08333333333333,66.66666666666667,67.625,72.04166666666667,69.41666666666667,63.416666666666664,75.41666666666667,67.45833333333333,73.58333333333333,62.541666666666664
2007-04-20T00:00:00Z,62.708333333333336,59.25,65.625,59.458333333333336,61.041666666666664,62.416666666666664,60.583333333333336,63.875,64.375,58.875,64.16666666666667,63.25,60.375,65.33333333333333,60.291666666666664,61.25,59.75,58.708333333333336,66.70833333333333,68.875,66.70833333333333,61.5,67.79166666666667,55.791666666666664
2007-04-21T00:00:00Z,57.125,56.416666666666664,53.125,52.625,55.083333333333336,59.75,52.916666666666664,39.583333333333336,55,46,51.208333333333336,52.458333333333336,48.291666666666664,49.541666666666664,53.041666666666664,53,56,47.083333333333336,57,58.125,49.291666666666664,62.083333333333336,50.166666666666664,49.583333333333336
2007-04-22T00:00:00Z,50.916666666666664,49.041666666666664,48,47.916666666666664,55.666666666666664,54.125,43.791666666666664,38.041666666666664,46.166666666666664,42,43.791666666666664,47.75,41.833333333333336,46.083333333333336,72.58333333333333,44.625,49.5,41.5,72.29166666666667,50.791666666666664,45.833333333333336,52.916666666666664,46.125,37.458333333333336
2007-04-23T00:00:00Z,43.458333333333336,50.625,50.416666666666664,56.291666666666664,47.75,55.458333333333336,52.916666666666664,33.958333333333336,45.291666666666664,43.291666666666664,48.125,43,43.208333333333336,42.875,76.54166666666667,44.75,53.583333333333336,41.75,74.75,51.625,47.458333333333336,55.5,37.833333333333336,37.375
2007-04-24T00:00:00Z,59.125,63.666666666666664,63.666666666666664,63.541666666666664,59.208333333333336,61.916666666666664,61,55.416666666666664,57.75,54.125,56.708333333333336,55.875,54.833333333333336,53.333333333333336,81.70833333333333,54.416666666666664,62.166666666666664,49.5,80.54166666666667,57,62.25,64.20833333333333,60.208333333333336,49.916666666666664
2007-04-25T00:00:00Z,60.666666666666664,58.791666666666664,55.125,56.708333333333336,65.625,60.375,57.833333333333336,54.916666666666664,61.958333333333336,54.916666666666664,49.666666666666664,55.958333333333336,52.583333333333336,58.083333333333336,83.54166666666667,57.833333333333336,58.291666666666664,42.125,83.83333333333333,53.916666666666664,57.833333333333336,61.208333333333336,58.666666666666664,53.791666666666664
2007-04-26T00:00:00Z,75.95833333333333,71.875,57.166666666666664,72.375,80.45833333333333,68,68.79166666666667,65.79166666666667,64.75,53.208333333333336,67.79166666666667,53.916666666666664,61.875,72.5,87.16666666666667,58.875,69.20833333333333,50.875,86.83333333333333,70.58333333333333,63.833333333333336,71.58333333333333,92.83333333333333,54.458333333333336
2007-04-27T00:00:00Z,78.41666666666667,61.625,64.70833333333333,74.125,72.54166666666667,70.54166666666667,74.79166666666667,60,75.5,62.875,60.541666666666664,62.041666666666664,63.833333333333336,66.75,84.04166666666667,64.70833333333333,68.04166666666667,56.208333333333336,84.875,64,71.79166666666667,73.91666666666667,81.29166666666667,64.79166666666667
2007-04-28T00:00:00Z,67.41666666666667,56.25,53.291666666666664,52.958333333333336,75.83333333333333,60.5,47.958333333333336,60.625,56.875,47.666666666666664,46.75,49.666666666666664,48.458333333333336,48.333333333333336,84.75,50.833333333333336,52.416666666666664,40.166666666666664,71.33333333333333,48.166666666666664,54.5,57.291666666666664,80,50.833333333333336
2007-04-29T00:00:00Z,60.208333333333336,48.166666666666664,45.333333333333336,48.041666666666664,56.666666666666664,53.791666666666664,45.208333333333336,40.208333333333336,51.083333333333336,43.958333333333336,40.875,52,40.083333333333336,43.125,67.875,48.041666666666664,47.125,33.375,62.5,40.208333333333336,49.291666666666664,53.125,58.916666666666664,45.958333333333336
2007-04-30T00:00:00Z,53.583333333333336,45.625,41.25,47.583333333333336,53.208333333333336,48.541666666666664,44.958333333333336,29.541666666666668,46.666666666666664,39.458333333333336,35.25,48,37.291666666666664,38.541666666666664,67.79166666666667,44.75,49.083333333333336,40.125,63.416666666666664,47.541666666666664,48.791666666666664,46.75,46.208333333333336,39.791666666666664
2007-05-01T00:00:00Z,52.416666666666664,46.875,41.708333333333336,44.666666666666664,55.5,46.083333333333336,44.291666666666664,31.541666666666668,45.041666666666664,38.5,36.041666666666664,40.666666666666664,38.708333333333336,43.083333333333336,70.375,41.291666666666664,49.666666666666664,35.916666666666664,72.33333333333333,46.791666666666664,45.875,49.833333333333336,51.416666666666664,39.375
2007-05-02T00:00:00Z,54.083333333333336,56.75,50.958333333333336,68.58333333333333,55.166666666666664,65,64.5,39.625,56.291666666666664,46.875,41.75,50.333333333333336,40.666666666666664,49.333333333333336,80,50.166666666666664,65.54166666666667,40.833333333333336,79.83333333333333,51.125,52.083333333333336,68.79166666666667,54.708333333333336,47.75
2007-05-03T00:00:00Z,76.41666666666667,77.79166666666667,65.66666666666667,71,78.75,78.375,73.54166666666667,84.04166666666667,75.08333333333333,79.5,61.041666666666664,74.125,72.70833333333333,81.375,85.54166666666667,75.29166666666667,67.95833333333333,66,80.125,76.375,83,72.91666666666667,80.04166666666667,64.75
2007-05-04T00:00:00Z,72.5,90.125,87.70833333333333,82,66.58333333333333,70.83333333333333,86.04166666666667,92.375,84.04166666666667,89.58333333333333,85.04166666666667,92.875,87.875,86.5,82.58333333333333,86.08333333333333,73.25,78.79166666666667,66.25,92.5,90.25,77.75,70.5,59.75
2007-05-05T00:00:00Z,74.25,92.41666666666667,87.08333333333333,81.66666666666667,63.083333333333336,70.375,81.04166666666667,94,79.54166666666667,83.79166666666667,89.45833333333333,94.5,88.58333333333333,81.125,71.33333333333333,84.54166666666667,76.70833333333333,81.08333333333333,73.91666666666667,94,85.54166666666667,77.16666666666667,68.58333333333333,69.54166666666667
2007-05-06T00:00:00Z,62.541666666666664,68.875,53.5,61.708333333333336,73.45833333333333,67.45833333333333,62.541666666666664,60.791666666666664,59,47.791666666666664,62.458333333333336,53.708333333333336,58.5,50.666666666666664,78.29166666666667,50.291666666666664,62.291666666666664,45.291666666666664,62.208333333333336,70.33333333333333,51.458333333333336,66.25,70.16666666666667,57.75
2007-05-07T00:00:00Z,55.791666666666664,42.041666666666664,41.458333333333336,38,69.08333333333333,55.041666666666664,44.041666666666664,38.791666666666664,49.708333333333336,40.791666666666664,34.958333333333336,46.916666666666664,40.833333333333336,48.541666666666664,78.83333333333333,45.083333333333336,44.708333333333336,33.875,58.375,44.708333333333336,44.625,48.875,69.58333333333333,46.708333333333336
2007-05-08T00:00:00Z,83.125,54.166666666666664,51.333333333333336,74.5,87.08333333333333,89.41666666666667,78,52.916666666666664,83.58333333333333,53.833333333333336,44.083333333333336,65,51.041666666666664,70.91666666666667,89.375,65.16666666666667,73.875,41.25,85.5,55.166666666666664,53.208333333333336,72.41666666666667,92.04166666666667,77.75
2007-05-09T00:00:00Z,87.41666666666667,62.5,73.41666666666667,85.41666666666667,88.04166666666667,87.20833333333333,82.54166666666667,72.33333333333333,68.54166666666667,82.04166666666667,63.166666666666664,84.20833333333333,68.33333333333333,90.16666666666667,88.25,84.25,80.375,64.625,82,69.04166666666667,74.66666666666667,63.458333333333336,93.04166666666667,81.91666666666667
2007-05-10T00:00:00Z,82.66666666666667,73.79166666666667,72.95833333333333,76.45833333333333,85,82.75,76.625,75.875,55.25,70.83333333333333,66.45833333333333,74.70833333333333,68.66666666666667,81.875,83.95833333333333,81,77.33333333333333,66.875,84.625,73.95833333333333,73.125,86.375,88.20833333333333,72.625
2007-05-11T00:00:00Z,76.45833333333333,73.45833333333333,64.25,74.125,76.5,76.66666666666667,73.54166666666667,69.375,46.75,66.33333333333333,66.25,70.29166666666667,69.08333333333333,68.58333333333333,83.79166666666667,74.08333333333333,73.58333333333333,62.208333333333336,82.16666666666667,77.33333333333333,75.45833333333333,80.41666666666667,82.20833333333333,65.5
2007-05-12T00:00:00Z,87.625,76.58333333333333,78.125,79.25,81.20833333333333,80.83333333333333,80.95833333333333,68.5,63.541666666666664,73.33333333333333,83.5,83.20833333333333,76.66666666666667,79.91666666666667,84.08333333333333,84.91666666666667,73.41666666666667,75.83333333333333,81.08333333333333,86.04166666666667,80.25,81.875,86.375,77.375
2007-05-13T00:00:00Z,86.20833333333333,56.25,66.54166666666667,81.75,81.16666666666667,80.125,84.625,54.166666666666664,63.375,64.29166666666667,63.041666666666664,69.625,57.083333333333336,67.25,81.83333333333333,72.70833333333333,75.16666666666667,55.125,75.25,61.666666666666664,62.041666666666664,83.08333333333333,83.5,77.70833333333333
2007-05-14T00:00:00Z,57.208333333333336,58.208333333333336,47.375,53.291666666666664,56,60.083333333333336,61,51.416666666666664,63.25,48.541666666666664,54.208333333333336,58.125,49.041666666666664,55.541666666666664,55.666666666666664,61.041666666666664,59.75,47.083333333333336,59.833333333333336,57.791666666666664,55.416666666666664,64.04166666666667,56.875,54.916666666666664
2007-05-15T00:00:00Z,62.458333333333336,59.75,55.875,64.41666666666667,60.791666666666664,63.875,64.75,58.333333333333336,66.08333333333333,51.875,56.583333333333336,56.583333333333336,49.833333333333336,55.916666666666664,69.66666666666667,58.833333333333336,62.708333333333336,52.541666666666664,68.70833333333333,61.541666666666664,59.875,69.41666666666667,54.208333333333336,57.375
2007-05-16T00:00:00Z,60.083333333333336,72.54166666666667,62.625,61.416666666666664,61.5,64.91666666666667,60.791666666666664,65.70833333333333,63.916666666666664,61.958333333333336,66.75,61.875,62.916666666666664,61.25,75.875,61.791666666666664,59.291666666666664,58.75,68.16666666666667,65.5,74.95833333333333,66.16666666666667,57.333333333333336,53.75
2007-05-17T00:00:00Z,85.25,52.166666666666664,43.666666666666664,86.83333333333333,82.75,87.66666666666667,87.95833333333333,55.25,91,60.875,43.833333333333336,66.79166666666667,49.291666666666664,76.5,88.375,73.04166666666667,81.45833333333333,44.5,83,52.375,54.166666666666664,91.375,87.25,79.95833333333333
2007-05-18T00:00:00Z,85.95833333333333,51.375,48.625,67.33333333333333,85.41666666666667,79.91666666666667,70.33333333333333,60.416666666666664,82.5,62,42.875,67.75,48.625,80.125,89,69.04166666666667,70.70833333333333,45.791666666666664,84.875,49.958333333333336,60.041666666666664,72.375,84.5,74.45833333333333
2007-05-19T00:00:00Z,67,43.916666666666664,46.25,63.416666666666664,65.83333333333333,70.5,63.916666666666664,39.75,69.70833333333333,44.541666666666664,41.875,57.875,42.166666666666664,58.541666666666664,69.16666666666667,57.75,63.666666666666664,38.125,75.83333333333333,45.833333333333336,45.166666666666664,70.75,60.458333333333336,60.041666666666664
2007-05-20T00:00:00Z,59.916666666666664,38.041666666666664,47,55.541666666666664,53.541666666666664,58.875,53.375,27.666666666666668,52.291666666666664,34.583333333333336,35.916666666666664,50.125,32.291666666666664,41.875,63.375,48,54.583333333333336,40.625,63.583333333333336,42.75,41,60.375,46.041666666666664,45.875
2007-05-21T00:00:00Z,64.70833333333333,44.833333333333336,44.708333333333336,48.708333333333336,62.166666666666664,64.5,50,42.208333333333336,56.5,41.5,40.333333333333336,55.583333333333336,35.583333333333336,44.583333333333336,71.33333333333333,53.75,50.083333333333336,39.458333333333336,67.25,47.875,46.875,63.791666666666664,63.666666666666664,49.875
2007-05-22T00:00:00Z,62.291666666666664,54,51.75,67,64.54166666666667,68.45833333333333,67.16666666666667,61.666666666666664,71.54166666666667,65.08333333333333,47.458333333333336,68.04166666666667,55.416666666666664,62.5,74.20833333333333,64.5,70.91666666666667,54.875,73.20833333333333,59.333333333333336,68.79166666666667,77.66666666666667,67.58333333333333,54.458333333333336
2007-05-23T00:00:00Z,62.791666666666664,68.29166666666667,62.416666666666664,65.16666666666667,64.70833333333333,64.70833333333333,64.54166666666667,77.125,64.45833333333333,63.375,58.666666666666664,66.20833333333333,71.45833333333333,55.625,61.916666666666664,57.875,64.91666666666667,67.375,64.75,74.16666666666667,69.54166666666667,69.29166666666667,65.375,57.416666666666664
2007-05-24T00:00:00Z,62.041666666666664,64.45833333333333,57.041666666666664,61.375,62.041666666666664,63.791666666666664,64.95833333333333,70.70833333333333,63.583333333333336,54.125,58.125,63.625,59.583333333333336,54.625,65.20833333333333,60.25,62.541666666666664,59.791666666666664,64.20833333333333,68.75,64.04166666666667,68.75,59.541666666666664,56.166666666666664
2007-05-25T00:00:00Z,68.41666666666667,65.04166666666667,59.208333333333336,65.33333333333333,65.75,64.79166666666667,62.625,73.16666666666667,64.625,56.291666666666664,56.666666666666664,63.416666666666664,57.375,56.916666666666664,60.208333333333336,65,63.958333333333336,56.291666666666664,66.79166666666667,65.375,65.70833333333333,70.91666666666667,61.916666666666664,57.166666666666664
2007-05-26T00:00:00Z,65.375,59.708333333333336,56.291666666666664,66.25,63.5,68,63.541666666666664,73.66666666666667,62.875,54.5,52.75,62.583333333333336,55.333333333333336,57.416666666666664,64.70833333333333,62.208333333333336,63.708333333333336,54.916666666666664,68.79166666666667,65.29166666666667,71.625,75.375,55.583333333333336,54.625
2007-05-27T00:00:00Z,58.833333333333336,61.5,54.958333333333336,66.58333333333333,63.666666666666664,68.41666666666667,65.41666666666667,58.583333333333336,62,50.916666666666664,51.958333333333336,55.625,49.916666666666664,49.791666666666664,68.625,56.25,65.91666666666667,49.791666666666664,69.95833333333333,61.208333333333336,62.041666666666664,74.625,49.791666666666664,54.75
2007-05-28T00:00:00Z,60.416666666666664,62.125,58.583333333333336,65.83333333333333,62.625,67.33333333333333,66.08333333333333,65.375,61.583333333333336,54.708333333333336,56.208333333333336,60.5,52.375,53.708333333333336,75.41666666666667,59.458333333333336,65.95833333333333,52.75,76.08333333333333,59.25,61.833333333333336,75.29166666666667,52.958333333333336,56.375
2007-05-29T00:00:00Z,66.33333333333333,58.666666666666664,54.375,61.333333333333336,64.95833333333333,65.83333333333333,60.708333333333336,59.791666666666664,59.166666666666664,53.916666666666664,52.166666666666664,60.083333333333336,51.208333333333336,59.833333333333336,73.58333333333333,59.416666666666664,61,50.75,72.45833333333333,58.083333333333336,63.291666666666664,68.45833333333333,64.29166666666667,54.375
2007-05-30T00:00:00Z,57.208333333333336,55.25,50.208333333333336,59.916666666666664,54.958333333333336,62.291666666666664,58.041666666666664,57.416666666666664,59.375,63.375,43.5,70.41666666666667,48.166666666666664,50.125,66.83333333333333,60.208333333333336,62.875,46.833333333333336,64.5,55.416666666666664,67.70833333333333,70.95833333333333,53.625,47.833333333333336
2007-05-31T00:00:00Z,62.208333333333336,57.833333333333336,52.291666666666664,66.54166666666667,66.625,69.70833333333333,65.75,66.29166666666667,64.125,58.5,47.125,65,56.416666666666664,48.375,55.791666666666664,60.625,63.208333333333336,55.625,66.125,63.291666666666664,68.95833333333333,73.08333333333333,62.875,54
2007-06-01T00:00:00Z,63.625,69.08333333333333,56.083333333333336,63.583333333333336,63.666666666666664,69.375,62.083333333333336,72.16666666666667,65.25,58.958333333333336,54.875,62.416666666666664,55.625,52.25,59.666666666666664,57.75,66.70833333333333,53.875,65.08333333333333,69.54166666666667,69.58333333333333,72.33333333333333,57.208333333333336,55.708333333333336
2007-06-02T00:00:00Z,71.95833333333333,76.75,72.75,87.04166666666667,69.91666666666667,81.08333333333333,83.625,79.08333333333333,81.33333333333333,60.875,70.58333333333333,73.125,63.333333333333336,61.625,67.33333333333333,66.625,75.79166666666667,63.916666666666664,73.45833333333333,72.33333333333333,67.75,72.41666666666667,62.958333333333336,66.04166666666667
2007-06-03T00:00:00Z,89.25,73.54166666666667,82.83333333333333,82.45833333333333,86.29166666666667,92.91666666666667,81.79166666666667,79.75,69.375,91.54166666666667,72.91666666666667,93.54166666666667,78.70833333333333,91.5,87.66666666666667,91.08333333333333,80,74.79166666666667,88,80.04166666666667,87.25,63.458333333333336,91.41666666666667,80.125
2007-06-04T00:00:00Z,71.16666666666667,58.25,59.875,63.041666666666664,67.25,70.5,65.04166666666667,59.291666666666664,64.625,68.70833333333333,54.916666666666664,67.25,54.708333333333336,78.41666666666667,80.29166666666667,72.75,62.833333333333336,52.666666666666664,77.66666666666667,56.75,76.41666666666667,68.83333333333333,70.54166666666667,56.958333333333336
2007-06-05T00:00:00Z,67.16666666666667,51.333333333333336,52.75,64.58333333333333,63.125,64.125,62.916666666666664,61.791666666666664,62.708333333333336,58.333333333333336,52.333333333333336,64.125,45.75,63.541666666666664,83.45833333333333,64.41666666666667,61.666666666666664,50.083333333333336,81.91666666666667,47.041666666666664,58.458333333333336,71.125,61.208333333333336,55.708333333333336
2007-06-06T00:00:00Z,72.75,59.041666666666664,56.75,65.29166666666667,73.5,64.33333333333333,59.708333333333336,53,57.083333333333336,58.416666666666664,53.458333333333336,66.08333333333333,47.458333333333336,60,71,65.08333333333333,63.416666666666664,48.25,66.83333333333333,53.875,63.083333333333336,69.41666666666667,71.375,53.875
2007-06-07T00:00:00Z,73.83333333333333,60.041666666666664,57.875,76.33333333333333,69.25,78.75,71.875,59.708333333333336,72.08333333333333,55.125,49.75,58,55.541666666666664,57.25,80.5,63.375,73.95833333333333,53.583333333333336,84.83333333333333,57.875,63.375,85.20833333333333,65.5,63.5
2007-06-08T00:00:00Z,75.25,66.25,68.79166666666667,73.25,71.91666666666667,78.91666666666667,71.66666666666667,60.791666666666664,72.875,64.58333333333333,60.708333333333336,68.33333333333333,66.20833333333333,65.29166666666667,85.91666666666667,67.33333333333333,70.70833333333333,62.208333333333336,84.08333333333333,68.95833333333333,73.83333333333333,82.66666666666667,63.583333333333336,64.29166666666667
2007-06-09T00:00:00Z,72.83333333333333,63.041666666666664,56.666666666666664,64.58333333333333,70.75,79.08333333333333,64.54166666666667,61.166666666666664,70.79166666666667,56.083333333333336,44.666666666666664,66.20833333333333,50.458333333333336,68.58333333333333,78.33333333333333,65.08333333333333,66.875,45.541666666666664,81.66666666666667,56.416666666666664,59.333333333333336,79.5,70.79166666666667,61.833333333333336
2007-06-10T00:00:00Z,75.58333333333333,53.208333333333336,53.25,80.375,69.41666666666667,77.125,79.5,59.25,71.70833333333333,54.208333333333336,46.25,66.83333333333333,50,63.458333333333336,72.29166666666667,64.41666666666667,73.25,47.75,73.875,53.75,56.708333333333336,75.75,71.625,65.75
2007-06-11T00:00:00Z,71.33333333333333,70.91666666666667,80.66666666666667,76.83333333333333,73.08333333333333,71.75,75.75,72.79166666666667,67.79166666666667,73.79166666666667,74,82.54166666666667,76.83333333333333,74,65.66666666666667,78.375,61,77.41666666666667,70.33333333333333,65.54166666666667,79.45833333333333,70.41666666666667,67.54166666666667,59.291666666666664
2007-06-12T00:00:00Z,70.91666666666667,77.70833333333333,82.54166666666667,70.16666666666667,68.91666666666667,78.33333333333333,71.70833333333333,72.79166666666667,78.625,67.33333333333333,77,79.25,77.375,68.625,68.91666666666667,69.70833333333333,64.83333333333333,72.04166666666667,73.58333333333333,72.20833333333333,66.54166666666667,76.29166666666667,69.625,59.458333333333336
2007-06-13T00:00:00Z,73.29166666666667,76.875,74.91666666666667,84.08333333333333,70.5,73.29166666666667,79.33333333333333,75.95833333333333,73.41666666666667,71.70833333333333,69.20833333333333,87,73.66666666666667,74.875,71.95833333333333,77.83333333333333,70.41666666666667,67.5,72.79166666666667,69.91666666666667,73.625,75.375,73.5,62.416666666666664
2007-06-14T00:00:00Z,77.16666666666667,75.20833333333333,81.375,80.58333333333333,68.5,74.75,80.66666666666667,86.95833333333333,79.5,84.75,76.875,91.04166666666667,77.29166666666667,72.625,70.29166666666667,81.79166666666667,70.875,72.95833333333333,69.45833333333333,73.375,88.70833333333333,75.66666666666667,74.45833333333333,67.5
2007-06-15T00:00:00Z,75.25,82.625,79.33333333333333,75.79166666666667,73.5,71.70833333333333,73.04166666666667,92.75,68.83333333333333,78,84.83333333333333,85.58333333333333,84.54166666666667,77.66666666666667,69.45833333333333,72.20833333333333,66.20833333333333,77.5,68.08333333333333,83.83333333333333,90.79166666666667,72.375,68.75,60
2007-06-16T00:00:00Z,79.79166666666667,76.33333333333333,77.04166666666667,71.625,75.54166666666667,77.70833333333333,69.45833333333333,69.75,73.58333333333333,75.95833333333333,72.875,81.33333333333333,75.79166666666667,76.875,70.04166666666667,77.75,67.83333333333333,71.5,74.75,79.83333333333333,85.41666666666667,75.70833333333333,72.08333333333333,64.70833333333333
2007-06-17T00:00:00Z,74.79166666666667,63.666666666666664,60.583333333333336,69.79166666666667,74.70833333333333,75.83333333333333,65.625,53.041666666666664,63.916666666666664,59.75,57,73.29166666666667,57.875,63.583333333333336,79.875,65.25,63.458333333333336,55.666666666666664,77.54166666666667,61.041666666666664,64.41666666666667,72.95833333333333,67.33333333333333,60.166666666666664
2007-06-18T00:00:00Z,65.79166666666667,72.70833333333333,54.166666666666664,67.58333333333333,62.416666666666664,73.875,67.5,51.583333333333336,48.791666666666664,50.791666666666664,54.458333333333336,66.95833333333333,53.166666666666664,56.708333333333336,88.16666666666667,57.541666666666664,66.54166666666667,54.958333333333336,84.625,59.958333333333336,60.416666666666664,77.54166666666667,56.583333333333336,55.375
2007-06-19T00:00:00Z,62.5,72.75,65.70833333333333,72.375,63.958333333333336,74.91666666666667,69.45833333333333,61.625,64,59.833333333333336,63,68.25,66.29166666666667,52.541666666666664,88.08333333333333,61.333333333333336,69.45833333333333,61.583333333333336,86.08333333333333,66.95833333333333,70.79166666666667,79.29166666666667,60.166666666666664,54.208333333333336
2007-06-20T00:00:00Z,81.29166666666667,57.791666666666664,63.291666666666664,85.29166666666667,81.79166666666667,87.91666666666667,83.29166666666667,54.125,83.875,60.208333333333336,56.875,76.5,57.041666666666664,73.16666666666667,88.08333333333333,76.5,82.95833333333333,54.833333333333336,88.125,58.875,57.75,89.375,76.54166666666667,76.125
2007-06-21T00:00:00Z,58.291666666666664,47.916666666666664,46.083333333333336,69.83333333333333,63.541666666666664,70.375,64.54166666666667,44.666666666666664,42,43.541666666666664,40.291666666666664,66.70833333333333,42,58.208333333333336,68.5,57.791666666666664,67.25,45.958333333333336,69.125,58.208333333333336,50.708333333333336,71.33333333333333,52.166666666666664,53.166666666666664
2007-06-22T00:00:00Z,60.166666666666664,52.708333333333336,50.375,61.916666666666664,58,66.54166666666667,57.041666666666664,49.958333333333336,59,50.666666666666664,44,61.666666666666664,46.708333333333336,55.541666666666664,63.458333333333336,61.25,61.916666666666664,46.041666666666664,72.83333333333333,61,61.041666666666664,68.04166666666667,44.5,50
2007-06-23T00:00:00Z,59.708333333333336,64.20833333333333,49.625,64.83333333333333,65.95833333333333,63.625,69.08333333333333,60.75,64,53.875,51.375,71.875,53,54.541666666666664,56,61.375,71.25,50,66.70833333333333,61.625,59.291666666666664,71.375,55.208333333333336,50.583333333333336
2007-06-24T00:00:00Z,66.375,76.29166666666667,66,81.25,66.20833333333333,75.91666666666667,78.79166666666667,76.41666666666667,76.29166666666667,63.125,65.33333333333333,71.79166666666667,68.5,55.666666666666664,68.875,65.625,80.54166666666667,66.25,78.5,74.5,73.66666666666667,81.91666666666667,66.91666666666667,59.291666666666664
2007-06-25T00:00:00Z,74.95833333333333,78.95833333333333,73.125,76.625,69.875,82.875,72.66666666666667,79.33333333333333,76.125,70.08333333333333,73.08333333333333,80,72.08333333333333,70.20833333333333,75.5,69.54166666666667,80.79166666666667,68.25,77.125,69.83333333333333,82.08333333333333,86.25,65,67.58333333333333
2007-06-26T00:00:00Z,71.41666666666667,76.45833333333333,68.95833333333333,74.08333333333333,72.125,79.45833333333333,76.91666666666667,69.75,57.916666666666664,60.708333333333336,69.125,74.58333333333333,63.125,59.083333333333336,77.66666666666667,60.333333333333336,74.29166666666667,61.833333333333336,77,63.541666666666664,71.33333333333333,80.25,76.875,65.20833333333333
2007-06-27T00:00:00Z,73.625,73.70833333333333,68.29166666666667,71.95833333333333,69.66666666666667,76.625,70.83333333333333,70.125,66.20833333333333,62.666666666666664,66.20833333333333,72.125,71.95833333333333,68.625,72.91666666666667,65.75,72.125,64,74.29166666666667,69.54166666666667,72.625,78.58333333333333,67.08333333333333,64.45833333333333
2007-06-28T00:00:00Z,68.125,77.79166666666667,64.33333333333333,69.58333333333333,65.20833333333333,74.875,67.91666666666667,70.04166666666667,63,67.125,63.125,69.25,73.41666666666667,65.79166666666667,77.5,74.16666666666667,70.33333333333333,62.75,75.08333333333333,70.70833333333333,83.83333333333333,77.54166666666667,65.5,60.75
2007-06-29T00:00:00Z,71.08333333333333,72.25,64.375,70.375,71.79166666666667,81,73.625,68.125,84.45833333333333,70.29166666666667,61.375,77.79166666666667,68.125,64.58333333333333,82.58333333333333,74.29166666666667,68.75,70.08333333333333,78.16666666666667,70.33333333333333,80.75,79.91666666666667,74.5,72.41666666666667
2007-06-30T00:00:00Z,77.04166666666667,65.41666666666667,75.54166666666667,84.70833333333333,80.79166666666667,84.29166666666667,82.16666666666667,76.375,86.70833333333333,73.5,70.54166666666667,77.83333333333333,74.875,78.04166666666667,83.5,76.08333333333333,78.04166666666667,68,78.66666666666667,72.75,85.04166666666667,87.95833333333333,81.58333333333333,75.33333333333333
2007-07-01T00:00:00Z,59.083333333333336,73.08333333333333,62,74.875,71.16666666666667,76.66666666666667,76.33333333333333,70.08333333333333,78.29166666666667,53.458333333333336,61.416666666666664,62.458333333333336,63.541666666666664,53.208333333333336,73.45833333333333,54.458333333333336,74.5,57.041666666666664,70.58333333333333,65.58333333333333,65.20833333333333,80.58333333333333,65.75,65.95833333333333
2007-07-02T00:00:00Z,64.25,75.41666666666667,54.875,64.58333333333333,63.458333333333336,62.166666666666664,62.75,69.58333333333333,67.875,53.541666666666664,74.375,59.208333333333336,63.791666666666664,51.375,52.125,56,58.458333333333336,60.291666666666664,50.75,57.541666666666664,70,65.45833333333333,63,58.083333333333336
2007-07-03T00:00:00Z,60.291666666666664,71.875,62.291666666666664,65,60,64.625,63.916666666666664,70.54166666666667,65,58.791666666666664,65,67.16666666666667,67.70833333333333,58.125,51.208333333333336,60.708333333333336,60.708333333333336,60.916666666666664,56,70.70833333333333,72.66666666666667,59.166666666666664,57,52.791666666666664
2007-07-04T00:00:00Z,58.125,69.75,61.541666666666664,64.125,62.333333333333336,68.75,62.583333333333336,72.25,62.583333333333336,58.416666666666664,64.45833333333333,62.416666666666664,62,50.583333333333336,54.833333333333336,57.083333333333336,63.875,57.25,61.125,69.70833333333333,71.20833333333333,70.20833333333333,56.041666666666664,51.791666666666664
2007-07-05T00:00:00Z,59.708333333333336,66.875,58.75,71.08333333333333,69.45833333333333,78.29166666666667,70.125,61.458333333333336,71.04166666666667,57.25,57.041666666666664,59.291666666666664,55.916666666666664,56.375,72.91666666666667,56.875,73.875,54.041666666666664,70.45833333333333,63.583333333333336,76.08333333333333,84.625,60.041666666666664,60.666666666666664
2007-07-06T00:00:00Z,65.83333333333333,74.91666666666667,63.416666666666664,67.625,72.79166666666667,81.66666666666667,69.33333333333333,60,56.791666666666664,64.70833333333333,67.45833333333333,63.041666666666664,63.291666666666664,62.708333333333336,81.79166666666667,57.291666666666664,67.79166666666667,57.375,78.16666666666667,64.79166666666667,76.33333333333333,79.08333333333333,65.95833333333333,62.541666666666664
2007-07-07T00:00:00Z,70.33333333333333,74.75,68.04166666666667,77.20833333333333,79.5,90.20833333333333,81.83333333333333,63.916666666666664,85.33333333333333,55.541666666666664,72.5,66,60.708333333333336,62.833333333333336,83.79166666666667,62.375,82.79166666666667,61.75,82.58333333333333,65.33333333333333,67.91666666666667,87.66666666666667,71.5,74.08333333333333
2007-07-08T00:00:00Z,69.41666666666667,70.125,67.20833333333333,85.41666666666667,72.91666666666667,84.875,83.33333333333333,68.625,62.625,60.166666666666664,71.41666666666667,69.625,61.333333333333336,60.791666666666664,81.83333333333333,68.08333333333333,82.20833333333333,61.083333333333336,83.20833333333333,65.70833333333333,70.08333333333333,88.20833333333333,65.20833333333333,68.375
2007-07-09T00:00:00Z,68.625,74.625,75.5,84.95833333333333,72.20833333333333,86.08333333333333,81,69.25,66.29166666666667,64.08333333333333,74.58333333333333,73.33333333333333,67.04166666666667,60.208333333333336,82.25,67.45833333333333,80.33333333333333,67.70833333333333,83,71.20833333333333,71.25,88.375,60.583333333333336,64.54166666666667
2007-07-10T00:00:00Z,79.70833333333333,80.04166666666667,71.625,69.16666666666667,81.25,89.41666666666667,71,64.83333333333333,67,75.20833333333333,73.20833333333333,80.125,71.75,63.458333333333336,88,83,71.375,72.08333333333333,87.625,70.54166666666667,83.125,83.58333333333333,75.29166666666667,74.70833333333333
2007-07-11T00:00:00Z,72.95833333333333,78.625,70.83333333333333,71.20833333333333,73.45833333333333,77.29166666666667,67.25,72.20833333333333,64.04166666666667,72.75,68.41666666666667,76.91666666666667,68.33333333333333,79.125,80.91666666666667,79.29166666666667,66.58333333333333,63.041666666666664,77.95833333333333,71.45833333333333,77.95833333333333,75.04166666666667,69.625,65.75
2007-07-12T00:00:00Z,70.66666666666667,58.75,60.666666666666664,71.79166666666667,68.79166666666667,75.66666666666667,68.16666666666667,54.375,73.375,51.583333333333336,54.458333333333336,67.5,51.875,60.666666666666664,68.20833333333333,62.333333333333336,75.75,49.541666666666664,78.95833333333333,59.041666666666664,59.583333333333336,79.75,60.791666666666664,61.875
2007-07-13T00:00:00Z,72.41666666666667,70.66666666666667,58.75,66.125,72.54166666666667,88.33333333333333,69.58333333333333,63.291666666666664,59.5,54.541666666666664,53.458333333333336,71.25,62.083333333333336,59.25,84.04166666666667,64,68.625,62.375,84.16666666666667,60.125,72.08333333333333,80.95833333333333,61.541666666666664,59
2007-07-14T00:00:00Z,69.375,74.33333333333333,70.75,73.125,71.70833333333333,74,74.66666666666667,61.083333333333336,63.416666666666664,60.875,64.79166666666667,75.5,65.29166666666667,64.41666666666667,79.91666666666667,68,70.33333333333333,68.16666666666667,79,69.20833333333333,70.125,73.95833333333333,57.166666666666664,55.708333333333336
2007-07-15T00:00:00Z,73.08333333333333,76.58333333333333,81.91666666666667,79.625,75.08333333333333,83.58333333333333,79.41666666666667,68.58333333333333,67.75,66,79.08333333333333,77.79166666666667,70.54166666666667,59.375,84.58333333333333,69.375,75.625,73.375,79.95833333333333,74.875,72.54166666666667,85.29166666666667,57.25,59.916666666666664
2007-07-16T00:00:00Z,73.08333333333333,75.41666666666667,75.04166666666667,69.16666666666667,71.125,80.58333333333333,72.45833333333333,72.95833333333333,71.75,70.08333333333333,71.375,75.54166666666667,70.79166666666667,61.708333333333336,85.375,66.75,67.33333333333333,67.66666666666667,80.20833333333333,70.08333333333333,80.375,81.91666666666667,62.125,65.58333333333333
2007-07-17T00:00:00Z,74.16666666666667,79.29166666666667,70.79166666666667,70.91666666666667,77.20833333333333,82.75,70.5,77.125,77.70833333333333,72.375,72.29166666666667,72.16666666666667,69.54166666666667,72.25,86.16666666666667,69.66666666666667,69.33333333333333,64.16666666666667,83.41666666666667,72,83.70833333333333,83.54166666666667,70.54166666666667,71.83333333333333
2007-07-18T00:00:00Z,80.83333333333333,79.04166666666667,77.79166666666667,64.41666666666667,77,80.125,64.25,75.20833333333333,78.58333333333333,69.91666666666667,69.41666666666667,80.08333333333333,65,73.04166666666667,89,76.45833333333333,64.45833333333333,65.25,83.625,69.41666666666667,74.375,74.41666666666667,69.91666666666667,76.83333333333333
2007-07-19T00:00:00Z,70.95833333333333,78.75,61.708333333333336,63.208333333333336,71.33333333333333,73.54166666666667,60.291666666666664,71.91666666666667,70.20833333333333,65.58333333333333,58.291666666666664,68.25,58.791666666666664,61.541666666666664,85,66.45833333333333,63.833333333333336,58.125,79.04166666666667,69.29166666666667,68.04166666666667,72.70833333333333,64.375,65.41666666666667
2007-07-20T00:00:00Z,79.08333333333333,72.75,71.20833333333333,70.875,72.83333333333333,88.16666666666667,68.95833333333333,77.25,78.66666666666667,59.916666666666664,60.291666666666664,73.08333333333333,65,62.458333333333336,84.625,65.125,76.16666666666667,67.25,84.45833333333333,69.91666666666667,63.5,86.625,65.125,68.91666666666667
2007-07-21T00:00:00Z,66.16666666666667,62.333333333333336,47.791666666666664,61.666666666666664,62.875,72.25,62.041666666666664,74.70833333333333,64.04166666666667,49.916666666666664,49.708333333333336,52.791666666666664,54.416666666666664,50.208333333333336,61.375,52.833333333333336,67.25,45.333333333333336,68.41666666666667,66.33333333333333,55.75,71.54166666666667,57.166666666666664,61.25
2007-07-22T00:00:00Z,63.708333333333336,68.25,46.333333333333336,58.708333333333336,67.5,69.83333333333333,57.916666666666664,65.875,60.625,48.041666666666664,47.666666666666664,55.791666666666664,49.833333333333336,54.25,68.04166666666667,54.791666666666664,62.541666666666664,46.75,72.5,61.75,52.208333333333336,67.75,64.95833333333333,60.083333333333336
2007-07-23T00:00:00Z,58.958333333333336,75.875,54.75,54.958333333333336,69.70833333333333,70.375,54.5,73.83333333333333,58.875,54.708333333333336,47.958333333333336,54.041666666666664,63.625,58.416666666666664,73.375,54.958333333333336,55.791666666666664,56.5,73.5,72.54166666666667,62.708333333333336,65.04166666666667,62.208333333333336,57.166666666666664
2007-07-24T00:00:00Z,69.91666666666667,79.83333333333333,62.375,62.541666666666664,71.54166666666667,72.58333333333333,58.416666666666664,93.83333333333333,65.70833333333333,69.04166666666667,55.416666666666664,67.625,74.04166666666667,64.33333333333333,72.70833333333333,62.833333333333336,63.916666666666664,67.625,71.5,84.20833333333333,86.33333333333333,73.79166666666667,63.791666666666664,57.458333333333336
2007-07-25T00:00:00Z,71.20833333333333,79.83333333333333,61.541666666666664,69.29166666666667,74.08333333333333,77.875,65.75,98.04166666666667,69.08333333333333,76.5,58.208333333333336,68.08333333333333,75,68.125,77.04166666666667,62.708333333333336,72.83333333333333,67.29166666666667,81.70833333333333,89.16666666666667,83.45833333333333,78,70.08333333333333,60
2007-07-26T00:00:00Z,72.08333333333333,79.16666666666667,64.25,68.66666666666667,76.95833333333333,80.16666666666667,70.70833333333333,90.58333333333333,67.95833333333333,70.16666666666667,60.583333333333336,73.5,68.58333333333333,62.416666666666664,78.625,64.66666666666667,70.75,63.75,82.20833333333333,82.08333333333333,72.16666666666667,80.41666666666667,75.875,63.333333333333336
2007-07-27T00:00:00Z,70.625,82.79166666666667,68.16666666666667,74.5,74.875,81.41666666666667,77.75,83.625,76.83333333333333,67.04166666666667,61.583333333333336,69.58333333333333,67.375,78,77.29166666666667,72.20833333333333,74.875,64.75,79.91666666666667,82.20833333333333,75.83333333333333,82.83333333333333,74.79166666666667,64.41666666666667
2007-07-28T00:00:00Z,76.25,86.58333333333333,74.20833333333333,74.66666666666667,78.41666666666667,88.04166666666667,84.875,87.5,75.20833333333333,71.83333333333333,81.875,67.91666666666667,71.95833333333333,84.79166666666667,77.54166666666667,76.95833333333333,84.75,70,80.375,85.25,72.66666666666667,88.04166666666667,78.625,66.66666666666667
2007-07-29T00:00:00Z,74.33333333333333,83.20833333333333,78.45833333333333,76.95833333333333,77.625,85.79166666666667,81.66666666666667,93.75,80.5,69.875,80.66666666666667,73.25,77.625,76.20833333333333,74.45833333333333,70.75,80.54166666666667,74.5,79.66666666666667,87.83333333333333,76.79166666666667,83.66666666666667,81.45833333333333,67.04166666666667
2007-07-30T00:00:00Z,75.33333333333333,86.375,79.70833333333333,82.70833333333333,87.25,89.33333333333333,86.45833333333333,93.33333333333333,90.33333333333333,77.45833333333333,81.625,84.83333333333333,79.16666666666667,87.75,78.45833333333333,78.20833333333333,83.58333333333333,76.45833333333333,85.08333333333333,89.66666666666667,74.29166666666667,86.41666666666667,86.08333333333333,81.29166666666667
2007-07-31T00:00:00Z,76.70833333333333,74.83333333333333,67.375,71.5,79,80.45833333333333,76.29166666666667,85.66666666666667,78.20833333333333,65.91666666666667,66.95833333333333,74.5,66.04166666666667,77.45833333333333,77,69.5,79.83333333333333,63.875,82.95833333333333,80.83333333333333,68,81.08333333333333,77.66666666666667,72.5
2007-08-01T00:00:00Z,70,72.20833333333333,58.291666666666664,66.29166666666667,72.54166666666667,77.20833333333333,70.5,88.41666666666667,73.625,57.916666666666664,61.25,63.375,66.5,68.33333333333333,73.58333333333333,59.125,70.625,62.5,79.83333333333333,76.20833333333333,61.625,75.83333333333333,71.625,66.20833333333333
2007-08-02T00:00:00Z,68.5,73.375,54.041666666666664,64.125,75.45833333333333,80.66666666666667,67.41666666666667,78.29166666666667,68.875,53.708333333333336,54.875,60.416666666666664,55.375,63.916666666666664,71.20833333333333,58.5,74.08333333333333,58,79.08333333333333,68.5,60.291666666666664,80.91666666666667,69.375,64.125
2007-08-03T00:00:00Z,72.29166666666667,75.70833333333333,59.041666666666664,74.33333333333333,74.58333333333333,83.58333333333333,75.875,79.70833333333333,74.45833333333333,62.041666666666664,55.708333333333336,61.916666666666664,61.875,68.16666666666667,75.875,61.708333333333336,76.08333333333333,58.291666666666664,82.66666666666667,77.58333333333333,68.375,85.08333333333333,70.375,67.70833333333333
2007-08-04T00:00:00Z,72.125,70.16666666666667,60.083333333333336,67.83333333333333,69.375,76.91666666666667,66.75,74.625,69.125,60.291666666666664,57.708333333333336,62.333333333333336,62.416666666666664,65.25,74.125,57.916666666666664,71.66666666666667,60.75,75.83333333333333,73.625,63.416666666666664,78.20833333333333,68.25,61.25
2007-08-05T00:00:00Z,69.04166666666667,78.25,58.041666666666664,65.16666666666667,74.91666666666667,75.04166666666667,66.95833333333333,82.58333333333333,67.79166666666667,56.166666666666664,61.166666666666664,68.08333333333333,63.375,66.04166666666667,72.33333333333333,57.541666666666664,71.04166666666667,58.916666666666664,72.29166666666667,76.79166666666667,69.58333333333333,77.95833333333333,70.66666666666667,59.208333333333336
2007-08-06T00:00:00Z,75.83333333333333,73.125,63.875,73.5,76.33333333333333,83.16666666666667,76.16666666666667,71,74.54166666666667,57.083333333333336,60.791666666666664,66.58333333333333,57.666666666666664,73.29166666666667,76.95833333333333,59.875,76.25,61.958333333333336,82.91666666666667,70.58333333333333,67.16666666666667,84.91666666666667,72.83333333333333,74.25
2007-08-07T00:00:00Z,70.25,73.16666666666667,57.916666666666664,72.125,77.375,80.45833333333333,75.70833333333333,69.875,72.375,55,53.666666666666664,61.708333333333336,53.458333333333336,65.75,82.91666666666667,58.541666666666664,77.91666666666667,54.041666666666664,88.625,67.125,70.08333333333333,84.16666666666667,72.79166666666667,65.5
2007-08-08T00:00:00Z,68,74.41666666666667,55.416666666666664,66.79166666666667,72.33333333333333,78.70833333333333,71.625,72.25,73.08333333333333,49.583333333333336,51.666666666666664,58.791666666666664,54.083333333333336,60.083333333333336,83.66666666666667,56.083333333333336,72,53.875,88.375,70.08333333333333,61.416666666666664,78.91666666666667,66.58333333333333,63.208333333333336
2007-08-09T00:00:00Z,71.91666666666667,72.45833333333333,49.708333333333336,74.91666666666667,76.54166666666667,80.45833333333333,71.70833333333333,67.95833333333333,70.95833333333333,47.166666666666664,49.625,56.166666666666664,51.625,56.833333333333336,86.04166666666667,53.708333333333336,72.25,48.541666666666664,89.33333333333333,65.08333333333333,54.25,82.66666666666667,72.58333333333333,71.08333333333333
2007-08-10T00:00:00Z,83.54166666666667,66.41666666666667,51.125,70.5,83.20833333333333,82.95833333333333,69.79166666666667,66.70833333333333,80.95833333333333,57.125,45.333333333333336,63.25,51.791666666666664,75.66666666666667,83.375,59.541666666666664,73.5,48.541666666666664,85.66666666666667,65.16666666666667,60.791666666666664,82.5,80.04166666666667,70.5
2007-08-11T00:00:00Z,82.75,61.416666666666664,54.5,77.33333333333333,76.91666666666667,87.54166666666667,81.16666666666667,73.91666666666667,88.125,64,44.666666666666664,70.95833333333333,56.333333333333336,82.5,76.20833333333333,72.875,77.625,52.375,82.83333333333333,65.5,61.458333333333336,86.29166666666667,75.08333333333333,79.79166666666667
2007-08-12T00:00:00Z,73.45833333333333,74.70833333333333,60.75,68.75,69.04166666666667,75.70833333333333,69.45833333333333,79.25,71,59.125,70.25,63.583333333333336,62.708333333333336,65.41666666666667,69.875,61.583333333333336,71.25,59.583333333333336,74.83333333333333,72.875,69.95833333333333,75.58333333333333,67.875,62.25
2007-08-13T00:00:00Z,80.25,64.29166666666667,52.666666666666664,70.91666666666667,71.95833333333333,74.95833333333333,65.20833333333333,63.041666666666664,71.04166666666667,48.041666666666664,51.458333333333336,49.666666666666664,53.125,58.208333333333336,67.79166666666667,49.375,71.66666666666667,45.208333333333336,73.66666666666667,64.45833333333333,52.375,80.91666666666667,66.54166666666667,64.79166666666667
2007-08-14T00:00:00Z,66.83333333333333,59.708333333333336,42.041666666666664,71.625,71.125,70.08333333333333,66.91666666666667,64.54166666666667,66.91666666666667,41.75,46.25,46.041666666666664,47.958333333333336,51.375,67.875,42.333333333333336,66.45833333333333,44.708333333333336,65.70833333333333,61.875,47.375,72.91666666666667,60.833333333333336,60.041666666666664
2007-08-15T00:00:00Z,76.83333333333333,59,45.291666666666664,73.95833333333333,70.70833333333333,79,72.08333333333333,63.291666666666664,73.66666666666667,39.791666666666664,44.916666666666664,53.666666666666664,45.333333333333336,61.916666666666664,65.875,51.416666666666664,74,44.75,70.625,58.5,44.791666666666664,80.41666666666667,63.208333333333336,66.04166666666667
2007-08-16T00:00:00Z,77.625,70.45833333333333,56.625,73.83333333333333,74.41666666666667,78.91666666666667,73.08333333333333,62.333333333333336,76.25,54.416666666666664,50.125,60.791666666666664,51.458333333333336,64.41666666666667,71.625,60.625,69.41666666666667,59.625,67.66666666666667,63.625,54,78.08333333333333,68.125,69.625
2007-08-17T00:00:00Z,82.41666666666667,67,59.083333333333336,71.375,79.29166666666667,78.95833333333333,70.08333333333333,65.04166666666667,76.875,54.333333333333336,52.291666666666664,67.79166666666667,50.291666666666664,69.45833333333333,75.58333333333333,66.125,71.25,61.375,70.04166666666667,61.875,49.541666666666664,78.29166666666667,76.45833333333333,70.625
2007-08-18T00:00:00Z,68.04166666666667,64.41666666666667,49.041666666666664,61.916666666666664,62.041666666666664,67.375,61.208333333333336,59.625,65.5,44.875,49.458333333333336,53.208333333333336,47.166666666666664,51.541666666666664,63.25,44.25,64.625,54.083333333333336,63.041666666666664,54.958333333333336,42.333333333333336,69.08333333333333,56,57.541666666666664
2007-08-19T00:00:00Z,79.25,69.91666666666667,55.583333333333336,72.75,66.875,76.125,71.29166666666667,66.20833333333333,77.16666666666667,54.833333333333336,54.583333333333336,59.166666666666664,53.75,69.20833333333333,64.83333333333333,59.666666666666664,75.04166666666667,56.291666666666664,68.29166666666667,62.666666666666664,52.833333333333336,81.70833333333333,68.95833333333333,67
2007-08-20T00:00:00Z,75.125,66.41666666666667,51.125,68.04166666666667,75.16666666666667,76.20833333333333,64.58333333333333,63.333333333333336,69.25,47.75,47.875,51.916666666666664,49.333333333333336,59.583333333333336,78.29166666666667,52.458333333333336,68.70833333333333,41.833333333333336,72.58333333333333,59.916666666666664,52.083333333333336,78.75,84.875,62.125
2007-08-21T00:00:00Z,77.41666666666667,72.625,55.666666666666664,63.583333333333336,72.375,73.70833333333333,61.541666666666664,68.125,67.29166666666667,61.416666666666664,52,64.125,59.75,78.04166666666667,81.625,60.083333333333336,68.29166666666667,55.333333333333336,75.20833333333333,68.08333333333333,72.20833333333333,73.5,81.5,59.875
2007-08-22T00:00:00Z,85.04166666666667,70.04166666666667,60.291666666666664,66.83333333333333,84.70833333333333,80.41666666666667,73.58333333333333,68.875,79.29166666666667,67.75,53.166666666666664,74.29166666666667,64.20833333333333,81.16666666666667,79.625,72.20833333333333,73.29166666666667,65.5,72.45833333333333,64.25,77.5,81.875,85.875,77
2007-08-23T00:00:00Z,85.41666666666667,74.16666666666667,67.79166666666667,84.70833333333333,78.58333333333333,80.79166666666667,83.70833333333333,88.875,83.41666666666667,71.375,59.791666666666664,82.625,69.79166666666667,83.08333333333333,76.08333333333333,76.16666666666667,80.29166666666667,62.625,73.29166666666667,72.20833333333333,76.33333333333333,84.41666666666667,80.79166666666667,77.33333333333333
2007-08-24T00:00:00Z,84.08333333333333,80.70833333333333,67.58333333333333,77.75,82.875,80.58333333333333,76.54166666666667,89.41666666666667,75.875,65.04166666666667,70.875,75.04166666666667,69.29166666666667,73.16666666666667,76.33333333333333,68.45833333333333,77.08333333333333,61.833333333333336,77,79.375,71.20833333333333,83.5,79.29166666666667,70.58333333333333
2007-08-25T00:00:00Z,77.33333333333333,74.20833333333333,60.791666666666664,74.375,76.95833333333333,78.75,72.66666666666667,78.875,74.54166666666667,57.791666666666664,66.70833333333333,63.291666666666664,63.5,65.83333333333333,75.41666666666667,63.458333333333336,75.66666666666667,56.083333333333336,73.95833333333333,73.54166666666667,60.75,83.04166666666667,72.375,67.75
2007-08-26T00:00:00Z,85.58333333333333,81.45833333333333,73.70833333333333,75.29166666666667,83.91666666666667,89.04166666666667,84.41666666666667,80.83333333333333,80.29166666666667,65.66666666666667,75.08333333333333,74.125,71.95833333333333,81.29166666666667,78.25,73.75,75.20833333333333,69.375,74.08333333333333,84.58333333333333,73,82.95833333333333,82.33333333333333,77.45833333333333
2007-08-27T00:00:00Z,84.45833333333333,81.41666666666667,75.08333333333333,87.41666666666667,81.29166666666667,88.33333333333333,87.16666666666667,89.16666666666667,82.33333333333333,68.45833333333333,74.08333333333333,77.875,71.20833333333333,83.75,85.58333333333333,72.375,86.33333333333333,68.29166666666667,80.83333333333333,86.54166666666667,69.25,86.79166666666667,81.875,79.08333333333333
2007-08-28T00:00:00Z,76.04166666666667,77.95833333333333,64.29166666666667,73.83333333333333,75.25,74.45833333333333,74,86.41666666666667,72.95833333333333,61.583333333333336,61.916666666666664,71.70833333333333,76,73.41666666666667,74.95833333333333,64.33333333333333,74.66666666666667,63.791666666666664,72.625,86.54166666666667,71,75.125,77.91666666666667,66.83333333333333
2007-08-29T00:00:00Z,72.95833333333333,78.91666666666667,66.5,74.70833333333333,73.04166666666667,74.25,73.58333333333333,76.04166666666667,68.41666666666667,58.166666666666664,71.45833333333333,74.75,70.95833333333333,65.625,71.25,66.54166666666667,73.79166666666667,66.08333333333333,69.5,79.25,72.45833333333333,72.625,73.41666666666667,64.25
2007-08-30T00:00:00Z,71.16666666666667,79.91666666666667,71.16666666666667,79.04166666666667,69.95833333333333,73.125,78.5,83.625,67.125,69.375,79.29166666666667,75.29166666666667,70,67.375,72.20833333333333,67.16666666666667,71.04166666666667,66,69.25,84.95833333333333,79,72.70833333333333,71.79166666666667,60.958333333333336
2007-08-31T00:00:00Z,68.54166666666667,81.66666666666667,69.33333333333333,81.79166666666667,74.25,71.79166666666667,80.29166666666667,85.70833333333333,64.83333333333333,62.791666666666664,72.54166666666667,71.5,71.75,70.20833333333333,71.625,62.166666666666664,70.29166666666667,67.16666666666667,67.83333333333333,84.08333333333333,69.25,73.33333333333333,72.33333333333333,60.875
2007-09-01T00:00:00Z,71.45833333333333,79.33333333333333,75.20833333333333,78.875,74.125,77.91666666666667,78.95833333333333,92.5,73.58333333333333,62.458333333333336,69.91666666666667,67.625,67.66666666666667,63.75,73.375,59.916666666666664,75.25,61.416666666666664,72.45833333333333,77.375,70.125,77.5,71,67.375
2007-09-02T00:00:00Z,67.75,69.08333333333333,50.416666666666664,65.875,65.41666666666667,66.83333333333333,60.416666666666664,81.04166666666667,61.958333333333336,51.875,55.166666666666664,53.583333333333336,67.08333333333333,66.16666666666667,66.20833333333333,53.875,69.16666666666667,48.916666666666664,80.16666666666667,68.16666666666667,54.833333333333336,66.95833333333333,58.75,60.25
2007-09-03T00:00:00Z,72.54166666666667,72.875,56.041666666666664,64.41666666666667,70.125,68.70833333333333,65.41666666666667,77,63.416666666666664,51.708333333333336,60.875,61.625,71,60.875,56.041666666666664,58.375,65.91666666666667,58.666666666666664,66.375,77.54166666666667,66.45833333333333,66.79166666666667,74.375,60.125
2007-09-04T00:00:00Z,69.625,63.166666666666664,48.958333333333336,66.95833333333333,72.33333333333333,73,66.83333333333333,61.75,61.958333333333336,51.75,51.5,63.041666666666664,48.333333333333336,62.208333333333336,68.04166666666667,57.083333333333336,68.91666666666667,47.666666666666664,65.29166666666667,62.583333333333336,57.541666666666664,72.25,67.95833333333333,60.041666666666664
2007-09-05T00:00:00Z,66.41666666666667,64.08333333333333,55.458333333333336,67.375,72.79166666666667,70.20833333333333,66.125,65.66666666666667,62.208333333333336,50.583333333333336,47.208333333333336,62.5,50.666666666666664,59,72.95833333333333,54.958333333333336,70.875,51.833333333333336,71.45833333333333,66.16666666666667,60.666666666666664,75.54166666666667,71.20833333333333,58.708333333333336
2007-09-06T00:00:00Z,69.45833333333333,69,57.791666666666664,70.54166666666667,74,73.875,70.33333333333333,69.16666666666667,66.20833333333333,52.708333333333336,54.541666666666664,60.333333333333336,55.75,62.083333333333336,67.45833333333333,56.708333333333336,72.875,56.625,69.20833333333333,69.95833333333333,62.375,75.70833333333333,71.91666666666667,65
2007-09-07T00:00:00Z,72.08333333333333,69.70833333333333,59.75,65.91666666666667,70.20833333333333,70,70.75,73.375,66.08333333333333,57.208333333333336,58.916666666666664,66.375,56.583333333333336,65.375,56.333333333333336,61.958333333333336,64.66666666666667,57.166666666666664,61.083333333333336,71.41666666666667,63.5,67.625,71.625,63.5
2007-09-08T00:00:00Z,69.625,66.625,58.291666666666664,66.375,73.375,70.41666666666667,65.16666666666667,69.875,62.375,52.375,54.708333333333336,63.208333333333336,55.833333333333336,62,64.875,58.291666666666664,66.375,57.541666666666664,66,66.70833333333333,59.166666666666664,68.5,72,62
2007-09-09T00:00:00Z,88.45833333333333,66.08333333333333,50.833333333333336,56.791666666666664,86.75,91.29166666666667,59.25,65.33333333333333,70.04166666666667,48.375,52.083333333333336,54.208333333333336,53.25,69.33333333333333,83.5,51.875,66.91666666666667,52.583333333333336,85.58333333333333,66.125,60.083333333333336,86,84.54166666666667,82.70833333333333
2007-09-10T00:00:00Z,73.33333333333333,67.70833333333333,47.833333333333336,64.16666666666667,74.91666666666667,74.29166666666667,61.375,78.29166666666667,57.625,47.583333333333336,47.416666666666664,49.875,51.625,60.083333333333336,74.20833333333333,48.5,67.5,48.791666666666664,72.66666666666667,69.125,64.5,73.25,79.45833333333333,59.875
2007-09-11T00:00:00Z,61.375,71.58333333333333,46.208333333333336,65.91666666666667,67.20833333333333,76.70833333333333,65.66666666666667,77.75,61.416666666666664,50.875,49.416666666666664,51.083333333333336,52.333333333333336,54.583333333333336,78.375,52.958333333333336,72.83333333333333,42.208333333333336,77.04166666666667,64.79166666666667,63.458333333333336,78.20833333333333,57.916666666666664,56.791666666666664
2007-09-12T00:00:00Z,63.25,65,55.666666666666664,90.125,64.08333333333333,83.79166666666667,85.08333333333333,65.58333333333333,76.54166666666667,52.25,61.541666666666664,59.583333333333336,58.291666666666664,51.375,74.70833333333333,52.666666666666664,82.29166666666667,53.666666666666664,80.79166666666667,67.04166666666667,50.708333333333336,79.79166666666667,54.458333333333336,63.5
2007-09-13T00:00:00Z,67.20833333333333,77.5,71.83333333333333,84.125,63.958333333333336,79.125,82.54166666666667,81.45833333333333,72.16666666666667,63.583333333333336,79.58333333333333,74.33333333333333,66.08333333333333,63.5,74.91666666666667,65.79166666666667,81.29166666666667,67.83333333333333,79.54166666666667,72.625,63,81.625,59.333333333333336,62.375
2007-09-14T00:00:00Z,77.70833333333333,90.83333333333333,84.16666666666667,80.70833333333333,80.16666666666667,82.25,84.33333333333333,96,81.54166666666667,83.75,83.875,85.91666666666667,88.375,80.625,83.75,83.58333333333333,80.41666666666667,80.625,80.29166666666667,95.33333333333333,78.25,85.25,70.625,71.83333333333333
2007-09-15T00:00:00Z,74.79166666666667,67.04166666666667,65.58333333333333,73.125,73.66666666666667,81.125,76.75,69.875,73.45833333333333,61.375,62.333333333333336,71.125,63.791666666666664,72.33333333333333,79.83333333333333,62.5,77.33333333333333,60.875,79.45833333333333,74.5,64.875,79.45833333333333,68.41666666666667,75.25
2007-09-16T00:00:00Z,63.083333333333336,70.91666666666667,51,59.083333333333336,59.541666666666664,63.083333333333336,59.458333333333336,76.16666666666667,56.458333333333336,52.166666666666664,49.75,52.375,56.75,56.166666666666664,60.541666666666664,51.041666666666664,59.416666666666664,49.666666666666664,61.375,71.70833333333333,56.791666666666664,62.416666666666664,51,55.583333333333336
2007-09-17T00:00:00Z,74.79166666666667,75.33333333333333,54.541666666666664,61.625,68,71.20833333333333,66.5,79.875,63.166666666666664,58.125,55.541666666666664,60,63.333333333333336,69.41666666666667,66.95833333333333,55.541666666666664,64.125,59.791666666666664,70.375,77.79166666666667,60.5,69.33333333333333,62.125,65.54166666666667
2007-09-18T00:00:00Z,74.375,74.91666666666667,56.041666666666664,63.666666666666664,73.20833333333333,74.33333333333333,68.20833333333333,80.875,66.625,60.125,58.541666666666664,63.791666666666664,63.833333333333336,71,75.66666666666667,59.416666666666664,65.54166666666667,59.875,73.875,76,67.25,72.04166666666667,68.79166666666667,66.33333333333333
2007-09-19T00:00:00Z,83.875,71.79166666666667,61.208333333333336,81.83333333333333,83.58333333333333,87.54166666666667,83.95833333333333,82.20833333333333,84.54166666666667,67.91666666666667,54.666666666666664,73.95833333333333,64.125,83.83333333333333,84.41666666666667,76.25,79.33333333333333,58.625,81.875,71.29166666666667,67.625,84.875,85.45833333333333,78.5
2007-09-20T00:00:00Z,89.625,77.08333333333333,70.41666666666667,91.875,90.29166666666667,93.125,93,88.25,93.875,70.5,65.41666666666667,79.58333333333333,71,84.04166666666667,87.83333333333333,78.95833333333333,89.33333333333333,64.95833333333333,90.625,78.70833333333333,71,94.33333333333333,90.79166666666667,85.20833333333333
2007-09-21T00:00:00Z,89.45833333333333,82.875,75.20833333333333,84.375,86.875,89.04166666666667,87.58333333333333,97.25,88.54166666666667,79.625,75.79166666666667,81.95833333333333,79.875,97.91666666666667,91.16666666666667,85.75,85.95833333333333,70.45833333333333,91.91666666666667,87.25,77.16666666666667,89.45833333333333,91.29166666666667,80.33333333333333
2007-09-22T00:00:00Z,82.875,75.375,70.45833333333333,84.54166666666667,89.58333333333333,89.125,82.25,88.08333333333333,83.41666666666667,67.54166666666667,66.91666666666667,74.79166666666667,68.875,79.70833333333333,86.41666666666667,72.70833333333333,83.66666666666667,66.04166666666667,93.41666666666667,77.79166666666667,77.83333333333333,87.75,84.29166666666667,78.875
2007-09-23T00:00:00Z,74.54166666666667,73.29166666666667,61,72.66666666666667,82.54166666666667,75.75,69.95833333333333,78.66666666666667,74.16666666666667,58.5,61.5,70.54166666666667,63.541666666666664,67.41666666666667,83.95833333333333,62.708333333333336,74.375,60.291666666666664,77.45833333333333,76.04166666666667,67.29166666666667,80.66666666666667,81.95833333333333,69.79166666666667
2007-09-24T00:00:00Z,67.91666666666667,73.125,61.333333333333336,69.58333333333333,75.875,71.08333333333333,68.70833333333333,88.91666666666667,68.75,62.291666666666664,59.875,68.08333333333333,68.75,67,68.75,62.541666666666664,70.08333333333333,64.08333333333333,73.08333333333333,79.33333333333333,68.33333333333333,67.29166666666667,78.375,63.666666666666664
2007-09-25T00:00:00Z,74.5,75.66666666666667,60.708333333333336,71.125,80.08333333333333,82.625,71.29166666666667,85.83333333333333,70.66666666666667,57.541666666666664,63.166666666666664,66.95833333333333,70.08333333333333,62.166666666666664,75.04166666666667,62.541666666666664,74.91666666666667,68.70833333333333,78.91666666666667,84.91666666666667,70.08333333333333,80.20833333333333,79.54166666666667,69.41666666666667
2007-09-26T00:00:00Z,76.5,76.125,52.708333333333336,78.29166666666667,81,84.08333333333333,78.41666666666667,82.66666666666667,77.75,51.041666666666664,53.416666666666664,64.75,56.666666666666664,62,82.54166666666667,59.166666666666664,79.91666666666667,54.875,83.41666666666667,79.91666666666667,65.20833333333333,75.83333333333333,72.875,57.791666666666664
2007-09-27T00:00:00Z,86.16666666666667,73.70833333333333,57.375,81.625,89.375,84.95833333333333,81.16666666666667,86.08333333333333,83.70833333333333,52.208333333333336,59,65.04166666666667,61.916666666666664,70.20833333333333,88.875,62.916666666666664,81.58333333333333,54.166666666666664,82.70833333333333,77.58333333333333,58.625,85.125,90.79166666666667,73.625
2007-09-28T00:00:00Z,67.58333333333333,59.375,52.041666666666664,60.125,73.375,73.54166666666667,62.125,61.875,63.125,45.541666666666664,49,56.791666666666664,50.666666666666664,52.75,77.875,47.75,62.625,45.166666666666664,74.16666666666667,59.041666666666664,46.625,67.58333333333333,72.83333333333333,58.75
2007-09-29T00:00:00Z,60.291666666666664,61,39.833333333333336,43.083333333333336,61.041666666666664,58,48.708333333333336,56.041666666666664,48.25,40.583333333333336,33.791666666666664,49.708333333333336,45.458333333333336,49.291666666666664,55.75,38.666666666666664,47.083333333333336,41.958333333333336,58.208333333333336,56.708333333333336,50.708333333333336,45.75,57.791666666666664,34.125
2007-09-30T00:00:00Z,66.70833333333333,68.95833333333333,41.333333333333336,62.958333333333336,67.58333333333333,72.79166666666667,65.375,69.70833333333333,65.625,52.083333333333336,42.041666666666664,57.208333333333336,57.625,63.75,67.54166666666667,53.291666666666664,64.08333333333333,49.583333333333336,69.08333333333333,69.25,59.5,69.625,55.666666666666664,62.416666666666664
2007-10-01T00:00:00Z,73.16666666666667,72.5,53.125,65.41666666666667,75.54166666666667,76.75,68.41666666666667,78.04166666666667,71.70833333333333,58.458333333333336,49.666666666666664,66.91666666666667,63.041666666666664,70.41666666666667,73.375,63.416666666666664,67.45833333333333,60.375,74.16666666666667,75.54166666666667,66.95833333333333,71.08333333333333,74,71.125
2007-10-02T00:00:00Z,76.83333333333333,71.41666666666667,60.875,75.83333333333333,76.33333333333333,78.875,81.91666666666667,81.79166666666667,78.625,72.375,52.875,76,64.95833333333333,79.95833333333333,78.375,72.25,75.5,59.625,79.54166666666667,72.79166666666667,68.625,79.70833333333333,85,77.75
2007-10-03T00:00:00Z,79.75,77.66666666666667,61.458333333333336,89.83333333333333,83.25,85.66666666666667,92.20833333333333,85.08333333333333,88.25,67.91666666666667,58.791666666666664,77.04166666666667,60.583333333333336,83.83333333333333,85.83333333333333,80.33333333333333,81.625,56.666666666666664,82.83333333333333,68.45833333333333,65.95833333333333,79.95833333333333,88.08333333333333,83.25
2007-10-04T00:00:00Z,80,90,80.25,86.41666666666667,83.625,84.25,84.91666666666667,92.20833333333333,83.66666666666667,67.75,84.45833333333333,85.75,75.66666666666667,76,87.20833333333333,73.95833333333333,83.45833333333333,73.58333333333333,84.91666666666667,86.08333333333333,73.20833333333333,88.04166666666667,87.41666666666667,80.83333333333333
2007-10-05T00:00:00Z,86.41666666666667,83.95833333333333,73,87.54166666666667,82.33333333333333,83.33333333333333,89.33333333333333,92.33333333333333,94.91666666666667,71.58333333333333,75.91666666666667,80.5,77.70833333333333,94.79166666666667,82.95833333333333,87.5,82.875,70.58333333333333,83.91666666666667,86.29166666666667,71.25,87.20833333333333,92.95833333333333,85.83333333333333
2007-10-06T00:00:00Z,88.5,80.70833333333333,72.41666666666667,85.5,85.91666666666667,90.875,89.91666666666667,90.25,94.29166666666667,70.5,72.95833333333333,79.04166666666667,74.75,91.08333333333333,83.79166666666667,85.33333333333333,84.16666666666667,72.625,87.25,84,76.33333333333333,86.95833333333333,90.16666666666667,84.54166666666667
2007-10-07T00:00:00Z,81,78.41666666666667,70,80.95833333333333,79.45833333333333,83.04166666666667,81.5,76.625,83.08333333333333,65.16666666666667,69.91666666666667,77.41666666666667,69.625,77.04166666666667,78.45833333333333,73.79166666666667,79.125,67.375,80.83333333333333,79.79166666666667,68.83333333333333,82.66666666666667,78.45833333333333,78.58333333333333
2007-10-08T00:00:00Z,76.04166666666667,76.75,61.333333333333336,70.41666666666667,82.54166666666667,75.33333333333333,72.79166666666667,73.66666666666667,74.41666666666667,57.833333333333336,65.25,70.16666666666667,63.958333333333336,68.66666666666667,80.45833333333333,65.33333333333333,73.20833333333333,61.208333333333336,78.625,78.08333333333333,64.08333333333333,76.375,82.125,68.08333333333333
2007-10-09T00:00:00Z,67.54166666666667,80.16666666666667,63.25,68.75,66.75,71.20833333333333,67.54166666666667,73.79166666666667,66.91666666666667,55.208333333333336,64.91666666666667,63.75,66.45833333333333,64.41666666666667,78.625,58,68.25,60.416666666666664,76.04166666666667,77,65.66666666666667,74.04166666666667,70,64.04166666666667
2007-10-10T00:00:00Z,79.04166666666667,58.875,59.541666666666664,76.16666666666667,78.54166666666667,81.29166666666667,79,56.625,77.625,46.208333333333336,50.041666666666664,55.916666666666664,50.875,61.208333333333336,80.04166666666667,53.958333333333336,77.625,55.875,77.95833333333333,52.875,46.5,81.875,78.20833333333333,74.125
2007-10-11T00:00:00Z,59.916666666666664,55.208333333333336,47.083333333333336,49.25,67.20833333333333,63.25,53.291666666666664,47.25,52.916666666666664,46.125,41.166666666666664,50.125,44.375,47.416666666666664,68.5,42.958333333333336,55.708333333333336,41.75,61.791666666666664,52.125,48.666666666666664,62,60.75,57.541666666666664
2007-10-12T00:00:00Z,62.083333333333336,63,54.583333333333336,55.958333333333336,56.75,57.583333333333336,54.333333333333336,71.66666666666667,57.375,53,48.791666666666664,62.583333333333336,54.125,57.791666666666664,55.041666666666664,50.75,53.25,52,55.958333333333336,67.41666666666667,52.375,60.083333333333336,54.166666666666664,55.375
2007-10-13T00:00:00Z,63.916666666666664,70.375,55.25,58.75,68.04166666666667,65.79166666666667,61.875,65.04166666666667,59.625,55.625,54.5,64.20833333333333,61.625,56.166666666666664,57.791666666666664,54.666666666666664,63.041666666666664,59.333333333333336,64,74.79166666666667,64.58333333333333,68.66666666666667,56.916666666666664,63.666666666666664
2007-10-14T00:00:00Z,68.83333333333333,71.04166666666667,52.916666666666664,64.33333333333333,75.95833333333333,69.75,61,64.75,61.958333333333336,53.166666666666664,55.041666666666664,60.375,58.625,60.916666666666664,60.208333333333336,51.875,64.625,56.875,64.20833333333333,72.45833333333333,62.125,72.33333333333333,64.20833333333333,66.83333333333333
2007-10-15T00:00:00Z,69.66666666666667,72.16666666666667,46.625,67.29166666666667,71.75,74,65.83333333333333,71.45833333333333,65.08333333333333,50.875,55.875,55.458333333333336,58.541666666666664,65.75,62.416666666666664,58.791666666666664,71.20833333333333,65.70833333333333,67.08333333333333,71.54166666666667,62.625,73.04166666666667,68.95833333333333,67.33333333333333
2007-10-16T00:00:00Z,71.08333333333333,82.45833333333333,69.25,76.25,77.83333333333333,79.91666666666667,71.41666666666667,80.58333333333333,66.66666666666667,60.5,69.5,75.66666666666667,70.70833333333333,71.875,67.875,68.16666666666667,75.66666666666667,91.20833333333333,74.16666666666667,86.16666666666667,73.625,77.95833333333333,71.375,73.08333333333333
2007-10-17T00:00:00Z,75.95833333333333,82.04166666666667,67.08333333333333,77.25,77.70833333333333,79.625,76.45833333333333,85.75,72.79166666666667,59.583333333333336,70.20833333333333,72.54166666666667,73.375,67.04166666666667,69.75,66.75,74.45833333333333,84.25,75.95833333333333,84.70833333333333,73.33333333333333,78.54166666666667,77.5,73.16666666666667
2007-10-18T00:00:00Z,89.16666666666667,83.45833333333333,72.41666666666667,86.95833333333333,79.875,85.875,85.41666666666667,91.875,87,65.83333333333333,77.83333333333333,78.41666666666667,72.75,88.95833333333333,74.75,80.29166666666667,81.04166666666667,91.16666666666667,79.66666666666667,84.20833333333333,76.20833333333333,87.41666666666667,82.33333333333333,85.875
2007-10-19T00:00:00Z,85.04166666666667,80.45833333333333,83.125,78.25,83.20833333333333,87.54166666666667,76.125,87.375,81.83333333333333,76.83333333333333,82.5,82.33333333333333,79.08333333333333,87,87.66666666666667,78.04166666666667,77.83333333333333,97.04166666666667,83.54166666666667,86.66666666666667,81.91666666666667,86.29166666666667,83.16666666666667,79.08333333333333
2007-10-20T00:00:00Z,63.916666666666664,64.04166666666667,62.291666666666664,68.875,61.916666666666664,70,63.458333333333336,58.25,62.5,57.416666666666664,58.75,69.04166666666667,48.041666666666664,61.958333333333336,70.41666666666667,62.583333333333336,65.29166666666667,72.54166666666667,66.54166666666667,66.125,63,73.54166666666667,60.041666666666664,62.541666666666664
2007-10-21T00:00:00Z,67,68.54166666666667,52.666666666666664,69.75,66.95833333333333,76.5,62.666666666666664,59.875,65.33333333333333,49,53.833333333333336,61.333333333333336,51.458333333333336,60.041666666666664,53.416666666666664,56,68.91666666666667,69.75,71.29166666666667,68.95833333333333,62.083333333333336,76.625,66.25,67.16666666666667
2007-10-22T00:00:00Z,75.29166666666667,92.33333333333333,61.125,75.25,75.875,80.41666666666667,74.20833333333333,90.04166666666667,74,57.666666666666664,79.54166666666667,67.83333333333333,83.41666666666667,69.04166666666667,64.83333333333333,64.08333333333333,75.125,93.04166666666667,73.04166666666667,97.16666666666667,74.83333333333333,78.625,71.70833333333333,74
2007-10-23T00:00:00Z,75.75,84.625,78.91666666666667,80.25,74.20833333333333,82.125,80,95.79166666666667,76.95833333333333,76.625,84.91666666666667,83.70833333333333,87.54166666666667,82.16666666666667,75.66666666666667,78.66666666666667,76.08333333333333,98.375,79.08333333333333,77.5,80.375,82.625,69.625,73.75
2007-10-24T00:00:00Z,90.20833333333333,87.75,88.70833333333333,86.5,79.79166666666667,86.875,85.41666666666667,98.25,88.58333333333333,83.625,86.66666666666667,91.5,92.08333333333333,97.5,82.66666666666667,92.54166666666667,77.5,98.58333333333333,82.45833333333333,95.875,83.45833333333333,87.29166666666667,60.958333333333336,83.58333333333333
2007-10-25T00:00:00Z,94.25,79.875,90.70833333333333,91.95833333333333,89.875,92.29166666666667,94.95833333333333,100,85.95833333333333,91.33333333333333,74.125,94.625,90.41666666666667,100,88.125,96.5,84.41666666666667,98.75,87.54166666666667,96.83333333333333,87.83333333333333,90.79166666666667,24.958333333333332,95.54166666666667
2007-10-26T00:00:00Z,94,84,95.04166666666667,94.54166666666667,90.29166666666667,96.16666666666667,98.125,97,95.54166666666667,94.625,80.875,97.25,91.79166666666667,100,85.41666666666667,96.41666666666667,90.16666666666667,100,90.41666666666667,84.29166666666667,85.58333333333333,95.70833333333333,60.041666666666664,95.5
2007-10-27T00:00:00Z,84.125,70.83333333333333,73.66666666666667,88.45833333333333,85,86.70833333333333,88.375,77,86.25,66.41666666666667,62.958333333333336,81.5,69.91666666666667,76.625,74.95833333333333,76,83.29166666666667,82.66666666666667,81.41666666666667,77.54166666666667,67.25,86.29166666666667,84.33333333333333,83.45833333333333
2007-10-28T00:00:00Z,69.54166666666667,60.791666666666664,62.166666666666664,62.083333333333336,63.125,66.41666666666667,69.04166666666667,72.08333333333333,63.375,60.333333333333336,58.583333333333336,73.45833333333333,67.33333333333333,67.70833333333333,61.375,66.20833333333333,63.25,78.79166666666667,68.95833333333333,74.125,53,66.70833333333333,54.083333333333336,68.08333333333333
2007-10-29T00:00:00Z,70.75,69.20833333333333,53.708333333333336,54.583333333333336,52.375,61.5,63.083333333333336,67.58333333333333,59.625,53.25,48.583333333333336,61.916666666666664,60.5,65.75,59.208333333333336,55.916666666666664,56.166666666666664,67.75,63.666666666666664,74.45833333333333,64.5,60.916666666666664,52.666666666666664,67.54166666666667
2007-10-30T00:00:00Z,76.29166666666667,70.58333333333333,62.958333333333336,69.5,74.58333333333333,78.875,73.625,66.41666666666667,73.375,57.5,56.166666666666664,73.58333333333333,66.25,72.16666666666667,68.20833333333333,67.25,70,77.20833333333333,74.125,73,63.041666666666664,72.58333333333333,73.58333333333333,77.29166666666667
2007-10-31T00:00:00Z,80.33333333333333,72.41666666666667,70.08333333333333,73.125,77.08333333333333,76.125,76.25,63.791666666666664,75.91666666666667,62.5,62.083333333333336,79.66666666666667,70.58333333333333,78.625,62.583333333333336,76,74.91666666666667,83.91666666666667,75.20833333333333,80,67.25,77.875,74.16666666666667,77.08333333333333
2007-11-01T00:00:00Z,77.33333333333333,73.45833333333333,64.91666666666667,71.41666666666667,79.66666666666667,74,76.5,79,75.20833333333333,60.208333333333336,64.41666666666667,72.08333333333333,67.04166666666667,75.45833333333333,78.75,67.95833333333333,68.16666666666667,78.04166666666667,77.5,76.20833333333333,64.83333333333333,72.45833333333333,73.75,77.75
2007-11-02T00:00:00Z,63.958333333333336,62.333333333333336,46.875,54.041666666666664,66.54166666666667,69.125,58.833333333333336,61.041666666666664,58.083333333333336,46.125,49.833333333333336,51.875,53.541666666666664,53.5,79.25,46.958333333333336,61.166666666666664,54.75,74.66666666666667,65.41666666666667,47.708333333333336,67.33333333333333,64.83333333333333,63.583333333333336
2007-11-03T00:00:00Z,70.25,53.708333333333336,52.625,62.208333333333336,71.04166666666667,71.375,64.45833333333333,38.583333333333336,64.45833333333333,42.75,48.875,63.041666666666664,52.75,59.708333333333336,76.125,53.458333333333336,63.541666666666664,64.375,72.25,61.208333333333336,40.833333333333336,70.58333333333333,67.25,71.375
2007-11-04T00:00:00Z,70.16666666666667,47.25,45.416666666666664,59.958333333333336,63.895833333333336,70.25,51.291666666666664,51.958333333333336,64.52083333333333,43.5625,41.145833333333336,61.270833333333336,38.8125,52.9375,54.083333333333336,49.875,58.791666666666664,69.66666666666667,67.35416666666667,46.875,51.1875,69.29166666666667,56.9375,68.79166666666667
2007-11-05T00:00:00Z,63.416666666666664,50.166666666666664,48.75,56.375,67.45833333333333,64.45833333333333,57.791666666666664,46.041666666666664,57,39.583333333333336,41.041666666666664,54.916666666666664,38.75,49.833333333333336,62.166666666666664,45.625,61.125,52.375,60.458333333333336,49.75,54.75,64.5,61,61.708333333333336
2007-11-06T00:00:00Z,49.416666666666664,51,36.208333333333336,50.708333333333336,65.95833333333333,58.125,52.5,61.083333333333336,49.958333333333336,42.208333333333336,40,42.125,43.625,47.625,54.25,38.875,54.125,35.416666666666664,53.208333333333336,47.25,38.166666666666664,55.458333333333336,58.833333333333336,51.583333333333336
2007-11-07T00:00:00Z,60.625,49.416666666666664,47.458333333333336,54.208333333333336,54.208333333333336,56.416666666666664,53.5,59.958333333333336,50.125,44.208333333333336,44.416666666666664,61.541666666666664,47.375,55.708333333333336,50.791666666666664,48.833333333333336,47.833333333333336,60.541666666666664,51.166666666666664,56.666666666666664,44.708333333333336,53.875,46.291666666666664,60.791666666666664
2007-11-08T00:00:00Z,78.5,60.416666666666664,53,64.25,63.166666666666664,68.58333333333333,66.125,68.04166666666667,65.45833333333333,54.041666666666664,48.5,66.83333333333333,60.625,70.95833333333333,58.958333333333336,58.416666666666664,61.791666666666664,74.95833333333333,61.625,71.25,61.708333333333336,64.58333333333333,60.666666666666664,72.16666666666667
2007-11-09T00:00:00Z,73.20833333333333,61.125,54.708333333333336,59.791666666666664,66.25,69.29166666666667,61.791666666666664,59.25,67.04166666666667,51.791666666666664,51.208333333333336,62.25,63.666666666666664,70.08333333333333,64.16666666666667,60.75,61.583333333333336,73.875,67.45833333333333,68.75,60.375,65.79166666666667,61.541666666666664,68.29166666666667
2007-11-10T00:00:00Z,86.20833333333333,52.291666666666664,53.291666666666664,57.625,79.91666666666667,70.83333333333333,60.666666666666664,69.33333333333333,66.625,52.291666666666664,42.041666666666664,63.208333333333336,53.916666666666664,82.08333333333333,74.875,61.083333333333336,65.16666666666667,70.29166666666667,70.25,58.166666666666664,53.958333333333336,66.70833333333333,77.125,78.45833333333333
2007-11-11T00:00:00Z,78.66666666666667,65.91666666666667,61.208333333333336,72.29166666666667,74.95833333333333,74.5,71.875,72.70833333333333,73,62.208333333333336,59.166666666666664,76.29166666666667,66.54166666666667,80.83333333333333,72.58333333333333,71.125,70.95833333333333,77.20833333333333,70.66666666666667,73.25,68.45833333333333,73.75,74.41666666666667,77.375
2007-11-12T00:00:00Z,68.08333333333333,65.79166666666667,63.541666666666664,66.83333333333333,68.95833333333333,71.625,64.875,66.45833333333333,66.70833333333333,57.708333333333336,56.5,67.54166666666667,61.125,71.5,67.04166666666667,68.58333333333333,68.79166666666667,75.33333333333333,63.833333333333336,70.41666666666667,58.291666666666664,70.75,60.416666666666664,67
2007-11-13T00:00:00Z,67.33333333333333,75.5,55.833333333333336,63.791666666666664,64.66666666666667,66.75,61.208333333333336,79.83333333333333,60.916666666666664,64.125,58.625,63.541666666666664,71.91666666666667,70.125,65.125,65.04166666666667,69.125,76.70833333333333,40.416666666666664,81.04166666666667,73.54166666666667,68.70833333333333,70.16666666666667,65.75
2007-11-14T00:00:00Z,71.875,75.83333333333333,68.625,72.04166666666667,74.58333333333333,77.04166666666667,70.66666666666667,84.625,71.04166666666667,71.66666666666667,68.16666666666667,73.125,78.33333333333333,74.25,82.83333333333333,71.625,78.83333333333333,82,73.125,81.75,75.16666666666667,78.41666666666667,71.66666666666667,71.33333333333333
2007-11-15T00:00:00Z,78.33333333333333,62.208333333333336,59.541666666666664,70.58333333333333,82.58333333333333,82.54166666666667,70.20833333333333,71.91666666666667,75.16666666666667,58.125,54.916666666666664,63.125,58.375,68.33333333333333,80.41666666666667,64.08333333333333,80.29166666666667,64.41666666666667,81.75,59.75,55.75,83.375,69.41666666666667,78.54166666666667
2007-11-16T00:00:00Z,60.791666666666664,53.791666666666664,49.583333333333336,58.666666666666664,59.25,64.5,55.541666666666664,60.708333333333336,58.916666666666664,40.375,46.666666666666664,56.5,52.166666666666664,59.375,53.291666666666664,50.375,59.625,60.958333333333336,57.333333333333336,53.291666666666664,41.625,69.375,49.25,64.54166666666667
2007-11-17T00:00:00Z,63.291666666666664,60.125,59.333333333333336,55.291666666666664,58.166666666666664,65,53,49.75,57.458333333333336,52.708333333333336,52,61.875,61.791666666666664,65,51.375,58.583333333333336,66.04166666666667,74.375,61.541666666666664,73.375,54.458333333333336,66.58333333333333,54.583333333333336,61.625
2007-11-18T00:00:00Z,69.41666666666667,68.04166666666667,57.75,59.583333333333336,67.58333333333333,66.91666666666667,56.833333333333336,66.95833333333333,64.66666666666667,57.291666666666664,56.958333333333336,65.04166666666667,64.04166666666667,63.25,71.54166666666667,62.958333333333336,60.125,76.70833333333333,63.125,75.375,63.125,65.16666666666667,70.25,69.25
2007-11-19T00:00:00Z,79.91666666666667,79.54166666666667,64.08333333333333,67.125,80.66666666666667,75.79166666666667,66.83333333333333,77.25,75.54166666666667,66.04166666666667,65.625,73.125,70.91666666666667,84.04166666666667,79.29166666666667,75.58333333333333,76.125,82.58333333333333,76.625,77.29166666666667,63.458333333333336,74.41666666666667,88.54166666666667,78.79166666666667
2007-11-20T00:00:00Z,79.54166666666667,78.33333333333333,67.70833333333333,72.375,83.08333333333333,87.41666666666667,76.66666666666667,67.125,91.875,71.95833333333333,63.291666666666664,76.83333333333333,71,89.08333333333333,89.33333333333333,84.79166666666667,78.54166666666667,82.79166666666667,89.83333333333333,79.625,71.75,90.58333333333333,79.875,89.125
2007-11-21T00:00:00Z,67,82.58333333333333,64.375,66.58333333333333,72.375,74.66666666666667,63.5,63.375,71.16666666666667,61.458333333333336,64.5,62.958333333333336,70.91666666666667,72.75,83.83333333333333,68.375,73.08333333333333,77.25,81.625,72.5,65.58333333333333,73.875,68.75,71.75
2007-11-22T00:00:00Z,60.458333333333336,85.83333333333333,71.5,63.041666666666664,66,72.41666666666667,62.208333333333336,74.41666666666667,67.79166666666667,65.08333333333333,78,65.875,74.875,64,81.25,63.791666666666664,74.20833333333333,81.58333333333333,81.375,75.5,68.08333333333333,73.45833333333333,64.58333333333333,63.25
2007-11-23T00:00:00Z,45.291666666666664,66.04166666666667,49.041666666666664,47.25,49.041666666666664,55,50.916666666666664,59.125,47.541666666666664,42.833333333333336,50.5,46.208333333333336,57.375,48.541666666666664,63.416666666666664,42.791666666666664,56.416666666666664,64.29166666666667,58,63.375,48.208333333333336,54.75,48.083333333333336,51.166666666666664
2007-11-24T00:00:00Z,60.791666666666664,65.91666666666667,47.833333333333336,56.208333333333336,58.125,63,58.875,58.333333333333336,60.5,48.875,49.583333333333336,55.791666666666664,63.5,61.958333333333336,65.83333333333333,52.5,63.125,68,65,68.04166666666667,61.875,62.5,55.708333333333336,65
2007-11-25T00:00:00Z,76.54166666666667,76.33333333333333,58.416666666666664,73.20833333333333,78.54166666666667,78.625,69.45833333333333,66.625,78.5,55.791666666666664,58.833333333333336,70,67.66666666666667,66,85.75,72.95833333333333,81.75,72.29166666666667,83,71.33333333333333,70.625,76.58333333333333,65.66666666666667,82.75
2007-11-26T00:00:00Z,84.70833333333333,96.25,93.125,74.41666666666667,89.25,92.08333333333333,69.75,85.5,89.83333333333333,89.41666666666667,93.83333333333333,95.33333333333333,98.08333333333333,73.29166666666667,89.95833333333333,94.66666666666667,94.04166666666667,99.125,89.125,98.41666666666667,68.33333333333333,92.54166666666667,87.83333333333333,87.41666666666667
2007-11-27T00:00:00Z,63.041666666666664,63.958333333333336,62,72.75,74.875,71.08333333333333,63.166666666666664,55.666666666666664,70.625,50,60.583333333333336,62.375,61.708333333333336,57.833333333333336,82.83333333333333,56.708333333333336,70.375,75.91666666666667,76.75,62.333333333333336,54.708333333333336,71.91666666666667,71.79166666666667,68.125
2007-11-28T00:00:00Z,61.166666666666664,59.125,53.041666666666664,58.375,67.95833333333333,69.41666666666667,56.958333333333336,39.75,64.04166666666667,43.416666666666664,48.416666666666664,57.958333333333336,57.041666666666664,54.625,69.04166666666667,51.958333333333336,62.666666666666664,72.16666666666667,68.45833333333333,65.45833333333333,54.75,67.58333333333333,58.333333333333336,66.58333333333333
2007-11-29T00:00:00Z,70.70833333333333,65.70833333333333,59.166666666666664,76.75,75.75,83.16666666666667,70.20833333333333,45.041666666666664,73.25,53.5,55.666666666666664,67.58333333333333,66.66666666666667,64.20833333333333,82.54166666666667,67.83333333333333,83.58333333333333,77.54166666666667,84.875,69.66666666666667,63.708333333333336,82.20833333333333,68.91666666666667,74.625
2007-11-30T00:00:00Z,53.625,56.625,34.875,51.333333333333336,57.916666666666664,66.375,49.333333333333336,26.041666666666668,47.708333333333336,29.791666666666668,45.875,40.208333333333336,56,38.291666666666664,66.41666666666667,36.166666666666664,52.125,47.291666666666664,64.91666666666667,64.25,33.541666666666664,61.375,51.5,57.666666666666664
2007-12-01T00:00:00Z,55.083333333333336,43.666666666666664,43.083333333333336,51.916666666666664,62.875,64.20833333333333,48.375,21.958333333333332,54.25,37.291666666666664,35.708333333333336,45.25,50.041666666666664,38.375,56.416666666666664,44.583333333333336,52.125,60.666666666666664,63,54.708333333333336,37.833333333333336,62.041666666666664,54.958333333333336,59.416666666666664
2007-12-02T00:00:00Z,67.16666666666667,62.208333333333336,55.041666666666664,74.04166666666667,74.75,81.25,73.20833333333333,45.75,71.83333333333333,54.791666666666664,52.25,60.458333333333336,60.5,71.54166666666667,78.20833333333333,62.791666666666664,81.66666666666667,77.41666666666667,79.45833333333333,56.791666666666664,60.875,81.95833333333333,69.70833333333333,76.125
2007-12-03T00:00:00Z,53.916666666666664,63.458333333333336,48.958333333333336,48.416666666666664,60.541666666666664,58.375,49.333333333333336,56.333333333333336,58,56.125,47.958333333333336,53.666666666666664,51.5,61.125,70.08333333333333,56.25,56.541666666666664,51.791666666666664,64.29166666666667,47.416666666666664,45.333333333333336,60,58.708333333333336,59
2007-12-04T00:00:00Z,41.875,44.916666666666664,29.291666666666668,46.125,47,47.708333333333336,44.458333333333336,34.166666666666664,40.416666666666664,39.916666666666664,33.083333333333336,42.375,32.25,40.958333333333336,45.916666666666664,37.416666666666664,50.166666666666664,43.916666666666664,43.958333333333336,34.708333333333336,31.458333333333332,53.625,43.666666666666664,42.083333333333336
2007-12-05T00:00:00Z,62.916666666666664,58.375,36.25,43.208333333333336,63.25,58.291666666666664,42.041666666666664,58.166666666666664,52.041666666666664,45.583333333333336,43.958333333333336,43.291666666666664,48.166666666666664,54.25,49.708333333333336,46.041666666666664,51.625,55.166666666666664,56.75,49.458333333333336,55.041666666666664,57.291666666666664,63.041666666666664,55.291666666666664
2007-12-06T00:00:00Z,57.916666666666664,59.5,46.208333333333336,56,62.916666666666664,65.04166666666667,56.958333333333336,59.166666666666664,58.625,45.541666666666664,49.208333333333336,50.916666666666664,57.25,55.791666666666664,69.375,48.416666666666664,62.75,62.083333333333336,65.54166666666667,60.291666666666664,46.916666666666664,63.083333333333336,68.70833333333333,61.458333333333336
2007-12-07T00:00:00Z,68.16666666666667,63.041666666666664,58.833333333333336,65.375,71.95833333333333,78.20833333333333,70,56.875,72.375,56.083333333333336,56.416666666666664,67.625,61.333333333333336,65.29166666666667,85.125,63.083333333333336,70.33333333333333,77.45833333333333,77.70833333333333,69.20833333333333,71.20833333333333,75.04166666666667,65.125,73.58333333333333
2007-12-08T00:00:00Z,66.25,80.375,70.33333333333333,83.16666666666667,73.20833333333333,82.41666666666667,77.5,65.5,77.45833333333333,60.291666666666664,70.08333333333333,67.5,69.75,72.95833333333333,83,66.33333333333333,79.66666666666667,84.16666666666667,84.125,66.58333333333333,66.25,83.04166666666667,68,73.875
2007-12-09T00:00:00Z,76,95.29166666666667,82.95833333333333,84.5,82.125,81.54166666666667,79.04166666666667,86.08333333333333,83.70833333333333,67.83333333333333,84.29166666666667,76.125,81.75,75.125,84.08333333333333,74.08333333333333,86.29166666666667,92.29166666666667,84.33333333333333,90.125,68.45833333333333,85.29166666666667,82.33333333333333,79.91666666666667
2007-12-10T00:00:00Z,73.625,83.625,71.54166666666667,79.125,73.95833333333333,79.20833333333333,73,72.875,74.91666666666667,71.91666666666667,73.125,68.95833333333333,79.04166666666667,78.875,86.75,75.29166666666667,84.29166666666667,85.45833333333333,86.95833333333333,90.08333333333333,79.91666666666667,83.45833333333333,75.20833333333333,73.375
2007-12-11T00:00:00Z,91.04166666666667,80.25,72.91666666666667,75.25,91.04166666666667,86.83333333333333,69.95833333333333,65.79166666666667,77.75,66.875,69.33333333333333,68.70833333333333,72.45833333333333,86.70833333333333,93.20833333333333,77.83333333333333,79.75,80.375,87.41666666666667,76.16666666666667,68.45833333333333,81.5,91.625,88.04166666666667
2007-12-12T00:00:00Z,73.5,85.125,68.45833333333333,79.25,75.41666666666667,80.16666666666667,76,71.04166666666667,78.41666666666667,65.33333333333333,66.79166666666667,68.08333333333333,73.75,75.04166666666667,84.58333333333333,71.29166666666667,81.83333333333333,81.33333333333333,88.66666666666667,80.20833333333333,71.95833333333333,80.625,75.08333333333333,76.83333333333333
2007-12-13T00:00:00Z,74.875,87.04166666666667,71.54166666666667,73.83333333333333,72.16666666666667,77.58333333333333,68.91666666666667,78.54166666666667,71.95833333333333,70.875,75.70833333333333,72.04166666666667,84.04166666666667,76,82.375,74.375,77.79166666666667,91.75,86.16666666666667,85.08333333333333,70.95833333333333,79.20833333333333,74.54166666666667,72.04166666666667
2007-12-14T00:00:00Z,72.45833333333333,76.25,57.833333333333336,71.375,79.66666666666667,77.08333333333333,62.166666666666664,60.25,62.291666666666664,57.333333333333336,56.416666666666664,64.58333333333333,63.916666666666664,63.875,84.91666666666667,62.583333333333336,77.25,80.04166666666667,77.125,67.83333333333333,59,75.125,86.91666666666667,68.33333333333333
2007-12-15T00:00:00Z,77.375,93.75,79.83333333333333,85.16666666666667,74.75,86.125,83.25,88.54166666666667,86.83333333333333,81.79166666666667,77.25,85.29166666666667,89.58333333333333,87.33333333333333,85.08333333333333,85.25,89,92.91666666666667,84.20833333333333,90.70833333333333,81.79166666666667,86.91666666666667,75.33333333333333,84.66666666666667
2007-12-16T00:00:00Z,68.83333333333333,70.75,68.66666666666667,65.54166666666667,73.41666666666667,76.375,66.95833333333333,77.75,74.625,64.79166666666667,62.125,70.25,69.20833333333333,77.5,76.83333333333333,68.79166666666667,69.04166666666667,73.79166666666667,71.875,64.79166666666667,64.83333333333333,73,72.29166666666667,75.66666666666667
2007-12-17T00:00:00Z,51.5,57.625,46.125,50.166666666666664,51.458333333333336,61.791666666666664,49,57.791666666666664,51.083333333333336,42,49.833333333333336,48.541666666666664,42.083333333333336,49,47.166666666666664,45.916666666666664,53.583333333333336,60.958333333333336,52.791666666666664,41.541666666666664,45.041666666666664,57.125,46.75,53.125
2007-12-18T00:00:00Z,63.166666666666664,62.208333333333336,52.333333333333336,63.375,62.416666666666664,67.79166666666667,56.166666666666664,45.875,60.541666666666664,43.833333333333336,49.458333333333336,56.458333333333336,56.708333333333336,50.916666666666664,56.708333333333336,56.083333333333336,64.08333333333333,70.66666666666667,62,63.541666666666664,45.833333333333336,65.75,57.041666666666664,67.58333333333333
2007-12-19T00:00:00Z,73.41666666666667,67.5,63.5,74.95833333333333,72.5,82.91666666666667,66.375,66.91666666666667,75.79166666666667,55.041666666666664,63.416666666666664,61.416666666666664,65.16666666666667,70.04166666666667,74.20833333333333,68.91666666666667,76.04166666666667,78.75,75.875,67.5,58.791666666666664,83.125,65.45833333333333,82.41666666666667
2007-12-20T00:00:00Z,74.45833333333333,91.625,68.125,74.83333333333333,77.20833333333333,78.91666666666667,70.875,71.45833333333333,72.08333333333333,57.708333333333336,76.625,64.41666666666667,77.04166666666667,68.75,76.625,64.08333333333333,78.20833333333333,85.95833333333333,74.54166666666667,72.25,65.83333333333333,78.79166666666667,75.375,79.125
2007-12-21T00:00:00Z,72.04166666666667,91.66666666666667,80.29166666666667,85.95833333333333,75.04166666666667,89.25,82.54166666666667,90.25,81.20833333333333,77.45833333333333,82,77.16666666666667,85.66666666666667,78.79166666666667,89,74.625,91.375,95.58333333333333,88,72.91666666666667,76.625,72.79166666666667,74.45833333333333,78.70833333333333
2007-12-22T00:00:00Z,77.33333333333333,92.125,73.25,76.91666666666667,82.54166666666667,84.29166666666667,81.08333333333333,88.875,79.54166666666667,78.45833333333333,72.33333333333333,81.04166666666667,80.95833333333333,81.16666666666667,92.16666666666667,79.5,80.375,90.83333333333333,83.875,84.5,76.29166666666667,83.16666666666667,87.08333333333333,80.29166666666667
2007-12-23T00:00:00Z,82.29166666666667,76.08333333333333,83.125,90.45833333333333,83.625,88.75,86.20833333333333,68.75,89.83333333333333,79.04166666666667,75.66666666666667,90.625,77.04166666666667,75.45833333333333,89.875,86.95833333333333,88.75,83,86.70833333333333,71.375,74.58333333333333,88.04166666666667,86.95833333333333,88.41666666666667
2007-12-24T00:00:00Z,59.75,42.416666666666664,55.708333333333336,71.875,56.916666666666664,70.5,68.45833333333333,32.416666666666664,68.79166666666667,41.541666666666664,44.416666666666664,62.458333333333336,42,48.416666666666664,69.375,59.416666666666664,77.29166666666667,51.458333333333336,69.41666666666667,36.916666666666664,41.5,76.04166666666667,47.916666666666664,64.08333333333333
2007-12-25T00:00:00Z,68.66666666666667,48.583333333333336,43.583333333333336,63.958333333333336,69.29166666666667,74.5,61.625,36.041666666666664,65.875,46.166666666666664,43.166666666666664,54.666666666666664,54,58.666666666666664,71.625,55.25,68.79166666666667,60.708333333333336,71.125,51.875,32.125,73.125,64.29166666666667,74.20833333333333
2007-12-26T00:00:00Z,85.54166666666667,84.08333333333333,76.75,90.25,85.95833333333333,91.08333333333333,88.04166666666667,73.125,94.79166666666667,68.54166666666667,74.75,81.04166666666667,80.08333333333333,87.75,88.58333333333333,81.91666666666667,90.04166666666667,91.08333333333333,88.75,75.04166666666667,77.08333333333333,87.5,89.45833333333333,92.25
2007-12-27T00:00:00Z,83.29166666666667,80,75.83333333333333,85.41666666666667,83.125,84.70833333333333,79.58333333333333,77.45833333333333,89.54166666666667,71.08333333333333,75.83333333333333,80.33333333333333,77.20833333333333,93.08333333333333,86.20833333333333,80.125,86.54166666666667,90.125,84.29166666666667,87.20833333333333,79.29166666666667,89.91666666666667,79.66666666666667,88.54166666666667
2007-12-28T00:00:00Z,81.83333333333333,97.04166666666667,84.875,80.66666666666667,84.04166666666667,83.95833333333333,76.16666666666667,90.33333333333333,81.5,84.45833333333333,89.95833333333333,88.20833333333333,95.29166666666667,87.54166666666667,83.20833333333333,81.83333333333333,83.54166666666667,97,81.16666666666667,85.5,89.29166666666667,84.70833333333333,83.70833333333333,83.5
2007-12-29T00:00:00Z,81.75,82.08333333333333,90.125,82.16666666666667,80.91666666666667,80.29166666666667,78.20833333333333,61.041666666666664,84.125,91.54166666666667,75.95833333333333,86.79166666666667,96.08333333333333,87.25,87.29166666666667,86.79166666666667,83.20833333333333,96.08333333333333,86.54166666666667,93.20833333333333,86.625,82.125,85,81.83333333333333
2007-12-30T00:00:00Z,85.29166666666667,94.58333333333333,93.33333333333333,94.04166666666667,83.25,97.04166666666667,89.125,73.79166666666667,98.25,91.20833333333333,87.20833333333333,96,98.5,97.58333333333333,94.5,94.75,92.75,98.20833333333333,92.5,91.79166666666667,81.5,95.58333333333333,88.58333333333333,96.75
2007-12-31T00:00:00Z,77.04166666666667,75.83333333333333,73.79166666666667,70.375,75.125,74.95833333333333,68,57.708333333333336,75.66666666666667,66.08333333333333,67.125,72.91666666666667,63.166666666666664,71.375,77.83333333333333,70.54166666666667,69.5,82.29166666666667,69.625,69.75,61.375,71.45833333333333,80.04166666666667,72.125
2008-01-01T00:00:00Z,55.625,57.416666666666664,56.125,53.791666666666664,63.541666666666664,61.333333333333336,56.083333333333336,49.791666666666664,59.208333333333336,51.541666666666664,45.625,48.791666666666664,61.75,56.916666666666664,63.958333333333336,53.416666666666664,59.416666666666664,55.875,64.25,61.833333333333336,49.875,61.541666666666664,57.208333333333336,59.541666666666664
2008-01-02T00:00:00Z,36.333333333333336,70.875,41.083333333333336,35.875,45,46.125,37.25,64.25,38.375,41.25,43.083333333333336,42.375,61.708333333333336,44.041666666666664,46.25,40.708333333333336,42.541666666666664,38.666666666666664,47.916666666666664,61.916666666666664,41.541666666666664,46.833333333333336,45.833333333333336,42.125
2008-01-03T00:00:00Z,35.791666666666664,56.583333333333336,47.791666666666664,41.125,44.5,43.625,41.208333333333336,54.125,42.125,45.25,42.458333333333336,50.625,61.666666666666664,48.916666666666664,51.541666666666664,45.75,44,58.791666666666664,40.333333333333336,61.875,43.25,43.166666666666664,44.541666666666664,46.166666666666664
2008-01-04T00:00:00Z,55.25,56.375,51.791666666666664,54.875,54.916666666666664,59.708333333333336,51.041666666666664,34.125,59.166666666666664,44.625,40.583333333333336,52.875,61.416666666666664,57.833333333333336,58.25,49.958333333333336,59.625,64.375,56.291666666666664,61.75,51.708333333333336,63.75,48.708333333333336,62.375
2008-01-05T00:00:00Z,44.916666666666664,55.5,55.25,63.333333333333336,49.708333333333336,59.791666666666664,57.791666666666664,38.916666666666664,56.333333333333336,43.25,47.166666666666664,44.208333333333336,61.291666666666664,44.916666666666664,60.791666666666664,43.541666666666664,65.875,68.91666666666667,66.33333333333333,61.625,51.916666666666664,65.54166666666667,42,50.958333333333336
2008-01-06T00:00:00Z,64.91666666666667,76.25,68.58333333333333,79.58333333333333,64.45833333333333,74.25,71.91666666666667,65.20833333333333,73.95833333333333,58.25,62.458333333333336,62.125,61.208333333333336,66.04166666666667,71.20833333333333,63.25,79.125,75.54166666666667,76.16666666666667,61.541666666666664,62.375,77.83333333333333,60.708333333333336,69.875
2008-01-07T00:00:00Z,75.5,80.16666666666667,74.70833333333333,83.66666666666667,76.41666666666667,84,80.04166666666667,70.04166666666667,85.83333333333333,68.79166666666667,72.79166666666667,74.29166666666667,61,76.625,89.54166666666667,73.95833333333333,87.41666666666667,87.20833333333333,86.04166666666667,61.25,71.08333333333333,86.58333333333333,72,84.66666666666667
2008-01-08T00:00:00Z,76.625,84.20833333333333,86.79166666666667,81.875,79.79166666666667,85.33333333333333,79.70833333333333,73.625,84.75,81.41666666666667,85.5,82.91666666666667,60.958333333333336,86.45833333333333,91.16666666666667,78.25,85.66666666666667,97.20833333333333,84.75,61.25,84,88.79166666666667,77.91666666666667,82.45833333333333
2008-01-09T00:00:00Z,74.95833333333333,67.625,79.66666666666667,80.5,76.79166666666667,82.70833333333333,76.95833333333333,56.333333333333336,85.66666666666667,55.833333333333336,77.54166666666667,70.75,60.791666666666664,62.625,90.5,67.91666666666667,79.16666666666667,83.75,85.79166666666667,61.166666666666664,50.25,81.29166666666667,71.29166666666667,82.25
2008-01-10T00:00:00Z,59.75,95.66666666666667,73.45833333333333,83.41666666666667,63.125,76,85.25,78.79166666666667,72.625,70.16666666666667,84.79166666666667,74.08333333333333,60.666666666666664,78.41666666666667,83.33333333333333,69.29166666666667,83.375,83.70833333333333,79.70833333333333,60.958333333333336,72.29166666666667,82.29166666666667,65.58333333333333,70.58333333333333
2008-01-11T00:00:00Z,78.91666666666667,77.83333333333333,70.5,80.20833333333333,81.75,87.20833333333333,76.04166666666667,74.70833333333333,84.08333333333333,67.375,66.91666666666667,78,60.458333333333336,77.125,88.75,75.70833333333333,83.54166666666667,68.125,83.54166666666667,60.875,71.5,87.66666666666667,76.58333333333333,76.5
2008-01-12T00:00:00Z,64.75,74.41666666666667,57.333333333333336,79.91666666666667,69.16666666666667,86.83333333333333,69.20833333333333,64.375,70.95833333333333,57.333333333333336,60.791666666666664,59.708333333333336,60.375,65.95833333333333,88.58333333333333,57.75,91.375,72.5,86.70833333333333,60.708333333333336,59.708333333333336,91.83333333333333,71.08333333333333,69.16666666666667
2008-01-13T00:00:00Z,83.16666666666667,90.33333333333333,70.16666666666667,80.83333333333333,79,83.41666666666667,75.29166666666667,77.16666666666667,80.95833333333333,67.45833333333333,70.45833333333333,67,60.291666666666664,79.70833333333333,87.91666666666667,71.29166666666667,83.83333333333333,87.33333333333333,81.41666666666667,60.625,67.54166666666667,83.875,84.16666666666667,85.79166666666667
2008-01-14T00:00:00Z,62.041666666666664,63.666666666666664,59,68.66666666666667,71.45833333333333,75.33333333333333,64.875,59.375,66.79166666666667,53.083333333333336,52.541666666666664,59.083333333333336,60.208333333333336,68.58333333333333,71.16666666666667,58.083333333333336,69.125,58.708333333333336,70.625,60.5,53.916666666666664,73.95833333333333,67.125,69.45833333333333
2008-01-15T00:00:00Z,47.458333333333336,58.833333333333336,50.458333333333336,55.458333333333336,50.208333333333336,55.916666666666664,50.791666666666664,50.666666666666664,53.333333333333336,45.208333333333336,47.208333333333336,55.666666666666664,60.083333333333336,50.458333333333336,46.25,47.833333333333336,56.958333333333336,61.416666666666664,49.375,60.458333333333336,40.041666666666664,57.666666666666664,49.625,55.5
2008-01-16T00:00:00Z,51.541666666666664,61.208333333333336,46.375,51.083333333333336,57.25,54.041666666666664,48.416666666666664,34.916666666666664,46.958333333333336,41.125,52.958333333333336,48.708333333333336,60,50.291666666666664,59.916666666666664,48.583333333333336,53.375,52.333333333333336,52.583333333333336,60.416666666666664,31.708333333333332,53.708333333333336,58.541666666666664,55.958333333333336
2008-01-17T00:00:00Z,80.95833333333333,96.125,91.375,95.33333333333333,84.75,91.66666666666667,89.29166666666667,84.75,86.625,79.625,89.16666666666667,88.5,59.833333333333336,88.45833333333333,88.91666666666667,85.08333333333333,96.45833333333333,99.45833333333333,88.95833333333333,60.333333333333336,77.20833333333333,80.08333333333333,85.04166666666667,88.16666666666667
2008-01-18T00:00:00Z,83.875,67.45833333333333,92.20833333333333,90,83.20833333333333,90.75,88.25,56.75,96.45833333333333,84.875,85.58333333333333,92.20833333333333,59.791666666666664,83.70833333333333,91.08333333333333,86.125,92.54166666666667,100,86.79166666666667,60.25,81.20833333333333,92.25,80.95833333333333,94.04166666666667
2008-01-19T00:00:00Z,91.25,56.708333333333336,88.95833333333333,96.20833333333333,89.20833333333333,95.41666666666667,91.5,49.958333333333336,97.08333333333333,79.41666666666667,87.41666666666667,92.45833333333333,59.708333333333336,86.70833333333333,92.95833333333333,84.33333333333333,96.75,98.375,91.58333333333333,60.166666666666664,64.625,97.5,90.95833333333333,96.79166666666667
2008-01-20T00:00:00Z,51.791666666666664,45.291666666666664,46.208333333333336,64.45833333333333,67.83333333333333,61.416666666666664,60.5,44.916666666666664,57.375,41.75,41.833333333333336,57.958333333333336,59.666666666666664,56.125,66.5,57.25,64.83333333333333,35.25,61.541666666666664,60,24.791666666666668,67.83333333333333,55,55.916666666666664
2008-01-21T00:00:00Z,50.25,46.666666666666664,33.166666666666664,37.416666666666664,52.958333333333336,47.916666666666664,44.458333333333336,42.875,41.916666666666664,31.458333333333332,28.791666666666668,38.5,59.541666666666664,39.75,56.041666666666664,38.958333333333336,47.666666666666664,53.25,51.916666666666664,59.916666666666664,29.875,49.666666666666664,41.541666666666664,46.791666666666664
2008-01-22T00:00:00Z,73.75,75.125,60.166666666666664,74.91666666666667,83.83333333333333,80.70833333333333,58.166666666666664,65.33333333333333,71.33333333333333,62.958333333333336,60,76.29166666666667,59.375,75.45833333333333,88.33333333333333,73.66666666666667,79.875,72.625,84.45833333333333,59.916666666666664,53.458333333333336,80.95833333333333,74.91666666666667,74.875
2008-01-23T00:00:00Z,79.375,77.125,93.125,85.875,79.33333333333333,83.5,79.875,64.83333333333333,86.70833333333333,72.91666666666667,86.875,84.45833333333333,59.333333333333336,79.33333333333333,88.16666666666667,78.20833333333333,83.29166666666667,96.04166666666667,78.08333333333333,59.833333333333336,66.5,84,77.58333333333333,82.33333333333333
2008-01-24T00:00:00Z,78.29166666666667,70.95833333333333,65.83333333333333,75.54166666666667,81.83333333333333,79.45833333333333,76.58333333333333,61.458333333333336,75.83333333333333,59.708333333333336,59.25,65.83333333333333,59.208333333333336,69.58333333333333,82.75,61.958333333333336,77.58333333333333,64.70833333333333,79.79166666666667,59.791666666666664,57.291666666666664,79.54166666666667,83.20833333333333,79.75
2008-01-25T00:00:00Z,46.375,44,41.75,43.75,55.791666666666664,54.875,43.75,40.791666666666664,47,38.25,35.541666666666664,42.166666666666664,59.125,45.833333333333336,68.33333333333333,40.291666666666664,53.291666666666664,39.583333333333336,56.625,59.541666666666664,32.041666666666664,54.791666666666664,50.791666666666664,52.875
2008-01-26T00:00:00Z,57.666666666666664,50.666666666666664,55.25,79.75,65.41666666666667,84.375,73.54166666666667,50.833333333333336,64.125,42.083333333333336,48.583333333333336,51.416666666666664,59.041666666666664,47.583333333333336,78.83333333333333,43.666666666666664,87.70833333333333,50.875,77.875,59.541666666666664,38.125,87.83333333333333,49.375,62.541666666666664
2008-01-27T00:00:00Z,66.20833333333333,62.375,57.333333333333336,65.625,64.58333333333333,73.66666666666667,64.41666666666667,58.666666666666664,68.91666666666667,50.791666666666664,51.791666666666664,61.375,59.041666666666664,55.875,68.5,58.541666666666664,72.70833333333333,67.875,70.08333333333333,59.416666666666664,52.416666666666664,75.45833333333333,66.66666666666667,72.33333333333333
2008-01-28T00:00:00Z,66.95833333333333,45.5,51.25,64.20833333333333,58.416666666666664,72.375,62.666666666666664,36.958333333333336,64.75,45,31.833333333333332,54.25,59,63.333333333333336,69.95833333333333,57.375,67.54166666666667,56.916666666666664,57.25,59.333333333333336,47.541666666666664,70.29166666666667,68.625,71.29166666666667
2008-01-29T00:00:00Z,47.75,51,38.833333333333336,47.416666666666664,43.875,58.458333333333336,48.541666666666664,39.833333333333336,51.208333333333336,32.583333333333336,40.541666666666664,35.125,58.916666666666664,47.041666666666664,78.91666666666667,39,58.708333333333336,27.125,72.45833333333333,59.291666666666664,37.875,57.291666666666664,53.625,51.666666666666664
2008-01-30T00:00:00Z,45.791666666666664,42.916666666666664,42.583333333333336,53.125,55.833333333333336,57.791666666666664,50.708333333333336,37.625,51.333333333333336,39.875,41.416666666666664,44.416666666666664,58.875,47.583333333333336,79,42.291666666666664,58.375,42.541666666666664,69.75,59.125,33.083333333333336,46.541666666666664,48.125,57.041666666666664
2008-01-31T00:00:00Z,47,59.5,33.25,45.458333333333336,63.375,61.583333333333336,50.125,37.083333333333336,46.291666666666664,28.666666666666668,39.708333333333336,31.875,58.791666666666664,34.833333333333336,73.125,31.416666666666668,57.041666666666664,38.916666666666664,66.04166666666667,59,25.416666666666668,60.625,55.5,60.375
2008-02-01T00:00:00Z,78.04166666666667,84.04166666666667,80.66666666666667,74.83333333333333,77.625,77.66666666666667,74,82.5,84.20833333333333,86.54166666666667,77.33333333333333,83.75,58.75,85.125,87.625,81.20833333333333,81.08333333333333,94.375,81.54166666666667,59,76.91666666666667,74.95833333333333,82,80.29166666666667
2008-02-02T00:00:00Z,72.16666666666667,63.375,69.25,68.79166666666667,66.70833333333333,74.45833333333333,64.45833333333333,54.166666666666664,71.58333333333333,63.333333333333336,60.208333333333336,72.04166666666667,58.708333333333336,64.95833333333333,70.70833333333333,70.08333333333333,75.08333333333333,77.83333333333333,73.875,58.916666666666664,64.33333333333333,78.75,68.16666666666667,72.95833333333333
2008-02-03T00:00:00Z,62.875,65.625,53.375,67.54166666666667,74.20833333333333,72.625,62.625,45.875,66.375,56.583333333333336,47.458333333333336,58.416666666666664,58.666666666666664,59.125,83.33333333333333,56.791666666666664,72.125,68.45833333333333,81.91666666666667,58.916666666666664,61.625,76.25,77.91666666666667,65.70833333333333
2008-02-04T00:00:00Z,72.5,93.25,77.875,79.25,69.08333333333333,75.875,78.125,81.95833333333333,78.33333333333333,79.45833333333333,78.29166666666667,80.16666666666667,58.5,77.45833333333333,75.70833333333333,68.08333333333333,81.91666666666667,96.16666666666667,69.75,58.916666666666664,81.29166666666667,82.25,65.16666666666667,76.70833333333333
2008-02-05T00:00:00Z,77.29166666666667,77.125,80,80.16666666666667,79.41666666666667,82.54166666666667,76.95833333333333,72.29166666666667,71.70833333333333,73.70833333333333,80.75,80.29166666666667,58.458333333333336,82.375,96.79166666666667,74.95833333333333,88.16666666666667,88.41666666666667,95.33333333333333,58.916666666666664,78.54166666666667,84.375,73.25,81.29166666666667
2008-02-06T00:00:00Z,61.666666666666664,83.08333333333333,78.20833333333333,71.83333333333333,69.04166666666667,73.08333333333333,69.54166666666667,75.625,73.125,69.125,80,69.58333333333333,58.416666666666664,69.45833333333333,95.125,67.41666666666667,80.75,92.58333333333333,90.20833333333333,58.875,78.04166666666667,75,60.875,65.83333333333333
2008-02-07T00:00:00Z,48.208333333333336,61.958333333333336,48.708333333333336,50.208333333333336,53.708333333333336,57.75,50.25,51.75,56.333333333333336,45.416666666666664,48.25,43.125,58.375,48.708333333333336,77.375,42.458333333333336,57.166666666666664,57.375,70.04166666666667,58.75,45.791666666666664,58.541666666666664,56.041666666666664,52.625
2008-02-08T00:00:00Z,73.625,60.333333333333336,53.25,55.791666666666664,73.70833333333333,69.625,55.041666666666664,52.666666666666664,73.625,50,51.291666666666664,56.833333333333336,58.291666666666664,64.95833333333333,76.5,59.708333333333336,60.041666666666664,68.16666666666667,66.66666666666667,58.75,53.958333333333336,67.75,76.33333333333333,79.45833333333333
2008-02-09T00:00:00Z,62.666666666666664,49.5,45.125,52.666666666666664,62.416666666666664,68.70833333333333,51.166666666666664,38.375,64.91666666666667,41.583333333333336,42.791666666666664,41.833333333333336,58.291666666666664,51.166666666666664,81.95833333333333,47.666666666666664,64.45833333333333,51.333333333333336,71.125,58.625,43.791666666666664,68.04166666666667,60.375,63.333333333333336
2008-02-10T00:00:00Z,21.25,34.583333333333336,28.791666666666668,23.958333333333332,31.166666666666668,33.125,28.583333333333332,37.166666666666664,30.833333333333332,29.375,30.375,27.75,58.25,30.958333333333332,54.416666666666664,26.166666666666668,31.625,19.083333333333332,44.208333333333336,58.458333333333336,24.041666666666668,33.291666666666664,27.916666666666668,29.166666666666668
2008-02-11T00:00:00Z,20.375,39.375,26.833333333333332,30.25,37.458333333333336,32.916666666666664,30.208333333333332,20.208333333333332,28.458333333333332,22.916666666666668,34.416666666666664,25.833333333333332,58.125,25.5,45.666666666666664,24.916666666666668,38.916666666666664,35.708333333333336,37.916666666666664,58.416666666666664,19.791666666666668,38.333333333333336,42.625,25.333333333333332
2008-02-12T00:00:00Z,67.29166666666667,74,68.58333333333333,85.20833333333333,68.08333333333333,69.875,63.708333333333336,67.08333333333333,70.33333333333333,62.125,57.958333333333336,64.04166666666667,58.125,65.95833333333333,70.33333333333333,63.416666666666664,76.5,89.125,70.33333333333333,58.333333333333336,63.583333333333336,75.375,64.66666666666667,66.5
2008-02-13T00:00:00Z,86.08333333333333,86.125,91.08333333333333,88.08333333333333,83.33333333333333,89.04166666666667,85.41666666666667,83.125,93.33333333333333,85.54166666666667,77.875,91.70833333333333,58.125,99.41666666666667,92.125,88.83333333333333,90,94.875,87.33333333333333,58.333333333333336,74.625,90.70833333333333,60,89.29166666666667
2008-02-14T00:00:00Z,69.16666666666667,59.5,58.75,68.04166666666667,66.625,72.875,64.70833333333333,50.416666666666664,69.33333333333333,62.208333333333336,47.583333333333336,60.875,58.083333333333336,73.83333333333333,71.375,63.208333333333336,69.375,69.75,71.41666666666667,58.291666666666664,49.041666666666664,72,69.58333333333333,71.625
2008-02-15T00:00:00Z,62.208333333333336,58.041666666666664,53.208333333333336,68,62.583333333333336,71.95833333333333,63.833333333333336,38.208333333333336,65.04166666666667,49.208333333333336,45.208333333333336,53.416666666666664,58,74.29166666666667,72.125,54.416666666666664,71.70833333333333,68.875,74.875,58.25,54.125,73.75,56.916666666666664,64.41666666666667
2008-02-16T00:00:00Z,61.166666666666664,63,53.708333333333336,63.75,63.583333333333336,70.66666666666667,60.916666666666664,64.75,67.91666666666667,52.75,52.708333333333336,57.625,57.916666666666664,58.125,70.79166666666667,52.5,70.375,71.625,69.25,58.208333333333336,52.416666666666664,72.16666666666667,66.125,66.25
2008-02-17T00:00:00Z,77.54166666666667,92.66666666666667,74.29166666666667,72.58333333333333,77.5,82.08333333333333,73.91666666666667,90.08333333333333,81.16666666666667,69.54166666666667,83.875,73.91666666666667,57.791666666666664,82.16666666666667,79.20833333333333,71.08333333333333,79.70833333333333,92.08333333333333,79.79166666666667,58.166666666666664,74.20833333333333,81.45833333333333,78.375,78.125
2008-02-18T00:00:00Z,71.91666666666667,71.5,58.583333333333336,67.04166666666667,77.33333333333333,76.45833333333333,65,68.91666666666667,77.29166666666667,55.875,58,58.375,57.708333333333336,65.29166666666667,91.25,62.25,79.75,63.5,84.33333333333333,57.958333333333336,64.20833333333333,78.875,80.29166666666667,75.70833333333333
2008-02-19T00:00:00Z,47.666666666666664,42.291666666666664,42.875,42.458333333333336,47.458333333333336,48.5,47.666666666666664,47.916666666666664,44.875,36.458333333333336,38.791666666666664,43.166666666666664,57.666666666666664,49.125,46.125,46.458333333333336,46.583333333333336,45.875,46.958333333333336,57.833333333333336,36.375,49.708333333333336,39.875,46.416666666666664
2008-02-20T00:00:00Z,52.333333333333336,52.291666666666664,42.583333333333336,42.833333333333336,50.958333333333336,53.083333333333336,44.583333333333336,60,54.666666666666664,42.291666666666664,37.208333333333336,45,57.583333333333336,55.875,51.791666666666664,45.875,48.583333333333336,49.5,57.5,57.791666666666664,42.833333333333336,54.666666666666664,50.041666666666664,50.833333333333336
2008-02-21T00:00:00Z,45.416666666666664,79.95833333333333,64.70833333333333,62.083333333333336,60.208333333333336,62.958333333333336,61.041666666666664,71.66666666666667,59.458333333333336,50,68.29166666666667,59.333333333333336,57.5,52.625,67.58333333333333,49.708333333333336,66.41666666666667,77.66666666666667,66.29166666666667,57.708333333333336,49.416666666666664,65.25,60.083333333333336,57.375
2008-02-22T00:00:00Z,92.625,95.08333333333333,90.66666666666667,93.95833333333333,94.16666666666667,96.25,90.79166666666667,67.20833333333333,98.29166666666667,85.75,89.25,92.33333333333333,57.416666666666664,99.41666666666667,94.75,91.41666666666667,95.95833333333333,100,89.08333333333333,57.708333333333336,75,98.16666666666667,94.33333333333333,96.70833333333333
2008-02-23T00:00:00Z,91.125,82.79166666666667,78.33333333333333,92.58333333333333,92.08333333333333,91.70833333333333,90.58333333333333,75.70833333333333,93.45833333333333,71.91666666666667,72.91666666666667,81.54166666666667,57.375,92.29166666666667,91.29166666666667,77.29166666666667,87.75,81.95833333333333,84.95833333333333,57.625,78.66666666666667,89.875,88.70833333333333,93.45833333333333
2008-02-24T00:00:00Z,74.16666666666667,78.375,67.95833333333333,73.58333333333333,67.04166666666667,73.54166666666667,66.33333333333333,80.58333333333333,66,73.375,66.375,74.58333333333333,57.333333333333336,74.04166666666667,71.625,73.33333333333333,75.79166666666667,84.66666666666667,73,57.541666666666664,76.08333333333333,71.20833333333333,67.70833333333333,67.125
2008-02-25T00:00:00Z,79.58333333333333,69.41666666666667,72.375,74.25,73,74.04166666666667,68.29166666666667,69,73.08333333333333,66.66666666666667,62.458333333333336,76.58333333333333,57.291666666666664,77.29166666666667,74.25,73.625,77.58333333333333,81.54166666666667,77.29166666666667,57.458333333333336,67.58333333333333,78.45833333333333,71.54166666666667,73.54166666666667
2008-02-26T00:00:00Z,90.75,73.79166666666667,78.125,84.16666666666667,81.25,85.70833333333333,83.16666666666667,76.91666666666667,90.41666666666667,74.25,71.79166666666667,79.625,57.291666666666664,85.625,86.16666666666667,83.125,85.625,91.79166666666667,81.33333333333333,57.375,76.125,86.45833333333333,78.70833333333333,87.125
2008-02-27T00:00:00Z,51.125,61.875,46.416666666666664,45.166666666666664,56.416666666666664,52.416666666666664,45.625,65.70833333333333,46.333333333333336,42.583333333333336,45.916666666666664,45.583333333333336,57.25,50.666666666666664,58.5,45.291666666666664,50.041666666666664,48.958333333333336,57.625,57.166666666666664,42.375,51.75,55.666666666666664,48.041666666666664
2008-02-28T00:00:00Z,46.25,59.583333333333336,43.75,42.458333333333336,46.041666666666664,46.5,43.416666666666664,56.708333333333336,45,40.708333333333336,44,45.166666666666664,57.208333333333336,47.041666666666664,39.375,42.291666666666664,45.291666666666664,46.375,38.958333333333336,57.166666666666664,37.375,49.25,39.458333333333336,44.458333333333336
2008-02-29T00:00:00Z,54.25,63.083333333333336,42.708333333333336,55.458333333333336,54.416666666666664,55.875,48.833333333333336,63.541666666666664,52.541666666666664,42.291666666666664,44.458333333333336,43.583333333333336,57.166666666666664,58.75,46.375,43.416666666666664,58.458333333333336,51.875,52.625,57.125,49.875,63.541666666666664,46.625,51.041666666666664
2008-03-01T00:00:00Z,46.041666666666664,57.708333333333336,38.375,53.083333333333336,53.625,57.875,49.5,43.291666666666664,52.458333333333336,34.708333333333336,42.375,35.125,57.083333333333336,40.458333333333336,65.16666666666667,35.375,57,43.166666666666664,68.45833333333333,56.958333333333336,39,61.416666666666664,49.541666666666664,54.583333333333336
2008-03-02T00:00:00Z,53.833333333333336,50.291666666666664,36.083333333333336,46.666666666666664,61.916666666666664,63.125,46.333333333333336,31.5,48.333333333333336,37.416666666666664,33,40.041666666666664,57.041666666666664,41.5,59.958333333333336,36.375,66.75,51.666666666666664,60.625,56.791666666666664,38.333333333333336,65.66666666666667,56.916666666666664,53.875
2008-03-03T00:00:00Z,72.04166666666667,64.29166666666667,59.291666666666664,69.54166666666667,63.791666666666664,72.33333333333333,70.125,50.041666666666664,72.79166666666667,55.041666666666664,51.166666666666664,60.166666666666664,57,65,64.29166666666667,60.958333333333336,72.16666666666667,70.33333333333333,70.125,56.75,52.916666666666664,75.58333333333333,61.791666666666664,71.25
2008-03-04T00:00:00Z,74.95833333333333,84.375,81,80.875,67.75,75.16666666666667,80.04166666666667,88.08333333333333,78,77.70833333333333,82.04166666666667,78.04166666666667,56.958333333333336,83.04166666666667,79,79.45833333333333,75.91666666666667,94.95833333333333,72.25,56.625,81.125,76,67.25,73.625
2008-03-05T00:00:00Z,69.375,73.20833333333333,61.083333333333336,67.33333333333333,65.04166666666667,72.95833333333333,62,75.33333333333333,68.125,54.25,61.166666666666664,56.791666666666664,56.958333333333336,59.041666666666664,79.66666666666667,57.25,68.54166666666667,69.70833333333333,74.08333333333333,56.625,58.833333333333336,74.125,55.083333333333336,67.75
2008-03-06T00:00:00Z,73.625,68.45833333333333,56.416666666666664,62.375,75.66666666666667,74.45833333333333,62,73.54166666666667,65.08333333333333,56.916666666666664,55.5,60.791666666666664,56.875,68.66666666666667,82.45833333333333,60.416666666666664,70.95833333333333,73.29166666666667,71.70833333333333,56.583333333333336,58.416666666666664,71.41666666666667,77.41666666666667,69.41666666666667
2008-03-07T00:00:00Z,93.25,90.29166666666667,87.66666666666667,90.91666666666667,88.79166666666667,93.08333333333333,87.54166666666667,86.08333333333333,95.08333333333333,85.29166666666667,88.29166666666667,88.875,56.875,99.41666666666667,91.5,71.875,91.95833333333333,99.70833333333333,86.125,56.416666666666664,81.33333333333333,93.79166666666667,91.04166666666667,91.95833333333333
2008-03-08T00:00:00Z,68.45833333333333,67.20833333333333,63.708333333333336,61,68.91666666666667,70.625,62.791666666666664,73.04166666666667,68.45833333333333,66.95833333333333,60.083333333333336,64.16666666666667,56.875,69.29166666666667,74.125,67.58333333333333,66.83333333333333,67.75,70.04166666666667,56.416666666666664,62.708333333333336,69.83333333333333,67.58333333333333,66.875
2008-03-09T00:00:00Z,50.34782608695652,48.69565217391305,45.21739130434783,47.52173913043478,45.78260869565217,52.43478260869565,43.73913043478261,39.130434782608695,44.21739130434783,37.26086956521739,45.391304347826086,43.08695652173913,56.69565217391305,46.69565217391305,45.91304347826087,40.391304347826086,45.82608695652174,52.34782608695652,52.65217391304348,56.17391304347826,32.34782608695652,54.78260869565217,45.30434782608695,46.08695652173913
2008-03-10T00:00:00Z,63.791666666666664,55.875,45.833333333333336,60.625,63.458333333333336,62.125,57.041666666666664,43,56.708333333333336,45.583333333333336,44.833333333333336,47.333333333333336,56.791666666666664,55.208333333333336,52.958333333333336,45.458333333333336,62.125,54.833333333333336,60.041666666666664,56.25,41.083333333333336,68.16666666666667,57.083333333333336,58.833333333333336
2008-03-11T00:00:00Z,68.54166666666667,61.416666666666664,50.541666666666664,68.875,69.5,69.20833333333333,64.08333333333333,48.25,62.041666666666664,48.958333333333336,49.958333333333336,49.666666666666664,56.791666666666664,50.958333333333336,74.58333333333333,52.833333333333336,71.83333333333333,60.375,70.16666666666667,56.208333333333336,46.083333333333336,74.04166666666667,69.58333333333333,60.75
2008-03-12T00:00:00Z,56.458333333333336,43.666666666666664,44.333333333333336,49.125,55.916666666666664,54.833333333333336,45.458333333333336,37.125,49.5,37.291666666666664,43.041666666666664,40.375,56.666666666666664,46.208333333333336,60.25,43.25,51.791666666666664,47.666666666666664,58.375,56.208333333333336,30.875,59.083333333333336,52.833333333333336,48.833333333333336
2008-03-13T00:00:00Z,53.916666666666664,53.791666666666664,46.958333333333336,53.541666666666664,60.666666666666664,58.958333333333336,47.708333333333336,41.291666666666664,53.041666666666664,39.5,40.041666666666664,44.458333333333336,56.583333333333336,49.041666666666664,75.54166666666667,45,57.791666666666664,51.541666666666664,68.45833333333333,56.125,44.125,58.208333333333336,55.458333333333336,53.416666666666664
2008-03-14T00:00:00Z,48.041666666666664,73.75,53.458333333333336,58.958333333333336,53.958333333333336,59.458333333333336,49.083333333333336,51.75,52.791666666666664,45.916666666666664,56.041666666666664,40.875,56.5,43.75,74.375,41.25,62,59.083333333333336,70.08333333333333,55.958333333333336,54.083333333333336,60.583333333333336,43.916666666666664,48.958333333333336
2008-03-15T00:00:00Z,69,93.375,91.66666666666667,82.25,64.41666666666667,71.66666666666667,74.08333333333333,78.66666666666667,72.20833333333333,72.41666666666667,92.08333333333333,80.20833333333333,56.458333333333336,72.58333333333333,74.04166666666667,72.54166666666667,79.91666666666667,98.33333333333333,75.08333333333333,55.958333333333336,68.5,78.79166666666667,63.333333333333336,57.75
2008-03-16T00:00:00Z,75.83333333333333,67.125,63.916666666666664,65.83333333333333,73.25,81.45833333333333,62.458333333333336,68.16666666666667,77.33333333333333,54.208333333333336,56.208333333333336,57.5,56.458333333333336,67.91666666666667,80.375,58.791666666666664,75.70833333333333,66,73.75,55.791666666666664,52.583333333333336,78.83333333333333,63.875,78.54166666666667
2008-03-17T00:00:00Z,47.916666666666664,65.625,45.166666666666664,46.125,53.791666666666664,52.583333333333336,44.25,48.916666666666664,50.041666666666664,39.208333333333336,49.708333333333336,42,56.416666666666664,49.583333333333336,56.833333333333336,46.833333333333336,53.458333333333336,54.416666666666664,55.041666666666664,55.75,36.875,52.625,51.291666666666664,49.291666666666664
2008-03-18T00:00:00Z,71.375,72.375,63.583333333333336,68.20833333333333,68.875,68.375,68.83333333333333,67.04166666666667,71.79166666666667,52.708333333333336,61,57.375,56.416666666666664,63,60.916666666666664,59.375,75.08333333333333,87.66666666666667,66.20833333333333,55.75,58.625,61.125,58.666666666666664,67.33333333333333
2008-03-19T00:00:00Z,74.54166666666667,93,80.875,71.29166666666667,70.875,74.375,74.66666666666667,88.54166666666667,74.66666666666667,73.41666666666667,81.75,74.75,56.375,83.41666666666667,80.875,72.91666666666667,73.5,96.54166666666667,75.875,55.666666666666664,59.5,75.66666666666667,64.91666666666667,70.5
2008-03-20T00:00:00Z,46.375,54.708333333333336,43.916666666666664,50.083333333333336,48.541666666666664,58.291666666666664,43.916666666666664,50.333333333333336,47.416666666666664,41.666666666666664,40.291666666666664,41.708333333333336,56.375,44.916666666666664,59.75,42.916666666666664,54.041666666666664,41.208333333333336,58.458333333333336,55.625,37.041666666666664,47.75,44.208333333333336,46.583333333333336
2008-03-21T00:00:00Z,48.791666666666664,51.375,39.375,45.625,41.875,50.541666666666664,35.875,31.666666666666668,40.041666666666664,35.083333333333336,33.5,41.833333333333336,56.375,37.333333333333336,41.75,38.458333333333336,44.25,43.833333333333336,43.958333333333336,55.541666666666664,34.333333333333336,51.25,36.416666666666664,38.25
2008-03-22T00:00:00Z,52.541666666666664,44.375,44.791666666666664,50.833333333333336,55.25,56.375,46.291666666666664,34.416666666666664,52.25,37.041666666666664,36.333333333333336,41.958333333333336,56.375,45.708333333333336,72.58333333333333,42.125,61.541666666666664,33.416666666666664,69.875,55.541666666666664,38.583333333333336,56.416666666666664,57.625,48.541666666666664
2008-03-23T00:00:00Z,53.291666666666664,58.166666666666664,45.875,44.666666666666664,56.583333333333336,62.5,43.208333333333336,53.416666666666664,47.583333333333336,45.5,42,46.458333333333336,56.416666666666664,49,61.166666666666664,45,59.833333333333336,44.75,60.583333333333336,55.541666666666664,45.875,59.958333333333336,52.833333333333336,53.166666666666664
2008-03-24T00:00:00Z,57.166666666666664,59.625,43.583333333333336,57.208333333333336,55,60.166666666666664,56.666666666666664,55.583333333333336,56.791666666666664,69.875,40.833333333333336,69.91666666666667,56.416666666666664,76.54166666666667,62.541666666666664,66.41666666666667,59.541666666666664,38.75,60.541666666666664,55.458333333333336,40.333333333333336,58.583333333333336,54.875,57.75
2008-03-25T00:00:00Z,45.75,53.583333333333336,45.958333333333336,53.041666666666664,54.5,49.041666666666664,51.75,44.833333333333336,49.541666666666664,46.083333333333336,43.541666666666664,52.375,56.416666666666664,58.833333333333336,47.833333333333336,47.583333333333336,56.166666666666664,47.583333333333336,47.666666666666664,55.458333333333336,39.166666666666664,51.833333333333336,52.041666666666664,46.625
2008-03-26T00:00:00Z,44.125,47.916666666666664,36.791666666666664,46.708333333333336,47.333333333333336,52.375,45.083333333333336,33.541666666666664,47.041666666666664,34.583333333333336,33.25,34.291666666666664,56.416666666666664,42.208333333333336,59,37.083333333333336,51.125,26.541666666666668,53.5,55.375,34.291666666666664,52.166666666666664,39.25,45.25
2008-03-27T00:00:00Z,46.125,55.416666666666664,39.375,53,50.125,55,47.75,47.291666666666664,49.75,39.458333333333336,38.291666666666664,34.875,56.416666666666664,44.666666666666664,73.375,40.291666666666664,59.791666666666664,32.5,71.70833333333333,55.375,46.583333333333336,61.666666666666664,41.916666666666664,45.708333333333336
2008-03-28T00:00:00Z,59.208333333333336,62.958333333333336,53.5,57.75,57.25,62.666666666666664,52.791666666666664,60.416666666666664,58.333333333333336,48.083333333333336,56.291666666666664,50.291666666666664,56.416666666666664,52.833333333333336,78.29166666666667,54.5,63.5,61.666666666666664,74.45833333333333,55.375,51.125,62.708333333333336,54.875,53.541666666666664
2008-03-29T00:00:00Z,68.25,92.79166666666667,70,69.20833333333333,62.916666666666664,68.33333333333333,64.875,90.45833333333333,72.16666666666667,63.208333333333336,82.08333333333333,64,56.458333333333336,63.583333333333336,67.875,65.04166666666667,64.91666666666667,91.75,67,55.375,68.54166666666667,65.95833333333333,61.083333333333336,74.875
2008-03-30T00:00:00Z,82.66666666666667,86.75,69.20833333333333,85.25,71.66666666666667,84.91666666666667,82.04166666666667,83.91666666666667,85.58333333333333,76.04166666666667,73.25,79.04166666666667,56.458333333333336,85.16666666666667,77.16666666666667,76.66666666666667,93.16666666666667,86.41666666666667,80.20833333333333,55.333333333333336,72.25,88.54166666666667,71.125,81.66666666666667
2008-03-31T00:00:00Z,87.79166666666667,89.33333333333333,91.45833333333333,73.25,75.70833333333333,83.125,63.791666666666664,70.33333333333333,91.875,95.08333333333333,79.16666666666667,96.04166666666667,56.458333333333336,99.70833333333333,77.95833333333333,92.04166666666667,88.16666666666667,100,76.25,55.291666666666664,87.45833333333333,85.33333333333333,72.29166666666667,87.375
2008-04-01T00:00:00Z,82.41666666666667,75.91666666666667,84.41666666666667,86.75,82.25,87.45833333333333,83.45833333333333,66.25,85.375,82.875,79.79166666666667,85.33333333333333,56.458333333333336,88.625,89.25,82.58333333333333,84.33333333333333,89.83333333333333,83.79166666666667,55.375,66.54166666666667,87.79166666666667,75.91666666666667,82.20833333333333
2008-04-02T00:00:00Z,55.208333333333336,67.75,59.583333333333336,69.08333333333333,59.25,68.91666666666667,64.66666666666667,46.416666666666664,63.125,47.333333333333336,65.45833333333333,53,56.541666666666664,53.208333333333336,70.58333333333333,52.083333333333336,72.91666666666667,61.875,68.54166666666667,55.416666666666664,39.458333333333336,71.91666666666667,61.416666666666664,58.666666666666664
2008-04-03T00:00:00Z,66.58333333333333,83.625,72.54166666666667,79.16666666666667,60.458333333333336,75.125,79.5,71,71.29166666666667,60.208333333333336,77.16666666666667,65.625,56.708333333333336,61.041666666666664,72.33333333333333,64.45833333333333,83.5,70.29166666666667,77.25,55.5,61.625,86.83333333333333,63.875,66.875
2008-04-04T00:00:00Z,86.75,92.16666666666667,93.625,93.70833333333333,82.45833333333333,88.91666666666667,71.29166666666667,62.125,88.45833333333333,90.70833333333333,92.58333333333333,91.375,56.833333333333336,70.45833333333333,91.83333333333333,89.25,86.83333333333333,100,91.33333333333333,55.583333333333336,86.66666666666667,90.375,80.45833333333333,87.54166666666667
2008-04-05T00:00:00Z,92.95833333333333,95.33333333333333,96.875,91.54166666666667,90.16666666666667,95.08333333333333,92.41666666666667,84.08333333333333,99.625,88.20833333333333,92.83333333333333,95.125,56.875,93.875,94.41666666666667,92.08333333333333,86.33333333333333,100,88.29166666666667,55.625,88.08333333333333,95.04166666666667,87.125,95.79166666666667
2008-04-06T00:00:00Z,94.5,82.95833333333333,81.66666666666667,86.29166666666667,90.16666666666667,93.66666666666667,87.875,86.70833333333333,90.375,85.70833333333333,77,87.41666666666667,56.875,96.83333333333333,90.41666666666667,90.16666666666667,83.66666666666667,91.91666666666667,86.33333333333333,55.666666666666664,79,90.375,70.5,96.75
2008-04-07T00:00:00Z,91.66666666666667,78.625,76.45833333333333,83.5,89.75,91.45833333333333,80.5,85.83333333333333,94.20833333333333,80.20833333333333,70.83333333333333,83.79166666666667,57,96.5,93.04166666666667,83.04166666666667,83.20833333333333,88,88,55.708333333333336,77.95833333333333,88.91666666666667,80.83333333333333,95.41666666666667
2008-04-08T00:00:00Z,87.16666666666667,83.20833333333333,68.20833333333333,71.91666666666667,92.70833333333333,85.70833333333333,70.41666666666667,85.16666666666667,83.5,71.70833333333333,73.08333333333333,73.75,57.041666666666664,86.08333333333333,90.875,74,75.625,86.41666666666667,83.83333333333333,55.833333333333336,71.70833333333333,81.91666666666667,95.125,86.08333333333333
2008-04-09T00:00:00Z,90.54166666666667,67,67.20833333333333,79.5,93.83333333333333,93.125,75.875,70.04166666666667,85.75,65.79166666666667,63.541666666666664,71.25,57.25,84,94,72.875,81.58333333333333,80.58333333333333,86.79166666666667,55.875,68.16666666666667,88.33333333333333,98.375,90.04166666666667
2008-04-10T00:00:00Z,84.45833333333333,68.75,63.5,82.5,85.25,85.08333333333333,76.04166666666667,63.375,83.75,58.75,63.416666666666664,63.083333333333336,57.291666666666664,73.83333333333333,91.875,67.79166666666667,83.33333333333333,71.41666666666667,84.33333333333333,55.958333333333336,59.666666666666664,88.45833333333333,92.20833333333333,74.875
2008-04-11T00:00:00Z,76.41666666666667,71.16666666666667,70.375,76.04166666666667,75.41666666666667,76.70833333333333,71.625,61.625,76.125,62.541666666666664,66.95833333333333,64.75,57.333333333333336,71.08333333333333,92.04166666666667,66.70833333333333,76.70833333333333,77.45833333333333,82.625,56.041666666666664,63.333333333333336,79,75.58333333333333,74.625
2008-04-12T00:00:00Z,75.125,55.958333333333336,77.875,63.5,70.54166666666667,68.58333333333333,63.875,48.416666666666664,71.58333333333333,67.29166666666667,70.83333333333333,74.58333333333333,57.458333333333336,74.5,87.20833333333333,70.875,65.91666666666667,81.125,80.91666666666667,56.166666666666664,62.791666666666664,67.79166666666667,70.75,69.54166666666667
2008-04-13T00:00:00Z,62.125,51.541666666666664,56.958333333333336,41.333333333333336,57.75,54.333333333333336,44.625,60.75,50.75,46.416666666666664,39.125,48.291666666666664,57.625,49.375,70.58333333333333,53.583333333333336,45.5,53.416666666666664,63.291666666666664,56.25,43.541666666666664,49.958333333333336,63.583333333333336,50.791666666666664
2008-04-14T00:00:00Z,76.91666666666667,74.25,68.41666666666667,57.083333333333336,70.375,70.20833333333333,60.5,75.95833333333333,60.208333333333336,64.625,57.791666666666664,72.375,57.916666666666664,63,67.625,71.79166666666667,61.75,76.91666666666667,65.29166666666667,56.375,60.166666666666664,66.29166666666667,73.91666666666667,66.95833333333333
2008-04-15T00:00:00Z,59.958333333333336,50.208333333333336,48.875,51.333333333333336,57.25,60.291666666666664,51.541666666666664,43.166666666666664,53.375,39.083333333333336,42.5,51.666666666666664,58.041666666666664,49.916666666666664,57.25,43.833333333333336,51.416666666666664,45.416666666666664,52.541666666666664,56.541666666666664,35.083333333333336,54.916666666666664,59.083333333333336,58.708333333333336
2008-04-16T00:00:00Z,56.625,47.375,45.25,46.166666666666664,46.458333333333336,53.041666666666664,45.625,30.125,49.375,37.541666666666664,37.916666666666664,42.625,58.083333333333336,46.875,59.125,45.5,47.958333333333336,49.541666666666664,48.041666666666664,56.833333333333336,33.666666666666664,50.833333333333336,51.583333333333336,52.916666666666664
2008-04-17T00:00:00Z,55.958333333333336,47.166666666666664,44.791666666666664,49.916666666666664,50.75,55.916666666666664,42.833333333333336,25,50.916666666666664,34.458333333333336,40.583333333333336,42.416666666666664,58.375,42.333333333333336,58.375,46.083333333333336,50.791666666666664,51.541666666666664,55.041666666666664,56.958333333333336,36.083333333333336,55.625,51.208333333333336,56
2008-04-18T00:00:00Z,57.5,46.166666666666664,42.083333333333336,40.416666666666664,56,53.583333333333336,42.333333333333336,27.125,46.375,34.541666666666664,37.166666666666664,40.208333333333336,58.791666666666664,40.125,79.45833333333333,37.583333333333336,44.75,50.791666666666664,65.125,57.166666666666664,34.083333333333336,52.291666666666664,46.041666666666664,50.916666666666664
2008-04-19T00:00:00Z,58.916666666666664,76.16666666666667,71.58333333333333,62.041666666666664,58.875,63.375,57.291666666666664,66.95833333333333,56.375,58.625,66.5,61.333333333333336,58.791666666666664,51.583333333333336,78.08333333333333,58.208333333333336,64.54166666666667,77.16666666666667,73.04166666666667,57.333333333333336,63.666666666666664,67.25,53.833333333333336,53.458333333333336
2008-04-20T00:00:00Z,85.58333333333333,70.91666666666667,71.625,62.333333333333336,79,81.29166666666667,64.875,68.04166666666667,73.75,78.25,50.125,85.66666666666667,59,90.70833333333333,86.66666666666667,85.16666666666667,66,85.375,82.25,57.583333333333336,72.75,70.58333333333333,78.29166666666667,82.45833333333333
2008-04-21T00:00:00Z,91.54166666666667,61.916666666666664,66.91666666666667,74.16666666666667,85.41666666666667,86.875,82.625,69.16666666666667,85.79166666666667,82.875,52.458333333333336,84,59.416666666666664,91,94.08333333333333,82.91666666666667,81.91666666666667,76.70833333333333,81.16666666666667,57.75,71.04166666666667,82.83333333333333,94,93.70833333333333
2008-04-22T00:00:00Z,90.83333333333333,63.708333333333336,72.875,86.33333333333333,83.16666666666667,87.45833333333333,79.375,77.70833333333333,85.66666666666667,79.83333333333333,63.5,79.95833333333333,59.583333333333336,91.625,91.79166666666667,81.75,80.41666666666667,85.91666666666667,86.08333333333333,58.041666666666664,74.58333333333333,86.75,92.66666666666667,89.25
2008-04-23T00:00:00Z,80.95833333333333,64.875,73.91666666666667,84.95833333333333,78.5,83.375,81,70.83333333333333,82.04166666666667,73.25,63.416666666666664,77.79166666666667,59.791666666666664,85.625,89.875,77.125,83.125,86.41666666666667,80.58333333333333,58.375,62.625,80.70833333333333,94.29166666666667,78.58333333333333
2008-04-24T00:00:00Z,79.08333333333333,65.41666666666667,66.54166666666667,72.91666666666667,75.5,79.45833333333333,69.5,65.25,76.91666666666667,62.166666666666664,61.875,68.75,60.208333333333336,73.04166666666667,77.625,69.29166666666667,77.16666666666667,72.875,74.91666666666667,58.625,61.583333333333336,81.54166666666667,73.75,75.08333333333333
2008-04-25T00:00:00Z,72.41666666666667,74,63.083333333333336,68.33333333333333,69.54166666666667,73.75,63.583333333333336,55.333333333333336,71.66666666666667,59.541666666666664,60.166666666666664,60.625,60.333333333333336,71.58333333333333,82.75,65.25,71.41666666666667,70.79166666666667,78.08333333333333,58.833333333333336,58.916666666666664,75.625,67.04166666666667,66.70833333333333
2008-04-26T00:00:00Z,66.04166666666667,85.41666666666667,73.41666666666667,69.625,64.625,71.16666666666667,62.458333333333336,61.416666666666664,67.79166666666667,61.125,75.375,62.833333333333336,60.583333333333336,64.91666666666667,85.66666666666667,62.166666666666664,68.58333333333333,82.91666666666667,78.16666666666667,59.083333333333336,71.125,73.125,64.91666666666667,62.416666666666664
2008-04-27T00:00:00Z,74.75,93.20833333333333,85.08333333333333,75,79.58333333333333,85.08333333333333,74.66666666666667,76.79166666666667,84.54166666666667,79.25,87.41666666666667,85.04166666666667,60.958333333333336,91,88.66666666666667,79.83333333333333,74.625,95.875,81.5,59.416666666666664,83.83333333333333,87.08333333333333,92.04166666666667,84.08333333333333
2008-04-28T00:00:00Z,85.375,77.45833333333333,84.08333333333333,81.66666666666667,82.79166666666667,88.70833333333333,82.29166666666667,78.66666666666667,92.45833333333333,84.125,72.125,92.58333333333333,61.125,97.5,92.125,94.16666666666667,83.29166666666667,87.70833333333333,83.83333333333333,59.625,77.29166666666667,79.04166666666667,80.41666666666667,90.95833333333333
2008-04-29T00:00:00Z,65.375,54.833333333333336,49.458333333333336,55.166666666666664,67.20833333333333,65.70833333333333,52.958333333333336,56.125,60.791666666666664,49.291666666666664,39.75,55.875,61.5,61.791666666666664,72.66666666666667,58.916666666666664,59.166666666666664,47.625,57,60.041666666666664,47.416666666666664,67.33333333333333,49.916666666666664,60.375
2008-04-30T00:00:00Z,60.666666666666664,57.083333333333336,52.708333333333336,54.5,57.958333333333336,60.291666666666664,49.541666666666664,50.708333333333336,59.25,49.25,49.041666666666664,61.333333333333336,61.708333333333336,58.833333333333336,61.833333333333336,56.791666666666664,58.291666666666664,64.91666666666667,58.708333333333336,60.333333333333336,50.666666666666664,61.625,56.625,58.041666666666664
2008-05-01T00:00:00Z,61.833333333333336,56.833333333333336,57.916666666666664,62.833333333333336,57,66.83333333333333,57.166666666666664,44.75,61.541666666666664,49.958333333333336,54.166666666666664,52.791666666666664,62.083333333333336,66.875,65.875,56.083333333333336,66.83333333333333,63.708333333333336,64.66666666666667,60.583333333333336,52.833333333333336,72.58333333333333,61.833333333333336,59.083333333333336
2008-05-02T00:00:00Z,62.75,58.375,60.916666666666664,67.54166666666667,64.04166666666667,71.83333333333333,62.375,52.291666666666664,65.45833333333333,53.416666666666664,60.333333333333336,55.583333333333336,62.375,58.75,79,56.5,69.91666666666667,65.70833333333333,72.16666666666667,60.916666666666664,53.458333333333336,74.91666666666667,60.916666666666664,62.375
2008-05-03T00:00:00Z,52.125,74.70833333333333,69.375,66.66666666666667,66.58333333333333,73.5,61.041666666666664,69.625,67.125,63.25,70.29166666666667,64.91666666666667,62.625,64.33333333333333,82.25,61.916666666666664,68.04166666666667,82.375,75.79166666666667,61.166666666666664,64.875,75.08333333333333,63.166666666666664,65.29166666666667
2008-05-04T00:00:00Z,27.666666666666668,59.875,62.291666666666664,68.875,74.66666666666667,78.91666666666667,65.25,49.666666666666664,72.16666666666667,55.083333333333336,59.791666666666664,62.791666666666664,62.958333333333336,62.833333333333336,86.20833333333333,60.458333333333336,78.125,74.375,79.91666666666667,61.541666666666664,48.791666666666664,81.58333333333333,75.04166666666667,71
2008-05-05T00:00:00Z,33,46.375,59.083333333333336,84.41666666666667,75.75,81.625,82.08333333333333,53.375,80.5,57.333333333333336,52.833333333333336,59.541666666666664,63.25,77.04166666666667,87.95833333333333,71.25,86.95833333333333,64.33333333333333,80.95833333333333,61.791666666666664,53.625,87.08333333333333,83.125,72.91666666666667
2008-05-06T00:00:00Z,31.291666666666668,44.833333333333336,55.541666666666664,75.58333333333333,74.20833333333333,77.58333333333333,70.04166666666667,36.291666666666664,79.41666666666667,49.333333333333336,46.75,60.75,63.458333333333336,69.29166666666667,74.625,64.16666666666667,70.875,59.375,69.70833333333333,62.125,51.5,79.54166666666667,72.5,69.04166666666667
2008-05-07T00:00:00Z,24.375,59.291666666666664,53.208333333333336,65.54166666666667,60.291666666666664,67.91666666666667,62.25,44.625,67.5,49.208333333333336,52.791666666666664,57.25,63.916666666666664,59.75,73.66666666666667,58.083333333333336,66.625,65.70833333333333,71.5,62.458333333333336,52.083333333333336,71.875,57,62.291666666666664
2008-05-08T00:00:00Z,33.5,68.25,70.41666666666667,73.79166666666667,76.08333333333333,77.79166666666667,71.70833333333333,67.83333333333333,79.66666666666667,69.04166666666667,63.375,74.625,64.04166666666667,80.25,79.91666666666667,77.66666666666667,71.29166666666667,78.58333333333333,75.91666666666667,62.625,70.20833333333333,77.70833333333333,77.95833333333333,76.70833333333333
2008-05-09T00:00:00Z,55.625,70.375,68.41666666666667,64.29166666666667,70.375,69.29166666666667,58.708333333333336,65.83333333333333,73.25,64,65.95833333333333,72.66666666666667,64.45833333333333,71.79166666666667,83.58333333333333,72.5,67.45833333333333,85.29166666666667,80.125,63.125,66.54166666666667,71.45833333333333,76.58333333333333,69.08333333333333
2008-05-10T00:00:00Z,79.29166666666667,69.41666666666667,53.541666666666664,54.541666666666664,75.25,72.5,53.5,49.791666666666664,72.33333333333333,56.166666666666664,63.25,66.41666666666667,64.75,73.16666666666667,78.125,67.125,59.458333333333336,62.916666666666664,76.29166666666667,63.333333333333336,51.875,73.04166666666667,80.45833333333333,69.41666666666667
2008-05-11T00:00:00Z,91.91666666666667,70.95833333333333,72.04166666666667,67.125,79.66666666666667,87,72.08333333333333,78.54166666666667,87.375,78.75,68.79166666666667,84.5,65,96.5,82.08333333333333,86.25,75.54166666666667,84.04166666666667,78.04166666666667,63.625,76.5,79.875,80.5,89.70833333333333
2008-05-12T00:00:00Z,80.75,53.833333333333336,48.375,45.666666666666664,79.29166666666667,65.45833333333333,48,68.125,71.45833333333333,56.416666666666664,41.833333333333336,62.583333333333336,65.20833333333333,80.375,70.25,68.70833333333333,54.166666666666664,58.291666666666664,63.208333333333336,63.958333333333336,56.625,64.58333333333333,69.95833333333333,70.29166666666667
2008-05-13T00:00:00Z,63.375,59.5,54.875,53.458333333333336,61.541666666666664,56.291666666666664,53.375,55.833333333333336,55.916666666666664,50.583333333333336,53.291666666666664,57.791666666666664,65.45833333333333,63.541666666666664,61.708333333333336,60.958333333333336,57.041666666666664,72.125,55.625,64.16666666666667,51.083333333333336,55.916666666666664,58.333333333333336,55
2008-05-14T00:00:00Z,65.45833333333333,74.625,62.666666666666664,59.375,60.458333333333336,59.791666666666664,54.708333333333336,68.83333333333333,59.541666666666664,59.291666666666664,71.66666666666667,65.625,65.79166666666667,67.33333333333333,69,65.25,57.916666666666664,80.08333333333333,59.416666666666664,64.54166666666667,67.375,63.916666666666664,56.5,54.291666666666664
2008-05-15T00:00:00Z,73.58333333333333,90.04166666666667,78.54166666666667,68.41666666666667,64.45833333333333,73,65.95833333333333,81.125,76.33333333333333,73.16666666666667,85.04166666666667,75.54166666666667,66,77.875,77.75,76.58333333333333,68.375,94.16666666666667,74.45833333333333,64.83333333333333,78.375,74.875,67.20833333333333,71.375
2008-05-16T00:00:00Z,83.45833333333333,82.5,72.125,65.875,79.20833333333333,75.625,63,72.54166666666667,79.33333333333333,68.95833333333333,70.41666666666667,78.95833333333333,66.20833333333333,77.16666666666667,89.54166666666667,78.20833333333333,73.375,84.625,82.95833333333333,65.125,71.20833333333333,74.20833333333333,79.41666666666667,80.16666666666667
2008-05-17T00:00:00Z,61.958333333333336,56.75,54.166666666666664,54.958333333333336,54.666666666666664,55.833333333333336,45.833333333333336,54.083333333333336,52.416666666666664,50.291666666666664,51.5,58.166666666666664,66.41666666666667,54.083333333333336,62.125,56.708333333333336,61,64.91666666666667,58.875,65.20833333333333,48.75,59.333333333333336,50.5,52
2008-05-18T00:00:00Z,72.625,79.66666666666667,69.95833333333333,57.75,62.5,68.79166666666667,60.583333333333336,64.58333333333333,68,66.16666666666667,66.875,69.16666666666667,66.58333333333333,72.70833333333333,75.58333333333333,69.5,67,86.45833333333333,72.08333333333333,65.58333333333333,68.375,70.58333333333333,51.875,65.08333333333333
2008-05-19T00:00:00Z,66.70833333333333,55.666666666666664,55.708333333333336,55.583333333333336,59.583333333333336,69.125,56.333333333333336,45.208333333333336,65.04166666666667,52.625,51.583333333333336,62,66.875,62.5,68.16666666666667,64.5,63.541666666666664,63,69.04166666666667,65.91666666666667,51.666666666666664,69.20833333333333,53.541666666666664,65.33333333333333
2008-05-20T00:00:00Z,78.45833333333333,62.416666666666664,65.29166666666667,64.33333333333333,71.08333333333333,76,62.083333333333336,54.416666666666664,69.91666666666667,52.041666666666664,63.708333333333336,66.25,66.95833333333333,65.70833333333333,86.20833333333333,73.25,73.125,78.29166666666667,81.16666666666667,66.125,55.458333333333336,76.5,72.25,70.5
2008-05-21T00:00:00Z,57.333333333333336,56.75,60.375,67.16666666666667,68.04166666666667,75.25,64.20833333333333,50.25,73.375,47.5,58.25,68.5,67.125,70.58333333333333,69.20833333333333,68.16666666666667,72.04166666666667,62.708333333333336,76,66.16666666666667,52.208333333333336,81.45833333333333,62.5,75.08333333333333
2008-05-22T00:00:00Z,65.33333333333333,53.125,51.625,56.708333333333336,55.583333333333336,61.958333333333336,49.666666666666664,37.5,59.5,40.458333333333336,48.166666666666664,60.541666666666664,67.41666666666667,59.333333333333336,60.458333333333336,60.583333333333336,59.333333333333336,60.458333333333336,68.625,66.45833333333333,47.208333333333336,67.66666666666667,53.25,62.75
2008-05-23T00:00:00Z,66.875,57.958333333333336,50.375,59.041666666666664,61.583333333333336,72.41666666666667,52.75,47,62.791666666666664,48.791666666666664,48.416666666666664,56.833333333333336,67.66666666666667,65.625,67.25,62.625,66.375,66.83333333333333,67.33333333333333,66.66666666666667,50.625,69.5,59.291666666666664,68.375
2008-05-24T00:00:00Z,64.20833333333333,66.91666666666667,62.25,83.08333333333333,68.33333333333333,81.5,78.08333333333333,55.208333333333336,76.04166666666667,59.666666666666664,64.79166666666667,65.16666666666667,67.70833333333333,70.91666666666667,71.70833333333333,68,80.95833333333333,77.70833333333333,74.91666666666667,66.91666666666667,56.708333333333336,82.08333333333333,66.83333333333333,73.29166666666667
2008-05-25T00:00:00Z,63.875,70.91666666666667,62.458333333333336,62.625,60.541666666666664,63.958333333333336,59.208333333333336,59.666666666666664,63.583333333333336,56.875,65.29166666666667,62.75,67.875,63.041666666666664,64.625,62,60.958333333333336,76.54166666666667,59.75,67.04166666666667,56.25,66.54166666666667,62.166666666666664,63.041666666666664
2008-05-26T00:00:00Z,61.875,70.04166666666667,55.541666666666664,64.58333333333333,59.875,67.29166666666667,56.666666666666664,63.708333333333336,60.583333333333336,53.125,56.125,52.333333333333336,68,60.75,72.16666666666667,54.458333333333336,65.5,65.33333333333333,64.08333333333333,67.25,60.083333333333336,71.5,56.166666666666664,60.625
2008-05-27T00:00:00Z,70.16666666666667,82.54166666666667,63.458333333333336,64.83333333333333,60.75,67.875,60.041666666666664,65.875,66.54166666666667,63.375,60.166666666666664,63.541666666666664,68.16666666666667,74.04166666666667,72,66.66666666666667,66.04166666666667,75.83333333333333,67.83333333333333,67.54166666666667,74.41666666666667,71.33333333333333,62.875,63.125
2008-05-28T00:00:00Z,88,90.20833333333333,87.29166666666667,79.41666666666667,76.41666666666667,88,76.79166666666667,77,88.5,80.91666666666667,78.125,89.75,68.375,92.04166666666667,87.08333333333333,89.70833333333333,77.5,100,79.66666666666667,67.70833333333333,79.95833333333333,88.20833333333333,78.125,82.25
2008-05-29T00:00:00Z,67.75,79.79166666666667,75.29166666666667,75.58333333333333,62.791666666666664,69.29166666666667,66.95833333333333,79.70833333333333,62.916666666666664,66,70,79.58333333333333,68.45833333333333,72.91666666666667,63,66.625,78.125,90.25,68.91666666666667,67.83333333333333,69.75,74.66666666666667,67.75,60.708333333333336
2008-05-30T00:00:00Z,76.95833333333333,78,76.375,75.375,67.95833333333333,79.04166666666667,70.75,72.66666666666667,76.66666666666667,67.75,73.375,71.91666666666667,68.5,76.66666666666667,71.625,72.375,79.5,87.75,78.20833333333333,68,71.66666666666667,81.75,66.5,71.70833333333333
2008-05-31T00:00:00Z,79.875,63.5,67.08333333333333,75.41666666666667,72.5,80.45833333333333,71.875,60.833333333333336,78,69.20833333333333,62.166666666666664,70.66666666666667,68.625,84.375,86.08333333333333,75.375,76.375,79.25,82.95833333333333,68.16666666666667,61.166666666666664,82.08333333333333,72.16666666666667,75.58333333333333
2008-06-01T00:00:00Z,81.08333333333333,71.875,60.875,68.45833333333333,68.25,69.5,66.375,63.541666666666664,71.75,52.75,57.541666666666664,65.04166666666667,68.70833333333333,69.29166666666667,85.79166666666667,72.41666666666667,70.375,73,80.58333333333333,68.33333333333333,63.291666666666664,77.04166666666667,64.20833333333333,68.29166666666667
2008-06-02T00:00:00Z,64.91666666666667,68.33333333333333,56.791666666666664,67.54166666666667,64.79166666666667,70.33333333333333,64.41666666666667,49.583333333333336,63.875,51.208333333333336,51.041666666666664,61.458333333333336,68.83333333333333,59.25,75.75,63.333333333333336,74.45833333333333,68.75,73.08333333333333,68.45833333333333,57.25,62.875,65.33333333333333,61.041666666666664
2008-06-03T00:00:00Z,73,74.25,66.04166666666667,67.16666666666667,64.25,71.79166666666667,66.58333333333333,71.41666666666667,72.75,54.916666666666664,62.583333333333336,59.458333333333336,68.875,64.83333333333333,67.5,64.66666666666667,68.5,91.70833333333333,68.875,68.70833333333333,78.04166666666667,79.04166666666667,61.583333333333336,66.04166666666667
2008-06-04T00:00:00Z,71.375,61.958333333333336,64.91666666666667,72.79166666666667,66.75,76.45833333333333,70.33333333333333,60.583333333333336,72.29166666666667,59.208333333333336,58.875,66.25,69.08333333333333,67.29166666666667,84.20833333333333,69.20833333333333,72.91666666666667,76.83333333333333,81.5,68.79166666666667,69.54166666666667,79.70833333333333,63.583333333333336,66.70833333333333
2008-06-05T00:00:00Z,67.54166666666667,65.95833333333333,58.083333333333336,64.45833333333333,66.375,65.95833333333333,60.375,52.708333333333336,66.375,53.625,54.375,61.583333333333336,69.25,61.458333333333336,90.41666666666667,65.33333333333333,69.58333333333333,74.625,83.79166666666667,68.875,58.416666666666664,73.20833333333333,75.95833333333333,59.416666666666664
2008-06-06T00:00:00Z,36.333333333333336,66.04166666666667,58.5,68.375,79.16666666666667,74,61.291666666666664,52.416666666666664,63.791666666666664,52.333333333333336,54,61.375,69.33333333333333,66.83333333333333,93.54166666666667,67.66666666666667,71.5,75.45833333333333,82.20833333333333,69.08333333333333,59.083333333333336,78.41666666666667,84.66666666666667,65
2008-06-07T00:00:00Z,8.375,76.875,55.833333333333336,64.70833333333333,64.16666666666667,67.625,59.958333333333336,56.25,63.25,49.75,52.25,57,69.45833333333333,59.875,85.95833333333333,62.833333333333336,67.75,69.25,76.625,69.16666666666667,65.33333333333333,73.70833333333333,65.08333333333333,60.041666666666664
2008-06-08T00:00:00Z,7.166666666666667,68.91666666666667,57.375,60.916666666666664,61,65.45833333333333,57.208333333333336,53.708333333333336,60.416666666666664,51.041666666666664,49.75,59.583333333333336,69.45833333333333,62.25,83.58333333333333,63.5,64.70833333333333,67.70833333333333,76.375,69.33333333333333,59.125,72.70833333333333,60.583333333333336,58.791666666666664
2008-06-09T00:00:00Z,59,62.75,53.041666666666664,54.375,63.791666666666664,68.75,52.875,56.083333333333336,59.75,48.291666666666664,50.875,58.916666666666664,69.54166666666667,60.333333333333336,86.58333333333333,61.5,58.708333333333336,65.625,76.04166666666667,69.5,55.5,70.25,61.541666666666664,55.625
2008-06-10T00:00:00Z,65.79166666666667,76.79166666666667,55.625,64.875,65.75,68.83333333333333,59.166666666666664,62.125,58.333333333333336,47.958333333333336,53.375,58.541666666666664,69.625,58.708333333333336,87.91666666666667,56.666666666666664,67.20833333333333,73.5,80.29166666666667,69.625,56.666666666666664,74.79166666666667,61.375,57.458333333333336
2008-06-11T00:00:00Z,68.75,73.375,65.91666666666667,70.25,64.91666666666667,80.25,69.70833333333333,67.54166666666667,78.375,52.333333333333336,57.75,62.333333333333336,69.70833333333333,58.416666666666664,83.70833333333333,56.833333333333336,72.20833333333333,75.41666666666667,79.25,69.625,58.708333333333336,83.875,68.625,65.70833333333333
2008-06-12T00:00:00Z,63.333333333333336,64.79166666666667,63.541666666666664,70.91666666666667,61.416666666666664,65.58333333333333,67.95833333333333,71.5,70.29166666666667,66.16666666666667,59.583333333333336,69.25,69.79166666666667,60.083333333333336,73.75,69.33333333333333,71.5,79.54166666666667,66.875,69.79166666666667,73.04166666666667,68.95833333333333,60.375,54
2008-06-13T00:00:00Z,66.20833333333333,67.70833333333333,63.041666666666664,70.04166666666667,66.25,66.79166666666667,60.083333333333336,78.20833333333333,66.45833333333333,56.416666666666664,55.416666666666664,61.041666666666664,69.95833333333333,50.916666666666664,70.04166666666667,55.833333333333336,74.25,80.95833333333333,64.875,70.04166666666667,71.5,71.66666666666667,61.125,57.458333333333336
2008-06-14T00:00:00Z,68.41666666666667,83.54166666666667,67.875,71.58333333333333,65.875,69.41666666666667,65.70833333333333,78.625,72.41666666666667,66.91666666666667,58.541666666666664,67.08333333333333,70,68.16666666666667,73.79166666666667,67.125,69.125,82.875,72.875,70.125,77.125,77.66666666666667,61.583333333333336,58.291666666666664
2008-06-15T00:00:00Z,84.41666666666667,67.58333333333333,64.08333333333333,78.29166666666667,73.95833333333333,82.29166666666667,76.41666666666667,57.666666666666664,86.375,61.625,60.041666666666664,65.91666666666667,70.08333333333333,70.08333333333333,78.875,70.875,80.29166666666667,75.79166666666667,76.125,70.33333333333333,62.166666666666664,83,71.41666666666667,76.45833333333333
2008-06-16T00:00:00Z,68.91666666666667,68.375,57.916666666666664,70.04166666666667,62.541666666666664,71.95833333333333,64.54166666666667,47.166666666666664,69.70833333333333,46.291666666666664,58.375,57.333333333333336,70.08333333333333,56.875,79.83333333333333,57.916666666666664,69.625,62.5,74,70.41666666666667,49.708333333333336,77.375,61.958333333333336,62.291666666666664
2008-06-17T00:00:00Z,65.875,55,51.208333333333336,73.70833333333333,64.95833333333333,66.41666666666667,62.208333333333336,47.958333333333336,61.125,43.291666666666664,45.583333333333336,47.916666666666664,70.16666666666667,52,81.16666666666667,56.125,68.66666666666667,53.75,75.25,70.41666666666667,42.5,74.91666666666667,55.625,58.666666666666664
2008-06-18T00:00:00Z,57.625,47.833333333333336,39.791666666666664,48.75,48.375,50.125,41.291666666666664,40.958333333333336,46.208333333333336,39.708333333333336,35.208333333333336,45.458333333333336,70.25,45.375,61.5,46.5,61.541666666666664,51.333333333333336,63.875,70.5,44.458333333333336,59.75,43.583333333333336,45.541666666666664
2008-06-19T00:00:00Z,64.04166666666667,49.75,40.791666666666664,67.625,66.375,58.916666666666664,51.166666666666664,39.041666666666664,51.125,40.375,33.375,48.75,70.33333333333333,54.041666666666664,65.625,50.208333333333336,59.958333333333336,53.5,65.66666666666667,70.58333333333333,46.166666666666664,65.20833333333333,57.791666666666664,48.666666666666664
2008-06-20T00:00:00Z,39.916666666666664,61.25,65.41666666666667,85.75,62.958333333333336,70.04166666666667,72.08333333333333,48.583333333333336,67.625,48.833333333333336,45.541666666666664,64.375,70.41666666666667,63,66.625,59.708333333333336,81.625,64.29166666666667,65.58333333333333,70.95833333333333,49.458333333333336,77.66666666666667,58.625,59.291666666666664
2008-06-21T00:00:00Z,13.416666666666666,68.95833333333333,67.16666666666667,86.875,78.875,86.95833333333333,80.54166666666667,61.666666666666664,82.33333333333333,64.58333333333333,68.08333333333333,71.95833333333333,70.54166666666667,79.70833333333333,71.75,75.83333333333333,88.25,82.20833333333333,72.33333333333333,71.04166666666667,62.208333333333336,90.45833333333333,65.75,75.625
2008-06-22T00:00:00Z,37.041666666666664,77.79166666666667,71.04166666666667,84.25,75.375,84.5,79.20833333333333,76.41666666666667,78.66666666666667,71.91666666666667,64.04166666666667,71.79166666666667,70.70833333333333,84.25,76.5,76.79166666666667,81.79166666666667,85.41666666666667,77.29166666666667,71.04166666666667,74.66666666666667,87.66666666666667,71.04166666666667,73.875
2008-06-23T00:00:00Z,60.333333333333336,67.16666666666667,75.375,81.33333333333333,81.29166666666667,85.83333333333333,72.45833333333333,55.375,75.875,65.375,60.333333333333336,71.16666666666667,70.75,68.16666666666667,87.95833333333333,73.16666666666667,83.41666666666667,88.375,82.29166666666667,71.08333333333333,61.583333333333336,86.375,74.29166666666667,71.54166666666667
2008-06-24T00:00:00Z,28.416666666666668,56.791666666666664,54,69.04166666666667,68.08333333333333,75.625,57.666666666666664,45.541666666666664,57.666666666666664,49.458333333333336,44.291666666666664,59.583333333333336,70.83333333333333,54.791666666666664,76.70833333333333,59.875,73.79166666666667,66,74.79166666666667,71.25,51.625,79.04166666666667,60.458333333333336,57.416666666666664
2008-06-25T00:00:00Z,33.875,53.041666666666664,49.583333333333336,75.91666666666667,65,75.33333333333333,64.75,50.833333333333336,59.208333333333336,46.791666666666664,38.083333333333336,52.708333333333336,70.91666666666667,54.916666666666664,78.91666666666667,62.375,76.29166666666667,66.66666666666667,81.04166666666667,71.25,48.541666666666664,77.75,67,54.541666666666664
2008-06-26T00:00:00Z,64.91666666666667,66.33333333333333,56.958333333333336,76.41666666666667,62.458333333333336,77.375,68.5,59,62.541666666666664,52.875,40.416666666666664,53.083333333333336,70.91666666666667,56.708333333333336,79.5,57.583333333333336,73.125,73.08333333333333,81.41666666666667,71.33333333333333,59.75,78.375,53.958333333333336,55.458333333333336
2008-06-27T00:00:00Z,72.875,79.08333333333333,66.20833333333333,78.20833333333333,62.833333333333336,69.83333333333333,67.5,72.58333333333333,61.458333333333336,58.833333333333336,58.458333333333336,63.916666666666664,71.08333333333333,55.666666666666664,79.08333333333333,64.08333333333333,70.20833333333333,84.5,79.04166666666667,71.58333333333333,71.375,73.58333333333333,60.708333333333336,54.208333333333336
2008-06-28T00:00:00Z,34.833333333333336,79.45833333333333,68.25,69.04166666666667,60.375,71.16666666666667,62.416666666666664,63.125,62.958333333333336,58.041666666666664,58.041666666666664,58.958333333333336,71.125,57.458333333333336,79.41666666666667,57.125,70.45833333333333,84.41666666666667,78.79166666666667,71.70833333333333,69.95833333333333,74.5,55.666666666666664,54.083333333333336
2008-06-29T00:00:00Z,15.875,78.16666666666667,59.333333333333336,74.375,65.41666666666667,75.66666666666667,65.20833333333333,78.875,70.20833333333333,68.5,58.375,63.25,71.20833333333333,63.75,79.91666666666667,66.91666666666667,70,84.70833333333333,79.70833333333333,71.875,80.66666666666667,76.20833333333333,62.625,59.75
2008-06-30T00:00:00Z,19.416666666666668,70.375,59,65.29166666666667,77.29166666666667,74.75,60.166666666666664,70.95833333333333,66.625,64.58333333333333,58.791666666666664,61.541666666666664,71.29166666666667,68.875,76.58333333333333,68.45833333333333,69.5,70.16666666666667,77.375,72,76.91666666666667,74.75,68.75,69.33333333333333
2008-07-01T00:00:00Z,45.208333333333336,59.375,47.833333333333336,52.708333333333336,65.29166666666667,62.708333333333336,45,59,51.333333333333336,50.5,38.583333333333336,51.541666666666664,71.29166666666667,61.666666666666664,71.04166666666667,60.166666666666664,58.083333333333336,62.791666666666664,66.66666666666667,72.125,53.416666666666664,67.16666666666667,65.91666666666667,51.208333333333336
2008-07-02T00:00:00Z,65.66666666666667,57.333333333333336,49.541666666666664,58.708333333333336,57.25,60.833333333333336,45.875,59.291666666666664,50.375,48.416666666666664,38.458333333333336,54.25,71.33333333333333,57,55.166666666666664,58.791666666666664,63.375,66.20833333333333,56.583333333333336,72.16666666666667,57.25,66.54166666666667,61.458333333333336,50.458333333333336
2008-07-03T00:00:00Z,63.791666666666664,60,56.333333333333336,66.33333333333333,59.666666666666664,67.58333333333333,55.208333333333336,57.583333333333336,55.5,50,43.583333333333336,52,71.5,58.083333333333336,63.541666666666664,59.625,63.458333333333336,70.29166666666667,64.66666666666667,72.20833333333333,58.375,71.375,52.541666666666664,52.083333333333336
2008-07-04T00:00:00Z,64.04166666666667,82.45833333333333,66.33333333333333,72.58333333333333,63.333333333333336,75.33333333333333,65.16666666666667,72.33333333333333,65.45833333333333,62.958333333333336,51.791666666666664,61.458333333333336,71.58333333333333,67.16666666666667,76.95833333333333,68.625,71.29166666666667,83.79166666666667,78.83333333333333,72.20833333333333,74.33333333333333,78.70833333333333,59.166666666666664,60.583333333333336
2008-07-05T00:00:00Z,76,80.25,78.41666666666667,77.29166666666667,77.25,82.125,69.95833333333333,92.58333333333333,79.33333333333333,79.83333333333333,70.29166666666667,81.625,71.625,91.5,76,87.91666666666667,74.83333333333333,98.41666666666667,77.41666666666667,72.20833333333333,84.66666666666667,82.875,86.875,73.66666666666667
2008-07-06T00:00:00Z,80.41666666666667,85.91666666666667,82.70833333333333,75.375,81.29166666666667,82.33333333333333,70.70833333333333,94.83333333333333,82.125,79.5,75,86.29166666666667,71.75,86.95833333333333,82.33333333333333,86.33333333333333,72.33333333333333,96.75,82.625,72.375,85.83333333333333,83.95833333333333,87.16666666666667,82.91666666666667
2008-07-07T00:00:00Z,79.33333333333333,76.95833333333333,80.66666666666667,84.875,72.54166666666667,82.375,77.79166666666667,78.625,82.08333333333333,74.58333333333333,71.95833333333333,77.33333333333333,71.875,81.95833333333333,78.95833333333333,80.33333333333333,82.875,93.79166666666667,79.16666666666667,72.41666666666667,84.20833333333333,89.20833333333333,72.79166666666667,76.29166666666667
2008-07-08T00:00:00Z,77.16666666666667,85.625,81.41666666666667,77.79166666666667,78.75,84.25,72.95833333333333,82.70833333333333,79.25,73.95833333333333,72.83333333333333,79.29166666666667,71.875,85.16666666666667,80.29166666666667,79.625,75.79166666666667,94.08333333333333,79.5,72.58333333333333,85.83333333333333,84.45833333333333,78.83333333333333,75.25
2008-07-09T00:00:00Z,88.95833333333333,84.95833333333333,83.58333333333333,75.125,85.25,82.5,78.70833333333333,78.375,83.33333333333333,78.70833333333333,73.54166666666667,83.41666666666667,71.875,85.66666666666667,85.625,85.33333333333333,74.70833333333333,94.58333333333333,79.125,72.625,76.29166666666667,82,86.375,72.54166666666667
2008-07-10T00:00:00Z,84.70833333333333,89.625,81,81.875,81.83333333333333,80.5,84.91666666666667,87,83.41666666666667,72.16666666666667,79.875,77.83333333333333,71.91666666666667,78.16666666666667,82.70833333333333,77.95833333333333,85.70833333333333,96,78.20833333333333,72.70833333333333,72.25,85.29166666666667,80.25,77.16666666666667
2008-07-11T00:00:00Z,85.41666666666667,70.70833333333333,75.20833333333333,84.08333333333333,78.08333333333333,89.91666666666667,90.95833333333333,74.29166666666667,90.33333333333333,68.83333333333333,71.5,76.08333333333333,71.95833333333333,80.875,82.91666666666667,80.5,86.08333333333333,88.16666666666667,83.625,72.79166666666667,75.58333333333333,91.79166666666667,68.875,87.08333333333333
2008-07-12T00:00:00Z,73.58333333333333,70.29166666666667,70.54166666666667,69.375,68.95833333333333,71.08333333333333,73.25,73.375,71.91666666666667,67.66666666666667,61.291666666666664,72.08333333333333,71.95833333333333,73.83333333333333,72.5,74.20833333333333,71.58333333333333,82.5,74.45833333333333,72.83333333333333,70.95833333333333,71.70833333333333,70,64.125
2008-07-13T00:00:00Z,80.66666666666667,83.95833333333333,74.875,69.33333333333333,71.625,75.79166666666667,69.875,84.04166666666667,67.375,71,74.58333333333333,72.58333333333333,72.04166666666667,71.16666666666667,75.20833333333333,71.83333333333333,72.54166666666667,90.41666666666667,76.875,72.83333333333333,85.125,78.33333333333333,73.70833333333333,64.29166666666667
2008-07-14T00:00:00Z,91.41666666666667,62.375,67.04166666666667,83.08333333333333,79.70833333333333,80.70833333333333,86.70833333333333,66.375,85.5,66.41666666666667,65.75,77.04166666666667,72.04166666666667,88.83333333333333,78.75,84.95833333333333,78.20833333333333,78.875,77.79166666666667,72.875,65.25,83.04166666666667,82.375,80.79166666666667
2008-07-15T00:00:00Z,76.125,58.583333333333336,63.916666666666664,86.79166666666667,86.20833333333333,84.375,82.5,60.291666666666664,77.04166666666667,59.625,50.291666666666664,66.20833333333333,72.04166666666667,75.20833333333333,78.125,69.16666666666667,84.16666666666667,76.04166666666667,81.70833333333333,72.91666666666667,63.583333333333336,86.83333333333333,73.66666666666667,73.75
2008-07-16T00:00:00Z,71.75,66.58333333333333,58.375,65.79166666666667,78.75,75.20833333333333,68.625,72.70833333333333,60.041666666666664,54.375,52.708333333333336,65.70833333333333,72.08333333333333,68.41666666666667,75.25,66.375,77.125,77.45833333333333,79.25,73,65,77,65,63.041666666666664
2008-07-17T00:00:00Z,70.95833333333333,66,53.875,62.708333333333336,67.04166666666667,71.41666666666667,63.25,67.33333333333333,54.5,51.791666666666664,51.208333333333336,60.625,72.08333333333333,65.70833333333333,73.875,61.583333333333336,78.25,74.20833333333333,76.91666666666667,73.04166666666667,62.791666666666664,72.25,65.04166666666667,56.583333333333336
2008-07-18T00:00:00Z,80.95833333333333,66.20833333333333,57.583333333333336,86,79.91666666666667,80.875,90.04166666666667,66.33333333333333,74,55.25,53.625,67.125,72.04166666666667,70.70833333333333,72.33333333333333,70.08333333333333,81.54166666666667,79.45833333333333,78.75,73.04166666666667,64.16666666666667,85.125,76.625,78.20833333333333
2008-07-19T00:00:00Z,82.66666666666667,63.25,69.79166666666667,84.70833333333333,78.875,83.91666666666667,89,67.66666666666667,83.91666666666667,70.66666666666667,59.708333333333336,78.75,72.04166666666667,84.29166666666667,73.95833333333333,81.125,88.45833333333333,81.625,78.625,73,71.5,83.45833333333333,77.33333333333333,84.16666666666667
2008-07-20T00:00:00Z,83.5,63.75,62.125,68.66666666666667,77.41666666666667,87.41666666666667,71.04166666666667,66.66666666666667,78.20833333333333,55.875,53.666666666666664,68.79166666666667,72.04166666666667,76.75,79.95833333333333,75.04166666666667,75.75,64.625,84.66666666666667,73,63.5,85.04166666666667,79.75,76.29166666666667
2008-07-21T00:00:00Z,79.45833333333333,59.75,58.916666666666664,63.375,79.91666666666667,70.375,65.91666666666667,61.041666666666664,64.08333333333333,49.25,54.458333333333336,60.041666666666664,72.04166666666667,62.625,76.25,64.79166666666667,65.25,60.166666666666664,75.45833333333333,73.08333333333333,62.291666666666664,74.83333333333333,74.08333333333333,67.33333333333333
2008-07-22T00:00:00Z,78.125,61.791666666666664,59.208333333333336,62.333333333333336,77.375,75.54166666666667,66.54166666666667,65.58333333333333,74.83333333333333,53.166666666666664,50.625,65.625,72,64.58333333333333,82.875,65.91666666666667,67.375,59.875,77.375,73,60.25,79.625,65.20833333333333,66.70833333333333
2008-07-23T00:00:00Z,87.125,67.875,74.58333333333333,87.08333333333333,84.58333333333333,82.54166666666667,88.45833333333333,78.41666666666667,91.5,74.70833333333333,57.166666666666664,81.04166666666667,72.04166666666667,80.25,79.04166666666667,73.41666666666667,82.5,76.41666666666667,78.08333333333333,72.95833333333333,78.29166666666667,86.83333333333333,76.91666666666667,89.20833333333333
2008-07-24T00:00:00Z,86.66666666666667,58.875,57.666666666666664,78.375,86.58333333333333,84.54166666666667,76.5,62.25,76.75,55.416666666666664,52.333333333333336,65.33333333333333,72.04166666666667,72.33333333333333,82.04166666666667,66.95833333333333,80.04166666666667,62.833333333333336,76.33333333333333,72.95833333333333,57.166666666666664,85.91666666666667,86.125,82.33333333333333
2008-07-25T00:00:00Z,77.5,68.95833333333333,63.416666666666664,77.33333333333333,75.75,81.91666666666667,74.20833333333333,74.54166666666667,76.70833333333333,53.583333333333336,57.291666666666664,70.41666666666667,72.04166666666667,77.16666666666667,76.875,68.75,74.75,78.79166666666667,76.75,72.95833333333333,64.04166666666667,84.375,69.20833333333333,82.5
2008-07-26T00:00:00Z,79.25,82.25,78.08333333333333,82.79166666666667,70.16666666666667,81.58333333333333,77.79166666666667,83,75.58333333333333,65.29166666666667,77.70833333333333,72.91666666666667,72,74.41666666666667,67.58333333333333,72.91666666666667,84.375,84.08333333333333,70.95833333333333,73,75,87.625,66.25,72.29166666666667
2008-07-27T00:00:00Z,81,66.875,68.66666666666667,80.79166666666667,77.625,84.79166666666667,78.375,68.66666666666667,79,64.04166666666667,64.54166666666667,75.04166666666667,72,80.83333333333333,75.45833333333333,78.95833333333333,82.66666666666667,71.41666666666667,76.41666666666667,73,62.458333333333336,87.70833333333333,73.66666666666667,75.41666666666667
2008-07-28T00:00:00Z,79.875,71.33333333333333,53.041666666666664,67.375,75.20833333333333,78.04166666666667,67.29166666666667,70.66666666666667,68.83333333333333,44.541666666666664,52.583333333333336,64.04166666666667,71.95833333333333,66.58333333333333,80.25,70.16666666666667,74.33333333333333,60.708333333333336,80.66666666666667,72.95833333333333,61.75,80.25,71.5,73.29166666666667
2008-07-29T00:00:00Z,84.25,82.33333333333333,75.29166666666667,78,78.04166666666667,82.29166666666667,79.45833333333333,73.5,69.58333333333333,63.5,74.25,72.95833333333333,71.875,64.20833333333333,83.41666666666667,67.45833333333333,78.45833333333333,83.58333333333333,81.08333333333333,72.95833333333333,76.95833333333333,85.95833333333333,74.58333333333333,72.58333333333333
2008-07-30T00:00:00Z,86.5,70.75,71.33333333333333,77.66666666666667,78.125,80.91666666666667,82.875,72.54166666666667,77.875,64.45833333333333,64.79166666666667,75.83333333333333,71.875,82.70833333333333,83,73.66666666666667,76.95833333333333,79.66666666666667,83.375,72.91666666666667,75.66666666666667,84.625,71.04166666666667,73.875
2008-07-31T00:00:00Z,85.66666666666667,74.83333333333333,78.625,74.33333333333333,75.95833333333333,81.75,81.25,75.29166666666667,80.16666666666667,69.45833333333333,71.66666666666667,78.45833333333333,71.79166666666667,86.16666666666667,81.79166666666667,73.29166666666667,77.125,86.54166666666667,83.375,72.91666666666667,78.91666666666667,85.04166666666667,77.45833333333333,77.79166666666667
2008-08-01T00:00:00Z,84.04166666666667,65.70833333333333,70,77.25,76.91666666666667,82.25,76.83333333333333,71.625,70.75,61.791666666666664,61.5,68.75,71.83333333333333,74.95833333333333,79.70833333333333,66.29166666666667,82.16666666666667,75.16666666666667,81.70833333333333,72.91666666666667,69.04166666666667,84.70833333333333,72.16666666666667,74.70833333333333
2008-08-02T00:00:00Z,75.33333333333333,66.41666666666667,66.25,72.54166666666667,69.95833333333333,77.33333333333333,70.875,71.54166666666667,66.5,66.91666666666667,61.291666666666664,69.41666666666667,71.75,69.79166666666667,83.70833333333333,62.875,72.75,72.91666666666667,84.95833333333333,72.875,79.20833333333333,80.58333333333333,69.91666666666667,69.08333333333333
2008-08-03T00:00:00Z,71.375,62.208333333333336,62.458333333333336,76.20833333333333,70.91666666666667,74.95833333333333,72.5,68.95833333333333,63.791666666666664,54.625,66.5,66.54166666666667,71.70833333333333,69.25,79.125,56.708333333333336,70.08333333333333,74.91666666666667,76.20833333333333,72.83333333333333,64.29166666666667,77.20833333333333,71.33333333333333,72.75
2008-08-04T00:00:00Z,75.125,60.125,55.958333333333336,75.33333333333333,73.75,82.70833333333333,76.20833333333333,63.458333333333336,65.29166666666667,49.166666666666664,55.166666666666664,63.791666666666664,71.70833333333333,69.54166666666667,80.25,58.333333333333336,78.875,67.79166666666667,83.08333333333333,72.83333333333333,66.20833333333333,85.58333333333333,69.375,72.16666666666667
2008-08-05T00:00:00Z,76.125,61.583333333333336,60.75,71.125,76.79166666666667,73.66666666666667,71.70833333333333,58.5,61.75,53.333333333333336,57.958333333333336,63.875,71.66666666666667,72.125,81.75,60.416666666666664,69.91666666666667,71.75,81.33333333333333,72.79166666666667,66.125,76.45833333333333,74,68.29166666666667
2008-08-06T00:00:00Z,75.08333333333333,59.791666666666664,55.958333333333336,64.54166666666667,68.375,67.29166666666667,67.20833333333333,70.625,59.083333333333336,56.5,52.125,61.875,71.66666666666667,60.708333333333336,69.58333333333333,57.958333333333336,65.08333333333333,64.91666666666667,77.875,72.75,66.58333333333333,71.45833333333333,70.54166666666667,71.83333333333333
2008-08-07T00:00:00Z,77.91666666666667,66.70833333333333,63.083333333333336,67.79166666666667,65.83333333333333,70.58333333333333,70.20833333333333,78.79166666666667,68.70833333333333,57.541666666666664,60.583333333333336,66.41666666666667,71.70833333333333,65.75,70.95833333333333,59.083333333333336,65.29166666666667,67.875,72.33333333333333,72.70833333333333,80.66666666666667,73.41666666666667,65.375,65
2008-08-08T00:00:00Z,66.58333333333333,55.708333333333336,53.75,76.20833333333333,68.70833333333333,77.66666666666667,75.75,65.875,66.66666666666667,48.416666666666664,46.416666666666664,57.958333333333336,71.625,59.041666666666664,72.66666666666667,51.875,74.16666666666667,56.916666666666664,75,72.70833333333333,60.458333333333336,80.79166666666667,60.958333333333336,71.41666666666667
2008-08-09T00:00:00Z,69.20833333333333,65.08333333333333,48.416666666666664,65.66666666666667,66.16666666666667,77.375,62.458333333333336,66.75,70.08333333333333,45.541666666666664,43.958333333333336,56.916666666666664,71.54166666666667,59.416666666666664,58.583333333333336,46.833333333333336,76.95833333333333,61.833333333333336,67.66666666666667,72.70833333333333,57.375,82.66666666666667,60.916666666666664,71.95833333333333
2008-08-10T00:00:00Z,86.25,64.70833333333333,58.791666666666664,78.16666666666667,72.66666666666667,79.70833333333333,81.41666666666667,64.16666666666667,76.25,53.958333333333336,51.125,67.125,71.54166666666667,80.25,66.25,68.08333333333333,76.83333333333333,68.75,69.79166666666667,72.70833333333333,54.416666666666664,84.33333333333333,72.625,76.33333333333333
2008-08-11T00:00:00Z,71.5,53.5,51.291666666666664,76.58333333333333,69.08333333333333,72.75,72.83333333333333,61.125,67.04166666666667,46.125,41.041666666666664,56.208333333333336,71.5,61.791666666666664,71.375,53.125,70.75,46.916666666666664,69.91666666666667,72.79166666666667,53.875,76.33333333333333,66.875,71.625
2008-08-12T00:00:00Z,68.83333333333333,64.16666666666667,50.666666666666664,68.70833333333333,60.791666666666664,65.70833333333333,66.625,69.58333333333333,57.583333333333336,47.166666666666664,49.125,56.5,71.5,58.166666666666664,53.708333333333336,49.083333333333336,66.29166666666667,59.5,60.75,72.79166666666667,61.333333333333336,66.625,56.875,64.16666666666667
2008-08-13T00:00:00Z,84.79166666666667,80.41666666666667,85.875,91.83333333333333,76,90.08333333333333,95.41666666666667,84.375,93.625,80.83333333333333,82.04166666666667,86.5,71.58333333333333,90.04166666666667,72.33333333333333,78.66666666666667,91.83333333333333,90.125,81.04166666666667,72.83333333333333,80.125,95.08333333333333,72.95833333333333,85.54166666666667
2008-08-14T00:00:00Z,78.41666666666667,73.29166666666667,76.83333333333333,79.375,71.54166666666667,80.125,84.75,75.16666666666667,82.16666666666667,71,76.125,79.91666666666667,71.58333333333333,81.20833333333333,66.75,70.79166666666667,78.91666666666667,77.875,74.58333333333333,72.875,83.875,81.20833333333333,63.541666666666664,80
2008-08-15T00:00:00Z,78.875,68.54166666666667,73,79.41666666666667,76.08333333333333,79.08333333333333,79.79166666666667,73.75,79.75,67.79166666666667,66.33333333333333,70.95833333333333,71.58333333333333,86.5,67.45833333333333,71.625,78.79166666666667,75.875,76.16666666666667,72.875,82.25,80.75,78.45833333333333,79.125
2008-08-16T00:00:00Z,75.79166666666667,75.58333333333333,69.58333333333333,83.79166666666667,79.375,81.54166666666667,83.04166666666667,63.708333333333336,80.58333333333333,57,66.41666666666667,67.41666666666667,71.625,78.25,73.66666666666667,68.58333333333333,80.125,77.20833333333333,78,72.875,68.625,83.625,71.70833333333333,79
2008-08-17T00:00:00Z,79.16666666666667,73.66666666666667,76.91666666666667,91.33333333333333,71.08333333333333,77.66666666666667,92.875,68.66666666666667,80.54166666666667,61.166666666666664,70.75,81.66666666666667,71.625,78.125,61.083333333333336,71.66666666666667,86.45833333333333,81.91666666666667,77.875,72.83333333333333,67.16666666666667,85.04166666666667,61.625,73.58333333333333
2008-08-18T00:00:00Z,73.41666666666667,74.41666666666667,72.25,82.95833333333333,71.375,77.79166666666667,83.25,79.625,75.25,60.833333333333336,69.08333333333333,68.54166666666667,71.625,70.79166666666667,71,64.375,81,82,77.91666666666667,72.83333333333333,71,84.70833333333333,62.375,70.625
2008-08-19T00:00:00Z,73.66666666666667,66.08333333333333,65.25,76.95833333333333,72.41666666666667,78.25,77.66666666666667,68.625,73.45833333333333,54.833333333333336,58,63.833333333333336,71.625,66,73,61.791666666666664,80,77.20833333333333,78.54166666666667,72.83333333333333,60.583333333333336,83.75,67.5,70.16666666666667
2008-08-20T00:00:00Z,79.70833333333333,66.875,62.5,77.41666666666667,77.29166666666667,77.125,77.25,63.25,75.04166666666667,60.25,56.458333333333336,64.125,71.625,77.25,72.625,66.83333333333333,79.66666666666667,80.66666666666667,76.625,72.83333333333333,58.25,78.125,74,78.375
2008-08-21T00:00:00Z,69,71.41666666666667,66.70833333333333,78.375,63.833333333333336,75.95833333333333,79.75,80.16666666666667,74.16666666666667,66.54166666666667,62.625,68.5,71.625,70.66666666666667,64.33333333333333,65.625,76.70833333333333,83.29166666666667,71.70833333333333,72.875,71.79166666666667,77.95833333333333,62.416666666666664,69.125
2008-08-22T00:00:00Z,75.16666666666667,62.25,64.04166666666667,78.16666666666667,71.70833333333333,71.16666666666667,73.29166666666667,68.83333333333333,72.29166666666667,61.375,69.29166666666667,60.083333333333336,71.625,71.91666666666667,57.583333333333336,59.75,76.5,79.29166666666667,65.16666666666667,72.91666666666667,61.666666666666664,73.375,71.70833333333333,69.16666666666667
2008-08-23T00:00:00Z,52.333333333333336,66.29166666666667,62.541666666666664,72.375,71.875,72.04166666666667,73.83333333333333,76.08333333333333,70.875,64.16666666666667,58.333333333333336,63.666666666666664,71.625,75.66666666666667,71.125,63.5,75.875,79.75,66.95833333333333,72.95833333333333,67.04166666666667,75.41666666666667,71.95833333333333,72.20833333333333
2008-08-24T00:00:00Z,21.25,72.875,65.75,74.5,73.75,78.83333333333333,78.33333333333333,78.45833333333333,70.75,59.458333333333336,61.666666666666664,63.25,71.625,71.625,72.04166666666667,63.5,78.58333333333333,82.20833333333333,74.75,72.95833333333333,71.58333333333333,81.79166666666667,71.04166666666667,70.75
2008-08-25T00:00:00Z,18.5,87.75,81.54166666666667,88.33333333333333,72.625,80.16666666666667,89.33333333333333,88.04166666666667,77.54166666666667,76.33333333333333,80.375,83.41666666666667,71.70833333333333,75.58333333333333,71.33333333333333,73.91666666666667,83,97.54166666666667,78.625,73,82.58333333333333,86.45833333333333,65.79166666666667,71.375
2008-08-26T00:00:00Z,19.458333333333332,93.58333333333333,91.91666666666667,93.95833333333333,79.75,86.125,97.5,98.25,90.875,88.45833333333333,91.95833333333333,94.91666666666667,71.79166666666667,94.45833333333333,73.625,82.83333333333333,90.70833333333333,100,78.33333333333333,73.08333333333333,91,90.54166666666667,76.25,88.83333333333333
2008-08-27T00:00:00Z,21.75,88.16666666666667,87.58333333333333,82.16666666666667,82.91666666666667,95.125,93.125,97.875,97.5,90.29166666666667,88.83333333333333,87.875,71.83333333333333,100,79.83333333333333,74.70833333333333,87.25,99.29166666666667,81.29166666666667,73.20833333333333,90.33333333333333,95,73.91666666666667,93.79166666666667
2008-08-28T00:00:00Z,18.541666666666668,82.91666666666667,84.08333333333333,75.45833333333333,85.20833333333333,89.83333333333333,80.83333333333333,95.75,90.33333333333333,84.16666666666667,81.95833333333333,85.08333333333333,71.91666666666667,91.66666666666667,83.5,74.5,85.79166666666667,98.33333333333333,82.20833333333333,73.20833333333333,90.25,90.5,81.41666666666667,88.79166666666667
2008-08-29T00:00:00Z,18.125,70.58333333333333,72.375,83.79166666666667,78.29166666666667,84.58333333333333,86.5,70.45833333333333,95.58333333333333,71.375,70.58333333333333,79.33333333333333,72,86.54166666666667,80.75,73.58333333333333,81.58333333333333,87.08333333333333,80.70833333333333,73.29166666666667,76.04166666666667,86.83333333333333,77.54166666666667,86.375
2008-08-30T00:00:00Z,19,72.375,72.95833333333333,80,82.625,83.20833333333333,81.29166666666667,74.875,85.25,72.79166666666667,67.45833333333333,83.41666666666667,72,89.16666666666667,76,73.45833333333333,81.58333333333333,88.125,77.29166666666667,73.33333333333333,75.54166666666667,85.54166666666667,80.04166666666667,81.20833333333333
2008-08-31T00:00:00Z,20.25,78,75.875,84.83333333333333,79.45833333333333,84.08333333333333,84.5,86.54166666666667,82,75,72.66666666666667,75.29166666666667,72.08333333333333,85.125,74.41666666666667,73.58333333333333,81.625,86.45833333333333,76.75,73.33333333333333,78.75,82.08333333333333,77.41666666666667,77.16666666666667
2008-09-01T00:00:00Z,23.625,88.45833333333333,65.83333333333333,72.375,66.04166666666667,65.25,72.29166666666667,84.16666666666667,68.70833333333333,60.333333333333336,76.66666666666667,61.5,72.08333333333333,70.95833333333333,58.333333333333336,58.75,72.125,81.75,62.833333333333336,73.375,66.58333333333333,68.125,65.70833333333333,66.25
2008-09-02T00:00:00Z,25.416666666666668,78.25,68.20833333333333,67.70833333333333,64.75,67.41666666666667,69.45833333333333,83.29166666666667,67.875,61.416666666666664,67,69.625,72.08333333333333,72.375,60.875,63.708333333333336,66.33333333333333,85.08333333333333,56.916666666666664,73.375,72.375,69.25,61,72
2008-09-03T00:00:00Z,23.208333333333332,76.08333333333333,70.95833333333333,66.66666666666667,64.875,66.375,65.125,74.75,70.125,60.25,65.79166666666667,69.125,72.08333333333333,71.58333333333333,63.083333333333336,63.791666666666664,67.66666666666667,80.70833333333333,63.125,73.375,70.125,70.875,57.833333333333336,67.5
2008-09-04T00:00:00Z,21.416666666666668,74.125,65.08333333333333,72.91666666666667,67.625,71.91666666666667,71.95833333333333,73.5,69.5,60.333333333333336,66.83333333333333,68.20833333333333,72.08333333333333,69.16666666666667,66.58333333333333,61.958333333333336,74.04166666666667,78.83333333333333,67.16666666666667,73.45833333333333,69.79166666666667,75.95833333333333,63.208333333333336,64.875
2008-09-05T00:00:00Z,23.083333333333332,68.70833333333333,75.41666666666667,87.54166666666667,86.125,87.83333333333333,92.04166666666667,79.29166666666667,95.41666666666667,76.5,68.83333333333333,82.58333333333333,72.125,90.375,75.08333333333333,77,83.66666666666667,89,75.29166666666667,73.58333333333333,74.91666666666667,87.41666666666667,88.20833333333333,93.04166666666667
2008-09-06T00:00:00Z,21.875,71.25,68.16666666666667,77.04166666666667,83.125,80.58333333333333,80.29166666666667,83.41666666666667,89.45833333333333,70.875,62.25,76.625,72.16666666666667,86.83333333333333,75.29166666666667,61.333333333333336,77.66666666666667,82.58333333333333,78.625,73.625,70.125,81.29166666666667,86.875,80.54166666666667
2008-09-07T00:00:00Z,18.75,72.91666666666667,64.375,80.25,80.79166666666667,81.95833333333333,78.75,71.45833333333333,81.41666666666667,62.958333333333336,65.83333333333333,74.41666666666667,72.29166666666667,75.125,80.33333333333333,66.25,77.41666666666667,84.58333333333333,82.04166666666667,73.625,71.75,84.79166666666667,71.45833333333333,76.41666666666667
2008-09-08T00:00:00Z,19.375,77,71.79166666666667,80.33333333333333,72.375,90.70833333333333,84,83.29166666666667,82.04166666666667,64.70833333333333,67.66666666666667,71.79166666666667,72.29166666666667,75.66666666666667,79.91666666666667,67.5,79,88.83333333333333,79.70833333333333,73.625,77.875,87.5,68.91666666666667,80.08333333333333
2008-09-09T00:00:00Z,18.708333333333332,85.875,78.5,85.58333333333333,78.29166666666667,86.75,88.16666666666667,94,92.33333333333333,74.79166666666667,73.70833333333333,78.41666666666667,72.29166666666667,85.95833333333333,74.375,73.45833333333333,84.79166666666667,94.54166666666667,80,73.66666666666667,89.83333333333333,90.75,79.75,87.16666666666667
2008-09-10T00:00:00Z,64,89.58333333333333,85.91666666666667,89.91666666666667,90.625,91.79166666666667,94.95833333333333,98.5,99.375,84.875,75.29166666666667,93.08333333333333,72.25,93.66666666666667,81.08333333333333,83.91666666666667,88.91666666666667,99.75,86.625,73.66666666666667,89.70833333333333,93.08333333333333,85.5,98
2008-09-11T00:00:00Z,83.375,91.33333333333333,91.83333333333333,91.79166666666667,83.25,85.70833333333333,93.08333333333333,99.25,90.125,89.33333333333333,85.25,91.33333333333333,72.25,94.95833333333333,78.375,81.20833333333333,86.91666666666667,100,80.29166666666667,73.66666666666667,87.79166666666667,89.5,86.20833333333333,86.375
2008-09-12T00:00:00Z,82.16666666666667,88.625,83.33333333333333,87.58333333333333,80.66666666666667,83.375,86.04166666666667,95.45833333333333,87.33333333333333,82.83333333333333,83.75,87.70833333333333,72.29166666666667,91.91666666666667,73.41666666666667,79.95833333333333,83.25,97.95833333333333,78.45833333333333,73.66666666666667,89,86.04166666666667,81.625,83.20833333333333
2008-09-13T00:00:00Z,80.625,82.41666666666667,79.79166666666667,80.20833333333333,77,80.125,81.45833333333333,88.95833333333333,82.91666666666667,73,74.04166666666667,78.20833333333333,72.29166666666667,83.70833333333333,75.33333333333333,72.75,77.75,88.125,77.95833333333333,73.66666666666667,80.41666666666667,83.91666666666667,77.58333333333333,78.125
2008-09-14T00:00:00Z,75.45833333333333,76.70833333333333,74.54166666666667,78.83333333333333,74.625,81.5,80.54166666666667,83.54166666666667,81.5,67.66666666666667,68.875,69.20833333333333,72.33333333333333,79.66666666666667,76.125,67.75,76.41666666666667,82.20833333333333,76.41666666666667,73.66666666666667,78.5,83.16666666666667,69.54166666666667,75.70833333333333
2008-09-15T00:00:00Z,72.83333333333333,75.20833333333333,68.66666666666667,75.83333333333333,73.79166666666667,79.08333333333333,79.83333333333333,75.375,79.45833333333333,61,71.625,71.58333333333333,72.33333333333333,75.125,79.375,65.25,73.04166666666667,80.95833333333333,79.20833333333333,73.66666666666667,64.58333333333333,80.08333333333333,69.91666666666667,76.45833333333333
2008-09-16T00:00:00Z,82.91666666666667,86.91666666666667,87.375,85.66666666666667,78.625,87.20833333333333,86.5,94.5,91.58333333333333,83.66666666666667,87.125,84,72.375,73.5,79.91666666666667,77.20833333333333,83.41666666666667,100,83.16666666666667,73.625,82.83333333333333,87.375,72.41666666666667,90.95833333333333
2008-09-17T00:00:00Z,81.83333333333333,79.54166666666667,80,81,69.125,77.25,85.91666666666667,82.5,81.41666666666667,74.70833333333333,77.83333333333333,80.45833333333333,72.375,82.125,72.91666666666667,73.20833333333333,74.79166666666667,91.04166666666667,74.33333333333333,73.58333333333333,74.25,79.95833333333333,62.666666666666664,81.41666666666667
2008-09-18T00:00:00Z,74.5,77.25,73.41666666666667,68.70833333333333,67.54166666666667,65.54166666666667,73.875,74.375,67.16666666666667,65.83333333333333,66.66666666666667,73.91666666666667,72.375,76.125,64.29166666666667,64.79166666666667,66.75,85.45833333333333,64.25,73.58333333333333,69.58333333333333,65.41666666666667,66.04166666666667,66.66666666666667
2008-09-19T00:00:00Z,74.95833333333333,78.83333333333333,70.16666666666667,67.875,68.83333333333333,75.20833333333333,73.375,87.33333333333333,72.70833333333333,73.54166666666667,66.79166666666667,73.95833333333333,72.41666666666667,81.66666666666667,69.75,65,68.375,87.83333333333333,70.16666666666667,73.54166666666667,75.45833333333333,73.08333333333333,66.79166666666667,73.75
2008-09-20T00:00:00Z,83.625,77.58333333333333,68.66666666666667,77.5,81.33333333333333,83.625,82.25,83.58333333333333,79.70833333333333,69.54166666666667,68.20833333333333,72.875,72.41666666666667,84.08333333333333,80.58333333333333,66.70833333333333,81.20833333333333,85.95833333333333,79.16666666666667,73.58333333333333,74.45833333333333,84.66666666666667,79.33333333333333,82.20833333333333
2008-09-21T00:00:00Z,78.75,84.5,71.95833333333333,81.16666666666667,78.29166666666667,81.875,84.45833333333333,81.25,81.04166666666667,69.41666666666667,72.41666666666667,79.20833333333333,72.41666666666667,86.70833333333333,80.75,69.41666666666667,77.91666666666667,88.58333333333333,77.5,73.5,80.70833333333333,81.08333333333333,75.91666666666667,84.25
2008-09-22T00:00:00Z,78.75,71.79166666666667,66.70833333333333,75.41666666666667,79.33333333333333,83.125,79.54166666666667,73.79166666666667,78.54166666666667,62.916666666666664,61.291666666666664,74.16666666666667,72.41666666666667,79.25,83.79166666666667,65,82.41666666666667,80.58333333333333,82.91666666666667,73.41666666666667,69.45833333333333,83.41666666666667,75.125,81.45833333333333
2008-09-23T00:00:00Z,77.41666666666667,76.5,70.41666666666667,72.45833333333333,74.875,79.54166666666667,77.16666666666667,79.66666666666667,77.625,68.95833333333333,65.20833333333333,72.58333333333333,72.375,78.75,73.04166666666667,64.04166666666667,73.41666666666667,89.45833333333333,72.04166666666667,73.33333333333333,70.91666666666667,78.33333333333333,72.20833333333333,75.70833333333333
2008-09-24T00:00:00Z,71.33333333333333,60.833333333333336,61.291666666666664,63.791666666666664,65.16666666666667,71.25,67.125,68.29166666666667,64.875,60.833333333333336,54.416666666666664,65.29166666666667,72.375,74.125,71.70833333333333,60.666666666666664,66.125,71.625,68.54166666666667,73.20833333333333,58.458333333333336,69.91666666666667,66.16666666666667,64.91666666666667
2008-09-25T00:00:00Z,90,63.416666666666664,68,84.625,89.29166666666667,92.58333333333333,89.54166666666667,74.58333333333333,89.04166666666667,73.20833333333333,51.833333333333336,75.20833333333333,72.41666666666667,89.29166666666667,83.70833333333333,71.83333333333333,87.29166666666667,81.66666666666667,85.625,73.16666666666667,60.75,92.91666666666667,91.375,91.25
2008-09-26T00:00:00Z,89.25,85.79166666666667,91.91666666666667,81.625,86.29166666666667,84.83333333333333,85.66666666666667,99.75,90.875,90.375,85.08333333333333,90.91666666666667,72.29166666666667,96.25,82.625,79.29166666666667,81.25,100,81.04166666666667,73.16666666666667,87.91666666666667,85.5,89.66666666666667,83.375
2008-09-27T00:00:00Z,87.70833333333333,82.5,89.5,77.58333333333333,84.625,83.95833333333333,83.79166666666667,88.875,84.66666666666667,86.20833333333333,83.45833333333333,90.83333333333333,72.29166666666667,90.08333333333333,80.25,76.91666666666667,80.70833333333333,97.91666666666667,80.41666666666667,73.125,92.29166666666667,86.5,90.08333333333333,85.33333333333333
2008-09-28T00:00:00Z,90.41666666666667,76.91666666666667,79.66666666666667,76.625,83.04166666666667,82.66666666666667,77.70833333333333,81.04166666666667,86.04166666666667,75.70833333333333,72.33333333333333,86.75,72.25,89.25,80.54166666666667,76.45833333333333,77.125,90.125,78.66666666666667,73.08333333333333,78.79166666666667,82.45833333333333,86.41666666666667,86.75
2008-09-29T00:00:00Z,83.95833333333333,77.45833333333333,70.08333333333333,78.79166666666667,78.08333333333333,82.41666666666667,81.70833333333333,75.20833333333333,83.79166666666667,67.91666666666667,70.625,81,72.16666666666667,82.79166666666667,76.79166666666667,69.29166666666667,78.58333333333333,85.75,74.83333333333333,73.04166666666667,75.33333333333333,83.58333333333333,80.5,80.41666666666667
2008-09-30T00:00:00Z,90.08333333333333,78.91666666666667,76.875,85.16666666666667,82.08333333333333,87.95833333333333,86.25,81.375,94.91666666666667,72.70833333333333,71.16666666666667,82.08333333333333,72.04166666666667,94.29166666666667,82.83333333333333,77.66666666666667,87.45833333333333,87.33333333333333,79.95833333333333,72.91666666666667,79,90.54166666666667,85.95833333333333,85.58333333333333
2008-10-01T00:00:00Z,85.54166666666667,69.25,70.875,74.83333333333333,85.66666666666667,87.95833333333333,75.875,73.04166666666667,83.70833333333333,71.79166666666667,63.916666666666664,79.75,72.04166666666667,85.58333333333333,79.41666666666667,72.91666666666667,79.66666666666667,76.5,84.29166666666667,72.79166666666667,70.875,87.625,79.16666666666667,82
2008-10-02T00:00:00Z,76.08333333333333,66.5,64.16666666666667,61.166666666666664,70.95833333333333,70.5,55.958333333333336,66.04166666666667,67.625,62.416666666666664,57.166666666666664,74.66666666666667,72.04166666666667,74.125,58.5,65.29166666666667,62.708333333333336,76.70833333333333,64.58333333333333,72.75,67.41666666666667,70.16666666666667,63.208333333333336,68.875
2008-10-03T00:00:00Z,76.45833333333333,72.79166666666667,69.08333333333333,68.45833333333333,74.83333333333333,74.16666666666667,68.83333333333333,63.125,75.125,62,62.791666666666664,74.75,72,77.41666666666667,57.541666666666664,68.375,68.83333333333333,78.45833333333333,65.41666666666667,72.625,71.45833333333333,75.75,66.04166666666667,73.5
2008-10-04T00:00:00Z,76.20833333333333,73.91666666666667,69.95833333333333,73,72.54166666666667,75.125,76.33333333333333,73.5,75,64.70833333333333,66.04166666666667,76.41666666666667,71.91666666666667,78.66666666666667,66.04166666666667,68.54166666666667,72.45833333333333,83.25,68.41666666666667,72.54166666666667,72.70833333333333,78.25,72.16666666666667,73.45833333333333
2008-10-05T00:00:00Z,76,76.41666666666667,70.54166666666667,75.625,74.83333333333333,77.83333333333333,73.25,73.33333333333333,80.04166666666667,63.791666666666664,67.29166666666667,79.16666666666667,71.75,79.625,71.79166666666667,71.04166666666667,74,83.41666666666667,67.08333333333333,72.41666666666667,72.54166666666667,79.16666666666667,73.58333333333333,78.41666666666667
2008-10-06T00:00:00Z,72.58333333333333,76.25,68.29166666666667,72.625,77.16666666666667,79.16666666666667,70.83333333333333,77.41666666666667,76.79166666666667,66.70833333333333,67.04166666666667,75.875,71.58333333333333,85.25,71.91666666666667,68.29166666666667,73.33333333333333,82.54166666666667,73.5,72.33333333333333,72.75,79.20833333333333,78.70833333333333,74.83333333333333
2008-10-07T00:00:00Z,66.91666666666667,88.20833333333333,74.95833333333333,75.875,64.66666666666667,71.66666666666667,76.45833333333333,88.91666666666667,77.875,66.41666666666667,78.625,73.70833333333333,71.5,80.04166666666667,59.458333333333336,66.45833333333333,74.875,93.25,66.20833333333333,72.20833333333333,68.29166666666667,72.41666666666667,58.333333333333336,72.70833333333333
2008-10-08T00:00:00Z,71.45833333333333,95.25,84.375,76.45833333333333,75.375,77.70833333333333,78.25,98.25,75.58333333333333,77.58333333333333,88.54166666666667,82.70833333333333,71.45833333333333,73.5,61.125,70.20833333333333,73.875,100,70,72.04166666666667,86.54166666666667,79.25,72.54166666666667,69.08333333333333
2008-10-09T00:00:00Z,75.20833333333333,85.75,87.33333333333333,81.25,79.20833333333333,88.125,84.20833333333333,97.125,85.20833333333333,86.08333333333333,84.83333333333333,92.04166666666667,71.33333333333333,90.58333333333333,74.20833333333333,79,81.29166666666667,99.75,78.83333333333333,71.91666666666667,91.58333333333333,89.125,77.375,79.875
2008-10-10T00:00:00Z,82.04166666666667,86.66666666666667,80.625,88.125,92.04166666666667,92.58333333333333,88.70833333333333,95.25,91.66666666666667,78.375,79.79166666666667,85.04166666666667,71.08333333333333,87.45833333333333,89.08333333333333,73.58333333333333,88.04166666666667,96.54166666666667,87,71.66666666666667,83.70833333333333,91.125,86.16666666666667,88.75
2008-10-11T00:00:00Z,73.375,70.83333333333333,60.916666666666664,92.25,75.75,92.29166666666667,96.625,72.625,83.5,57.75,62.958333333333336,58.041666666666664,71.08333333333333,74.79166666666667,87.58333333333333,59.541666666666664,92.25,70.875,89.70833333333333,71.5,58.541666666666664,96.54166666666667,71.79166666666667,79.125
2008-10-12T00:00:00Z,73,51.083333333333336,57.625,79.29166666666667,75.41666666666667,80.54166666666667,83.70833333333333,60.916666666666664,78.79166666666667,59.291666666666664,50.291666666666664,61.916666666666664,70.79166666666667,77.70833333333333,76.33333333333333,60.75,81.20833333333333,60.875,79.375,71.45833333333333,52.541666666666664,81.83333333333333,74.83333333333333,76.5
2008-10-13T00:00:00Z,72.16666666666667,72.375,67.625,80.375,71.95833333333333,82.375,81.83333333333333,73.16666666666667,81.58333333333333,67.125,64.08333333333333,81.5,70.75,81.83333333333333,72.70833333333333,71.625,79.04166666666667,80.16666666666667,75.54166666666667,71.33333333333333,75.66666666666667,81.75,75.54166666666667,80.29166666666667
2008-10-14T00:00:00Z,65.29166666666667,72,69.58333333333333,75.20833333333333,76.375,79.08333333333333,75.875,64,78.04166666666667,57.25,66.95833333333333,74.79166666666667,70.54166666666667,75,78.33333333333333,66.25,74.70833333333333,80.875,71.70833333333333,71.04166666666667,70,79.75,77.75,77.625
2008-10-15T00:00:00Z,67.45833333333333,70.70833333333333,70.70833333333333,69.375,75.08333333333333,74.95833333333333,67.95833333333333,72.29166666666667,74.75,61.375,63.916666666666664,75.33333333333333,70.375,75.625,78.70833333333333,63.958333333333336,69.70833333333333,80.29166666666667,75.875,70.83333333333333,73.20833333333333,78.16666666666667,76.91666666666667,74.625
2008-10-16T00:00:00Z,63.5,76.33333333333333,70.45833333333333,67.79166666666667,67.16666666666667,75.79166666666667,65.375,75.83333333333333,72.58333333333333,67.54166666666667,67.45833333333333,72.79166666666667,70.29166666666667,78.20833333333333,79.54166666666667,67.08333333333333,69.95833333333333,84,75.25,70.75,74.33333333333333,75.875,66.29166666666667,71.16666666666667
2008-10-17T00:00:00Z,79.625,89.16666666666667,86.29166666666667,76.75,79.08333333333333,86.75,83.16666666666667,92.95833333333333,90.08333333333333,89.25,82.625,92.5,70.29166666666667,94.75,79.58333333333333,79.875,74.375,100,79.29166666666667,70.5,90.41666666666667,86.16666666666667,79.54166666666667,81
2008-10-18T00:00:00Z,75.5,69.29166666666667,72.625,80.95833333333333,91.45833333333333,94.375,86,75.5,87.66666666666667,72.25,66.375,74.25,69.95833333333333,79.33333333333333,84.83333333333333,65,91.5,86,90.70833333333333,70.20833333333333,74.41666666666667,96.95833333333333,79.625,90.70833333333333
2008-10-19T00:00:00Z,58.833333333333336,66.625,62.083333333333336,58.083333333333336,66.83333333333333,69.45833333333333,63.75,60.458333333333336,59.25,56.833333333333336,56.916666666666664,62.5,69.70833333333333,67.58333333333333,57.541666666666664,53.458333333333336,64.75,77.79166666666667,71.625,70.04166666666667,61.958333333333336,69.54166666666667,62.083333333333336,61.666666666666664
2008-10-20T00:00:00Z,62.791666666666664,73.04166666666667,71.91666666666667,64.58333333333333,66.58333333333333,67.04166666666667,67.33333333333333,63.666666666666664,67.625,64.16666666666667,61.291666666666664,71.79166666666667,69.58333333333333,72.16666666666667,50.5,63.166666666666664,61.958333333333336,81.33333333333333,62.166666666666664,69.91666666666667,73.20833333333333,66.70833333333333,55.958333333333336,70.83333333333333
2008-10-21T00:00:00Z,58.166666666666664,70.125,66.70833333333333,65.375,60.416666666666664,67.58333333333333,66.33333333333333,58.5,64.875,58.333333333333336,60.166666666666664,70.79166666666667,69.33333333333333,67,46.041666666666664,56.25,68.83333333333333,76.33333333333333,61.333333333333336,69.66666666666667,63.083333333333336,68.95833333333333,57.833333333333336,63.916666666666664
2008-10-22T00:00:00Z,62.666666666666664,66.29166666666667,43.208333333333336,56.166666666666664,58.291666666666664,58.958333333333336,60,46.625,57.333333333333336,47.666666666666664,49.458333333333336,54.125,69.08333333333333,63.958333333333336,46.291666666666664,51.125,60.75,55.958333333333336,58.625,69.45833333333333,50.333333333333336,61.625,53.75,66.70833333333333
2008-10-23T00:00:00Z,73.5,69.58333333333333,58.125,66.5,69.66666666666667,72.5,74.375,72.5,73.5,65.04166666666667,57.583333333333336,71.125,68.91666666666667,80.66666666666667,62.416666666666664,62.083333333333336,69.25,79.83333333333333,69.70833333333333,69.125,58.458333333333336,73.875,63.375,76.91666666666667
2008-10-24T00:00:00Z,77.79166666666667,89.75,80.79166666666667,83.91666666666667,76.58333333333333,81.08333333333333,85.625,94.125,85.70833333333333,77.45833333333333,81.70833333333333,79.58333333333333,68.79166666666667,86.95833333333333,67.79166666666667,71.58333333333333,76.45833333333333,99.75,71.75,68.95833333333333,84.875,84.29166666666667,72.75,83.33333333333333
2008-10-25T00:00:00Z,85.08333333333333,81.29166666666667,82.70833333333333,81.875,86.33333333333333,88.75,85.04166666666667,76,92.75,81.16666666666667,82.29166666666667,92.5,68.58333333333333,91.70833333333333,82.33333333333333,80.5,85.29166666666667,92.16666666666667,84.41666666666667,68.75,80.58333333333333,90.75,86.33333333333333,89.875
2008-10-26T00:00:00Z,72.54166666666667,70.70833333333333,75.20833333333333,72.75,70.79166666666667,77.95833333333333,74.16666666666667,59,74.45833333333333,67.41666666666667,68,75.83333333333333,68.29166666666667,69.45833333333333,78.5,66.20833333333333,71.5,84.41666666666667,78.04166666666667,68.5,70.45833333333333,76.58333333333333,66.45833333333333,74.75
2008-10-27T00:00:00Z,77.83333333333333,56.25,58.5,70.125,81.79166666666667,79,72.33333333333333,55.041666666666664,80.33333333333333,57.708333333333336,50.583333333333336,64.375,68.125,86.375,77.125,69.83333333333333,68.58333333333333,61.291666666666664,73.95833333333333,68.25,56.166666666666664,78.45833333333333,80.375,80.29166666666667
2008-10-28T00:00:00Z,62.041666666666664,60.333333333333336,57.25,55.916666666666664,62.958333333333336,65.66666666666667,57.125,70,61.375,52.041666666666664,49.708333333333336,53.375,67.875,62.375,60.5,49.833333333333336,57.833333333333336,65.375,61.75,68.04166666666667,48.583333333333336,65.125,62.25,61.333333333333336
2008-10-29T00:00:00Z,53.166666666666664,45.333333333333336,53.375,59.791666666666664,56.291666666666664,60.458333333333336,56.625,47.708333333333336,56.583333333333336,48,54.666666666666664,50.416666666666664,67.75,57.875,52.083333333333336,51.083333333333336,58.25,45.875,50.916666666666664,67.875,38.041666666666664,62.416666666666664,51.583333333333336,57.791666666666664
2008-10-30T00:00:00Z,60.416666666666664,53.041666666666664,46.791666666666664,66.20833333333333,56.583333333333336,64.5,61.166666666666664,33.916666666666664,62.875,50.125,43,63.166666666666664,67.41666666666667,65.41666666666667,48.291666666666664,57.166666666666664,62.833333333333336,72.54166666666667,55.666666666666664,67.58333333333333,50.083333333333336,63.916666666666664,52.125,68
2008-10-31T00:00:00Z,59.291666666666664,62,58.75,67.29166666666667,61.083333333333336,69.16666666666667,63.083333333333336,41.25,66.04166666666667,53.458333333333336,54.833333333333336,62.208333333333336,67.20833333333333,62.458333333333336,66.625,59.75,64.20833333333333,71.125,66.45833333333333,67.45833333333333,59.458333333333336,73.08333333333333,63.541666666666664,68.375
2008-11-01T00:00:00Z,58.208333333333336,61.083333333333336,59.583333333333336,66.54166666666667,57,66.25,61.708333333333336,44.166666666666664,65.20833333333333,52.291666666666664,54.458333333333336,64.875,67.08333333333333,62.541666666666664,63.291666666666664,57.333333333333336,66.16666666666667,73.95833333333333,64.79166666666667,67.125,57.375,72.41666666666667,57.166666666666664,68.70833333333333
2008-11-02T00:00:00Z,68.08333333333333,67.85416666666667,58.375,63.75,78.6875,70.5,64.85416666666667,58.125,68.41666666666667,56.791666666666664,55.25,66.125,66.72916666666667,71.20833333333333,76.47916666666667,61.104166666666664,66.02083333333333,74.5,67.14583333333333,66.85416666666667,59.583333333333336,69.54166666666667,86.29166666666667,68.04166666666667
2008-11-03T00:00:00Z,83.625,73.04166666666667,82.16666666666667,92.58333333333333,89.41666666666667,91.66666666666667,96.70833333333333,82.58333333333333,90.5,81.625,70.45833333333333,84.58333333333333,66.625,95.75,84.875,82.91666666666667,92.66666666666667,97.5,89.45833333333333,66.58333333333333,78.08333333333333,96.83333333333333,92.25,89.79166666666667
2008-11-04T00:00:00Z,85.70833333333333,73.375,81.625,93.83333333333333,88.375,90.58333333333333,96.45833333333333,83.29166666666667,95.125,91.25,70.20833333333333,91.125,66.375,98.5,90.58333333333333,85.83333333333333,88.375,93.5,87.20833333333333,66.58333333333333,81.20833333333333,90.16666666666667,95.66666666666667,92.625
2008-11-05T00:00:00Z,78.45833333333333,73.41666666666667,75.58333333333333,87.875,86.25,80.83333333333333,90.54166666666667,74.20833333333333,84.375,73.29166666666667,65.70833333333333,82.08333333333333,66.29166666666667,86.16666666666667,93.58333333333333,74.83333333333333,81.70833333333333,85.58333333333333,80.70833333333333,66.375,72.41666666666667,84.54166666666667,93.375,79.875
2008-11-06T00:00:00Z,69.83333333333333,69.125,65.83333333333333,70.25,92.29166666666667,69.75,69.66666666666667,57.958333333333336,70.625,58.916666666666664,59.5,70.375,66.125,67.16666666666667,81.54166666666667,64.66666666666667,69.5,76.58333333333333,69.20833333333333,66.08333333333333,64.875,71.66666666666667,90.83333333333333,65.25
2008-11-07T00:00:00Z,78.5,71.79166666666667,67.04166666666667,70.25,86.41666666666667,80.58333333333333,74.16666666666667,62,77.54166666666667,62,66.25,66.70833333333333,65.83333333333333,80.04166666666667,78.66666666666667,68.58333333333333,70.70833333333333,70.83333333333333,81.45833333333333,65.95833333333333,61.083333333333336,82.04166666666667,85.91666666666667,79.875
2008-11-08T00:00:00Z,76.79166666666667,54.208333333333336,61.625,60.916666666666664,74.25,75.45833333333333,67.25,60.458333333333336,72.29166666666667,57.375,58.041666666666664,59.625,65.58333333333333,72.29166666666667,73.95833333333333,58.125,69,69.04166666666667,73.91666666666667,65.79166666666667,56.041666666666664,73.125,84.41666666666667,70.75
2008-11-09T00:00:00Z,66.125,68.41666666666667,60.125,61.041666666666664,62.416666666666664,69.79166666666667,63.375,67.41666666666667,69.875,57.791666666666664,58.625,65.75,65.58333333333333,66.625,55.583333333333336,61.666666666666664,59.833333333333336,72.58333333333333,62.208333333333336,65.625,61.916666666666664,70,62.333333333333336,69.75
2008-11-10T00:00:00Z,66.375,55.208333333333336,65.95833333333333,67.08333333333333,64.79166666666667,69.95833333333333,70.33333333333333,51.791666666666664,69.29166666666667,53.958333333333336,58,68.04166666666667,65.41666666666667,69.375,62.333333333333336,64.45833333333333,67.5,76.95833333333333,63.458333333333336,65.375,45.708333333333336,70.33333333333333,58.083333333333336,71.83333333333333
2008-11-11T00:00:00Z,63.166666666666664,59.208333333333336,45.041666666666664,68.33333333333333,64.08333333333333,76.20833333333333,73.58333333333333,65.5,71.625,54.625,42.458333333333336,57.958333333333336,65.16666666666667,69.16666666666667,65.45833333333333,54.583333333333336,72.29166666666667,70.83333333333333,70,65.25,55.166666666666664,77.08333333333333,59.625,72.41666666666667
2008-11-12T00:00:00Z,68.41666666666667,59.458333333333336,54.833333333333336,67.45833333333333,71,74.45833333333333,70.66666666666667,77.625,67.95833333333333,63.916666666666664,53.5,57.833333333333336,65,68.54166666666667,72.45833333333333,59.041666666666664,75.79166666666667,73.83333333333333,73.08333333333333,65.08333333333333,66.66666666666667,77.875,69.66666666666667,69.91666666666667
2008-11-13T00:00:00Z,86.58333333333333,92.75,88.66666666666667,90.16666666666667,93.375,95.20833333333333,96.70833333333333,96.29166666666667,95.08333333333333,87.875,85.83333333333333,91.58333333333333,64.95833333333333,95.08333333333333,88.41666666666667,80.29166666666667,90.375,100,88.08333333333333,64.95833333333333,88.375,95.75,94.5,93.33333333333333
2008-11-14T00:00:00Z,91.5,96.58333333333333,94.54166666666667,96.375,85.79166666666667,98.5,100,97.29166666666667,99.33333333333333,93.75,92.875,97.5,64.91666666666667,100,93.54166666666667,88.5,94.125,100,93.04166666666667,64.83333333333333,94.70833333333333,97.875,98.16666666666667,99.08333333333333
2008-11-15T00:00:00Z,80.95833333333333,79.625,69.66666666666667,79.08333333333333,78.20833333333333,82.91666666666667,83.95833333333333,86.75,85.83333333333333,68.75,69.125,65.25,64.79166666666667,78.875,87,63.875,81.75,76.125,85.5,64.66666666666667,77.875,85.54166666666667,86.16666666666667,81.45833333333333
2008-11-16T00:00:00Z,59.833333333333336,70.79166666666667,57.5,62.916666666666664,58.833333333333336,66.66666666666667,63.416666666666664,73,65.54166666666667,53.833333333333336,61.833333333333336,55.291666666666664,64.58333333333333,60.958333333333336,55.583333333333336,51.125,62.041666666666664,68.29166666666667,61.583333333333336,64.54166666666667,58.333333333333336,66.70833333333333,53.833333333333336,60.125
2008-11-17T00:00:00Z,66.58333333333333,62.75,63.416666666666664,66.91666666666667,63.291666666666664,70.5,67.875,73,64.75,56.458333333333336,59.083333333333336,62,64.41666666666667,64.79166666666667,52.916666666666664,52,68.58333333333333,66.70833333333333,67.20833333333333,64.5,67.04166666666667,72,59.083333333333336,72.29166666666667
2008-11-18T00:00:00Z,56.583333333333336,51.458333333333336,43.541666666666664,48.625,56.833333333333336,58.541666666666664,50.083333333333336,66.875,51.625,45.166666666666664,40.791666666666664,45.916666666666664,64.375,57.041666666666664,50.833333333333336,43.75,57.291666666666664,44.333333333333336,60.291666666666664,64.41666666666667,47.416666666666664,60.458333333333336,57.958333333333336,55.416666666666664
2008-11-19T00:00:00Z,50.458333333333336,49.666666666666664,50.583333333333336,50.75,51.416666666666664,51.666666666666664,53.5,45.208333333333336,50,44.083333333333336,45.166666666666664,49.916666666666664,64.375,49.208333333333336,49.291666666666664,39.958333333333336,54.916666666666664,66,49.291666666666664,64.375,45.833333333333336,60.875,48.333333333333336,49.5
2008-11-20T00:00:00Z,45.125,49.916666666666664,51.458333333333336,59.083333333333336,53.375,57.958333333333336,59.5,61.083333333333336,50.541666666666664,44.375,44.208333333333336,53,64.375,50.25,56.708333333333336,40.958333333333336,57.25,61.375,53.25,64.29166666666667,51.791666666666664,62.083333333333336,47.958333333333336,48.583333333333336
2008-11-21T00:00:00Z,50.625,59.625,46.791666666666664,45.625,59.208333333333336,54.708333333333336,51,66.75,54.208333333333336,53.333333333333336,42.291666666666664,49.291666666666664,64.25,57,62.666666666666664,46.416666666666664,50.541666666666664,49.166666666666664,56.833333333333336,64.08333333333333,43.083333333333336,53.833333333333336,57.75,54.333333333333336
2008-11-22T00:00:00Z,43.166666666666664,46.833333333333336,50.333333333333336,42.25,49.458333333333336,50.083333333333336,44.291666666666664,46.875,46.5,42.041666666666664,40.666666666666664,47.458333333333336,64.16666666666667,46.333333333333336,42.75,39.375,49.125,61,45.583333333333336,64.04166666666667,50.458333333333336,52.333333333333336,44.125,46.666666666666664
2008-11-23T00:00:00Z,56.791666666666664,45.5,42.875,57.625,58.541666666666664,62.416666666666664,51.333333333333336,36.541666666666664,58.375,43.041666666666664,34.625,43.875,64.08333333333333,54.625,50.541666666666664,43.875,63.541666666666664,58.458333333333336,60.541666666666664,64,43.708333333333336,68.58333333333333,65.875,58.333333333333336
2008-11-24T00:00:00Z,55.166666666666664,79.54166666666667,66.33333333333333,68.41666666666667,63.916666666666664,74.91666666666667,67.25,71.875,63.5,62.791666666666664,68,58.791666666666664,64.04166666666667,61.375,61.5,55.375,74.83333333333333,88.66666666666667,72.20833333333333,63.958333333333336,77.91666666666667,80.29166666666667,58.416666666666664,64.625
2008-11-25T00:00:00Z,57.125,58.791666666666664,56.541666666666664,57.25,63.166666666666664,63.958333333333336,58.625,67.75,61.625,55.666666666666664,56.791666666666664,63.25,64,64.58333333333333,69.79166666666667,55.541666666666664,55.208333333333336,62.666666666666664,61.166666666666664,64,55.625,64.25,62.541666666666664,58.625
2008-11-26T00:00:00Z,57.583333333333336,59.333333333333336,56.458333333333336,65.79166666666667,56.416666666666664,64.91666666666667,62.208333333333336,53.458333333333336,63.791666666666664,47.416666666666664,51.458333333333336,60.625,64.04166666666667,58.541666666666664,59.833333333333336,47.416666666666664,66.83333333333333,66.625,57.875,64.08333333333333,50.583333333333336,68.25,55.666666666666664,56.291666666666664
2008-11-27T00:00:00Z,68.125,66.70833333333333,58.583333333333336,65.66666666666667,65.125,70.375,67.20833333333333,56.666666666666664,70.125,51.958333333333336,56.041666666666664,59.125,64.08333333333333,63.416666666666664,69.54166666666667,55.083333333333336,68.875,73.29166666666667,70.125,64.08333333333333,63.416666666666664,72.66666666666667,70.08333333333333,68.625
2008-11-28T00:00:00Z,63.75,67.54166666666667,63.125,65.5,68.08333333333333,74.08333333333333,67.75,55.916666666666664,68.16666666666667,54.875,58.125,66.29166666666667,64.04166666666667,60.958333333333336,69.58333333333333,55.041666666666664,69.58333333333333,81,78.16666666666667,64.04166666666667,67.625,75,63.583333333333336,65.91666666666667
2008-11-29T00:00:00Z,65.79166666666667,84.33333333333333,77.33333333333333,96.125,71.58333333333333,90.91666666666667,93.79166666666667,71.54166666666667,84.58333333333333,57.375,84.04166666666667,58.166666666666664,64.08333333333333,66.45833333333333,85.20833333333333,54.041666666666664,93.875,71.29166666666667,88.33333333333333,64,55.333333333333336,94.25,68.66666666666667,78.375
2008-11-30T00:00:00Z,87.70833333333333,97.08333333333333,92.33333333333333,93.625,91.04166666666667,95.08333333333333,97.16666666666667,98.125,96.54166666666667,94.75,90.33333333333333,81.04166666666667,64.04166666666667,99.20833333333333,88.25,84.20833333333333,90.375,96,90.625,63.958333333333336,92.70833333333333,94.29166666666667,99.54166666666667,98.375
2008-12-01T00:00:00Z,61.291666666666664,77.79166666666667,72.16666666666667,62.541666666666664,55.375,59.291666666666664,63.708333333333336,78.375,63.958333333333336,71,71.58333333333333,69.58333333333333,64.04166666666667,74.25,59.083333333333336,63,60.666666666666664,79.70833333333333,62.833333333333336,63.875,84.29166666666667,61.25,57.375,54.958333333333336
2008-12-02T00:00:00Z,73.125,66.5,69.66666666666667,69.45833333333333,67.04166666666667,78.20833333333333,70.41666666666667,72.875,70.79166666666667,63.666666666666664,65.20833333333333,70.58333333333333,64,77.66666666666667,65,63.25,74.70833333333333,79.79166666666667,73.04166666666667,63.875,72.16666666666667,81.33333333333333,63.583333333333336,68.95833333333333
2008-12-03T00:00:00Z,69.375,67.375,68.75,73.54166666666667,66.41666666666667,74.54166666666667,73,65.91666666666667,73.25,58.666666666666664,63.041666666666664,65.33333333333333,64.04166666666667,71.66666666666667,60.541666666666664,59.083333333333336,74.125,79.95833333333333,71.29166666666667,63.875,67.29166666666667,80,65.83333333333333,70.25
2008-12-04T00:00:00Z,64.33333333333333,78.66666666666667,67.41666666666667,71.20833333333333,58.958333333333336,72.75,72.5,73.625,68.83333333333333,58.75,72.83333333333333,58.333333333333336,64,66.83333333333333,72.16666666666667,53.416666666666664,75.29166666666667,79.20833333333333,81.58333333333333,63.833333333333336,68.45833333333333,76.25,60.708333333333336,64.04166666666667
2008-12-05T00:00:00Z,72.33333333333333,67.70833333333333,48.916666666666664,77.45833333333333,63.208333333333336,83.33333333333333,79.75,59.333333333333336,82.16666666666667,44.083333333333336,56.333333333333336,50.625,63.958333333333336,66.08333333333333,77.125,51.583333333333336,79.54166666666667,60.541666666666664,79,63.875,49.833333333333336,84.04166666666667,67.375,72.66666666666667
2008-12-06T00:00:00Z,69.45833333333333,74.45833333333333,75.875,81.45833333333333,66.83333333333333,82.54166666666667,82.70833333333333,66.25,77.41666666666667,57.291666666666664,59.083333333333336,69,63.958333333333336,73.16666666666667,73.25,58.166666666666664,78.875,88.58333333333333,77.16666666666667,63.916666666666664,66.75,81.125,72.5,75.20833333333333
2008-12-07T00:00:00Z,55.583333333333336,49.708333333333336,51.416666666666664,63,58.666666666666664,64.41666666666667,62.708333333333336,56.666666666666664,61.833333333333336,42.041666666666664,46.791666666666664,59.875,63.916666666666664,54.5,55.916666666666664,47.625,64.70833333333333,51.708333333333336,59.541666666666664,63.833333333333336,42.833333333333336,68.125,49.416666666666664,62.416666666666664
2008-12-08T00:00:00Z,53.333333333333336,51.166666666666664,42,49.958333333333336,51.541666666666664,64.70833333333333,57.958333333333336,46.625,58.833333333333336,42.791666666666664,38.833333333333336,50.833333333333336,63.958333333333336,48.5,49.041666666666664,43.041666666666664,65.95833333333333,65.79166666666667,56.541666666666664,63.875,53.666666666666664,66.75,55.583333333333336,58.916666666666664
2008-12-09T00:00:00Z,72.625,84.91666666666667,66.08333333333333,77.58333333333333,69.375,80.5,77.16666666666667,90,81.5,62.5,66.20833333333333,66.66666666666667,63.875,58.583333333333336,68.875,58.291666666666664,76.83333333333333,85.08333333333333,77.875,63.875,82.20833333333333,83.58333333333333,66.125,73.83333333333333
2008-12-10T00:00:00Z,78.875,95.25,89.20833333333333,91.79166666666667,81.625,92.25,93.66666666666667,95.25,96.25,88.04166666666667,91.20833333333333,86.45833333333333,63.875,95.41666666666667,83.58333333333333,79.5,89.20833333333333,100,91.375,63.791666666666664,68.91666666666667,93.29166666666667,87.45833333333333,89.625
2008-12-11T00:00:00Z,86.33333333333333,93.04166666666667,90.41666666666667,90.75,89.41666666666667,96.08333333333333,96.20833333333333,98.91666666666667,98.08333333333333,89.375,90.66666666666667,92.5,63.875,99,86.79166666666667,34.833333333333336,90,98.58333333333333,91.04166666666667,63.791666666666664,91.79166666666667,94.95833333333333,94.20833333333333,98
2008-12-12T00:00:00Z,64.75,67,58.375,60.166666666666664,60.416666666666664,70.5,63.125,73.83333333333333,66.45833333333333,56.833333333333336,52.333333333333336,57.791666666666664,63.875,69.5,71.58333333333333,46.083333333333336,65.29166666666667,67.54166666666667,73.16666666666667,63.791666666666664,56.708333333333336,68.54166666666667,74.91666666666667,62.791666666666664
2008-12-13T00:00:00Z,64.625,57.333333333333336,57.75,63.833333333333336,57.625,63.458333333333336,62.458333333333336,61.041666666666664,60.916666666666664,46.791666666666664,50.958333333333336,57.791666666666664,63.875,59.958333333333336,62.458333333333336,56.208333333333336,61.583333333333336,76.41666666666667,65.45833333333333,63.791666666666664,48.125,61.083333333333336,59.75,59.875
2008-12-14T00:00:00Z,76.75,79.58333333333333,67.45833333333333,71.375,72.91666666666667,75.66666666666667,76.95833333333333,78.375,77.79166666666667,59.375,62.875,66.41666666666667,63.708333333333336,74.70833333333333,68.91666666666667,64.91666666666667,74.45833333333333,90.41666666666667,73.45833333333333,63.666666666666664,65.5,76.25,75.25,73.5
2008-12-15T00:00:00Z,73.04166666666667,96.83333333333333,84.375,77.29166666666667,71.125,80.375,81.16666666666667,91.20833333333333,81.58333333333333,79.16666666666667,82.16666666666667,76.70833333333333,63.708333333333336,87.16666666666667,78.5,74.29166666666667,76.58333333333333,97.29166666666667,78.375,63.666666666666664,77.70833333333333,84.29166666666667,72.08333333333333,70.08333333333333
2008-12-16T00:00:00Z,89.54166666666667,96.91666666666667,91.70833333333333,95.66666666666667,89.5,95.33333333333333,96.41666666666667,97.29166666666667,99.5,90.58333333333333,88.70833333333333,94.54166666666667,63.708333333333336,82.04166666666667,87.91666666666667,84.58333333333333,89.29166666666667,98.08333333333333,92.45833333333333,63.541666666666664,93.25,94.125,97.08333333333333,99.5
2008-12-17T00:00:00Z,88.875,93.75,95.04166666666667,92.54166666666667,90.5,92.625,94.25,88.5,98.54166666666667,92.25,93.79166666666667,97.41666666666667,63.458333333333336,98.41666666666667,94.5,85.66666666666667,91.83333333333333,97,94.41666666666667,63.5,94.16666666666667,94.25,96.20833333333333,97.75
2008-12-18T00:00:00Z,81.29166666666667,92.95833333333333,93.83333333333333,89.75,79.16666666666667,97.70833333333333,96.91666666666667,82.58333333333333,98.04166666666667,88.875,80.41666666666667,96.83333333333333,63.375,100,90.54166666666667,85.5,95,100,93.16666666666667,63.5,90.20833333333333,99.58333333333333,85.66666666666667,90.33333333333333
2008-12-19T00:00:00Z,79.375,75.95833333333333,83.66666666666667,75.125,80.375,88.29166666666667,80.375,80.875,89.41666666666667,82.375,83.41666666666667,83.5,63.375,89.83333333333333,89.70833333333333,75.75,83.45833333333333,94.83333333333333,91.16666666666667,63.291666666666664,89.70833333333333,72.29166666666667,84.66666666666667,83.125
2008-12-20T00:00:00Z,82.08333333333333,82.66666666666667,86.45833333333333,80.125,77.83333333333333,85.29166666666667,87.83333333333333,66.45833333333333,91.58333333333333,88.83333333333333,88.375,92.45833333333333,63.375,85.04166666666667,86.79166666666667,83.875,82.83333333333333,99,86.5,63.25,77.75,87.75,82.66666666666667,88.25
2008-12-21T00:00:00Z,68.91666666666667,59.541666666666664,54.791666666666664,68,75.45833333333333,84.83333333333333,71.58333333333333,51.791666666666664,77.75,62.625,49,60.333333333333336,63.208333333333336,70.95833333333333,83.95833333333333,59.291666666666664,73.66666666666667,52.625,81.125,63.166666666666664,57.916666666666664,80.79166666666667,80.75,77.08333333333333
2008-12-22T00:00:00Z,37.458333333333336,48.833333333333336,35.75,35.75,42.875,45.208333333333336,41.791666666666664,54.666666666666664,40.958333333333336,36.625,34.833333333333336,36.916666666666664,63.083333333333336,37.666666666666664,43.791666666666664,34.5,40.375,41.208333333333336,46.166666666666664,63.041666666666664,37.083333333333336,48.041666666666664,36.416666666666664,42.083333333333336
2008-12-23T00:00:00Z,62.208333333333336,47.666666666666664,37.375,55.458333333333336,62.583333333333336,68.75,61.958333333333336,57.416666666666664,52.666666666666664,38.416666666666664,38,40.875,63.041666666666664,46.166666666666664,65.125,37.458333333333336,65.66666666666667,41.416666666666664,67.33333333333333,63,49.25,68.125,62.166666666666664,68.25
2008-12-24T00:00:00Z,75.75,92.58333333333333,62.041666666666664,84.25,73.95833333333333,83.91666666666667,76.83333333333333,89.66666666666667,81.41666666666667,64.33333333333333,60.541666666666664,67.29166666666667,62.791666666666664,59.083333333333336,78.375,61,74.375,75,79,62.875,74.625,84.25,76.08333333333333,79.54166666666667
2008-12-25T00:00:00Z,65.91666666666667,57.166666666666664,68.20833333333333,85.79166666666667,72.875,85.16666666666667,94.41666666666667,47.708333333333336,77.5,51.208333333333336,75.5,62.041666666666664,62.791666666666664,64.91666666666667,82.33333333333333,63.333333333333336,88.25,84.41666666666667,88.20833333333333,62.875,54.833333333333336,87.375,72.70833333333333,76.66666666666667
2008-12-26T00:00:00Z,79.45833333333333,76.83333333333333,65.25,77.29166666666667,77.75,83.58333333333333,89.66666666666667,79.625,88.875,69.45833333333333,70.5,73.25,62.625,90.25,72.79166666666667,69.16666666666667,78.95833333333333,84.91666666666667,77.625,62.708333333333336,72.04166666666667,79.58333333333333,83.95833333333333,90.58333333333333
2008-12-27T00:00:00Z,86.54166666666667,89.45833333333333,93.95833333333333,91.875,89.5,92.375,95.91666666666667,87.16666666666667,88.20833333333333,91.91666666666667,91.91666666666667,98.08333333333333,62.583333333333336,73.875,93.95833333333333,84.75,92.16666666666667,100,90.75,62.583333333333336,86.91666666666667,94.04166666666667,91.08333333333333,99.5
2008-12-28T00:00:00Z,76.625,88.29166666666667,89.625,76.70833333333333,79.04166666666667,86.54166666666667,79.79166666666667,85.95833333333333,83.91666666666667,82.20833333333333,89.875,87.75,62.375,86.125,93.83333333333333,75.66666666666667,81.125,100,89.66666666666667,62.541666666666664,84.29166666666667,85.79166666666667,78.875,77.375
2008-12-29T00:00:00Z,75.875,54.333333333333336,55.458333333333336,86.91666666666667,73.5,91.79166666666667,79.375,56.416666666666664,78.20833333333333,45.125,54.541666666666664,58.041666666666664,62.25,45.041666666666664,87.41666666666667,54.541666666666664,86.83333333333333,54.291666666666664,87.66666666666667,62.333333333333336,50.875,90,59.083333333333336,81.70833333333333
2008-12-30T00:00:00Z,48.208333333333336,40,44.208333333333336,64.33333333333333,53.458333333333336,67.91666666666667,62.083333333333336,30.375,52.208333333333336,33.708333333333336,40.625,43.083333333333336,62.125,42.708333333333336,61.708333333333336,43.125,68.58333333333333,49,69.08333333333333,62.25,33.208333333333336,68.29166666666667,44.833333333333336,50.041666666666664
2008-12-31T00:00:00Z,36.916666666666664,44.583333333333336,37.291666666666664,38.25,44.416666666666664,46.333333333333336,41.5,48.833333333333336,43.833333333333336,36.416666666666664,35.291666666666664,36.375,61.958333333333336,45.708333333333336,52.708333333333336,36.541666666666664,43.666666666666664,33.833333333333336,52.125,62.125,37.833333333333336,44.375,45.75,43.416666666666664
2009-01-01T00:00:00Z,40.25,44.75,40.625,41.166666666666664,48.333333333333336,47.833333333333336,45.833333333333336,46.083333333333336,44.625,37.916666666666664,36.083333333333336,37.958333333333336,43.875,41.333333333333336,59.208333333333336,36.583333333333336,46.708333333333336,55.666666666666664,49.25,45.833333333333336,34.583333333333336,51,49.041666666666664,48.375
2009-01-02T00:00:00Z,79.54166666666667,74.75,72.91666666666667,83.75,80.125,80.70833333333333,77.08333333333333,75.25,87.54166666666667,72.54166666666667,74.04166666666667,74.33333333333333,68.91666666666667,81.95833333333333,82.625,66.91666666666667,74.125,87.54166666666667,76.625,75.5,59.208333333333336,75,81.54166666666667,85.58333333333333
2009-01-03T00:00:00Z,77.66666666666667,85.125,92.25,88.66666666666667,72.54166666666667,79.54166666666667,87.54166666666667,75.5,90.08333333333333,77.16666666666667,90.75,86,88.83333333333333,75.375,83.08333333333333,73.95833333333333,76.95833333333333,100,76.29166666666667,83.04166666666667,74.95833333333333,80.04166666666667,72.04166666666667,86.41666666666667
2009-01-04T00:00:00Z,84.375,87.08333333333333,90.5,94.79166666666667,78.875,88.83333333333333,98.95833333333333,78.625,97.5,88.25,88.83333333333333,92.54166666666667,84.875,97.41666666666667,87.95833333333333,82.79166666666667,93.41666666666667,100,83,85,86.91666666666667,94.04166666666667,78.20833333333333,98.875
2009-01-05T00:00:00Z,84.08333333333333,89.08333333333333,89.20833333333333,84.16666666666667,84.95833333333333,90.29166666666667,90.54166666666667,81.33333333333333,98.875,88.41666666666667,84.41666666666667,92.95833333333333,89.75,97.75,95.83333333333333,80.91666666666667,87.125,98.29166666666667,90.625,91.66666666666667,94.125,88.5,92.58333333333333,98.25
2009-01-06T00:00:00Z,88.54166666666667,95.125,91.20833333333333,74.16666666666667,89.91666666666667,92.125,84.83333333333333,99.5,100,95.20833333333333,88.33333333333333,97.66666666666667,96.375,100,95.04166666666667,86.83333333333333,78.29166666666667,100,89.91666666666667,100,92.625,84.91666666666667,94.875,95.70833333333333
2009-01-07T00:00:00Z,66.58333333333333,67.45833333333333,65.20833333333333,56.125,67.875,69.75,62.25,79.20833333333333,72.08333333333333,74.95833333333333,68.33333333333333,66.875,75.5,80.20833333333333,76.04166666666667,65.45833333333333,66.29166666666667,73.875,75.45833333333333,73.58333333333333,80.45833333333333,70.79166666666667,75.83333333333333,67.45833333333333
2009-01-08T00:00:00Z,49.625,56.666666666666664,50.666666666666664,47.083333333333336,52.083333333333336,54.666666666666664,51.666666666666664,67.25,54.333333333333336,51.5,46.916666666666664,54.041666666666664,54.625,61.166666666666664,53.333333333333336,48.708333333333336,47.416666666666664,57.916666666666664,55.083333333333336,49.958333333333336,53.916666666666664,52.458333333333336,47.083333333333336,53
2009-01-09T00:00:00Z,51.416666666666664,55.083333333333336,51.208333333333336,58.75,56.541666666666664,56.583333333333336,57.75,52.208333333333336,53.416666666666664,46.041666666666664,41.916666666666664,54.125,48.458333333333336,56.375,52.25,50.125,54.916666666666664,68.875,54.75,58.583333333333336,52.5,57.416666666666664,50.833333333333336,54.875
2009-01-10T00:00:00Z,76.33333333333333,69.79166666666667,63.416666666666664,68.08333333333333,68.20833333333333,76.04166666666667,68.20833333333333,70.45833333333333,67.95833333333333,50.458333333333336,64.25,50.083333333333336,64.83333333333333,57.5,69.875,47.208333333333336,73.75,72.33333333333333,76.16666666666667,67.875,70.25,76.33333333333333,63.208333333333336,66
2009-01-11T00:00:00Z,72.66666666666667,82,68.04166666666667,76.375,76.79166666666667,82.91666666666667,82.33333333333333,81.95833333333333,85.75,59.25,74.20833333333333,66.95833333333333,64.70833333333333,65.58333333333333,85.25,59.833333333333336,81.58333333333333,75.41666666666667,86.70833333333333,65.41666666666667,72.375,86.83333333333333,75.66666666666667,82.20833333333333
2009-01-12T00:00:00Z,61.416666666666664,64.41666666666667,55.708333333333336,63.333333333333336,60.625,67.58333333333333,66.45833333333333,63.791666666666664,67.29166666666667,52.833333333333336,54.791666666666664,58.958333333333336,57.375,61.333333333333336,70.875,55.916666666666664,68.45833333333333,73.04166666666667,69.70833333333333,59.541666666666664,55.708333333333336,66.79166666666667,64.375,66.375
2009-01-13T00:00:00Z,84.04166666666667,76.5,68.5,89.83333333333333,83.20833333333333,89.54166666666667,93.45833333333333,67.45833333333333,92.45833333333333,70,64.5,77.58333333333333,71.79166666666667,83.20833333333333,84.95833333333333,69.08333333333333,88.54166666666667,84.08333333333333,87.25,72.04166666666667,72.5,90.375,78.70833333333333,91.75
2009-01-14T00:00:00Z,64.45833333333333,53.541666666666664,47.583333333333336,73.95833333333333,66.45833333333333,72.66666666666667,73.66666666666667,49.875,67,42.875,40.291666666666664,46.5,45,47.541666666666664,71.5,44.375,73.625,51.416666666666664,71.58333333333333,48.083333333333336,45.375,76.5,62,65.70833333333333
2009-01-15T00:00:00Z,50.083333333333336,52.541666666666664,35.875,49.75,57.25,55.875,51.833333333333336,57,55.083333333333336,39.791666666666664,38.625,39.916666666666664,37.583333333333336,49.666666666666664,66.66666666666667,42.125,51.958333333333336,36.541666666666664,55.958333333333336,35.458333333333336,43.125,55.458333333333336,58.125,52.791666666666664
2009-01-16T00:00:00Z,34.208333333333336,41.791666666666664,32.458333333333336,25.208333333333332,39.791666666666664,39.375,35.5,43.958333333333336,33.291666666666664,29.75,29.208333333333332,33.625,32.625,39.833333333333336,49.291666666666664,31.666666666666668,35.125,34.541666666666664,42.041666666666664,30.791666666666668,28.541666666666668,39.208333333333336,36.666666666666664,39.875
2009-01-17T00:00:00Z,47.458333333333336,54.291666666666664,37.291666666666664,30.666666666666668,53.333333333333336,51.458333333333336,44.416666666666664,47.083333333333336,43,33.958333333333336,33.791666666666664,32.375,44.958333333333336,41.208333333333336,61.291666666666664,34.333333333333336,46.5,45.333333333333336,53.25,47.75,41.958333333333336,52.166666666666664,57.208333333333336,46
2009-01-18T00:00:00Z,72.29166666666667,71.20833333333333,64.66666666666667,85.45833333333333,72.125,82.83333333333333,87.41666666666667,83.20833333333333,80.91666666666667,51.5,67.29166666666667,62.583333333333336,65.04166666666667,68.08333333333333,81.95833333333333,59.5,82.125,67.375,79.33333333333333,70.5,58.708333333333336,81.41666666666667,72.25,79.625
2009-01-19T00:00:00Z,88.875,80.375,71.95833333333333,78.58333333333333,85.625,83.91666666666667,81.875,81.45833333333333,94,73.20833333333333,65.125,77.33333333333333,77.04166666666667,77.54166666666667,81.29166666666667,72.375,75.83333333333333,84.83333333333333,78.08333333333333,77.41666666666667,66.79166666666667,80.875,91.875,87.08333333333333
2009-01-20T00:00:00Z,65.375,62.333333333333336,56.75,85.54166666666667,63.916666666666664,88.375,92.25,73.875,96.66666666666667,56.375,45.875,66.79166666666667,57.916666666666664,65.5,85.83333333333333,62.375,88.04166666666667,61.208333333333336,85.33333333333333,54.916666666666664,48.541666666666664,89.25,61.791666666666664,94.20833333333333
2009-01-21T00:00:00Z,56.875,51.875,49.875,65.625,54.416666666666664,69.41666666666667,66.95833333333333,59,72.41666666666667,42.166666666666664,39.041666666666664,48.416666666666664,45.375,52,65.25,46.708333333333336,67.5,59.666666666666664,67.83333333333333,43.875,40.625,73.83333333333333,51.75,79.25
2009-01-22T00:00:00Z,60.083333333333336,50.5,46.916666666666664,62.208333333333336,54,58.166666666666664,57.083333333333336,52.625,61.666666666666664,39.333333333333336,43.625,48.5,45.916666666666664,52.875,63.833333333333336,48.375,60.125,58.375,61.541666666666664,51.416666666666664,45.625,59.125,51.291666666666664,62.041666666666664
2009-01-23T00:00:00Z,66.25,63.375,60.291666666666664,68.16666666666667,60.791666666666664,67,67.20833333333333,60.041666666666664,67.20833333333333,50.375,55.541666666666664,57.708333333333336,54.791666666666664,55.791666666666664,66.45833333333333,53.416666666666664,65.16666666666667,65.625,74.04166666666667,58.041666666666664,52.083333333333336,68.25,55.958333333333336,63.916666666666664
2009-01-24T00:00:00Z,71.625,65.20833333333333,57.75,79.08333333333333,63.208333333333336,74.79166666666667,79,65,73.66666666666667,49,54.125,54.5,52.333333333333336,54.375,77.54166666666667,49.708333333333336,82.79166666666667,66.5,78.54166666666667,50.708333333333336,48.291666666666664,79.125,64.29166666666667,68.45833333333333
2009-01-25T00:00:00Z,57.291666666666664,55.708333333333336,47.791666666666664,51.875,57.916666666666664,65.16666666666667,51.875,66.125,51.5,48.791666666666664,45.125,49.875,52.833333333333336,54.875,74.66666666666667,47.541666666666664,60.5,47.666666666666664,70.125,50.916666666666664,52.333333333333336,62.541666666666664,55.708333333333336,52.625
2009-01-26T00:00:00Z,62.916666666666664,69.54166666666667,50.75,66.45833333333333,66.5,71.33333333333333,66.54166666666667,69.54166666666667,60.041666666666664,47.333333333333336,63.833333333333336,49.75,60.833333333333336,51.458333333333336,87.04166666666667,42.083333333333336,72.66666666666667,58.291666666666664,76,63.916666666666664,53.333333333333336,73.875,68.66666666666667,58.541666666666664
2009-01-27T00:00:00Z,91.58333333333333,90.29166666666667,70,88.75,83.75,89.20833333333333,93,94.25,86.75,80.75,87.58333333333333,76.95833333333333,94.625,86.54166666666667,92.70833333333333,73.79166666666667,92,77.70833333333333,87.79166666666667,96.375,84.95833333333333,91.375,88.33333333333333,87.58333333333333
2009-01-28T00:00:00Z,69.625,87.91666666666667,88.125,88.29166666666667,83.04166666666667,87.54166666666667,88.33333333333333,91.125,92.29166666666667,87.95833333333333,90.375,89.625,91.25,93.20833333333333,93.75,80.04166666666667,87.41666666666667,92.45833333333333,90.16666666666667,85.33333333333333,82.125,87.375,91.45833333333333,87.45833333333333
2009-01-29T00:00:00Z,76.20833333333333,64.91666666666667,68.45833333333333,82.54166666666667,70.16666666666667,82.5,82.625,69.875,75.83333333333333,62.041666666666664,67.33333333333333,74.95833333333333,67.20833333333333,72.5,87.20833333333333,63.833333333333336,88,74.20833333333333,84.875,68.58333333333333,63.458333333333336,80.875,74.33333333333333,74.08333333333333
2009-01-30T00:00:00Z,65.58333333333333,54.375,49.791666666666664,64.79166666666667,63.541666666666664,75.125,64.95833333333333,66.375,67,48.916666666666664,47.666666666666664,56.875,47.458333333333336,63.291666666666664,75.91666666666667,52.833333333333336,73.58333333333333,50.833333333333336,73.70833333333333,48.666666666666664,51.083333333333336,73.625,69.04166666666667,67.625
2009-01-31T00:00:00Z,50.416666666666664,49.916666666666664,49.666666666666664,46.708333333333336,49.416666666666664,51.083333333333336,46.666666666666664,45.916666666666664,43.333333333333336,42.125,46.958333333333336,46.208333333333336,42.041666666666664,44,48.041666666666664,39.666666666666664,50.541666666666664,54.791666666666664,50.708333333333336,40.333333333333336,39.708333333333336,55.791666666666664,42.75,44.875
2009-02-01T00:00:00Z,61.541666666666664,59.208333333333336,51.125,59.083333333333336,50.208333333333336,58.5,59.083333333333336,45.666666666666664,53.833333333333336,44.125,46,42.625,50.625,47,60.458333333333336,40.791666666666664,62.375,52.125,64.91666666666667,53.625,52.083333333333336,58.125,44.916666666666664,51.583333333333336
2009-02-02T00:00:00Z,62.75,77.20833333333333,68.29166666666667,83.45833333333333,58.208333333333336,71.16666666666667,77.16666666666667,68.95833333333333,72.91666666666667,61.458333333333336,65.16666666666667,61.833333333333336,66.16666666666667,59.458333333333336,75.16666666666667,58.041666666666664,75.16666666666667,68.20833333333333,76.875,70.625,69.79166666666667,73,55,63.125
2009-02-03T00:00:00Z,75.70833333333333,61.166666666666664,58.25,58.458333333333336,67.33333333333333,76.83333333333333,61.541666666666664,69.45833333333333,69.20833333333333,62.375,41.416666666666664,68.04166666666667,52.458333333333336,79.125,77.375,63.583333333333336,65.04166666666667,54,74.33333333333333,51.5,53.041666666666664,73.79166666666667,70.45833333333333,71.33333333333333
2009-02-04T00:00:00Z,46.958333333333336,64.25,45.166666666666664,59.166666666666664,56.875,57.25,58,68.20833333333333,59.125,46.458333333333336,40.541666666666664,51.875,42.625,52,64.04166666666667,44.041666666666664,55.416666666666664,37.833333333333336,58.875,42.625,46.833333333333336,56.125,56.291666666666664,56.083333333333336
2009-02-05T00:00:00Z,46.083333333333336,54.625,42.208333333333336,43.708333333333336,45.708333333333336,46.916666666666664,43.875,52.666666666666664,41,37.166666666666664,32.958333333333336,40.208333333333336,37.583333333333336,41.375,45.875,37.541666666666664,45.208333333333336,39.666666666666664,46.916666666666664,40.833333333333336,40.458333333333336,42.625,41.833333333333336,44.291666666666664
2009-02-06T00:00:00Z,60.625,63.083333333333336,45.041666666666664,55.083333333333336,50.875,57.375,52,61.333333333333336,48.375,43.666666666666664,38.458333333333336,49.166666666666664,48.958333333333336,49.333333333333336,46.25,40.125,59.791666666666664,47.291666666666664,59.583333333333336,58.125,52.375,53.625,46.958333333333336,49.166666666666664
2009-02-07T00:00:00Z,58.416666666666664,60.208333333333336,46.125,60.166666666666664,56.875,60.166666666666664,51.75,43.875,53.416666666666664,42.25,43.458333333333336,45.083333333333336,47.416666666666664,47.416666666666664,74.54166666666667,41.833333333333336,57.041666666666664,50.875,75.16666666666667,51.5,50.583333333333336,54.375,55.75,51.375
2009-02-08T00:00:00Z,54.541666666666664,66.29166666666667,50.583333333333336,58.291666666666664,47.5,56.416666666666664,53.416666666666664,67.04166666666667,55.625,49.625,52.25,49.583333333333336,50.625,48.75,69.375,46.291666666666664,53.375,55.75,72.66666666666667,51.916666666666664,53.75,58.666666666666664,47.041666666666664,55.375
2009-02-09T00:00:00Z,58.708333333333336,72.375,60.208333333333336,68.25,64.41666666666667,67.16666666666667,63.25,74.75,63.083333333333336,56.833333333333336,60.833333333333336,59.166666666666664,65.20833333333333,55.75,73.54166666666667,49.166666666666664,64.16666666666667,63.375,68.95833333333333,69.75,64.75,60.604166666666664,68.125,63.5
2009-02-10T00:00:00Z,82.875,64.04166666666667,69.08333333333333,85.29166666666667,69.95833333333333,77.08333333333333,80.83333333333333,63.416666666666664,83.83333333333333,62.291666666666664,62.041666666666664,65,61.125,70.83333333333333,84.875,60.208333333333336,76.66666666666667,66.79166666666667,80.83333333333333,64.04166666666667,62.083333333333336,73.16666666666667,70.58333333333333,74.33333333333333
2009-02-11T00:00:00Z,68.83333333333333,75.41666666666667,67.625,76.5,70.04166666666667,78.875,70.95833333333333,74.91666666666667,76.375,69.41666666666667,65.70833333333333,66.83333333333333,72.08333333333333,69.45833333333333,88.83333333333333,59.583333333333336,75.04166666666667,73.79166666666667,85.70833333333333,75.41666666666667,72.75,78.04166666666667,67.625,70.95833333333333
2009-02-12T00:00:00Z,39,46.458333333333336,41.958333333333336,42.958333333333336,39.166666666666664,40.458333333333336,36.208333333333336,47.75,42.25,36.166666666666664,40,43,36.583333333333336,35.041666666666664,63.125,31.833333333333332,46.958333333333336,46.833333333333336,50.916666666666664,34.75,34.083333333333336,43.083333333333336,36,38.25
2009-02-13T00:00:00Z,44.875,45.583333333333336,35.5,48.25,43.208333333333336,42.375,36.666666666666664,42.666666666666664,36.041666666666664,36.833333333333336,36.041666666666664,34.666666666666664,30.416666666666668,39.625,53.5,34.416666666666664,33.5,44.291666666666664,49.791666666666664,35.916666666666664,34.875,42.666666666666664,48.333333333333336,36.791666666666664
2009-02-14T00:00:00Z,73.375,74.16666666666667,70.58333333333333,76.08333333333333,66.20833333333333,76.875,74.29166666666667,63.583333333333336,72,45.791666666666664,60.958333333333336,58,56.125,55,72.375,48.416666666666664,71.33333333333333,72.29166666666667,77.04166666666667,52.625,43.791666666666664,71.875,67.66666666666667,68.625
2009-02-15T00:00:00Z,57.041666666666664,58.416666666666664,53.125,68.375,55.833333333333336,63.958333333333336,62.375,59.375,60.208333333333336,46.666666666666664,56.25,51.791666666666664,53.666666666666664,57.625,67.66666666666667,49.458333333333336,64.29166666666667,57.833333333333336,67.20833333333333,54.083333333333336,48.541666666666664,61.541666666666664,57.958333333333336,58.375
2009-02-16T00:00:00Z,55.125,53.666666666666664,58.208333333333336,70.91666666666667,57.666666666666664,56.5,64.875,59.916666666666664,63.083333333333336,55.875,49.208333333333336,57.208333333333336,61.25,68.375,58.625,54,59.375,54.416666666666664,55.583333333333336,53.666666666666664,62.875,56.875,55.958333333333336,60.625
2009-02-17T00:00:00Z,51.083333333333336,53.125,48.833333333333336,54.333333333333336,55.875,53.833333333333336,51.666666666666664,54.708333333333336,48.625,42.458333333333336,44.125,47.458333333333336,48.041666666666664,47.333333333333336,62.625,38.541666666666664,53.75,50.625,54.333333333333336,51.958333333333336,46.458333333333336,55.875,58.166666666666664,51.333333333333336
2009-02-18T00:00:00Z,85.54166666666667,81.875,86.70833333333333,90.5,78.66666666666667,83.33333333333333,86.16666666666667,88.08333333333333,83.83333333333333,81.08333333333333,86.75,83.75,86.66666666666667,86.79166666666667,82.33333333333333,76.25,76.75,75.83333333333333,80.33333333333333,89.75,88,72.95833333333333,86.95833333333333,82.5
2009-02-19T00:00:00Z,58.541666666666664,53.041666666666664,57.291666666666664,62.791666666666664,55.208333333333336,63.375,62.5,60,62.25,50.75,50.083333333333336,55.416666666666664,50.5,60.208333333333336,73.875,51.416666666666664,59.75,49.291666666666664,69.75,47.625,57.208333333333336,59.583333333333336,57.333333333333336,59.75
2009-02-20T00:00:00Z,39.875,44.125,35,39,38.666666666666664,45.708333333333336,39.5,48.791666666666664,37.666666666666664,34.083333333333336,34.291666666666664,35.166666666666664,32.791666666666664,38.25,40,34.041666666666664,42.5,35.5,43.833333333333336,31.5,34.75,49.208333333333336,34.916666666666664,39.5
2009-02-21T00:00:00Z,52.583333333333336,49.833333333333336,36.375,53.208333333333336,47.458333333333336,56.583333333333336,53.166666666666664,41.875,54.416666666666664,38.125,34.416666666666664,42.708333333333336,43.041666666666664,47.083333333333336,44.333333333333336,38.625,61.291666666666664,41.708333333333336,58.75,44.375,41.666666666666664,65.875,51.541666666666664,50.875
2009-02-22T00:00:00Z,61.958333333333336,58.5,43.166666666666664,48.791666666666664,61.541666666666664,61.083333333333336,48.75,65.33333333333333,60.875,43.041666666666664,36.875,43,42.125,53.541666666666664,70.20833333333333,43.083333333333336,52.166666666666664,52.708333333333336,62.458333333333336,45.416666666666664,45.291666666666664,58.458333333333336,71.95833333333333,58.5
2009-02-23T00:00:00Z,43.625,54.875,41.958333333333336,53.25,43.791666666666664,44.166666666666664,41.416666666666664,63.166666666666664,38.875,38.916666666666664,37.333333333333336,38.5,43.125,41.5,44.041666666666664,34.916666666666664,41.125,42,43.416666666666664,43.416666666666664,42.625,45.041666666666664,41.666666666666664,40.791666666666664
2009-02-24T00:00:00Z,43.958333333333336,50.541666666666664,38.75,55.583333333333336,43.541666666666664,46.666666666666664,46.541666666666664,51.166666666666664,43.791666666666664,38.166666666666664,40.666666666666664,41.208333333333336,42.125,40.416666666666664,57.166666666666664,35.958333333333336,48.208333333333336,43.291666666666664,46.333333333333336,42.333333333333336,38.5,50.291666666666664,49.458333333333336,43.75
2009-02-25T00:00:00Z,55.875,45.166666666666664,39.666666666666664,58.125,59.75,65.70833333333333,56.916666666666664,48.916666666666664,55.541666666666664,38.583333333333336,42.375,41.75,43.791666666666664,39.916666666666664,63.208333333333336,35.541666666666664,65.125,41.875,60.416666666666664,46.791666666666664,47.708333333333336,67.75,57.25,53.583333333333336
2009-02-26T00:00:00Z,70.33333333333333,70.33333333333333,61.041666666666664,70.625,63.25,71.41666666666667,70.16666666666667,74.70833333333333,72.25,53.416666666666664,64.625,56.833333333333336,58.666666666666664,57.125,70.125,51.125,67.54166666666667,58.5,73.79166666666667,60.916666666666664,64.08333333333333,68.29166666666667,59.125,66.75
2009-02-27T00:00:00Z,67.625,86.41666666666667,83.625,69.125,64.83333333333333,74.08333333333333,67.54166666666667,93.83333333333333,65.08333333333333,82.79166666666667,83.41666666666667,78.91666666666667,86.41666666666667,76.54166666666667,85.25,66.875,71.70833333333333,85.125,78.54166666666667,84.375,86.625,76.75,61.666666666666664,63.041666666666664
2009-02-28T00:00:00Z,92.45833333333333,95.29166666666667,91.54166666666667,97.45833333333333,84.125,93.70833333333333,97.45833333333333,99.125,96.04166666666667,91.91666666666667,92.875,93.125,94.75,98.79166666666667,94.75,85.20833333333333,94.75,70.33333333333333,93.29166666666667,98.29166666666667,92.375,97.5,90.20833333333333,97.5
2009-03-01T00:00:00Z,93.29166666666667,91.83333333333333,90.375,99.29166666666667,85.75,95.75,99.375,96.58333333333333,86.45833333333333,95.33333333333333,88.375,92.45833333333333,92.83333333333333,99.70833333333333,94.75,82.29166666666667,92.58333333333333,91.08333333333333,90.08333333333333,92.58333333333333,88.875,96.66666666666667,93.66666666666667,97.83333333333333
2009-03-02T00:00:00Z,84.66666666666667,63.333333333333336,68.04166666666667,77.25,71.91666666666667,81.875,77.25,66.58333333333333,77.58333333333333,74.125,54.458333333333336,76.875,59.041666666666664,82.25,79.08333333333333,70.875,74.875,67.875,78.08333333333333,51.833333333333336,56.25,81.70833333333333,73.08333333333333,83.95833333333333
2009-03-03T00:00:00Z,61.25,46.708333333333336,53.291666666666664,53,51.083333333333336,54.125,53.041666666666664,49.458333333333336,57.125,53.958333333333336,46.083333333333336,63,46.458333333333336,63.833333333333336,52.25,53.958333333333336,53.25,57.458333333333336,55.458333333333336,51.416666666666664,40.958333333333336,60.041666666666664,51.958333333333336,56.458333333333336
2009-03-04T00:00:00Z,65.5,53.291666666666664,53,59.208333333333336,54.916666666666664,61.166666666666664,59.041666666666664,51.333333333333336,61.833333333333336,58,44.833333333333336,62.041666666666664,54.708333333333336,66.45833333333333,56.291666666666664,54.583333333333336,55.916666666666664,59.5,56.375,61.416666666666664,54.208333333333336,61.041666666666664,52.083333333333336,60.583333333333336
2009-03-05T00:00:00Z,60.5,54.875,49.708333333333336,56.25,58.791666666666664,61.708333333333336,58.083333333333336,50.708333333333336,56.25,47.333333333333336,43.166666666666664,45.625,52.958333333333336,52.041666666666664,66.29166666666667,43.458333333333336,63.25,52.416666666666664,65.70833333333333,59.083333333333336,53.583333333333336,68.41666666666667,53.833333333333336,50.458333333333336
2009-03-06T00:00:00Z,63.541666666666664,63.791666666666664,63.833333333333336,64.95833333333333,61.125,65.54166666666667,65.08333333333333,62.75,64.29166666666667,57.5,60.958333333333336,58.291666666666664,56.208333333333336,58.416666666666664,81.54166666666667,50.833333333333336,63.375,64.375,76.83333333333333,59.083333333333336,57.791666666666664,65.04166666666667,53.916666666666664,58.166666666666664
2009-03-07T00:00:00Z,65.20833333333333,68.375,59.333333333333336,62.666666666666664,61.583333333333336,65.70833333333333,62.666666666666664,60.708333333333336,68.375,59.041666666666664,62.708333333333336,57.041666666666664,63.958333333333336,61.833333333333336,86.20833333333333,54.666666666666664,62.375,61.916666666666664,79.125,66.25,63.75,64.5,60,62.083333333333336
2009-03-08T00:00:00Z,57.130434782608695,63.78260869565217,54.608695652173914,58.391304347826086,56.73913043478261,60.69565217391305,58.391304347826086,53.130434782608695,61.95652173913044,49.82608695652174,57.130434782608695,45.69565217391305,58,50.91304347826087,84.47826086956522,42,59.69565217391305,53,78.3913043478261,61.391304347826086,59.43478260869565,60.17391304347826,49.73913043478261,56.73913043478261
2009-03-09T00:00:00Z,46.458333333333336,49.333333333333336,45.333333333333336,51.416666666666664,46.916666666666664,51.208333333333336,51.916666666666664,37.791666666666664,47.166666666666664,36.875,48.708333333333336,39.125,36.708333333333336,38.75,75.41666666666667,35.625,58.708333333333336,51.458333333333336,74.20833333333333,35.625,42.25,54.333333333333336,48.291666666666664,44.166666666666664
2009-03-10T00:00:00Z,70.54166666666667,57.25,41.083333333333336,63.083333333333336,68.95833333333333,70.16666666666667,63.041666666666664,49.625,62.041666666666664,45.75,40.25,46.625,44.291666666666664,59.5,75.79166666666667,43.791666666666664,65.16666666666667,41.625,74.16666666666667,48.125,43.25,67.70833333333333,83.66666666666667,65.16666666666667
2009-03-11T00:00:00Z,81.5,67.66666666666667,68.5,70.83333333333333,70.33333333333333,77.20833333333333,70.91666666666667,73.16666666666667,74.25,61.458333333333336,55.333333333333336,66.04166666666667,61.583333333333336,66.625,91.16666666666667,56.833333333333336,71.41666666666667,64,85,60.041666666666664,62.291666666666664,76.95833333333333,68.33333333333333,67.79166666666667
2009-03-12T00:00:00Z,36.458333333333336,49.166666666666664,37.791666666666664,41.541666666666664,41.541666666666664,48.458333333333336,41.708333333333336,53.333333333333336,36.833333333333336,31.75,38.666666666666664,32.125,41.875,35.833333333333336,63.583333333333336,28.375,50.75,38.166666666666664,58.125,40.208333333333336,28.583333333333332,48.708333333333336,54.916666666666664,36.208333333333336
2009-03-13T00:00:00Z,85.33333333333333,63.541666666666664,73.91666666666667,67.5,76.45833333333333,77.16666666666667,67.41666666666667,72.91666666666667,76.54166666666667,64.79166666666667,57.791666666666664,79.33333333333333,65.45833333333333,83.29166666666667,81,74.20833333333333,69,69.04166666666667,78.91666666666667,64.58333333333333,68.20833333333333,74.16666666666667,83.16666666666667,82.625
2009-03-14T00:00:00Z,95.16666666666667,96.66666666666667,90.41666666666667,97.29166666666667,83.08333333333333,94.04166666666667,97.16666666666667,98.83333333333333,91.20833333333333,93.125,87.125,95.08333333333333,93.58333333333333,99.91666666666667,91.125,83.70833333333333,86.5,91.29166666666667,88.875,96.04166666666667,91.875,91.08333333333333,90.95833333333333,99.70833333333333
2009-03-15T00:00:00Z,94.125,95,92.25,100,88.625,98.58333333333333,99.95833333333333,73.95833333333333,92.625,91.04166666666667,88.5,97.08333333333333,91.875,100,95.16666666666667,84.91666666666667,92.95833333333333,93.375,92.75,97.125,92.54166666666667,98.08333333333333,96.45833333333333,98.625
2009-03-16T00:00:00Z,94,96.41666666666667,92.375,99.95833333333333,87.83333333333333,96.25,99.95833333333333,99.45833333333333,92.33333333333333,91.45833333333333,90.95833333333333,93.29166666666667,95.25,100,96.16666666666667,84.58333333333333,96.20833333333333,91.83333333333333,93.16666666666667,98.75,94.58333333333333,97.375,96.95833333333333,99.75
2009-03-17T00:00:00Z,92.375,68.29166666666667,76.58333333333333,89.20833333333333,84.66666666666667,91.16666666666667,89.125,74.70833333333333,97.20833333333333,80.625,67.875,82.91666666666667,77.79166666666667,91.75,91.83333333333333,73.83333333333333,84.125,66.95833333333333,89.04166666666667,83.375,91.75,88.25,95.95833333333333,97.45833333333333
2009-03-18T00:00:00Z,81.45833333333333,68.75,75.54166666666667,72.58333333333333,72.5,75.375,74.33333333333333,76.375,74.66666666666667,72.91666666666667,63.125,80.125,68.66666666666667,81.83333333333333,82.70833333333333,74.41666666666667,73.20833333333333,66.83333333333333,79.33333333333333,69.79166666666667,74.66666666666667,75.91666666666667,74.375,69.41666666666667
2009-03-19T00:00:00Z,75.16666666666667,66.41666666666667,68.41666666666667,65.95833333333333,69.41666666666667,68.33333333333333,66,62.208333333333336,72,66.625,59.791666666666664,68.04166666666667,62.666666666666664,76.25,84.33333333333333,64.75,65.58333333333333,63.833333333333336,80.83333333333333,62.666666666666664,64.125,68.66666666666667,76.125,65.875
2009-03-20T00:00:00Z,67.20833333333333,41.083333333333336,42.916666666666664,62.375,73.79166666666667,72.04166666666667,62.541666666666664,39.791666666666664,70.16666666666667,35.708333333333336,35.791666666666664,47.916666666666664,35.916666666666664,62.041666666666664,73.58333333333333,49.708333333333336,60.583333333333336,39.083333333333336,69.29166666666667,37.375,36.333333333333336,66.70833333333333,81.45833333333333,69.08333333333333
2009-03-21T00:00:00Z,60.5,61.875,46.375,56.208333333333336,58.666666666666664,65.79166666666667,56,59.791666666666664,66.66666666666667,45.166666666666664,45.291666666666664,47.958333333333336,51.208333333333336,50.041666666666664,62.833333333333336,49.166666666666664,63.625,50.208333333333336,61.25,53.625,50.958333333333336,62.5,62.125,60.958333333333336
2009-03-22T00:00:00Z,65,58,56.416666666666664,59.166666666666664,62.625,65.75,59.208333333333336,51.958333333333336,62.75,46.625,51.375,52.208333333333336,55.833333333333336,57.166666666666664,64.33333333333333,51.875,62.791666666666664,57.291666666666664,64.91666666666667,61.125,58.333333333333336,65.75,67.45833333333333,62.666666666666664
2009-03-23T00:00:00Z,66.66666666666667,58.625,46.083333333333336,57.916666666666664,61.041666666666664,71.75,57.916666666666664,43.416666666666664,65.625,44.833333333333336,43.791666666666664,44.833333333333336,48.125,59.541666666666664,69.54166666666667,47.333333333333336,65.79166666666667,50.75,68.5,52.125,46.75,71.41666666666667,58.666666666666664,62.458333333333336
2009-03-24T00:00:00Z,53.708333333333336,67.04166666666667,53.791666666666664,59.375,49.208333333333336,53,59.416666666666664,60.416666666666664,57.5,46.291666666666664,52.625,48.791666666666664,57.708333333333336,51,51.208333333333336,42.791666666666664,62.833333333333336,56.208333333333336,55.25,54.583333333333336,39.083333333333336,57.708333333333336,51.041666666666664,49.333333333333336
2009-03-25T00:00:00Z,70.79166666666667,94.83333333333333,71.25,65.08333333333333,64.29166666666667,68.375,65.08333333333333,91.70833333333333,62.083333333333336,59.583333333333336,88.25,56.916666666666664,89.04166666666667,51.041666666666664,67.41666666666667,48.166666666666664,71.04166666666667,72.45833333333333,71.33333333333333,90.58333333333333,80.45833333333333,68.79166666666667,65.08333333333333,58.916666666666664
2009-03-26T00:00:00Z,69.08333333333333,96.375,94.08333333333333,92,81.83333333333333,90.04166666666667,92,96.875,97.91666666666667,93.70833333333333,91.375,94.29166666666667,96.16666666666667,98.29166666666667,87.75,83.20833333333333,88.41666666666667,88.45833333333333,79.66666666666667,96.91666666666667,80.79166666666667,89.16666666666667,85.125,93.20833333333333
2009-03-27T00:00:00Z,95,97.54166666666667,91.91666666666667,94,89.79166666666667,86.25,93.95833333333333,99.29166666666667,98.08333333333333,91.66666666666667,92,94.75,97.58333333333333,99.91666666666667,89.75,85.91666666666667,76.29166666666667,84.79166666666667,84.54166666666667,96.75,92.20833333333333,81.95833333333333,96.20833333333333,97.875
2009-03-28T00:00:00Z,93.625,96.75,92.54166666666667,92.45833333333333,83.04166666666667,89.66666666666667,92.54166666666667,90.29166666666667,95.91666666666667,92.20833333333333,91.29166666666667,92.25,95.45833333333333,68.625,94.95833333333333,83.54166666666667,87.875,76.04166666666667,90.875,100,95.125,89.79166666666667,94.04166666666667,89.08333333333333
2009-03-29T00:00:00Z,65.95833333333333,69.95833333333333,67,65.08333333333333,66.04166666666667,72.25,64.95833333333333,80.125,70.58333333333333,64.66666666666667,64.95833333333333,62.833333333333336,66.20833333333333,30.708333333333332,85.45833333333333,57,71.54166666666667,58.791666666666664,81.45833333333333,65.70833333333333,66.79166666666667,69.83333333333333,66,61.625
2009-03-30T00:00:00Z,50.125,43.791666666666664,52.625,50.333333333333336,45.375,53.791666666666664,50.083333333333336,51.083333333333336,51.041666666666664,46.25,47.375,48,44.166666666666664,48.291666666666664,55.958333333333336,48.291666666666664,52.291666666666664,53.916666666666664,59.75,47.833333333333336,40.166666666666664,52.291666666666664,43.875,46.916666666666664
2009-03-31T00:00:00Z,67.04166666666667,70.41666666666667,48.625,64,60.875,68.04166666666667,64,56.5,59.333333333333336,39.25,55.541666666666664,44.291666666666664,64.66666666666667,46.208333333333336,68.95833333333333,51.416666666666664,71.20833333333333,57.625,69.91666666666667,64.83333333333333,49.458333333333336,68.20833333333333,68.875,63.708333333333336
2009-04-01T00:00:00Z,84.33333333333333,81,78.25,90.625,74.79166666666667,88.125,90.58333333333333,90.66666666666667,92.75,83.41666666666667,77.58333333333333,84.29166666666667,86.54166666666667,38.75,76.91666666666667,78.29166666666667,85.66666666666667,76.79166666666667,82.29166666666667,89.125,82.33333333333333,88.375,77.58333333333333,85.91666666666667
2009-04-02T00:00:00Z,90.75,90.83333333333333,88.83333333333333,99.20833333333333,85.29166666666667,96,99.25,99.75,99.91666666666667,92.08333333333333,86.58333333333333,93.83333333333333,93.375,35.458333333333336,90.625,90.16666666666667,95.41666666666667,88.54166666666667,92.25,94.25,94.41666666666667,97.66666666666667,89.04166666666667,99.5
2009-04-03T00:00:00Z,65.54166666666667,69.29166666666667,61.916666666666664,65.04166666666667,59.541666666666664,66.66666666666667,64.95833333333333,85.125,68.66666666666667,62.916666666666664,63.125,63.625,66.45833333333333,30.041666666666668,83.70833333333333,61.083333333333336,65.66666666666667,56.666666666666664,79.91666666666667,65.83333333333333,68.625,65.29166666666667,66.45833333333333,63.041666666666664
2009-04-04T00:00:00Z,46.166666666666664,49.083333333333336,47.666666666666664,50.291666666666664,43.625,49.666666666666664,49.833333333333336,50.333333333333336,47.833333333333336,40.375,57,42.833333333333336,40.041666666666664,39.416666666666664,58.458333333333336,44.541666666666664,50.708333333333336,52.375,51.458333333333336,35.625,39.041666666666664,49.166666666666664,39.666666666666664,45.666666666666664
2009-04-05T00:00:00Z,54.208333333333336,59.958333333333336,52.916666666666664,62.75,50.791666666666664,62.083333333333336,62.208333333333336,48.333333333333336,56.041666666666664,42.75,52.75,42.416666666666664,50.75,31.5,64.79166666666667,46.875,63.958333333333336,57.125,72.20833333333333,52.125,47.375,68.625,47.208333333333336,51.041666666666664
2009-04-06T00:00:00Z,75.25,67.91666666666667,61.833333333333336,60.958333333333336,71.875,68.5,60.875,80.41666666666667,71.66666666666667,63.875,55.166666666666664,62.541666666666664,61.583333333333336,35.833333333333336,84.375,63.125,68.875,51.75,78.66666666666667,62,60.208333333333336,68.83333333333333,74.08333333333333,74.375
2009-04-07T00:00:00Z,54,68.66666666666667,45.916666666666664,44.666666666666664,46.708333333333336,47.458333333333336,44.708333333333336,77.875,46.041666666666664,46.375,47.458333333333336,42.708333333333336,52.416666666666664,62.875,46.875,44.083333333333336,46.416666666666664,46.125,47.291666666666664,54.583333333333336,46.583333333333336,47.916666666666664,46.583333333333336,46.875
2009-04-08T00:00:00Z,56.625,44.5,46.333333333333336,48.208333333333336,45.916666666666664,50.708333333333336,48.291666666666664,58.166666666666664,47.958333333333336,47.416666666666664,43.291666666666664,45.625,44.375,59.75,46.333333333333336,46.5,52.666666666666664,51.125,50.875,44.625,45.333333333333336,53.791666666666664,42.833333333333336,47.333333333333336
2009-04-09T00:00:00Z,64.29166666666667,39.5,42.375,50.333333333333336,57.041666666666664,55.708333333333336,50.458333333333336,50.791666666666664,52.041666666666664,44.083333333333336,41.416666666666664,43.25,45.041666666666664,43.458333333333336,62.916666666666664,48.541666666666664,51.375,44.333333333333336,56.25,50.083333333333336,46.916666666666664,51.583333333333336,54.958333333333336,55.791666666666664
2009-04-10T00:00:00Z,60.666666666666664,80.375,76.91666666666667,64.79166666666667,59.5,69.625,64.75,74.5,65.375,67.625,78.75,69.45833333333333,79.04166666666667,35.75,81.25,67,67.66666666666667,73.83333333333333,80.875,83.125,75.41666666666667,71.66666666666667,54.791666666666664,58.625
2009-04-11T00:00:00Z,79.70833333333333,77.41666666666667,65.375,70.75,73.29166666666667,73.16666666666667,70.95833333333333,74.875,75.29166666666667,62.541666666666664,66.58333333333333,65.04166666666667,64.79166666666667,35.875,80.41666666666667,62.166666666666664,67.16666666666667,60.875,71.41666666666667,70.5,69.04166666666667,72.04166666666667,79.5,74.16666666666667
2009-04-12T00:00:00Z,57.875,60.166666666666664,48.041666666666664,57.208333333333336,51.291666666666664,65.58333333333333,57.166666666666664,46.375,58,41.958333333333336,48.958333333333336,46.375,49,50.875,58.25,45.416666666666664,66.70833333333333,51.916666666666664,69.875,59.291666666666664,45.041666666666664,67.625,52.083333333333336,58.208333333333336
2009-04-13T00:00:00Z,72.25,85.875,67.83333333333333,79.91666666666667,66.25,77.08333333333333,79.70833333333333,80.29166666666667,82.33333333333333,59.125,74.66666666666667,63.291666666666664,77.25,48.583333333333336,56.958333333333336,64.875,75.54166666666667,69.41666666666667,74.58333333333333,83.79166666666667,64.66666666666667,81,67.75,74.54166666666667
2009-04-14T00:00:00Z,89.375,89.08333333333333,86.04166666666667,91.625,81.58333333333333,93.25,91.91666666666667,95.70833333333333,98.08333333333333,90.25,80.29166666666667,91.16666666666667,92.04166666666667,39,88.20833333333333,85.95833333333333,81.08333333333333,81.45833333333333,87.58333333333333,91.125,91.5,92.16666666666667,89.91666666666667,90.54166666666667
2009-04-15T00:00:00Z,89.04166666666667,69.20833333333333,61.583333333333336,73.54166666666667,82.79166666666667,86.54166666666667,80.33333333333333,79.625,85.08333333333333,66.45833333333333,53.625,68.54166666666667,60.166666666666664,45.833333333333336,89.33333333333333,73.875,79.91666666666667,56,86.79166666666667,58.208333333333336,71.375,84.83333333333333,90,82.95833333333333
2009-04-16T00:00:00Z,55.708333333333336,59.291666666666664,45.291666666666664,48.291666666666664,55.458333333333336,57.041666666666664,54.125,60.083333333333336,52.125,47.166666666666664,48.791666666666664,45.25,53.208333333333336,47.75,76.16666666666667,48.083333333333336,52.833333333333336,51.5,64.20833333333333,58.75,52.291666666666664,54.083333333333336,55.666666666666664,50.041666666666664
2009-04-17T00:00:00Z,56.375,56.541666666666664,43.333333333333336,38.791666666666664,55.25,59.25,48.25,50.208333333333336,46.125,40.291666666666664,43.083333333333336,44.041666666666664,52.916666666666664,44.75,62.833333333333336,48.25,50.916666666666664,49.708333333333336,62.208333333333336,58.958333333333336,51.666666666666664,58.416666666666664,54.25,51.416666666666664
2009-04-18T00:00:00Z,52.5,51.5,45.416666666666664,49.083333333333336,48.083333333333336,53.375,50.333333333333336,40.125,49.458333333333336,38.583333333333336,42.625,36.541666666666664,47.375,38.875,69.33333333333333,39.583333333333336,55.625,51.666666666666664,66.5,52.291666666666664,48.291666666666664,56.291666666666664,48.75,46.166666666666664
2009-04-19T00:00:00Z,62.375,73.79166666666667,63.541666666666664,60.375,49.5,64.29166666666667,66.33333333333333,58.75,64.125,57.666666666666664,61.333333333333336,54.875,68.41666666666667,61.041666666666664,77.58333333333333,60.625,65.41666666666667,66.79166666666667,77.41666666666667,77.125,66.83333333333333,68.375,62.833333333333336,57.708333333333336
2009-04-20T00:00:00Z,82.54166666666667,74.79166666666667,69.70833333333333,67.45833333333333,78.16666666666667,77.5,79.625,81.33333333333333,85.66666666666667,71.33333333333333,66.79166666666667,65.04166666666667,74.45833333333333,80.20833333333333,89.79166666666667,65.66666666666667,72.875,70.625,86.29166666666667,73.75,87.41666666666667,78.08333333333333,85.375,74.83333333333333
2009-04-21T00:00:00Z,73.95833333333333,54.375,51.625,56.041666666666664,66.95833333333333,68.25,65,56.791666666666664,71.66666666666667,54.083333333333336,52.083333333333336,57.958333333333336,51.333333333333336,66.20833333333333,82.20833333333333,64.75,62.166666666666664,55.25,82.125,55.291666666666664,58.25,65,75.83333333333333,65.45833333333333
2009-04-22T00:00:00Z,65.5,41,42.625,41,61.291666666666664,54.166666666666664,52.166666666666664,44.416666666666664,53.541666666666664,37,36.375,40.458333333333336,37.208333333333336,56.75,58.958333333333336,46.166666666666664,47.333333333333336,46.5,53.875,34.916666666666664,39.916666666666664,50.541666666666664,65.625,51.875
2009-04-23T00:00:00Z,51.416666666666664,49.75,47.958333333333336,43.583333333333336,47.416666666666664,53.083333333333336,50.333333333333336,38.958333333333336,45.875,38.5,42.666666666666664,44.041666666666664,37.083333333333336,44.791666666666664,53.125,44.625,50.458333333333336,52.166666666666664,64.25,38.625,46.416666666666664,54.916666666666664,49.041666666666664,45.041666666666664
2009-04-24T00:00:00Z,65.20833333333333,62.166666666666664,50.666666666666664,71.16666666666667,63.208333333333336,75.58333333333333,76.66666666666667,42.791666666666664,74.16666666666667,44.166666666666664,50.125,51.75,53.791666666666664,56.666666666666664,80.75,55.166666666666664,74.5,56,84.16666666666667,52.208333333333336,49.291666666666664,78.04166666666667,61.291666666666664,66.79166666666667
2009-04-25T00:00:00Z,70.95833333333333,60.375,55.583333333333336,69.375,64.70833333333333,72.20833333333333,74.625,45.083333333333336,72.70833333333333,49.958333333333336,51.833333333333336,50.5,57.666666666666664,63.25,80.91666666666667,57.416666666666664,69.95833333333333,58.5,78.875,58.875,54.25,73.70833333333333,65.79166666666667,69.875
2009-04-26T00:00:00Z,62.916666666666664,57.708333333333336,57.583333333333336,67.29166666666667,57.833333333333336,73.54166666666667,70.125,49.5,67.54166666666667,50.541666666666664,55.25,51.125,50.375,55.333333333333336,85.375,53.375,73.66666666666667,60.458333333333336,86.70833333333333,57.083333333333336,55.916666666666664,78.125,58.166666666666664,59.916666666666664
2009-04-27T00:00:00Z,62.375,58.375,59.5,63.666666666666664,57.125,69.875,68.5,53.583333333333336,66.625,51.333333333333336,61.416666666666664,52.291666666666664,53.333333333333336,57.916666666666664,83.45833333333333,52.916666666666664,73.66666666666667,59.125,84.08333333333333,55.875,56.041666666666664,71,54.666666666666664,57.958333333333336
2009-04-28T00:00:00Z,64.54166666666667,67.625,61.958333333333336,64.25,56.583333333333336,73.08333333333333,69.75,64.20833333333333,67.625,56.208333333333336,62.583333333333336,59.875,59.791666666666664,56.791666666666664,80.58333333333333,56.75,71.20833333333333,65.125,80.875,66,61.875,78.25,49.125,63.375
2009-04-29T00:00:00Z,77.29166666666667,67.04166666666667,63.625,63.291666666666664,71.79166666666667,74.29166666666667,72.20833333333333,76.91666666666667,74.41666666666667,64.25,61.541666666666664,63.083333333333336,64.45833333333333,72.04166666666667,79.25,64.625,70.29166666666667,66,81.20833333333333,70.41666666666667,72.79166666666667,76.5,76.33333333333333,69.83333333333333
2009-04-30T00:00:00Z,83.70833333333333,70.91666666666667,68.5,78.29166666666667,76.29166666666667,82.79166666666667,85.83333333333333,94.04166666666667,86.75,77.58333333333333,65.54166666666667,78.04166666666667,79.41666666666667,86.75,80.5,76.70833333333333,86.16666666666667,71.79166666666667,81.25,80.83333333333333,87.83333333333333,85.5,82.29166666666667,80.875
2009-05-01T00:00:00Z,76.66666666666667,70.29166666666667,66.95833333333333,69,67.20833333333333,76.79166666666667,75.91666666666667,73.41666666666667,80.375,69.95833333333333,61.583333333333336,68.04166666666667,70.83333333333333,76.375,81,71.70833333333333,74,66.79166666666667,80.5,75.5,85.66666666666667,79.45833333333333,68.29166666666667,76.41666666666667
2009-05-02T00:00:00Z,75.91666666666667,84.45833333333333,73.83333333333333,61.291666666666664,68,81.04166666666667,68.83333333333333,76.95833333333333,73.875,68.58333333333333,74.08333333333333,68.5,72.70833333333333,76.33333333333333,82.83333333333333,69.29166666666667,71.58333333333333,72.25,82.45833333333333,75.29166666666667,83.83333333333333,82.70833333333333,73.75,69.45833333333333
2009-05-03T00:00:00Z,69.41666666666667,85.70833333333333,75.45833333333333,62.375,67.91666666666667,76.45833333333333,71.70833333333333,84.125,74.45833333333333,72.45833333333333,75.45833333333333,70,81.83333333333333,71.83333333333333,84.25,68.91666666666667,70.70833333333333,75.04166666666667,87.70833333333333,85.625,91.5,77.66666666666667,83.125,63.958333333333336
2009-05-04T00:00:00Z,70.95833333333333,83.16666666666667,71.95833333333333,68.16666666666667,72.25,80.08333333333333,74.08333333333333,70.16666666666667,73.875,64.70833333333333,79.5,65.375,73.875,69.91666666666667,84.83333333333333,63.416666666666664,73.29166666666667,73.33333333333333,86.41666666666667,73.79166666666667,83.20833333333333,83.83333333333333,87.41666666666667,67.79166666666667
2009-05-05T00:00:00Z,94.83333333333333,85,89.66666666666667,80.16666666666667,83.5,91,89.95833333333333,80.875,99.54166666666667,93.875,81.875,92.41666666666667,92.375,97.54166666666667,83.25,90.54166666666667,78.875,76.79166666666667,83.25,95.79166666666667,89.83333333333333,90.75,95.5,97.29166666666667
2009-05-06T00:00:00Z,89.5,89,86.04166666666667,70.58333333333333,73.08333333333333,81.70833333333333,78.20833333333333,77.33333333333333,82.29166666666667,88.08333333333333,88,82.875,93.83333333333333,91.125,84.95833333333333,82.54166666666667,73.33333333333333,81.79166666666667,84.20833333333333,96.08333333333333,93.875,84.54166666666667,92.08333333333333,83.04166666666667
2009-05-07T00:00:00Z,83.04166666666667,76,76.125,68.625,74.16666666666667,85.625,85.25,76,91.04166666666667,73.08333333333333,73.20833333333333,73.54166666666667,82.16666666666667,76.5,85.20833333333333,71.25,77.33333333333333,77.29166666666667,87.29166666666667,78.58333333333333,78.91666666666667,87.04166666666667,78.16666666666667,79.66666666666667
2009-05-08T00:00:00Z,79.41666666666667,87.33333333333333,85.54166666666667,71,73.95833333333333,77.45833333333333,80.70833333333333,53.833333333333336,88.41666666666667,74.95833333333333,82.41666666666667,81.45833333333333,86.41666666666667,77.95833333333333,83.04166666666667,72.75,74.25,83.125,85.95833333333333,87.5,82.08333333333333,81.41666666666667,72.875,77.25
2009-05-09T00:00:00Z,74.16666666666667,80,76.29166666666667,55.166666666666664,62.125,72.33333333333333,65.25,54.75,73,75.875,71.45833333333333,77.16666666666667,79,78.66666666666667,82.875,72.95833333333333,67.75,79.04166666666667,85.16666666666667,76.25,77.20833333333333,72.625,68.375,61.041666666666664
2009-05-10T00:00:00Z,68.91666666666667,60.75,64.41666666666667,57.333333333333336,57.458333333333336,66.16666666666667,63.5,36.791666666666664,66.29166666666667,51.5,57.75,72.33333333333333,65.125,62.625,64.375,66.5,65.375,70.04166666666667,70.41666666666667,58.875,48.583333333333336,69.125,58.833333333333336,60.583333333333336
2009-05-11T00:00:00Z,76.125,84.66666666666667,80.29166666666667,77.83333333333333,67.66666666666667,84.625,84.79166666666667,80.125,81.375,80.125,74.29166666666667,83.625,85.5,80.25,83.04166666666667,73.08333333333333,84.20833333333333,79.20833333333333,83.625,79.04166666666667,79.33333333333333,85.20833333333333,69.91666666666667,75.58333333333333
2009-05-12T00:00:00Z,75.70833333333333,71.375,65,64.33333333333333,70.33333333333333,70.66666666666667,71.75,61.166666666666664,73.33333333333333,63.75,65.54166666666667,72.04166666666667,68.83333333333333,72.04166666666667,68.5,66.875,71.66666666666667,70.83333333333333,69.83333333333333,81.125,68.70833333333333,72.70833333333333,74.29166666666667,68.33333333333333
2009-05-13T00:00:00Z,69.375,70.83333333333333,62.75,61.416666666666664,64.75,71.95833333333333,68.625,71,71.58333333333333,57.458333333333336,65.66666666666667,65.125,69.41666666666667,65.91666666666667,66.20833333333333,61.416666666666664,67.41666666666667,69.41666666666667,62.5,71.83333333333333,59,65.45833333333333,67.29166666666667,65.875
2009-05-14T00:00:00Z,80.83333333333333,81.16666666666667,72.79166666666667,85.25,68.33333333333333,83.04166666666667,93.29166666666667,78.33333333333333,89.16666666666667,71.25,71.45833333333333,78.125,74.95833333333333,82.95833333333333,66.5,76.83333333333333,86.04166666666667,76.625,78.875,79.83333333333333,76.91666666666667,87.08333333333333,74.79166666666667,78.16666666666667
2009-05-15T00:00:00Z,84.33333333333333,88.33333333333333,77.70833333333333,79.29166666666667,75.45833333333333,86.625,89.5,75.79166666666667,86.16666666666667,81.79166666666667,74.54166666666667,85.375,82.20833333333333,83.375,86.375,75.33333333333333,86,77.58333333333333,89.375,90,86.25,89.54166666666667,86.54166666666667,80.58333333333333
2009-05-16T00:00:00Z,78.58333333333333,86.91666666666667,81.08333333333333,76.79166666666667,78.66666666666667,90.375,85.375,76.41666666666667,87.83333333333333,76.625,83,78.54166666666667,82.16666666666667,80.375,84.91666666666667,76.75,80.75,84.375,87.29166666666667,86.45833333333333,83.08333333333333,91.08333333333333,85.54166666666667,83.16666666666667
2009-05-17T00:00:00Z,73.83333333333333,87.79166666666667,83.5,81.54166666666667,83.04166666666667,92.16666666666667,89.91666666666667,74.75,92.54166666666667,82,82.91666666666667,83.16666666666667,87.75,87.70833333333333,86.20833333333333,82.91666666666667,88.66666666666667,75.95833333333333,88.79166666666667,89.83333333333333,78.66666666666667,94.16666666666667,84.66666666666667,93.04166666666667
2009-05-18T00:00:00Z,70.33333333333333,61.5,55.75,74.08333333333333,66.04166666666667,77.625,82.29166666666667,52.208333333333336,79.79166666666667,52.875,55.083333333333336,59.583333333333336,58.708333333333336,57.458333333333336,77.79166666666667,54.875,79.83333333333333,60.791666666666664,81.79166666666667,63.708333333333336,48.333333333333336,80.04166666666667,58.416666666666664,74.95833333333333
2009-05-19T00:00:00Z,65.91666666666667,58.833333333333336,48.416666666666664,54.583333333333336,58.25,67.70833333333333,63.958333333333336,54.083333333333336,63.125,50.041666666666664,44.333333333333336,51.041666666666664,55.25,61.541666666666664,71.5,50.791666666666664,66.25,51.958333333333336,70.79166666666667,59.333333333333336,54.333333333333336,69.5,58.291666666666664,62.041666666666664
2009-05-20T00:00:00Z,70.16666666666667,58.458333333333336,48.333333333333336,69.66666666666667,71.33333333333333,81.125,77.70833333333333,50.708333333333336,77.5,48.416666666666664,38.625,52.875,51.5,60.125,79.83333333333333,56.083333333333336,77.625,47.958333333333336,84.54166666666667,57.916666666666664,53.416666666666664,84.79166666666667,74.45833333333333,73.16666666666667
2009-05-21T00:00:00Z,76.125,67.20833333333333,64.16666666666667,67.45833333333333,73,76.45833333333333,73.66666666666667,72.16666666666667,73.20833333333333,58.708333333333336,59.375,66.54166666666667,68.04166666666667,66.66666666666667,72.20833333333333,60.958333333333336,76.83333333333333,69.91666666666667,76.16666666666667,68.125,69.08333333333333,77.5,80.08333333333333,72.29166666666667
2009-05-22T00:00:00Z,76.20833333333333,75.5,63.958333333333336,67.20833333333333,74.5,80.25,76.79166666666667,60.791666666666664,78.04166666666667,63.166666666666664,65.625,69.83333333333333,71,71.45833333333333,78.29166666666667,67.75,80,73.29166666666667,79.625,75.5,70.33333333333333,81.04166666666667,76.25,75.33333333333333
2009-05-23T00:00:00Z,76.45833333333333,80.95833333333333,75.16666666666667,70.125,73.83333333333333,78.70833333333333,81.25,49.25,81.79166666666667,71.375,79.625,76.66666666666667,78.875,70.83333333333333,77.25,68.41666666666667,79.41666666666667,83.20833333333333,78.45833333333333,78.875,76.29166666666667,83.375,74.91666666666667,74.29166666666667
2009-05-24T00:00:00Z,84.70833333333333,90.625,85.125,70.75,78.5,83.54166666666667,77.5,29.5,85.08333333333333,82,85.375,84.16666666666667,88.91666666666667,77.33333333333333,79.91666666666667,78.875,77.70833333333333,82.95833333333333,80.375,92.41666666666667,88.29166666666667,82.29166666666667,80.95833333333333,85.70833333333333
2009-05-25T00:00:00Z,79.20833333333333,87.58333333333333,85.625,77.75,73.375,84.125,89.66666666666667,70.16666666666667,83.75,79.66666666666667,79.25,85.20833333333333,86.33333333333333,87,82,77.08333333333333,78.75,84.79166666666667,82.58333333333333,91.125,90.625,84.04166666666667,80.29166666666667,78.375
2009-05-26T00:00:00Z,78.41666666666667,84.95833333333333,80.125,85.75,75.08333333333333,80.91666666666667,93.41666666666667,78.33333333333333,88.5,82.33333333333333,80.625,90.29166666666667,85.41666666666667,88.66666666666667,77.45833333333333,85.70833333333333,88.66666666666667,77.08333333333333,77.58333333333333,86.625,84.33333333333333,85.25,83.83333333333333,76.58333333333333
2009-05-27T00:00:00Z,80.20833333333333,88.08333333333333,83.16666666666667,70.625,79.79166666666667,90.25,76.20833333333333,84.08333333333333,73.95833333333333,76.125,83.875,79.625,83.375,81.41666666666667,84.08333333333333,75.95833333333333,73.66666666666667,81.04166666666667,88,91.125,90.91666666666667,83.66666666666667,89.41666666666667,74.875
2009-05-28T00:00:00Z,81.58333333333333,87.95833333333333,83.91666666666667,79.20833333333333,75.625,86.79166666666667,83.5,80.875,85.375,81.95833333333333,79.91666666666667,87.25,85.75,81.625,84.16666666666667,82.29166666666667,81.33333333333333,80.125,87.45833333333333,88.08333333333333,91.58333333333333,87.04166666666667,85.45833333333333,77.08333333333333
2009-05-29T00:00:00Z,80.95833333333333,79.25,73.54166666666667,76.75,71.33333333333333,82.16666666666667,85.79166666666667,73.25,84.83333333333333,75.625,68.5,74.04166666666667,81.79166666666667,82.625,84.08333333333333,75.375,80.70833333333333,75.91666666666667,87.70833333333333,75.75,83.625,83.04166666666667,72.5,81.625
2009-05-30T00:00:00Z,63.75,67.375,60.958333333333336,71.33333333333333,65.625,80.875,76.66666666666667,70.58333333333333,70.83333333333333,59.75,52.625,63.541666666666664,60.541666666666664,68.41666666666667,77.41666666666667,63.333333333333336,77.875,63.125,79.25,66.375,65.54166666666667,80.83333333333333,66.25,70.45833333333333
2009-05-31T00:00:00Z,73.375,64.70833333333333,58.875,61.833333333333336,62.625,72.16666666666667,68.91666666666667,73.625,65.54166666666667,58.666666666666664,54,62.083333333333336,57.791666666666664,67,80.29166666666667,67.58333333333333,68.375,63.583333333333336,81.125,60.375,66.45833333333333,74.66666666666667,66.16666666666667,67.95833333333333
2009-06-01T00:00:00Z,57.375,68.79166666666667,56.125,75.875,64.41666666666667,79.41666666666667,84.33333333333333,72,67,56.125,52.458333333333336,58.375,63.583333333333336,57.583333333333336,76.5,59.208333333333336,77.83333333333333,61.833333333333336,81.20833333333333,70.79166666666667,66.66666666666667,82.375,64.20833333333333,67
2009-06-02T00:00:00Z,71,71.5,64.83333333333333,69.70833333333333,65.58333333333333,78.375,74.29166666666667,66.83333333333333,73.375,61.708333333333336,62.291666666666664,64.75,68.45833333333333,65.20833333333333,85,62.458333333333336,76.16666666666667,71.58333333333333,85.29166666666667,72.75,67.83333333333333,80.875,63.958333333333336,69
2009-06-03T00:00:00Z,68.75,75.375,65.04166666666667,70.66666666666667,63.166666666666664,78.83333333333333,76.625,79.41666666666667,73.29166666666667,69.16666666666667,63.875,64.29166666666667,73.375,72.54166666666667,79.41666666666667,65.29166666666667,74.75,73.875,82.04166666666667,77.58333333333333,77.66666666666667,81.41666666666667,66.04166666666667,67.91666666666667
2009-06-04T00:00:00Z,73.04166666666667,90.45833333333333,80.29166666666667,76.125,71.29166666666667,83.08333333333333,83.91666666666667,85.375,81.75,84.04166666666667,83,81.95833333333333,88.58333333333333,84.25,79.16666666666667,79.625,78.41666666666667,81.04166666666667,83.66666666666667,94.45833333333333,88.20833333333333,84,89.58333333333333,77.125
2009-06-05T00:00:00Z,75.79166666666667,84.58333333333333,85.54166666666667,76.79166666666667,77.95833333333333,84.29166666666667,86.29166666666667,87.58333333333333,84.5,87.70833333333333,81.54166666666667,87.45833333333333,89.20833333333333,93.79166666666667,84.58333333333333,88.58333333333333,77.58333333333333,80.70833333333333,84.54166666666667,89.54166666666667,84.75,88.08333333333333,91.5,84.66666666666667
2009-06-06T00:00:00Z,75.54166666666667,71.25,72.95833333333333,82.08333333333333,78.54166666666667,91.83333333333333,94,74.79166666666667,93.25,72.70833333333333,72.20833333333333,76.875,72.54166666666667,82.20833333333333,84.16666666666667,76.70833333333333,85.29166666666667,78.125,86.45833333333333,75.95833333333333,72.54166666666667,91.625,84.41666666666667,87.375
2009-06-07T00:00:00Z,86.91666666666667,73.25,69.33333333333333,80.83333333333333,73.45833333333333,81.25,87.875,80.54166666666667,85.33333333333333,67.75,70.58333333333333,76.75,74.58333333333333,76.04166666666667,80.70833333333333,73.5,80.83333333333333,73.625,82.41666666666667,79.66666666666667,77.83333333333333,85.41666666666667,81.91666666666667,75.66666666666667
2009-06-08T00:00:00Z,79.66666666666667,83.16666666666667,71.41666666666667,75.25,72.75,82.58333333333333,84.41666666666667,80.04166666666667,80.79166666666667,67.5,67.16666666666667,84.83333333333333,74.25,77.08333333333333,83.375,74.125,79.16666666666667,75.20833333333333,84.625,81.04166666666667,76.16666666666667,84.41666666666667,83.25,75.875
2009-06-09T00:00:00Z,83.16666666666667,73.41666666666667,68.08333333333333,75.04166666666667,78.79166666666667,82.375,84.5,73.125,87.04166666666667,65.25,63.416666666666664,73.875,73.70833333333333,73.25,83.625,71,80.08333333333333,75.20833333333333,84.5,80.08333333333333,75.875,84.25,78.58333333333333,76.83333333333333
2009-06-10T00:00:00Z,77.66666666666667,85.375,73.79166666666667,74.875,69.75,77.16666666666667,83.79166666666667,91,82.79166666666667,74.20833333333333,73.20833333333333,81.16666666666667,80.5,84.08333333333333,71.79166666666667,79.70833333333333,75.66666666666667,77.95833333333333,72.58333333333333,85.54166666666667,84.20833333333333,80.08333333333333,70.20833333333333,77.91666666666667
2009-06-11T00:00:00Z,81.29166666666667,87.70833333333333,80.66666666666667,75.20833333333333,69.54166666666667,79.91666666666667,81.29166666666667,85.95833333333333,81.20833333333333,81.75,80.45833333333333,85.95833333333333,88,85.16666666666667,80.08333333333333,79.75,78.25,78.58333333333333,81.58333333333333,94.625,91.91666666666667,84.58333333333333,70.04166666666667,74.91666666666667
2009-06-12T00:00:00Z,74.875,75.91666666666667,78.25,70.75,70.58333333333333,77.79166666666667,76.16666666666667,74.25,79.125,71.08333333333333,71.875,78.08333333333333,73.75,80.54166666666667,79.375,75,70.5,78.25,82.16666666666667,76.58333333333333,78.54166666666667,78.70833333333333,70.16666666666667,72.875
2009-06-13T00:00:00Z,78.04166666666667,72.33333333333333,68.91666666666667,69.54166666666667,80.75,80.125,72.66666666666667,75.58333333333333,78.70833333333333,64.79166666666667,69.75,72.125,69.75,79.08333333333333,83.125,70.125,67.83333333333333,72.75,79.91666666666667,74.95833333333333,74.83333333333333,78.70833333333333,84.875,75.91666666666667
2009-06-14T00:00:00Z,72.70833333333333,73.45833333333333,66.58333333333333,75.125,79.08333333333333,81.70833333333333,77.83333333333333,77.54166666666667,78.41666666666667,67.625,68.04166666666667,72,71.16666666666667,76.33333333333333,80.04166666666667,69.125,77.625,70.5,81.20833333333333,75.33333333333333,74.66666666666667,87.75,83.41666666666667,79.54166666666667
2009-06-15T00:00:00Z,75,83.75,73.79166666666667,77.20833333333333,74.20833333333333,72.625,84.95833333333333,93.70833333333333,85.25,73.83333333333333,77.16666666666667,80.16666666666667,86.125,92.79166666666667,73.625,79.66666666666667,78.95833333333333,78.29166666666667,72.875,89.04166666666667,84.5,69.45833333333333,81.33333333333333,80.66666666666667
2009-06-16T00:00:00Z,85.08333333333333,87.20833333333333,79.08333333333333,80,71.29166666666667,87.5,91.29166666666667,97.45833333333333,99.41666666666667,87.75,80.875,90,86.75,90.16666666666667,79.16666666666667,86.875,82.54166666666667,77.29166666666667,79.04166666666667,91,91,89.125,78.91666666666667,87.58333333333333
2009-06-17T00:00:00Z,81.91666666666667,89.20833333333333,85.08333333333333,73.25,71.08333333333333,84.20833333333333,84.20833333333333,98.16666666666667,92.29166666666667,88.29166666666667,84.66666666666667,86.83333333333333,93.33333333333333,87.66666666666667,68.29166666666667,82.75,73.54166666666667,89.20833333333333,75.83333333333333,96.125,95,81.125,77.66666666666667,83
2009-06-18T00:00:00Z,84.33333333333333,87.375,77,72.79166666666667,74.625,86.29166666666667,80.5,85.45833333333333,88.125,74.66666666666667,80.29166666666667,79.75,81.375,82.25,76.04166666666667,77.375,77,75.70833333333333,79.66666666666667,88.16666666666667,86.29166666666667,85.375,80.79166666666667,81.08333333333333
2009-06-19T00:00:00Z,75.875,77.04166666666667,73.20833333333333,65.08333333333333,67.375,78.66666666666667,71.83333333333333,79.79166666666667,76.45833333333333,63.541666666666664,70.08333333333333,70.75,73.25,73.875,82.08333333333333,71.58333333333333,69.58333333333333,79.16666666666667,79.29166666666667,76.45833333333333,75.66666666666667,75.41666666666667,76.16666666666667,75.45833333333333
2009-06-20T00:00:00Z,71.54166666666667,69.08333333333333,72.91666666666667,63.416666666666664,67.41666666666667,70.75,70.75,76.79166666666667,69.79166666666667,65.41666666666667,61.416666666666664,66.66666666666667,68.75,69.83333333333333,80.91666666666667,68.91666666666667,65.95833333333333,74.16666666666667,81.16666666666667,68.70833333333333,69.70833333333333,75.70833333333333,68.16666666666667,64.125
2009-06-21T00:00:00Z,60.625,80.375,64.5,49.208333333333336,60.916666666666664,62.75,53.25,67.08333333333333,61.416666666666664,60.208333333333336,68.95833333333333,69.20833333333333,63.583333333333336,58.916666666666664,70.79166666666667,60.416666666666664,53.583333333333336,68.91666666666667,64.91666666666667,60.708333333333336,63.875,61.666666666666664,64,60.083333333333336
2009-06-22T00:00:00Z,72.5,79.91666666666667,60.541666666666664,57.583333333333336,70.625,66.95833333333333,61.041666666666664,65,64.04166666666667,56.041666666666664,60.166666666666664,68.25,54.458333333333336,69.04166666666667,71.41666666666667,66.41666666666667,62.583333333333336,67.25,69.45833333333333,62.708333333333336,64.54166666666667,64.58333333333333,72.66666666666667,65.41666666666667
2009-06-23T00:00:00Z,76.70833333333333,70,60.333333333333336,65.04166666666667,70.45833333333333,79.83333333333333,68.70833333333333,62.666666666666664,77.5,56.75,59.958333333333336,68.29166666666667,64,72.29166666666667,76.58333333333333,64.83333333333333,73.83333333333333,65.91666666666667,76.08333333333333,66.08333333333333,63.083333333333336,76.83333333333333,74.41666666666667,69.66666666666667
2009-06-24T00:00:00Z,74.16666666666667,63.666666666666664,57.791666666666664,70.16666666666667,70.20833333333333,73.08333333333333,71.08333333333333,65.29166666666667,74.08333333333333,56.5,55.625,69.08333333333333,60.833333333333336,69.91666666666667,74.25,67,71.625,67.5,77.79166666666667,66.25,64,76.625,70.875,68.04166666666667
2009-06-25T00:00:00Z,71.70833333333333,68.33333333333333,63.625,61.833333333333336,65.95833333333333,69.33333333333333,66.16666666666667,63.625,65.66666666666667,57.041666666666664,58.833333333333336,70.125,59.166666666666664,67.5,75.25,64.83333333333333,69,70.75,72.04166666666667,71.04166666666667,64.45833333333333,71.125,73.875,64.29166666666667
2009-06-26T00:00:00Z,68.79166666666667,71.5,64.70833333333333,69.75,74.25,84.16666666666667,78.20833333333333,69.25,84.54166666666667,57.416666666666664,66.20833333333333,70.20833333333333,66.16666666666667,68.125,82.66666666666667,66.08333333333333,75.66666666666667,74,84.875,73.45833333333333,70.16666666666667,85.70833333333333,68.16666666666667,74.5
2009-06-27T00:00:00Z,63.583333333333336,71.33333333333333,61.416666666666664,73.5,62,82.41666666666667,74.625,66.95833333333333,72.20833333333333,60.083333333333336,68.875,72.45833333333333,60.333333333333336,69.83333333333333,76.58333333333333,63.083333333333336,77.04166666666667,66.91666666666667,78.875,64.375,65.70833333333333,76.29166666666667,65.625,71.29166666666667
2009-06-28T00:00:00Z,73.08333333333333,74.375,58.708333333333336,58.833333333333336,63.75,71.75,62.75,76.625,61.583333333333336,57.041666666666664,57.166666666666664,64.33333333333333,64.75,66.45833333333333,64.625,63.125,65.625,67.375,72.83333333333333,69.79166666666667,69.25,68.16666666666667,64.91666666666667,67.125
2009-06-29T00:00:00Z,65.95833333333333,58.333333333333336,53.708333333333336,56.875,59.5,67.54166666666667,59.333333333333336,66.04166666666667,53.5,49.208333333333336,49.833333333333336,62.166666666666664,49.75,57.125,77.5,54.208333333333336,66.75,53.416666666666664,70.83333333333333,49.416666666666664,56.125,70.16666666666667,57.083333333333336,60.25
2009-06-30T00:00:00Z,63.041666666666664,56.458333333333336,52.625,50.666666666666664,59.125,71.29166666666667,51.583333333333336,54.208333333333336,53.666666666666664,49.583333333333336,45.5,59.791666666666664,48.208333333333336,56.916666666666664,84.20833333333333,53.291666666666664,65.125,62.916666666666664,73.625,59.375,60.375,74,51.416666666666664,58.041666666666664
2009-07-01T00:00:00Z,63.416666666666664,63.833333333333336,55.458333333333336,49.333333333333336,57.708333333333336,60.583333333333336,58.333333333333336,68.25,52.833333333333336,53.166666666666664,50,64.375,58.375,56.958333333333336,80.66666666666667,53.208333333333336,55.875,64.16666666666667,70.95833333333333,63.875,66,63.458333333333336,54.916666666666664,53.291666666666664
2009-07-02T00:00:00Z,62.666666666666664,63.75,55.625,47.5,61.208333333333336,64.125,55.125,72.04166666666667,65.66666666666667,53.833333333333336,53.291666666666664,62.333333333333336,57.75,65.5,80.08333333333333,60.125,61.333333333333336,64.125,75.625,60.125,63.666666666666664,62.291666666666664,58.583333333333336,66.58333333333333
2009-07-03T00:00:00Z,61.875,63.333333333333336,56.166666666666664,52.416666666666664,56.25,63.666666666666664,57.291666666666664,69.91666666666667,54.791666666666664,54.958333333333336,49.708333333333336,60.958333333333336,55.833333333333336,58.875,69.66666666666667,59.208333333333336,64.95833333333333,56.041666666666664,68.125,60.458333333333336,62.958333333333336,62.25,50.708333333333336,55.291666666666664
2009-07-04T00:00:00Z,66.5,70.58333333333333,60.25,53.833333333333336,59.375,64.91666666666667,56.458333333333336,68,56.541666666666664,53.833333333333336,52.416666666666664,66.58333333333333,62.375,57.583333333333336,57.083333333333336,57.5,60.083333333333336,64.41666666666667,61.75,70.91666666666667,67.25,67.54166666666667,47.75,58.958333333333336
2009-07-05T00:00:00Z,85.5,84.29166666666667,70,67.20833333333333,75.125,81.79166666666667,72.08333333333333,90.95833333333333,80.95833333333333,73.29166666666667,69.25,76.375,79.83333333333333,84.625,76.5,83.5,73.41666666666667,76.66666666666667,77.75,88.125,86.45833333333333,81.29166666666667,72.83333333333333,79.29166666666667
2009-07-06T00:00:00Z,83.58333333333333,79.08333333333333,74.66666666666667,75.75,81.83333333333333,86.66666666666667,82.79166666666667,89.70833333333333,89.70833333333333,74.70833333333333,71.33333333333333,84.54166666666667,85.66666666666667,80.45833333333333,83.29166666666667,75.125,81.16666666666667,77.58333333333333,85.04166666666667,91.16666666666667,80.08333333333333,86.5,84.95833333333333,90.45833333333333
2009-07-07T00:00:00Z,72.25,69.70833333333333,60.375,75.54166666666667,63.541666666666664,73.45833333333333,73.95833333333333,67.45833333333333,69.75,55.541666666666664,66.04166666666667,69.79166666666667,64,72.45833333333333,72.25,65.75,81.54166666666667,69.33333333333333,71.54166666666667,70.29166666666667,66.04166666666667,79.25,68.29166666666667,69.04166666666667
2009-07-08T00:00:00Z,68.625,84.25,68.375,67.58333333333333,63.458333333333336,70.29166666666667,72.45833333333333,76.66666666666667,71.58333333333333,54.5,71.625,70.5,76.25,63.083333333333336,68.41666666666667,59.458333333333336,71.83333333333333,71.58333333333333,66.16666666666667,82.125,64.79166666666667,75,64.25,68.41666666666667
2009-07-09T00:00:00Z,65.91666666666667,88.75,84.875,79.375,62.458333333333336,68.25,78.25,92.375,68.875,66.83333333333333,76.875,74.45833333333333,82.375,62.416666666666664,69.5,58.708333333333336,85.375,87.45833333333333,74.04166666666667,89.79166666666667,70.25,71.45833333333333,64,64.58333333333333
2009-07-10T00:00:00Z,67.45833333333333,82.08333333333333,73.70833333333333,66.375,65.66666666666667,65.79166666666667,64.41666666666667,90.375,66.45833333333333,67.375,71.41666666666667,70.41666666666667,78.66666666666667,74.375,67.20833333333333,63.041666666666664,70.625,76.45833333333333,70.66666666666667,81.375,79.58333333333333,64.58333333333333,67,66.95833333333333
2009-07-11T00:00:00Z,67.41666666666667,85.125,67.875,65.625,65.95833333333333,67.29166666666667,71.16666666666667,75.25,70.04166666666667,68.625,64.20833333333333,68.25,72.70833333333333,73.125,67.33333333333333,68.375,65.54166666666667,75.5,71.5,81.33333333333333,89.45833333333333,68.08333333333333,64.79166666666667,66.45833333333333
2009-07-12T00:00:00Z,76.58333333333333,79.83333333333333,63.791666666666664,57.125,65.58333333333333,64.95833333333333,61.041666666666664,72.54166666666667,59.625,66.08333333333333,60.791666666666664,61.125,67.33333333333333,71,70.58333333333333,63.041666666666664,63.666666666666664,72.125,69.91666666666667,69,77.79166666666667,66.45833333333333,72.20833333333333,66
2009-07-13T00:00:00Z,76.20833333333333,77.95833333333333,73.95833333333333,73.29166666666667,80.29166666666667,84.95833333333333,81.95833333333333,76.66666666666667,91.08333333333333,70.70833333333333,73,79.20833333333333,75.75,77.58333333333333,83.75,81.04166666666667,83.75,81.33333333333333,87.70833333333333,81.91666666666667,76.25,84.625,85.16666666666667,93.875
2009-07-14T00:00:00Z,62.375,71.58333333333333,54.875,75,70.5,84.70833333333333,73.79166666666667,64.91666666666667,78.83333333333333,51.166666666666664,58.083333333333336,62.625,60.75,52.75,83.04166666666667,54.375,79.08333333333333,61.5,82.29166666666667,64.875,58.375,84.29166666666667,68.625,76.95833333333333
2009-07-15T00:00:00Z,64.08333333333333,73.58333333333333,58.958333333333336,76.79166666666667,63.708333333333336,65.83333333333333,69.95833333333333,76.95833333333333,69.91666666666667,61.208333333333336,57.916666666666664,68.25,65.54166666666667,59.75,74.45833333333333,66.66666666666667,67.625,68.95833333333333,71,71.375,75.83333333333333,68.70833333333333,59.041666666666664,63.875
2009-07-16T00:00:00Z,78.83333333333333,75.95833333333333,67.375,86.125,68.125,79.45833333333333,83.70833333333333,80.16666666666667,86.5,70,65.70833333333333,71.625,69,72.20833333333333,75.83333333333333,73.875,78,70.79166666666667,79.16666666666667,75.95833333333333,81.5,82.875,65.04166666666667,78.54166666666667
2009-07-17T00:00:00Z,79.95833333333333,73.58333333333333,68.75,81.25,79.79166666666667,85.04166666666667,79.375,81.91666666666667,87.16666666666667,69.95833333333333,71.70833333333333,75.25,65.66666666666667,76.5,86.70833333333333,76.20833333333333,78.08333333333333,72.54166666666667,86.5,66.83333333333333,74.625,86.08333333333333,83.45833333333333,86.16666666666667
2009-07-18T00:00:00Z,68.45833333333333,63.291666666666664,59.583333333333336,81.125,74.95833333333333,83.41666666666667,76.16666666666667,69.625,77.5,55.208333333333336,54.333333333333336,71.54166666666667,53.458333333333336,66.91666666666667,82.66666666666667,64,77.54166666666667,57.541666666666664,83.125,55.833333333333336,58,87.125,72.125,77.25
2009-07-19T00:00:00Z,73.04166666666667,67.16666666666667,54.25,72.70833333333333,72.83333333333333,84.20833333333333,64.16666666666667,79.41666666666667,68.08333333333333,52.458333333333336,52.916666666666664,59,59.5,59.875,83.20833333333333,53.166666666666664,76.375,56.083333333333336,83.375,66.54166666666667,59.916666666666664,83.125,72.5,69.20833333333333
2009-07-20T00:00:00Z,79.16666666666667,71.75,63.875,85.375,79.54166666666667,82.45833333333333,83.66666666666667,89.04166666666667,89.875,69.66666666666667,55.666666666666664,75.29166666666667,77.375,92.41666666666667,79.375,80.41666666666667,78.25,65.45833333333333,81.33333333333333,78.45833333333333,82.375,81.125,80.25,87.79166666666667
2009-07-21T00:00:00Z,83.70833333333333,72.95833333333333,70.75,80,75.79166666666667,80.95833333333333,78.16666666666667,86.625,81.875,73.29166666666667,66.95833333333333,75.16666666666667,71.29166666666667,83.125,75.70833333333333,74.58333333333333,74.91666666666667,72.08333333333333,79.16666666666667,76.5,78.66666666666667,79.83333333333333,78,82.75
2009-07-22T00:00:00Z,78.25,87.70833333333333,68.5,86.45833333333333,75.375,83.41666666666667,85.66666666666667,93.625,87.33333333333333,64.125,78.375,74.375,79.70833333333333,75.66666666666667,80.29166666666667,73,78.20833333333333,76.16666666666667,82.5,85.41666666666667,76.875,81.70833333333333,78.375,83.25
2009-07-23T00:00:00Z,81.20833333333333,81.45833333333333,83.16666666666667,84.41666666666667,76.66666666666667,84.375,81.29166666666667,79.66666666666667,89.375,74.33333333333333,72.16666666666667,83.375,81.95833333333333,79.875,86,73.45833333333333,76.41666666666667,89.875,81.66666666666667,80.54166666666667,83.25,75.20833333333333,80.75,80.625
2009-07-24T00:00:00Z,72.16666666666667,70.91666666666667,65.45833333333333,84.79166666666667,72.45833333333333,91.54166666666667,80.5,67.70833333333333,85.66666666666667,56.916666666666664,55.375,71.66666666666667,63.166666666666664,67.95833333333333,82.875,62.791666666666664,77.33333333333333,66,82.16666666666667,68.125,70.625,68.91666666666667,75.5,81.875
2009-07-25T00:00:00Z,75.41666666666667,77.33333333333333,59.708333333333336,82.20833333333333,74.875,88.75,80,67.91666666666667,85.33333333333333,55,53.916666666666664,65.45833333333333,59.125,68.04166666666667,86.75,65.41666666666667,77.04166666666667,59.958333333333336,83.83333333333333,63.25,70.125,89.125,69.91666666666667,79.91666666666667
2009-07-26T00:00:00Z,74.41666666666667,79.375,57.666666666666664,75.58333333333333,68.95833333333333,79.125,72.54166666666667,68.95833333333333,78.41666666666667,56.291666666666664,57.041666666666664,55.166666666666664,57.416666666666664,69.875,85.125,62.958333333333336,69.58333333333333,58.458333333333336,84.29166666666667,67.20833333333333,74.45833333333333,79.45833333333333,67.20833333333333,74.375
2009-07-27T00:00:00Z,75.5,81.16666666666667,65.29166666666667,78.95833333333333,76.25,81.66666666666667,79.29166666666667,78.83333333333333,90.58333333333333,70.83333333333333,76.95833333333333,72.33333333333333,69.16666666666667,75.58333333333333,82.16666666666667,71.79166666666667,73.125,71.16666666666667,81.66666666666667,73.875,77.375,84.83333333333333,75.04166666666667,82.25
2009-07-28T00:00:00Z,77.25,88,72.79166666666667,82.08333333333333,72.54166666666667,83.20833333333333,79.08333333333333,89.41666666666667,84.125,71.04166666666667,74.375,74.95833333333333,76.5,74.41666666666667,83,68.375,75.83333333333333,72.08333333333333,80.875,76.83333333333333,81.5,88.79166666666667,71.75,73.29166666666667
2009-07-29T00:00:00Z,79.04166666666667,82.91666666666667,80.83333333333333,84.16666666666667,74.79166666666667,82,82.25,91,88.125,80.33333333333333,75,80.16666666666667,86.33333333333333,76.625,82.91666666666667,76.33333333333333,73.29166666666667,81.29166666666667,80.66666666666667,81.04166666666667,90.66666666666667,84.83333333333333,78.33333333333333,78.58333333333333
2009-07-30T00:00:00Z,78.70833333333333,84,78.41666666666667,81.75,69.45833333333333,76.20833333333333,81.70833333333333,81,81.08333333333333,74.58333333333333,73.125,79.29166666666667,79.58333333333333,79.75,81.33333333333333,72.33333333333333,70.75,80.41666666666667,79.29166666666667,82.83333333333333,87.5,79.41666666666667,71.41666666666667,70.54166666666667
2009-07-31T00:00:00Z,79,83.625,81,83.04166666666667,73.875,80.70833333333333,81,86.83333333333333,84.75,76.5,74.08333333333333,78.75,81.79166666666667,83.375,85,75.95833333333333,74.29166666666667,80.95833333333333,83.5,86.91666666666667,90,84.58333333333333,71.875,78.66666666666667
2009-08-01T00:00:00Z,77.41666666666667,80.91666666666667,81.04166666666667,84.20833333333333,79.33333333333333,86.20833333333333,83.625,91.125,92.83333333333333,76.375,72.83333333333333,82.91666666666667,79.16666666666667,82.58333333333333,87.5,78.5,74.33333333333333,81.16666666666667,82.70833333333333,81.375,82.54166666666667,86.45833333333333,83.5,89.95833333333333
2009-08-02T00:00:00Z,83.58333333333333,84.125,84.66666666666667,86.45833333333333,82.41666666666667,90.875,90.29166666666667,83.08333333333333,97.08333333333333,84.125,79.20833333333333,85.45833333333333,84,88.95833333333333,89.95833333333333,83.75,79.25,87.79166666666667,86.58333333333333,84.29166666666667,89.625,91.125,83.41666666666667,93.58333333333333
2009-08-03T00:00:00Z,82.75,75.16666666666667,70.91666666666667,88.33333333333333,78.16666666666667,92.66666666666667,85.20833333333333,73.66666666666667,88.95833333333333,62.125,63.416666666666664,76.45833333333333,67.66666666666667,72.83333333333333,89.66666666666667,67.375,81.95833333333333,75.375,87.04166666666667,67.16666666666667,75.41666666666667,94.33333333333333,79.5,83.16666666666667
2009-08-04T00:00:00Z,77.08333333333333,81.875,68.79166666666667,79.125,75,81.125,75,75.75,81.41666666666667,61.25,61.083333333333336,77.08333333333333,74.33333333333333,74.58333333333333,86.875,72.625,79.79166666666667,73.33333333333333,84.04166666666667,79.41666666666667,75.875,85.58333333333333,76.375,74.54166666666667
2009-08-05T00:00:00Z,75.83333333333333,87.45833333333333,74.79166666666667,84.08333333333333,70.79166666666667,85.25,77.875,86.5,84.79166666666667,67.16666666666667,73.16666666666667,78.66666666666667,78.70833333333333,75.91666666666667,86.95833333333333,69.45833333333333,76.83333333333333,72.29166666666667,85.625,83.45833333333333,77.75,86.58333333333333,73.45833333333333,75.91666666666667
2009-08-06T00:00:00Z,75.83333333333333,73.33333333333333,74.58333333333333,80.5,81.91666666666667,88.375,75.41666666666667,79.16666666666667,86.08333333333333,70.33333333333333,59.458333333333336,80.70833333333333,70.33333333333333,88.08333333333333,84.54166666666667,78.125,78.08333333333333,73.20833333333333,82.04166666666667,77,75,90.75,90.91666666666667,91.45833333333333
2009-08-07T00:00:00Z,79.08333333333333,76.79166666666667,65.95833333333333,74.16666666666667,66.25,74.66666666666667,71.75,75.25,77.79166666666667,63.666666666666664,58.291666666666664,74.54166666666667,67.95833333333333,76.75,64.91666666666667,69.54166666666667,69.45833333333333,70.125,70.625,77.54166666666667,77.08333333333333,78.04166666666667,70.70833333333333,72.79166666666667
2009-08-08T00:00:00Z,82.875,81.70833333333333,69.16666666666667,72.91666666666667,68.79166666666667,77.66666666666667,69.54166666666667,80.70833333333333,75.58333333333333,68.125,63.125,70.5,69.91666666666667,72.66666666666667,68.33333333333333,67.875,70.25,74,68.16666666666667,75.66666666666667,82.41666666666667,78.04166666666667,72.5,67.625
2009-08-09T00:00:00Z,73.45833333333333,74.875,62.708333333333336,74.04166666666667,69.41666666666667,76.20833333333333,69.45833333333333,66.33333333333333,76.04166666666667,60.625,55.25,67.33333333333333,62.083333333333336,66.375,74.25,61.5,69.5,70.79166666666667,74.5,70.875,76.33333333333333,79.41666666666667,70.33333333333333,69.25
2009-08-10T00:00:00Z,69.75,84.41666666666667,58.375,70.79166666666667,66.5,71.91666666666667,62.875,69.29166666666667,70.29166666666667,60.041666666666664,50.666666666666664,65.41666666666667,65.29166666666667,65.04166666666667,76.58333333333333,56.583333333333336,68.20833333333333,67.54166666666667,78.875,72.83333333333333,82.29166666666667,76.70833333333333,62.666666666666664,67.33333333333333
2009-08-11T00:00:00Z,74.08333333333333,84.83333333333333,69.33333333333333,72.83333333333333,64.45833333333333,73.91666666666667,66.95833333333333,78.625,74.33333333333333,64.54166666666667,66,72.66666666666667,77.33333333333333,71.45833333333333,80.875,63.083333333333336,69,69.375,79.625,83.04166666666667,87.25,78.20833333333333,71,68.70833333333333
2009-08-12T00:00:00Z,74.20833333333333,85.45833333333333,88.75,90.04166666666667,67.375,89.875,88.33333333333333,82,92.29166666666667,82.41666666666667,87.79166666666667,92.75,88.83333333333333,89.33333333333333,90,82.125,81.75,88.45833333333333,87.91666666666667,91.41666666666667,85.08333333333333,95.75,83.79166666666667,87.125
2009-08-13T00:00:00Z,82.125,80.70833333333333,77.70833333333333,91.20833333333333,80.375,92.5,93.66666666666667,86.5,93.375,74.125,77.04166666666667,86.91666666666667,79.875,85.70833333333333,86.66666666666667,78.375,88.5,78.04166666666667,88.16666666666667,82.25,78.79166666666667,94.29166666666667,89.91666666666667,94
2009-08-14T00:00:00Z,86.20833333333333,84.125,73.625,89.83333333333333,84.58333333333333,93.25,89.95833333333333,86.04166666666667,95.08333333333333,72.58333333333333,70.04166666666667,81.20833333333333,73.70833333333333,84.70833333333333,86.125,80.125,88.08333333333333,73.54166666666667,91.125,81.29166666666667,75.29166666666667,94.58333333333333,90.70833333333333,93.5
2009-08-15T00:00:00Z,86.58333333333333,78.20833333333333,72.375,87.20833333333333,80.875,85.16666666666667,84.45833333333333,83.95833333333333,89.58333333333333,66.125,70.04166666666667,78.04166666666667,74.16666666666667,79.375,82.58333333333333,74.04166666666667,78.625,72.125,82.70833333333333,79.20833333333333,78,85.29166666666667,85.83333333333333,83.20833333333333
2009-08-16T00:00:00Z,81.33333333333333,85.5,80.79166666666667,82.79166666666667,73.04166666666667,83.04166666666667,80.25,86.33333333333333,90.45833333333333,67.41666666666667,73.08333333333333,77.33333333333333,82.33333333333333,78.58333333333333,80.75,75.16666666666667,78.54166666666667,78.83333333333333,73.33333333333333,87.16666666666667,80.41666666666667,75.41666666666667,78.16666666666667,80.75
2009-08-17T00:00:00Z,75.875,79.41666666666667,73.08333333333333,80.66666666666667,65.83333333333333,80.91666666666667,81.04166666666667,84.66666666666667,83.375,64,72.16666666666667,74.125,75.83333333333333,79.25,76,75.375,78.66666666666667,75.125,17.791666666666668,81.79166666666667,86,16.208333333333332,68,72.95833333333333
2009-08-18T00:00:00Z,77.5,75.66666666666667,67.20833333333333,79,71.29166666666667,80.66666666666667,77.58333333333333,86.41666666666667,82.70833333333333,62.5,65.20833333333333,65.875,69.875,67.625,79.91666666666667,64.45833333333333,76.625,70.70833333333333,28.583333333333332,81.25,83.41666666666667,27.25,68.79166666666667,74.875
2009-08-19T00:00:00Z,74.95833333333333,83.66666666666667,73.33333333333333,79.20833333333333,70.58333333333333,80.83333333333333,76.83333333333333,84.95833333333333,81.79166666666667,67.33333333333333,74.79166666666667,69.29166666666667,73.33333333333333,72.70833333333333,79.125,65.45833333333333,76.83333333333333,72.625,78,86.16666666666667,85.25,56.458333333333336,68.66666666666667,73.20833333333333
2009-08-20T00:00:00Z,79.75,87.125,76.20833333333333,80.16666666666667,70.625,82.75,77.20833333333333,90.45833333333333,82.08333333333333,81.91666666666667,75.91666666666667,76.41666666666667,76.95833333333333,80.5,82.125,75.5,75.45833333333333,74.875,82,82,85.83333333333333,85.375,71.5,76.95833333333333
2009-08-21T00:00:00Z,76.33333333333333,85,68,87.79166666666667,73.45833333333333,87.83333333333333,88.58333333333333,84.08333333333333,91.95833333333333,70.29166666666667,74.375,73.70833333333333,73.625,84.33333333333333,80.54166666666667,77.875,86.79166666666667,70.08333333333333,80.91666666666667,83.25,74.45833333333333,86.625,76.5,84.625
2009-08-22T00:00:00Z,77.08333333333333,72.91666666666667,68.29166666666667,89.91666666666667,79,90.29166666666667,89.33333333333333,82.45833333333333,92.125,82.83333333333333,66.41666666666667,86.41666666666667,77.70833333333333,90.16666666666667,80.54166666666667,85.66666666666667,82.5,70.95833333333333,82.08333333333333,77.95833333333333,75.95833333333333,89.45833333333333,90.04166666666667,91.91666666666667
2009-08-23T00:00:00Z,78.5,76.16666666666667,71.95833333333333,92.625,80.41666666666667,88.54166666666667,85.875,89.33333333333333,96.79166666666667,70.79166666666667,64.375,83.5,79.91666666666667,80.41666666666667,86.70833333333333,78.79166666666667,80.75,69.91666666666667,85.125,81.45833333333333,75.875,89.75,83.58333333333333,92.625
2009-08-24T00:00:00Z,84.91666666666667,79.16666666666667,71.25,75.75,75.54166666666667,84.79166666666667,79.66666666666667,85.83333333333333,91.08333333333333,72.91666666666667,69.04166666666667,78.375,79.41666666666667,79.29166666666667,83.70833333333333,76.375,72.75,72.04166666666667,76.125,84.20833333333333,75.70833333333333,81.625,82.75,90.375
2009-08-25T00:00:00Z,79.91666666666667,74.95833333333333,65.16666666666667,80.875,72.95833333333333,82.70833333333333,76.54166666666667,86.45833333333333,81.41666666666667,67.125,64,76.20833333333333,75.54166666666667,74.91666666666667,81.375,69.95833333333333,75.125,69.25,81.375,79.375,80.375,85.625,77.95833333333333,77.75
2009-08-26T00:00:00Z,81.75,72.625,63,79.70833333333333,71.375,79.875,77.875,76.16666666666667,82.33333333333333,62.916666666666664,63.375,74.95833333333333,69.25,71.58333333333333,79.91666666666667,69.79166666666667,77.33333333333333,66.625,78.20833333333333,77.04166666666667,70.16666666666667,84.25,71.91666666666667,77.625
2009-08-27T00:00:00Z,76.16666666666667,82.5,65.625,83.125,69.58333333333333,80.5,78.04166666666667,80.25,80.58333333333333,61.25,66.58333333333333,72.08333333333333,69.45833333333333,64.45833333333333,77.5,63.958333333333336,77.20833333333333,64.625,77.66666666666667,76.08333333333333,68.125,82.33333333333333,75.08333333333333,73.625
2009-08-28T00:00:00Z,79.5,89.79166666666667,76.83333333333333,91,76.79166666666667,86.16666666666667,92.20833333333333,89.33333333333333,92.375,74.375,82.04166666666667,76.45833333333333,81.625,80,82.29166666666667,72.20833333333333,86.83333333333333,73.75,80.58333333333333,85.83333333333333,72.66666666666667,89.08333333333333,83.33333333333333,84.66666666666667
2009-08-29T00:00:00Z,80.45833333333333,79.54166666666667,73.41666666666667,83.25,73.58333333333333,84.45833333333333,80.45833333333333,83.04166666666667,87.66666666666667,71.875,70.08333333333333,78.33333333333333,75.95833333333333,78.75,80.45833333333333,70.29166666666667,80.08333333333333,73.16666666666667,81.875,68.29166666666667,76.875,88.70833333333333,77.45833333333333,81.54166666666667
2009-08-30T00:00:00Z,76.95833333333333,81.04166666666667,69.75,80.20833333333333,74.91666666666667,83.5,80.83333333333333,74.875,83.04166666666667,59.666666666666664,73.125,80.375,73.5,70.79166666666667,82.375,67.875,74.08333333333333,70.70833333333333,78.125,76.875,64.5,84.20833333333333,79.79166666666667,77.54166666666667
2009-08-31T00:00:00Z,76.04166666666667,89.91666666666667,83.70833333333333,95.125,82.58333333333333,92.95833333333333,95.95833333333333,92.95833333333333,97.33333333333333,75.41666666666667,85.70833333333333,86.25,86.375,78.20833333333333,82.33333333333333,79.95833333333333,86.45833333333333,81.20833333333333,84.04166666666667,88.91666666666667,63.916666666666664,92.83333333333333,85.95833333333333,98
2009-09-01T00:00:00Z,80.91666666666667,79.25,63.291666666666664,79.33333333333333,69.25,80.5,78.875,86.91666666666667,81.04166666666667,64.58333333333333,74.79166666666667,64.29166666666667,73.79166666666667,68,74.79166666666667,60.208333333333336,74.5,67.45833333333333,76,81.25,73.20833333333333,81.95833333333333,64.75,81.58333333333333
2009-09-02T00:00:00Z,82.83333333333333,77.58333333333333,59.666666666666664,75.41666666666667,69.29166666666667,82.5,75,79.75,78.66666666666667,61.125,63.208333333333336,64.5,67.33333333333333,72.70833333333333,76.33333333333333,62.875,76.20833333333333,64.83333333333333,76.20833333333333,73.95833333333333,68.70833333333333,81.58333333333333,68.70833333333333,79.91666666666667
2009-09-03T00:00:00Z,86.125,75.20833333333333,66.20833333333333,77.58333333333333,76.54166666666667,84,76.70833333333333,80.70833333333333,80.375,61.166666666666664,61.583333333333336,70.04166666666667,71.54166666666667,71.54166666666667,85.95833333333333,60.583333333333336,75.79166666666667,67,81.41666666666667,78.66666666666667,71.625,81.625,80.08333333333333,78.5
2009-09-04T00:00:00Z,73.91666666666667,78.25,61.083333333333336,74.58333333333333,71.41666666666667,78.75,72.125,84.66666666666667,74.41666666666667,57.541666666666664,60.291666666666664,71.95833333333333,72.91666666666667,61.125,82.5,57.208333333333336,76.20833333333333,64.5,75.54166666666667,80.20833333333333,73.625,80.91666666666667,73.66666666666667,74.45833333333333
2009-09-05T00:00:00Z,74.29166666666667,76.45833333333333,56.333333333333336,76.58333333333333,71.04166666666667,75.83333333333333,72.04166666666667,86,75.75,56.375,60.333333333333336,69.91666666666667,70.5,62.666666666666664,72.04166666666667,59.166666666666664,72.70833333333333,62.375,69.25,77.41666666666667,73.125,74.79166666666667,74.33333333333333,71.04166666666667
2009-09-06T00:00:00Z,75.75,76.25,58.041666666666664,72.91666666666667,73,80.54166666666667,69.20833333333333,87.16666666666667,73.54166666666667,60.083333333333336,56.333333333333336,68.95833333333333,69.70833333333333,66.54166666666667,79.83333333333333,58.458333333333336,71.375,61.25,75.58333333333333,77.25,76.54166666666667,78.04166666666667,79.83333333333333,73.66666666666667
2009-09-07T00:00:00Z,84.33333333333333,84.91666666666667,63.791666666666664,90.33333333333333,81.45833333333333,97.20833333333333,89.70833333333333,86.58333333333333,97.54166666666667,69.5,62.625,74.41666666666667,74.58333333333333,92.45833333333333,92.91666666666667,77.58333333333333,89.125,65.125,92.875,80.08333333333333,71.08333333333333,76.5,90.375,98.25
2009-09-08T00:00:00Z,89.04166666666667,90.375,66.16666666666667,82.54166666666667,81.875,86.04166666666667,83.33333333333333,90.58333333333333,92.875,73.70833333333333,70.75,76.20833333333333,77.83333333333333,89.33333333333333,88.75,76.625,77.54166666666667,68.08333333333333,81.04166666666667,80.04166666666667,79.16666666666667,85.29166666666667,91.54166666666667,89.75
2009-09-09T00:00:00Z,78.33333333333333,94.375,77.70833333333333,78.375,72.5,76.66666666666667,76.875,94.70833333333333,78.66666666666667,68.29166666666667,81.625,72,84.75,74.29166666666667,77.75,61.583333333333336,76.70833333333333,78.04166666666667,72.79166666666667,93.29166666666667,86.70833333333333,79.29166666666667,76.91666666666667,76.91666666666667
2009-09-10T00:00:00Z,86.54166666666667,88.79166666666667,78.66666666666667,84.875,81.54166666666667,87.29166666666667,86.66666666666667,95.25,89.20833333333333,75.83333333333333,86.25,75.08333333333333,85.25,86.625,84.45833333333333,75.54166666666667,81.875,81.20833333333333,83.04166666666667,89.58333333333333,84.375,89.75,87.83333333333333,90.20833333333333
2009-09-11T00:00:00Z,84.375,84.625,70.33333333333333,81.45833333333333,75.54166666666667,80.79166666666667,76.625,83.04166666666667,75.83333333333333,64.79166666666667,75.33333333333333,76.66666666666667,76.16666666666667,72.70833333333333,82.04166666666667,65.70833333333333,73.54166666666667,75.33333333333333,79.04166666666667,87.04166666666667,79.29166666666667,82.33333333333333,80.125,83.04166666666667
2009-09-12T00:00:00Z,74.08333333333333,79.70833333333333,68.125,77.20833333333333,74.5,81.25,72.20833333333333,73.875,76.41666666666667,60.833333333333336,71.41666666666667,75.45833333333333,72.25,69.58333333333333,79.25,61.458333333333336,73.25,71.875,75.08333333333333,79,71.58333333333333,84.41666666666667,78.66666666666667,75.54166666666667
2009-09-13T00:00:00Z,76.08333333333333,77.66666666666667,62.583333333333336,76.58333333333333,72.625,80.5,74.25,81.79166666666667,75.5,58.75,62.75,69.29166666666667,70.83333333333333,77.625,75.125,63.208333333333336,73.08333333333333,65,74.91666666666667,80.75,73.70833333333333,80.375,78.70833333333333,81.125
2009-09-14T00:00:00Z,74.66666666666667,81.625,65.45833333333333,73.5,68.75,77.54166666666667,70.16666666666667,83.66666666666667,71.45833333333333,58.666666666666664,68.70833333333333,72.75,74.5,71.75,73.25,59.916666666666664,72.16666666666667,69.625,76,83.29166666666667,76.16666666666667,81.25,78.58333333333333,71.375
2009-09-15T00:00:00Z,67.41666666666667,90.125,72.16666666666667,72.70833333333333,65.875,77.58333333333333,67.95833333333333,90.33333333333333,75,64.91666666666667,80.20833333333333,75.04166666666667,80.29166666666667,74.125,71.58333333333333,61.375,72.70833333333333,77.5,71.20833333333333,85.20833333333333,80.25,82.625,72.45833333333333,70.625
2009-09-16T00:00:00Z,80.58333333333333,93.20833333333333,81.58333333333333,80.375,70.95833333333333,75.66666666666667,76.375,96,87.95833333333333,85.375,84.20833333333333,84.25,88.04166666666667,86.75,71.66666666666667,74.58333333333333,72.95833333333333,80.125,72.25,95.5,90.08333333333333,81.29166666666667,82.79166666666667,77.45833333333333
2009-09-17T00:00:00Z,83.08333333333333,88.875,81.33333333333333,90.08333333333333,75.875,88.375,88.83333333333333,99,91.45833333333333,88.83333333333333,86.83333333333333,90,91.20833333333333,94.91666666666667,78.33333333333333,87.33333333333333,79.91666666666667,79.375,80.04166666666667,97,91.25,85.875,81.375,91.08333333333333
2009-09-18T00:00:00Z,82.5,92.375,82.125,88.66666666666667,74.25,90.33333333333333,87.75,95.70833333333333,85.95833333333333,88.75,95.08333333333333,93.29166666666667,92.91666666666667,89.58333333333333,81.875,84.20833333333333,82.79166666666667,86.70833333333333,87.375,96.375,91.58333333333333,89.79166666666667,77.45833333333333,86.29166666666667
2009-09-19T00:00:00Z,77.625,90.75,79.95833333333333,81.58333333333333,75.08333333333333,84.08333333333333,81,97.25,82.625,88.75,91.125,88.125,93.25,90.20833333333333,76.91666666666667,79.58333333333333,77.58333333333333,81.375,78.79166666666667,98.04166666666667,84.83333333333333,80.5,80.20833333333333,79.5
2009-09-20T00:00:00Z,66.79166666666667,96.66666666666667,77.29166666666667,79.95833333333333,67.5,77.875,80.45833333333333,98,79.625,75.70833333333333,97.25,73.29166666666667,90.375,82.79166666666667,71.16666666666667,72.66666666666667,77.41666666666667,81.91666666666667,74.20833333333333,97.04166666666667,86.45833333333333,80.83333333333333,67.625,76.20833333333333
2009-09-21T00:00:00Z,70.5,96,69.91666666666667,71,70.5,85.125,72.125,100,82.54166666666667,71.16666666666667,91.83333333333333,73.375,92.70833333333333,82.54166666666667,78.41666666666667,66.04166666666667,75.83333333333333,73.125,81.70833333333333,91.54166666666667,83.375,86.04166666666667,78.45833333333333,80.5
2009-09-22T00:00:00Z,76.375,86.20833333333333,78,91,73.83333333333333,92.75,93.91666666666667,93.29166666666667,94.45833333333333,86.25,80.41666666666667,89.66666666666667,84.33333333333333,93.25,80.83333333333333,87.08333333333333,90.83333333333333,75.33333333333333,80.41666666666667,88.83333333333333,83.75,98.54166666666667,78.625,84.875
2009-09-23T00:00:00Z,82.875,85.33333333333333,78.375,91.45833333333333,75,92.20833333333333,90.16666666666667,92.75,95.79166666666667,83.625,84.04166666666667,91,85.25,92.54166666666667,76.45833333333333,85.75,86.45833333333333,78.33333333333333,79.20833333333333,88.04166666666667,86.95833333333333,93.08333333333333,85.45833333333333,91.16666666666667
2009-09-24T00:00:00Z,83.04166666666667,86.45833333333333,77.20833333333333,81.91666666666667,74,81.58333333333333,81.70833333333333,86.83333333333333,89.41666666666667,78.625,79.66666666666667,87.91666666666667,82.25,84.58333333333333,78.70833333333333,79.04166666666667,79.79166666666667,80.91666666666667,79.25,85.91666666666667,83.58333333333333,85.79166666666667,81.45833333333333,83.625
2009-09-25T00:00:00Z,87.08333333333333,86.41666666666667,79.16666666666667,85.91666666666667,77.54166666666667,89.83333333333333,84.375,89.70833333333333,96.25,88.04166666666667,85.16666666666667,88.125,88.41666666666667,94.04166666666667,80.16666666666667,87.66666666666667,83.875,80.875,80.83333333333333,90.625,86.41666666666667,90.5,83.08333333333333,91.54166666666667
2009-09-26T00:00:00Z,79.70833333333333,95.79166666666667,90.83333333333333,94.04166666666667,62.791666666666664,86.91666666666667,93.54166666666667,100,95.66666666666667,90.95833333333333,96.5,97.16666666666667,95.875,92.875,70.58333333333333,86.91666666666667,91.125,91.66666666666667,81.75,99.75,91,96.5,67.41666666666667,80.79166666666667
2009-09-27T00:00:00Z,85.91666666666667,78.25,78.04166666666667,82.04166666666667,77.95833333333333,88.04166666666667,84,76.04166666666667,90.08333333333333,73.29166666666667,77.375,83.70833333333333,73.79166666666667,82.20833333333333,86.875,78.20833333333333,82.29166666666667,76.70833333333333,85.08333333333333,74,82.79166666666667,91.08333333333333,79.70833333333333,88.25
2009-09-28T00:00:00Z,73,66.75,65.83333333333333,70.29166666666667,69.5,76.5,72.16666666666667,63.458333333333336,75.54166666666667,62.541666666666664,65,74.375,63.541666666666664,72.20833333333333,74.45833333333333,71.83333333333333,70.625,70.95833333333333,75.45833333333333,65.04166666666667,68.125,77.16666666666667,71.125,74.83333333333333
2009-09-29T00:00:00Z,67.375,57.583333333333336,51.041666666666664,53.166666666666664,59.666666666666664,53.75,46.833333333333336,67.08333333333333,49.166666666666664,53.625,54.125,59.375,52.75,62.541666666666664,48.625,62.416666666666664,50.083333333333336,59.916666666666664,49,56.958333333333336,59.208333333333336,53.5,50.25,53.708333333333336
2009-09-30T00:00:00Z,69.79166666666667,68.70833333333333,61.625,70.95833333333333,65.91666666666667,73.70833333333333,67.08333333333333,77.95833333333333,72.58333333333333,60.583333333333336,60.375,72.33333333333333,65.125,66.79166666666667,59.458333333333336,60.208333333333336,67.75,67.16666666666667,64.58333333333333,70.25,63.625,73.58333333333333,64.33333333333333,71.875
2009-10-01T00:00:00Z,69.625,80,63.5,70.45833333333333,66.25,74.20833333333333,69.95833333333333,85.29166666666667,76.5,61.75,67.04166666666667,73.375,74.54166666666667,69.41666666666667,62.333333333333336,61.916666666666664,70.16666666666667,67.95833333333333,68.79166666666667,82.41666666666667,76.25,73.58333333333333,65.875,81.54166666666667
2009-10-02T00:00:00Z,71.04166666666667,84.41666666666667,73.54166666666667,83.41666666666667,72.16666666666667,87.66666666666667,82.08333333333333,87.45833333333333,87.20833333333333,72.41666666666667,77.125,77.875,79.5,77.75,63.375,75.375,80.45833333333333,78.75,72.125,84.04166666666667,82.125,86.625,71.79166666666667,81.54166666666667
2009-10-03T00:00:00Z,76.5,69.25,59.75,77.20833333333333,74.08333333333333,81.20833333333333,76.54166666666667,50.833333333333336,80.125,59.083333333333336,64.125,65.70833333333333,64.45833333333333,72.75,75.66666666666667,67.33333333333333,73.5,65.875,74.08333333333333,73.45833333333333,66.54166666666667,78.70833333333333,75.29166666666667,76.75
2009-10-04T00:00:00Z,64.75,76.83333333333333,63.375,66.45833333333333,59.541666666666664,69.83333333333333,60.791666666666664,55.916666666666664,70.66666666666667,57.791666666666664,64.58333333333333,71.16666666666667,62.375,62.625,62.833333333333336,62.625,65.79166666666667,68.5,60.5,77.20833333333333,64.70833333333333,71.54166666666667,59.541666666666664,67.375
2009-10-05T00:00:00Z,66.75,94.625,90.5,96.29166666666667,62.75,83.875,95.58333333333333,96,92.375,80.95833333333333,94,88.54166666666667,91.25,79.16666666666667,63.958333333333336,78.20833333333333,88.58333333333333,90.08333333333333,74.41666666666667,94.875,88.875,88.5,59.208333333333336,82.5
2009-10-06T00:00:00Z,82.79166666666667,90.33333333333333,87.83333333333333,97.375,75.29166666666667,94.66666666666667,97.625,91.16666666666667,97.16666666666667,87.875,86.375,95.125,88.08333333333333,90.70833333333333,90.75,89.29166666666667,88.75,84.41666666666667,87.75,92.70833333333333,93.5,91.25,79.45833333333333,94.75
2009-10-07T00:00:00Z,66.41666666666667,72.16666666666667,63.875,85.91666666666667,60.5,75.33333333333333,86.75,61,72.04166666666667,58.041666666666664,72.20833333333333,67.41666666666667,57.708333333333336,59.458333333333336,80.33333333333333,62.208333333333336,76.33333333333333,63.416666666666664,77.125,60.958333333333336,63.291666666666664,78.66666666666667,62.25,77.54166666666667
2009-10-08T00:00:00Z,63.375,70.75,59.291666666666664,60.166666666666664,54.583333333333336,64.66666666666667,62.125,65.79166666666667,61.541666666666664,54.916666666666664,64.25,61.458333333333336,64.45833333333333,65.95833333333333,63.375,59.333333333333336,60.166666666666664,65.75,63.583333333333336,76,65.66666666666667,64.54166666666667,53.833333333333336,67.75
2009-10-09T00:00:00Z,72.79166666666667,75.58333333333333,81.83333333333333,81.41666666666667,67.58333333333333,84.54166666666667,79.66666666666667,77.54166666666667,83.25,73.16666666666667,80.95833333333333,77.70833333333333,78.66666666666667,77.91666666666667,76.375,73.04166666666667,77,82.58333333333333,81.29166666666667,82.125,81.91666666666667,84.29166666666667,71.25,77.95833333333333
2009-10-10T00:00:00Z,72.20833333333333,88.08333333333333,75.20833333333333,86.08333333333333,73.95833333333333,84.75,83.25,85.91666666666667,95.04166666666667,75.5,80.29166666666667,73.08333333333333,82.04166666666667,75.70833333333333,82.25,71.5,78.91666666666667,75.25,82.58333333333333,83.95833333333333,82.29166666666667,81.625,77.75,82.375
2009-10-11T00:00:00Z,65.25,83.16666666666667,68.70833333333333,85.125,59.583333333333336,79.5,81.70833333333333,87.875,86.08333333333333,65.04166666666667,77.54166666666667,72.125,73.125,65.29166666666667,69.58333333333333,64.75,79.29166666666667,73.91666666666667,73.45833333333333,81.16666666666667,74.04166666666667,78.95833333333333,58.708333333333336,72.41666666666667
2009-10-12T00:00:00Z,80.83333333333333,93.54166666666667,89.04166666666667,88.875,72.33333333333333,87.33333333333333,89.91666666666667,97.70833333333333,96.58333333333333,87.41666666666667,94.25,89.125,92.29166666666667,92.29166666666667,78.04166666666667,83.75,82.04166666666667,89.95833333333333,79.29166666666667,97.25,91,85.08333333333333,75,90.5
2009-10-13T00:00:00Z,72.625,80.29166666666667,82.20833333333333,82.16666666666667,79.625,84.75,84.83333333333333,83.83333333333333,86.29166666666667,74.5,86.5,84.83333333333333,84.04166666666667,76.58333333333333,79.25,76,75.95833333333333,80.04166666666667,77.375,84.25,84.5,80.75,74.375,84
2009-10-14T00:00:00Z,67.16666666666667,95.33333333333333,86.04166666666667,94.33333333333333,62.541666666666664,87.95833333333333,92.25,99.5,92.04166666666667,79.20833333333333,93.95833333333333,88.95833333333333,92.125,78.58333333333333,74.16666666666667,75.29166666666667,89.25,75.125,82.41666666666667,96.16666666666667,84,90.29166666666667,63.958333333333336,86.45833333333333
2009-10-15T00:00:00Z,87.70833333333333,94.91666666666667,93.04166666666667,95.875,84.83333333333333,96.5,96.29166666666667,97.5,98.45833333333333,89.29166666666667,93.83333333333333,96.45833333333333,93.5,97.20833333333333,89.83333333333333,87.33333333333333,88.25,89.54166666666667,89.79166666666667,97.16666666666667,91.25,92.91666666666667,92.5,97
2009-10-16T00:00:00Z,86.5,81.875,80.54166666666667,92.625,83.5,92.66666666666667,91.875,90.08333333333333,95.70833333333333,81.29166666666667,89.08333333333333,85.83333333333333,90.125,88.375,93,77.91666666666667,87.66666666666667,84.41666666666667,86.95833333333333,93.125,87.83333333333333,90.29166666666667,96.25,98
2009-10-17T00:00:00Z,86.75,83.08333333333333,74.625,77.70833333333333,79.95833333333333,87.75,76.45833333333333,85.45833333333333,82.125,67.95833333333333,83.70833333333333,75.41666666666667,73.58333333333333,78.70833333333333,92.45833333333333,68.95833333333333,76.20833333333333,76.25,82.04166666666667,76.08333333333333,70.04166666666667,80.70833333333333,90.58333333333333,87.5
2009-10-18T00:00:00Z,80.5,65.33333333333333,67.54166666666667,76.66666666666667,81.16666666666667,83.875,76.125,74.25,83.25,61.833333333333336,61.083333333333336,70.875,61.666666666666664,76.08333333333333,91.91666666666667,66.375,76.54166666666667,63.916666666666664,79.875,65.875,61.791666666666664,80.375,89.5,80.70833333333333
2009-10-19T00:00:00Z,65.95833333333333,61.875,66.70833333333333,70.625,65.79166666666667,70.33333333333333,68.25,60.375,70.45833333333333,56.833333333333336,64.04166666666667,72.70833333333333,67.375,69.25,69.5,59.666666666666664,65.70833333333333,65.04166666666667,67.29166666666667,72.625,59.958333333333336,68.5,65.125,68.66666666666667
2009-10-20T00:00:00Z,64.58333333333333,67.58333333333333,68.58333333333333,73.25,65.75,75.375,71.625,45.875,74.16666666666667,57.041666666666664,70,71.125,68,68.875,61.5,63.416666666666664,70.91666666666667,67.5,70.79166666666667,74.08333333333333,61.583333333333336,76.375,69.625,75.33333333333333
2009-10-21T00:00:00Z,68.625,67.83333333333333,65.04166666666667,71.70833333333333,60.791666666666664,75.66666666666667,70.33333333333333,52.291666666666664,72.625,59,67.91666666666667,70.54166666666667,63.875,69.29166666666667,74.16666666666667,63.541666666666664,71,64,69.25,73.54166666666667,62.708333333333336,76.625,68,72.70833333333333
2009-10-22T00:00:00Z,72.29166666666667,75.29166666666667,71.45833333333333,79.33333333333333,67.375,80.54166666666667,77.04166666666667,56.958333333333336,80.95833333333333,60,78.58333333333333,73.41666666666667,72.20833333333333,71,72.5,67.20833333333333,76.45833333333333,70.875,74.16666666666667,78.70833333333333,69.5,81.875,67.54166666666667,73.91666666666667
2009-10-23T00:00:00Z,72.625,92.25,80.08333333333333,79.95833333333333,69.75,88.75,79.25,93.75,79.66666666666667,76.25,84.125,79.625,87.75,77,80,75.25,72.25,81,75.58333333333333,96.29166666666667,84.5,80.91666666666667,76.125,76.625
2009-10-24T00:00:00Z,74.5,77.125,75.91666666666667,79.08333333333333,71.95833333333333,87.08333333333333,79.45833333333333,78.70833333333333,80.5,76.125,76.16666666666667,82.375,67.70833333333333,87.45833333333333,86.20833333333333,85.875,76.5,72.79166666666667,81.20833333333333,72.875,68.33333333333333,83.375,75.95833333333333,73.79166666666667
2009-10-25T00:00:00Z,73,66.83333333333333,67.16666666666667,73.33333333333333,64.95833333333333,76.16666666666667,74.33333333333333,65.5,74.625,62.583333333333336,70.25,73.08333333333333,66.83333333333333,75.58333333333333,89.95833333333333,66.16666666666667,73.58333333333333,65.41666666666667,78.79166666666667,77.20833333333333,59.541666666666664,76.70833333333333,68,70.125
2009-10-26T00:00:00Z,84.58333333333333,69.83333333333333,70.16666666666667,87.20833333333333,76.79166666666667,90.58333333333333,88.83333333333333,64.75,77.66666666666667,69.20833333333333,61.041666666666664,77.375,64.95833333333333,86.20833333333333,90.58333333333333,73.45833333333333,86.54166666666667,70.04166666666667,89.20833333333333,74.29166666666667,60.5,91.58333333333333,77.625,99
2009-10-27T00:00:00Z,86.95833333333333,87.45833333333333,89.20833333333333,96.5,84.20833333333333,95.66666666666667,97.625,90.25,97.91666666666667,89.5,92.16666666666667,88.58333333333333,89.08333333333333,97.45833333333333,98.33333333333333,88.75,88.04166666666667,92.04166666666667,88.41666666666667,93.58333333333333,83.875,92.625,95.54166666666667,97.5
2009-10-28T00:00:00Z,73.58333333333333,77.75,88.66666666666667,84.125,69.54166666666667,82.54166666666667,79.29166666666667,76.83333333333333,83.20833333333333,75.91666666666667,85.45833333333333,75.625,85.08333333333333,79.125,96.33333333333333,78.04166666666667,81.16666666666667,77.75,86.125,93.375,83.20833333333333,82.04166666666667,77.79166666666667,82.20833333333333
2009-10-29T00:00:00Z,83,84.08333333333333,73.83333333333333,80.125,73.375,86.70833333333333,78.45833333333333,79.04166666666667,85.5,70.70833333333333,80.25,64.79166666666667,79.625,83.125,84.20833333333333,69.58333333333333,78.16666666666667,75.20833333333333,80.58333333333333,84.83333333333333,71.5,82.625,81.08333333333333,85.91666666666667
2009-10-30T00:00:00Z,81.54166666666667,94,78.83333333333333,89.04166666666667,73.25,83.79166666666667,90.41666666666667,88,94.20833333333333,79.45833333333333,85.625,76,83.29166666666667,93.41666666666667,85,84.25,88.70833333333333,81.95833333333333,80,87.04166666666667,80.125,85.58333333333333,81.29166666666667,80
2009-10-31T00:00:00Z,89.75,93.625,91.375,94.20833333333333,69.08333333333333,85.95833333333333,94.54166666666667,83,98.83333333333333,90.5,96.91666666666667,78.125,96.08333333333333,93.08333333333333,86.25,85.29166666666667,79.25,85.54166666666667,79.20833333333333,99.75,89.08333333333333,82.58333333333333,78.08333333333333,92.375
2009-11-01T00:00:00Z,87.16666666666667,76.02083333333333,86.72916666666667,92.08333333333333,82.25,96.5,93.8125,72.16666666666667,99.64583333333333,88.95833333333333,79.4375,79.125,86.1875,95.77083333333333,94.66666666666667,85.20833333333333,84.83333333333333,73.29166666666667,88.125,84.95833333333333,81.25,90.72916666666667,88.5,100
2009-11-02T00:00:00Z,82.75,62.083333333333336,72.5,89.08333333333333,80.75,94.58333333333333,88.5,72.20833333333333,93.75,69.95833333333333,77.66666666666667,66.375,73.625,85.5,95.66666666666667,76.25,86.125,71.625,88.125,83.45833333333333,70.08333333333333,90.95833333333333,87.20833333333333,95.25
2009-11-03T00:00:00Z,77.04166666666667,62.916666666666664,63.583333333333336,80.45833333333333,72.16666666666667,84.58333333333333,79.66666666666667,62.166666666666664,81.375,56.708333333333336,59.833333333333336,57.916666666666664,64.91666666666667,66.83333333333333,83,63.583333333333336,76.875,63.083333333333336,75.16666666666667,64.875,53.583333333333336,81.04166666666667,76.41666666666667,83.79166666666667
2009-11-04T00:00:00Z,66.125,68.25,53.708333333333336,71.75,61.291666666666664,83.16666666666667,74.375,65.20833333333333,73.95833333333333,55.875,59.625,50.833333333333336,61.458333333333336,66.41666666666667,72.66666666666667,60.291666666666664,77.625,60,76.20833333333333,73.04166666666667,57.541666666666664,81.125,62.541666666666664,76.16666666666667
2009-11-05T00:00:00Z,64.95833333333333,60.083333333333336,53.5,68.125,61.25,72,65.33333333333333,56.208333333333336,64.375,53.125,50.583333333333336,51.75,49.791666666666664,64.29166666666667,69.75,58.708333333333336,65.375,55.291666666666664,69.625,57.958333333333336,52.25,68.70833333333333,70,71.58333333333333
2009-11-06T00:00:00Z,60.125,57.625,49.875,67.04166666666667,53.791666666666664,65.58333333333333,59.25,49.458333333333336,59.541666666666664,47.375,53.25,47,52.75,53.208333333333336,53.875,53,62.083333333333336,57.541666666666664,60.333333333333336,64.54166666666667,56.291666666666664,64,53.666666666666664,65.66666666666667
2009-11-07T00:00:00Z,64.25,69.45833333333333,61.791666666666664,70.45833333333333,62.916666666666664,74.25,70.04166666666667,66.875,70.29166666666667,53.791666666666664,67.83333333333333,48.333333333333336,66.41666666666667,62.125,66.58333333333333,59.958333333333336,71.70833333333333,62.583333333333336,68.625,75.875,59.583333333333336,76.20833333333333,65.125,65.83333333333333
2009-11-08T00:00:00Z,71.70833333333333,59.5,59.75,75.125,68.20833333333333,77.41666666666667,73.33333333333333,52.041666666666664,77.33333333333333,53.916666666666664,64.83333333333333,49.583333333333336,61.375,62.125,78.625,55.916666666666664,74.20833333333333,61.333333333333336,78.04166666666667,67.83333333333333,54.833333333333336,78.95833333333333,76.25,77.20833333333333
2009-11-09T00:00:00Z,68.125,74.58333333333333,70.83333333333333,84.375,69.95833333333333,81.45833333333333,83.95833333333333,61.375,85.20833333333333,62.833333333333336,69.45833333333333,60.166666666666664,68.58333333333333,72.25,74.29166666666667,68.79166666666667,78.45833333333333,67.91666666666667,76.83333333333333,81.125,65.375,79.79166666666667,79.875,80.5
2009-11-10T00:00:00Z,86.33333333333333,94.33333333333333,85.70833333333333,95.25,76.625,91.08333333333333,93.45833333333333,78.54166666666667,94.25,82.20833333333333,89,80.625,92,93.875,90.08333333333333,82.54166666666667,89.125,88.54166666666667,82.33333333333333,99,83.79166666666667,90.20833333333333,88.41666666666667,91.66666666666667
2009-11-11T00:00:00Z,90,92.875,90.45833333333333,98.20833333333333,84.58333333333333,97.79166666666667,99.04166666666667,85,96.75,93,90.45833333333333,83.83333333333333,89.91666666666667,96.625,95.29166666666667,44.833333333333336,92.625,80.41666666666667,91.95833333333333,90.79166666666667,83.75,96.33333333333333,94.58333333333333,98.5
2009-11-12T00:00:00Z,86,74.45833333333333,81.875,96.08333333333333,84.95833333333333,96.33333333333333,97.70833333333333,77.91666666666667,96.625,93.20833333333333,65.16666666666667,82.125,73.20833333333333,95.41666666666667,93.08333333333333,71.5,90.58333333333333,74.29166666666667,88.875,73.16666666666667,81.08333333333333,94.04166666666667,95.33333333333333,97.5
2009-11-13T00:00:00Z,90.125,69.25,69.625,90.75,70.375,94.16666666666667,92.79166666666667,66.25,96.58333333333333,79.20833333333333,67.70833333333333,70.29166666666667,63.541666666666664,93.91666666666667,98.70833333333333,83.95833333333333,87.33333333333333,69.375,88.29166666666667,66.70833333333333,73.41666666666667,91.41666666666667,95.79166666666667,98.45833333333333
2009-11-14T00:00:00Z,89.375,70.29166666666667,73,90.875,84.66666666666667,92.625,91.125,58.458333333333336,96.08333333333333,67.95833333333333,74.66666666666667,66.5,74.91666666666667,90.58333333333333,99.5,84.58333333333333,85.83333333333333,71.625,47.375,83.375,69.625,89.29166666666667,94.95833333333333,95.83333333333333
2009-11-15T00:00:00Z,80.79166666666667,71.20833333333333,72.33333333333333,89.75,76.41666666666667,86.70833333333333,89.54166666666667,49.541666666666664,92.5,65,66.33333333333333,63.25,68.95833333333333,86.08333333333333,98.70833333333333,80.625,84.04166666666667,66.5,83.20833333333333,79.54166666666667,64.125,83,85.08333333333333,89.625
2009-11-16T00:00:00Z,80,71.58333333333333,73.16666666666667,82.91666666666667,73.91666666666667,85.08333333333333,83.875,52.791666666666664,86.45833333333333,64.125,69.58333333333333,59.458333333333336,71.125,81.125,91.45833333333333,78.95833333333333,76.95833333333333,70.125,77.83333333333333,78.70833333333333,64.58333333333333,82.91666666666667,84.20833333333333,84
2009-11-17T00:00:00Z,79.08333333333333,80.83333333333333,71.75,80.95833333333333,75.91666666666667,84.54166666666667,84.625,80.54166666666667,92.66666666666667,79.91666666666667,77.25,65.95833333333333,80.375,87.875,87.375,82.625,74.95833333333333,72.70833333333333,82.08333333333333,82.08333333333333,73.45833333333333,80.29166666666667,87.625,84.95833333333333
2009-11-18T00:00:00Z,85.25,95.29166666666667,89.70833333333333,96.04166666666667,78.125,87.91666666666667,92.875,86.33333333333333,95.625,90.625,91.16666666666667,81.95833333333333,92.5,93.75,83.33333333333333,92.08333333333333,85.45833333333333,83.83333333333333,84.58333333333333,94.83333333333333,84.08333333333333,93.79166666666667,87,94.79166666666667
2009-11-19T00:00:00Z,86.125,84.875,92.45833333333333,92.04166666666667,78.125,92.75,88.70833333333333,80,96.58333333333333,91.79166666666667,87.20833333333333,84.41666666666667,91.08333333333333,97.33333333333333,87.04166666666667,95.33333333333333,85.16666666666667,82.20833333333333,84.125,98.04166666666667,88.125,90.29166666666667,86.16666666666667,95.04166666666667
2009-11-20T00:00:00Z,84.04166666666667,68.5,71.41666666666667,82.875,71.33333333333333,88.16666666666667,81.41666666666667,58.625,94.33333333333333,68.125,60.458333333333336,67.91666666666667,67.375,78.95833333333333,86.79166666666667,75.91666666666667,79.79166666666667,70.41666666666667,86.91666666666667,75.375,56,87.83333333333333,76.5,96.95833333333333
2009-11-21T00:00:00Z,75.91666666666667,77.16666666666667,67.45833333333333,76.29166666666667,62.708333333333336,76.875,80.875,68.45833333333333,84.08333333333333,68.83333333333333,66.125,66.70833333333333,75,84,66.83333333333333,74.375,68.33333333333333,69.875,68.5,81.29166666666667,68.04166666666667,73.33333333333333,64.16666666666667,84.5
2009-11-22T00:00:00Z,77.83333333333333,94.20833333333333,83.66666666666667,83.79166666666667,73,81.33333333333333,85.91666666666667,84.5,85.20833333333333,78.5,87.70833333333333,69.375,90.95833333333333,81.79166666666667,75.375,76.5,76.70833333333333,83.875,72.16666666666667,94,75.41666666666667,80.83333333333333,82.83333333333333,83.625
2009-11-23T00:00:00Z,87.20833333333333,90.25,91.25,96.625,82.83333333333333,95.5,96.625,88.75,96.58333333333333,92.70833333333333,91.79166666666667,84.5,93.25,98.20833333333333,89.375,69.25,87.33333333333333,92.54166666666667,85.08333333333333,95,87.58333333333333,90.5,95.58333333333333,98.5
2009-11-24T00:00:00Z,88,94.125,82.29166666666667,95.83333333333333,87.04166666666667,90.95833333333333,95.54166666666667,85.5,95.5,79.25,89.25,72.83333333333333,89.375,92.66666666666667,97.25,86.5,86.66666666666667,85,80.875,93.5,80.66666666666667,88.66666666666667,97.75,95.75
2009-11-25T00:00:00Z,84.875,84.16666666666667,88.125,94.625,83.875,87.70833333333333,95.41666666666667,67.29166666666667,96.33333333333333,84.95833333333333,82.54166666666667,80.5,85.91666666666667,94.16666666666667,97.41666666666667,90.08333333333333,88.04166666666667,80.25,81.58333333333333,90.95833333333333,82.125,89.625,93.375,90.79166666666667
2009-11-26T00:00:00Z,85.08333333333333,66.95833333333333,84.29166666666667,90.125,75.95833333333333,84.125,91.79166666666667,57,93.33333333333333,72.33333333333333,66.33333333333333,71.95833333333333,73.08333333333333,86.95833333333333,95.29166666666667,89.125,82.45833333333333,76.625,77.75,71.83333333333333,67.875,84.29166666666667,90.75,84
2009-11-27T00:00:00Z,61.125,50,51.833333333333336,64,59.625,60.5,62.916666666666664,48.333333333333336,65.5,51.541666666666664,52.75,47.166666666666664,42.375,62.291666666666664,60.166666666666664,58.375,59.791666666666664,56.541666666666664,55.958333333333336,44.041666666666664,43.833333333333336,64.75,68.04166666666667,58.5
2009-11-28T00:00:00Z,59.583333333333336,51.958333333333336,51.958333333333336,67.95833333333333,51.833333333333336,63.916666666666664,64.75,35.416666666666664,62.375,42.666666666666664,44.958333333333336,46.041666666666664,39.375,54.583333333333336,58.666666666666664,52.291666666666664,57.041666666666664,53.416666666666664,53.75,53.375,44.583333333333336,63.583333333333336,54,57.791666666666664
2009-11-29T00:00:00Z,55.208333333333336,61.125,60.875,63.541666666666664,57,65.375,63.833333333333336,36.375,62,53.208333333333336,56.708333333333336,45.291666666666664,57.25,58.75,65.29166666666667,55.083333333333336,64.875,61.75,60.208333333333336,69.625,55.458333333333336,65.875,50.5,57.583333333333336
2009-11-30T00:00:00Z,67.16666666666667,82,70.58333333333333,66.625,62.166666666666664,67.66666666666667,66.16666666666667,69.91666666666667,71.83333333333333,66.25,70.95833333333333,54.625,65.83333333333333,71.08333333333333,64.66666666666667,67.79166666666667,65.375,81.25,66.625,79.04166666666667,71.04166666666667,64.08333333333333,65.95833333333333,66.04166666666667
2009-12-01T00:00:00Z,71.08333333333333,64.08333333333333,64.33333333333333,70.04166666666667,61.875,74.58333333333333,68.70833333333333,43.041666666666664,72.41666666666667,59.291666666666664,60.625,56.375,60.666666666666664,64.41666666666667,66.04166666666667,68.375,66.25,64.20833333333333,62.958333333333336,68.625,55.375,66.5,46.791666666666664,70.16666666666667
2009-12-02T00:00:00Z,84.875,93.83333333333333,84.29166666666667,89.70833333333333,76.95833333333333,86.04166666666667,81.08333333333333,80.91666666666667,93.70833333333333,84.29166666666667,91,75.58333333333333,91.66666666666667,91.125,76,91.66666666666667,81.54166666666667,71.83333333333333,76.25,95.95833333333333,84.95833333333333,86.25,78.08333333333333,87.45833333333333
2009-12-03T00:00:00Z,65.125,78.375,67.875,75.5,69.04166666666667,79.41666666666667,77.08333333333333,72.83333333333333,82.41666666666667,64.54166666666667,71,54.083333333333336,74.16666666666667,66.5,78.16666666666667,68.16666666666667,77.66666666666667,67.95833333333333,74.91666666666667,80.70833333333333,66.54166666666667,77.25,66.04166666666667,74.5
2009-12-04T00:00:00Z,72.95833333333333,77.04166666666667,70.45833333333333,80.54166666666667,67.95833333333333,80.25,82.25,77.45833333333333,83.83333333333333,65.20833333333333,73.29166666666667,58.208333333333336,77.79166666666667,71.45833333333333,79.04166666666667,68.625,78.20833333333333,74.66666666666667,75.625,84.83333333333333,70.75,77.75,66.16666666666667,79.625
2009-12-05T00:00:00Z,86.29166666666667,80.08333333333333,83.70833333333333,92.83333333333333,81.375,92.70833333333333,94.33333333333333,83.04166666666667,98.41666666666667,84.875,69.33333333333333,76.41666666666667,82.33333333333333,96.79166666666667,87.70833333333333,91.79166666666667,87.54166666666667,76.54166666666667,83.875,83,76.875,93.16666666666667,89.20833333333333,97.95833333333333
2009-12-06T00:00:00Z,73.08333333333333,72.375,69,79.41666666666667,63.375,73.83333333333333,77.54166666666667,66.66666666666667,88.91666666666667,67.25,71.95833333333333,66.20833333333333,75.58333333333333,79.58333333333333,70.91666666666667,77.625,77.04166666666667,73.25,67.5,82.79166666666667,63.208333333333336,76.29166666666667,66.79166666666667,80.125
2009-12-07T00:00:00Z,80.125,73.20833333333333,79.375,84.625,67.29166666666667,71.16666666666667,85.75,66.375,91.95833333333333,73,77.08333333333333,71.25,78.125,80.375,76.875,84.95833333333333,77.875,75.25,74.58333333333333,84.66666666666667,76.25,80.625,65.91666666666667,84.33333333333333
2009-12-08T00:00:00Z,74.875,87.29166666666667,83.875,86.70833333333333,65.95833333333333,79.70833333333333,87.83333333333333,86.75,92.875,76.58333333333333,89.95833333333333,68.29166666666667,86.33333333333333,81.125,75.625,78.5,76.625,84,71.33333333333333,90.75,77.91666666666667,78.75,70.45833333333333,86.91666666666667
2009-12-09T00:00:00Z,74.79166666666667,62.791666666666664,66.5,85.83333333333333,76.25,86.04166666666667,86.25,55.166666666666664,95.125,68.08333333333333,68.95833333333333,55.916666666666664,73.66666666666667,74.5,89,72.5,83,68.33333333333333,81.95833333333333,80.66666666666667,78.20833333333333,83.75,78.58333333333333,86.875
2009-12-10T00:00:00Z,34.166666666666664,41.125,32.041666666666664,40.291666666666664,42.541666666666664,47.291666666666664,37.541666666666664,37.333333333333336,38.416666666666664,36.416666666666664,34.958333333333336,16.208333333333332,30.333333333333332,36.458333333333336,48.291666666666664,33.166666666666664,45.916666666666664,43.375,48.458333333333336,31,29.791666666666668,48.25,35.208333333333336,35.333333333333336
2009-12-11T00:00:00Z,40.333333333333336,39.333333333333336,36.041666666666664,43.666666666666664,40.416666666666664,44.041666666666664,45.708333333333336,28.458333333333332,39.083333333333336,33.041666666666664,30.125,26.041666666666668,34.333333333333336,38.833333333333336,44.708333333333336,38.416666666666664,39.333333333333336,39.25,39.25,42.041666666666664,32.833333333333336,46.333333333333336,34.208333333333336,35.875
2009-12-12T00:00:00Z,49.958333333333336,55.708333333333336,54.791666666666664,52.333333333333336,49.375,60.458333333333336,57.166666666666664,28,62.083333333333336,44.458333333333336,54.375,38.5,49.791666666666664,49.666666666666664,58.208333333333336,52.75,55.333333333333336,57.25,51.291666666666664,64.875,47.375,55.208333333333336,48.958333333333336,59.958333333333336
2009-12-13T00:00:00Z,84.375,93.95833333333333,96.125,96.66666666666667,76.08333333333333,89.25,80.70833333333333,74.875,96.20833333333333,90.125,96.25,85,94.45833333333333,98.08333333333333,85.08333333333333,95.16666666666667,87.29166666666667,87.33333333333333,79.04166666666667,97.58333333333333,86,92.75,82.54166666666667,92.375
2009-12-14T00:00:00Z,84.91666666666667,86.875,97.5,97.20833333333333,85.45833333333333,90.91666666666667,97.95833333333333,74.16666666666667,97.91666666666667,89.375,96.5,69.58333333333333,97.25,99.08333333333333,79,98.33333333333333,89.41666666666667,90,84,99.125,89.625,91.66666666666667,92.875,93.20833333333333
2009-12-15T00:00:00Z,80.58333333333333,83.20833333333333,87.375,96.16666666666667,82.04166666666667,95.04166666666667,96.91666666666667,63,89.91666666666667,78.83333333333333,83.375,46.625,81.95833333333333,83.29166666666667,49.458333333333336,86.45833333333333,87.83333333333333,78.45833333333333,86.95833333333333,82.70833333333333,72.29166666666667,92.75,85.83333333333333,95.25
2009-12-16T00:00:00Z,62,46.416666666666664,54.916666666666664,56.041666666666664,50.291666666666664,65.70833333333333,55.125,37.416666666666664,63.416666666666664,45.041666666666664,45.916666666666664,49.666666666666664,39.875,46.166666666666664,67.91666666666667,51.166666666666664,54.958333333333336,59.041666666666664,57.333333333333336,43.583333333333336,37.208333333333336,59.333333333333336,49.5,63.166666666666664
2009-12-17T00:00:00Z,63.625,55,51.708333333333336,62.708333333333336,48.958333333333336,67.625,55.625,45.125,65.45833333333333,40.416666666666664,54.375,35.5,47.833333333333336,45.458333333333336,58.583333333333336,43.666666666666664,61.916666666666664,55.5,54.916666666666664,64.04166666666667,36.875,61.333333333333336,45.75,64.83333333333333
2009-12-18T00:00:00Z,74.45833333333333,88,70.41666666666667,76.75,64.79166666666667,79.58333333333333,80,78.29166666666667,80.83333333333333,70.79166666666667,80.41666666666667,62.875,88.375,80.625,80.75,75.16666666666667,76.5,78,70.875,93.58333333333333,73.91666666666667,76.375,71.08333333333333,81.875
2009-12-19T00:00:00Z,88.33333333333333,90.125,82.875,91,82.54166666666667,91.54166666666667,89.04166666666667,78.66666666666667,98.625,82.79166666666667,84,82,83.375,94.08333333333333,94.54166666666667,96.625,83.25,88.79166666666667,80.33333333333333,84.70833333333333,77.29166666666667,84.16666666666667,89.875,97.70833333333333
2009-12-20T00:00:00Z,69.875,81.75,67.25,76.45833333333333,66.75,75.875,77.04166666666667,73.29166666666667,78.5,64.33333333333333,71.20833333333333,65.04166666666667,61.833333333333336,80.54166666666667,72.375,75.41666666666667,74.875,67.08333333333333,65.79166666666667,66.58333333333333,58.458333333333336,79.29166666666667,63.708333333333336,80.91666666666667
2009-12-21T00:00:00Z,74.33333333333333,83.16666666666667,67.5,78.04166666666667,61.125,74.41666666666667,77.375,74.625,78.25,65.29166666666667,68.58333333333333,63.833333333333336,68.33333333333333,69.58333333333333,63.708333333333336,71.95833333333333,71.04166666666667,70.54166666666667,65.29166666666667,78.08333333333333,62.375,76,54.291666666666664,79
2009-12-22T00:00:00Z,74.16666666666667,79.54166666666667,69.875,76.41666666666667,68,79.5,73.58333333333333,63.333333333333336,82.08333333333333,63.458333333333336,71.75,65.04166666666667,74.45833333333333,69.83333333333333,79.70833333333333,74.58333333333333,72.41666666666667,68.20833333333333,66.375,81.125,65.375,79.625,72.375,81
2009-12-23T00:00:00Z,77.91666666666667,81.33333333333333,71.625,75.875,69.25,79.41666666666667,73,67.41666666666667,82,69.95833333333333,73.45833333333333,63.583333333333336,75.125,80.16666666666667,88.66666666666667,75.75,73.45833333333333,68.83333333333333,68.08333333333333,82.54166666666667,73.54166666666667,77.25,73.33333333333333,81.375
2009-12-24T00:00:00Z,68.20833333333333,81.5,65.33333333333333,64.125,67.16666666666667,76.29166666666667,68,72.04166666666667,77.33333333333333,65.75,69.41666666666667,51.166666666666664,73.58333333333333,72.16666666666667,82.5,65.66666666666667,66.33333333333333,64.875,71.33333333333333,79.5,62.958333333333336,72.45833333333333,68.79166666666667,75.91666666666667
2009-12-25T00:00:00Z,84.91666666666667,97.625,90.75,90.33333333333333,75.625,89.58333333333333,89.66666666666667,89.91666666666667,99.58333333333333,89.58333333333333,94.04166666666667,80.95833333333333,94.875,95.33333333333333,81.58333333333333,75.375,83.625,83.04166666666667,75.58333333333333,97.70833333333333,85.83333333333333,87.79166666666667,86.125,93.45833333333333
2009-12-26T00:00:00Z,92.33333333333333,70.83333333333333,82.875,92.20833333333333,85,91.20833333333333,94.16666666666667,44.375,99.95833333333333,76,79.54166666666667,65,80.16666666666667,90.04166666666667,97.33333333333333,84.875,83.95833333333333,75.91666666666667,79.625,91.91666666666667,64.33333333333333,89.875,91.45833333333333,99
2009-12-27T00:00:00Z,69.70833333333333,62.583333333333336,67.29166666666667,69.5,60.625,73.04166666666667,73.70833333333333,40.125,77.16666666666667,61.708333333333336,57.791666666666664,53.916666666666664,62.916666666666664,60.083333333333336,77.16666666666667,68.83333333333333,75.70833333333333,64.375,64,70.16666666666667,53.958333333333336,77.45833333333333,68.91666666666667,65.16666666666667
2009-12-28T00:00:00Z,54.583333333333336,55.708333333333336,55.833333333333336,55.791666666666664,54.791666666666664,58.416666666666664,54.291666666666664,57.541666666666664,56.041666666666664,50.375,53.666666666666664,40.25,48.041666666666664,57,61.791666666666664,54.708333333333336,55.25,62,54.708333333333336,49.958333333333336,43.916666666666664,60.416666666666664,53.458333333333336,52.625
2009-12-29T00:00:00Z,50.458333333333336,57.625,49.375,59.333333333333336,47.291666666666664,54.541666666666664,52.791666666666664,46.666666666666664,48.375,46.041666666666664,49.125,37.375,45.25,46,53.166666666666664,52.25,55.625,50.666666666666664,47.958333333333336,48.541666666666664,41.25,54.875,44.958333333333336,52.041666666666664
2009-12-30T00:00:00Z,63.791666666666664,56.875,45.166666666666664,55.166666666666664,58.875,60.583333333333336,57,52.208333333333336,55.791666666666664,49.333333333333336,57.75,39.25,57,55.666666666666664,74.58333333333333,53.416666666666664,65.20833333333333,57.5,64.125,64.16666666666667,46.083333333333336,62.458333333333336,58.041666666666664,55.25
2009-12-31T00:00:00Z,77.79166666666667,91.66666666666667,93.5,99.125,78.20833333333333,97.875,99.54166666666667,83.41666666666667,96.125,88.625,95.20833333333333,85.66666666666667,94.16666666666667,97.95833333333333,96.25,96.83333333333333,91.79166666666667,93.58333333333333,86.29166666666667,99.125,88,96.54166666666667,91.29166666666667,97.83333333333333
2010-01-01T00:00:00Z,80.04166666666667,73.20833333333333,74.33333333333333,92.25,78.79166666666667,90.125,90.41666666666667,70.29166666666667,90.75,68.33333333333333,67.75,60.916666666666664,69.04166666666667,76.875,95.16666666666667,72.625,83.79166666666667,72.29166666666667,82.95833333333333,70.16666666666667,63.041666666666664,89.95833333333333,83.83333333333333,91.625
2010-01-02T00:00:00Z,38.25,63.375,45.625,49.333333333333336,45.25,47.375,48.583333333333336,60.458333333333336,44.208333333333336,43.25,47.916666666666664,31.583333333333332,43.291666666666664,44.208333333333336,57.916666666666664,45.166666666666664,49.5,45.666666666666664,49,44.666666666666664,40.25,49.25,40.125,43.916666666666664
2010-01-03T00:00:00Z,31.375,55.416666666666664,44.166666666666664,35.875,40.291666666666664,42.416666666666664,38.166666666666664,51.75,39.458333333333336,42.875,35.5,29.291666666666668,45.875,42.208333333333336,51.458333333333336,43.083333333333336,39.083333333333336,49.166666666666664,42.041666666666664,48.083333333333336,38.625,44.666666666666664,38.416666666666664,38.916666666666664
2010-01-04T00:00:00Z,46.875,63.75,47.208333333333336,47.833333333333336,49.208333333333336,53.208333333333336,48.625,62.708333333333336,50.333333333333336,50.75,45.083333333333336,35.791666666666664,46.625,50.708333333333336,58.083333333333336,51.625,48.541666666666664,54.833333333333336,52.458333333333336,47.666666666666664,45.041666666666664,55.791666666666664,47.291666666666664,48.916666666666664
2010-01-05T00:00:00Z,60.458333333333336,68.875,53.583333333333336,57.708333333333336,52.208333333333336,57.125,52.625,63.666666666666664,55.916666666666664,51.916666666666664,48.291666666666664,40.541666666666664,52.208333333333336,55.583333333333336,61.125,54.833333333333336,52.583333333333336,62.166666666666664,51.75,48,46.125,62.041666666666664,50.416666666666664,52.208333333333336
2010-01-06T00:00:00Z,66.33333333333333,66.25,53.5,61.166666666666664,49.833333333333336,57.083333333333336,51.458333333333336,68.25,57.541666666666664,52.541666666666664,50.458333333333336,39.5,53.583333333333336,55.125,66.04166666666667,54.666666666666664,52.25,61.208333333333336,52,56.166666666666664,50.375,61.125,49.666666666666664,53.583333333333336
2010-01-07T00:00:00Z,63.041666666666664,60.791666666666664,58.666666666666664,58.458333333333336,57.041666666666664,56.166666666666664,57.833333333333336,43.458333333333336,54.875,48.875,55.291666666666664,41.041666666666664,49.125,54.333333333333336,69.95833333333333,48.375,56.041666666666664,62.166666666666664,55.166666666666664,53.458333333333336,44.166666666666664,57.041666666666664,53.541666666666664,55.5
2010-01-08T00:00:00Z,55.291666666666664,65.125,52.458333333333336,48.166666666666664,53.875,57.708333333333336,51.291666666666664,62.125,54.625,52.875,55.083333333333336,43.166666666666664,47.291666666666664,57.916666666666664,70.875,57.625,52.416666666666664,43.916666666666664,52.791666666666664,51.875,42.958333333333336,56.041666666666664,59.833333333333336,52.791666666666664
2010-01-09T00:00:00Z,61.541666666666664,63.833333333333336,50.125,50.25,51.458333333333336,56.625,50.541666666666664,62.791666666666664,49.416666666666664,51.875,53.333333333333336,41.708333333333336,50.833333333333336,51.416666666666664,66.33333333333333,50.416666666666664,54.916666666666664,54.875,50.458333333333336,59.875,47.375,56.875,53.458333333333336,56.041666666666664
2010-01-10T00:00:00Z,54.333333333333336,58.416666666666664,48.333333333333336,51.791666666666664,50.208333333333336,58.708333333333336,51.166666666666664,52.708333333333336,44.708333333333336,44.916666666666664,47.708333333333336,42.083333333333336,46.75,46.458333333333336,61.583333333333336,47.375,51.916666666666664,57.75,51.083333333333336,59.125,39.75,53.333333333333336,48.041666666666664,53.25
2010-01-11T00:00:00Z,54.583333333333336,56.875,48.791666666666664,55.5,44.375,53.291666666666664,51.375,37.083333333333336,45.958333333333336,41.625,43.375,38.666666666666664,41.458333333333336,45.083333333333336,64.125,47.625,57.25,56,51.833333333333336,52.208333333333336,37.708333333333336,53.166666666666664,42.625,49.291666666666664
2010-01-12T00:00:00Z,66.20833333333333,72,51.875,51.458333333333336,52.791666666666664,56.333333333333336,51.041666666666664,71.29166666666667,51.833333333333336,51.583333333333336,58.958333333333336,40,54.833333333333336,51.875,75.5,54.666666666666664,47.416666666666664,58,50.416666666666664,63.833333333333336,51.583333333333336,53.833333333333336,51.166666666666664,54.958333333333336
2010-01-13T00:00:00Z,57.625,59.583333333333336,60.166666666666664,61,52.791666666666664,60.041666666666664,59.166666666666664,52.5,56.166666666666664,51.291666666666664,62.666666666666664,48.208333333333336,56,54.041666666666664,74.83333333333333,52.833333333333336,59.25,64.95833333333333,56.875,63.833333333333336,51.666666666666664,61,53.625,60.125
2010-01-14T00:00:00Z,59.583333333333336,56.791666666666664,56.583333333333336,66.54166666666667,54,65.58333333333333,66.91666666666667,15.625,64.79166666666667,46.958333333333336,54.458333333333336,46.041666666666664,55.041666666666664,51.791666666666664,76.58333333333333,53.166666666666664,62.833333333333336,63.25,63.708333333333336,61.708333333333336,43.791666666666664,70.75,61.666666666666664,61.708333333333336
2010-01-15T00:00:00Z,77.375,49.166666666666664,49.458333333333336,67.16666666666667,51.791666666666664,66.16666666666667,66.95833333333333,29.375,64.66666666666667,44.333333333333336,40.166666666666664,41.041666666666664,39.791666666666664,52.041666666666664,75.875,51.958333333333336,68.41666666666667,54.5,69.58333333333333,52.75,42.75,70.375,53.208333333333336,63.5
2010-01-16T00:00:00Z,67.29166666666667,71.25,64.625,76.25,59.125,64.29166666666667,67.5,52.166666666666664,59.916666666666664,46.333333333333336,61.208333333333336,44.541666666666664,52.083333333333336,49.375,67.66666666666667,54.291666666666664,64.625,63.875,60.458333333333336,65.08333333333333,55.875,66.45833333333333,67.66666666666667,64.875
2010-01-17T00:00:00Z,80.20833333333333,95.41666666666667,89.75,84.25,79.41666666666667,89.5,87,87.16666666666667,95.16666666666667,97.08333333333333,93.70833333333333,84.20833333333333,95.33333333333333,95.58333333333333,98.08333333333333,84.54166666666667,82.79166666666667,73.33333333333333,85.29166666666667,100,88.5,88.16666666666667,84.875,89.08333333333333
2010-01-18T00:00:00Z,79.45833333333333,66.54166666666667,71.08333333333333,74.66666666666667,68.70833333333333,80.16666666666667,74.875,54.75,87.33333333333333,69.625,66,65.58333333333333,58.583333333333336,78.25,91.83333333333333,79.75,71.08333333333333,63.375,71.70833333333333,62.375,57.291666666666664,78.54166666666667,76.79166666666667,84.875
2010-01-19T00:00:00Z,69.79166666666667,70.58333333333333,62.375,74.625,68.375,75.66666666666667,73.33333333333333,60.333333333333336,84.625,59.458333333333336,61.791666666666664,58.625,55.958333333333336,69.66666666666667,90.66666666666667,71.91666666666667,71.83333333333333,62.625,73.25,66.95833333333333,59.166666666666664,75.95833333333333,68.08333333333333,82.5
2010-01-20T00:00:00Z,74.83333333333333,85.45833333333333,68,71.5,69.04166666666667,73.20833333333333,73.45833333333333,88.375,86.75,73.95833333333333,68.58333333333333,62.25,69.08333333333333,81.70833333333333,87,73.33333333333333,70.29166666666667,69.91666666666667,77.45833333333333,80.125,80.91666666666667,72.70833333333333,79.79166666666667,71.91666666666667
2010-01-21T00:00:00Z,82.25,95.875,89.91666666666667,93.04166666666667,76.45833333333333,90.875,91.66666666666667,99.66666666666667,97.25,94.83333333333333,91.79166666666667,81.29166666666667,93.75,94.95833333333333,96.29166666666667,92.625,88.16666666666667,59.375,80.625,98.54166666666667,85.75,91.04166666666667,85.66666666666667,89.20833333333333
2010-01-22T00:00:00Z,87,91.54166666666667,88.04166666666667,96.375,78.54166666666667,95.66666666666667,98.625,85,96.95833333333333,90.95833333333333,89.20833333333333,80.20833333333333,89.95833333333333,98.66666666666667,99.41666666666667,93.75,91.08333333333333,85.20833333333333,83.83333333333333,94.125,83.79166666666667,94.75,85.16666666666667,100
2010-01-23T00:00:00Z,75.875,96.54166666666667,75.625,75.5,70,81.33333333333333,78.70833333333333,98.25,90.45833333333333,64.16666666666667,90.70833333333333,54,88.125,81.58333333333333,88.91666666666667,74.83333333333333,76.79166666666667,77.125,70.79166666666667,93.75,67.91666666666667,80.04166666666667,78.875,84.83333333333333
2010-01-24T00:00:00Z,75.66666666666667,96.33333333333333,87.79166666666667,85,71.5,80,85.91666666666667,91.08333333333333,93,86.08333333333333,94.33333333333333,76.25,95.04166666666667,87.04166666666667,92.20833333333333,86.95833333333333,76.5,75.33333333333333,72.41666666666667,99.41666666666667,84.41666666666667,80.5,77.375,79.625
2010-01-25T00:00:00Z,65.83333333333333,65.70833333333333,59.625,66.33333333333333,70.70833333333333,77.91666666666667,67.625,72.375,75.45833333333333,63.875,63.875,47.5,65.04166666666667,65.375,94.5,46.916666666666664,75.66666666666667,53.125,74.91666666666667,67.29166666666667,69.375,75.41666666666667,72.5,70.66666666666667
2010-01-26T00:00:00Z,48.541666666666664,60.791666666666664,51.75,44.958333333333336,45.625,51.583333333333336,46.541666666666664,73.41666666666667,51.666666666666664,49.166666666666664,53.166666666666664,38.75,51.458333333333336,50.166666666666664,63.25,49.75,48.416666666666664,53.416666666666664,48.708333333333336,54.083333333333336,50.291666666666664,52.583333333333336,39.833333333333336,45.333333333333336
2010-01-27T00:00:00Z,61.875,63.75,59.75,60.166666666666664,55.958333333333336,60.791666666666664,60.5,67,60.125,54.958333333333336,56.75,51.166666666666664,56.583333333333336,58.041666666666664,61.708333333333336,62.458333333333336,60.708333333333336,63.166666666666664,53.5,68.45833333333333,54.5,66.83333333333333,54.333333333333336,54.083333333333336
2010-01-28T00:00:00Z,58.291666666666664,58.041666666666664,54.208333333333336,65.83333333333333,55.75,64.875,64.83333333333333,48.916666666666664,62.791666666666664,47.208333333333336,52.75,40.625,47.833333333333336,53,69.20833333333333,51.083333333333336,67.125,58.958333333333336,63.833333333333336,59.291666666666664,45.208333333333336,67.16666666666667,52,55.75
2010-01-29T00:00:00Z,36.541666666666664,67.375,58.625,51.75,45,58.25,55.875,60.708333333333336,50.125,50.083333333333336,62.041666666666664,36.125,57.041666666666664,47.291666666666664,65.91666666666667,52.875,57.416666666666664,51.5,56.083333333333336,65.58333333333333,40.708333333333336,59.958333333333336,46.333333333333336,53.875
2010-01-30T00:00:00Z,81,89.75,84.04166666666667,89.83333333333333,74.54166666666667,93.125,93.20833333333333,92.16666666666667,90.79166666666667,80.66666666666667,91.20833333333333,88.875,85.08333333333333,92.70833333333333,98.375,88.79166666666667,86.75,79.25,80.29166666666667,86.375,79.33333333333333,92.875,82.83333333333333,89.70833333333333
2010-01-31T00:00:00Z,55.25,66.83333333333333,72.33333333333333,81.25,60.208333333333336,77.58333333333333,86.83333333333333,52.5,79.20833333333333,64.70833333333333,83.95833333333333,63.458333333333336,62.166666666666664,66.20833333333333,80.08333333333333,64.79166666666667,72.625,64.75,64.125,73.20833333333333,57.416666666666664,78.91666666666667,64.20833333333333,80.54166666666667
2010-02-01T00:00:00Z,52.916666666666664,66.875,69.54166666666667,68.875,58.208333333333336,66.91666666666667,73.54166666666667,46.083333333333336,76.625,55.75,70.83333333333333,49.083333333333336,66.875,41.916666666666664,72.375,58.416666666666664,68.16666666666667,64.08333333333333,51.166666666666664,69.45833333333333,49.166666666666664,65.79166666666667,61.041666666666664,67.375
2010-02-02T00:00:00Z,82.5,91.375,85.08333333333333,90.25,78.75,85.79166666666667,91,90.83333333333333,94.41666666666667,80.79166666666667,88.25,81.375,91.54166666666667,80.04166666666667,89.04166666666667,85.20833333333333,85.58333333333333,83.25,72.25,94.91666666666667,84.04166666666667,64.91666666666667,82.70833333333333,89
2010-02-03T00:00:00Z,82.33333333333333,75,78.75,82.04166666666667,73.20833333333333,84.08333333333333,79.70833333333333,81.54166666666667,91.33333333333333,72,73.20833333333333,76.95833333333333,72.875,77.75,94.04166666666667,77.70833333333333,79,69.625,71.04166666666667,74.41666666666667,65.16666666666667,77.29166666666667,81.29166666666667,89.875
2010-02-04T00:00:00Z,66.70833333333333,84.875,68.54166666666667,76.125,57.416666666666664,71.375,75.83333333333333,84.29166666666667,81.08333333333333,62.958333333333336,76.875,60.625,76.41666666666667,69.91666666666667,72.83333333333333,65.79166666666667,71.04166666666667,73,62.166666666666664,83.66666666666667,66.125,73.33333333333333,60.083333333333336,74.75
2010-02-05T00:00:00Z,75.125,95.45833333333333,91.66666666666667,87.54166666666667,70.625,83.16666666666667,80.625,99.125,90.45833333333333,90.58333333333333,96.45833333333333,80.125,93.20833333333333,87.16666666666667,90.33333333333333,85.54166666666667,80.66666666666667,92.5,72.95833333333333,98.83333333333333,86.25,64.04166666666667,75.54166666666667,85.79166666666667
2010-02-06T00:00:00Z,81.83333333333333,88.16666666666667,84.45833333333333,81.95833333333333,78.45833333333333,83.75,83.70833333333333,95,94.91666666666667,79.20833333333333,86.375,82.875,83.625,90.95833333333333,92.875,82.75,74.875,88.20833333333333,71,88.5,79.45833333333333,77.83333333333333,86.625,89
2010-02-07T00:00:00Z,60.291666666666664,78.16666666666667,72.66666666666667,62.625,61.083333333333336,60.291666666666664,63.666666666666664,84.91666666666667,63.125,62.125,73.79166666666667,54.333333333333336,69.75,66.79166666666667,72.04166666666667,68.91666666666667,57.125,74.79166666666667,53.125,76.66666666666667,62.208333333333336,61.083333333333336,67.16666666666667,64.25
2010-02-08T00:00:00Z,62.083333333333336,74.54166666666667,57.333333333333336,70,57.166666666666664,71.375,70.125,89.70833333333333,77.45833333333333,56.958333333333336,69.70833333333333,45.333333333333336,63.708333333333336,63.833333333333336,72.75,63,66.95833333333333,72,60.875,72.29166666666667,59.875,73.29166666666667,55.083333333333336,74.83333333333333
2010-02-09T00:00:00Z,71.95833333333333,82.875,86.375,87.20833333333333,66.66666666666667,83.625,89.75,94.625,93.29166666666667,78.29166666666667,80.04166666666667,70.58333333333333,84.66666666666667,79.54166666666667,84.70833333333333,83.58333333333333,84.25,84.16666666666667,72.20833333333333,84.875,73.70833333333333,87.54166666666667,73.29166666666667,83.66666666666667
2010-02-10T00:00:00Z,51.833333333333336,57.666666666666664,49.458333333333336,48.166666666666664,57.541666666666664,54.916666666666664,50.083333333333336,80.20833333333333,55.541666666666664,51.708333333333336,43.666666666666664,47.416666666666664,46.791666666666664,57.416666666666664,66.70833333333333,51.333333333333336,51.708333333333336,46.333333333333336,51.125,47.791666666666664,51,52.416666666666664,68.45833333333333,53.875
2010-02-11T00:00:00Z,42.333333333333336,69.75,49.583333333333336,52.291666666666664,46.708333333333336,49.791666666666664,49.791666666666664,75.79166666666667,48.875,50,48.583333333333336,45.375,49.083333333333336,52.416666666666664,65.125,52.25,51.708333333333336,53.083333333333336,47.958333333333336,51.083333333333336,54.375,53.833333333333336,48.458333333333336,47.291666666666664
2010-02-12T00:00:00Z,58.666666666666664,76.79166666666667,65.20833333333333,68.45833333333333,58.5,63.875,68.75,73.5,62.75,60.208333333333336,69.375,53.333333333333336,70.75,61.708333333333336,74.125,61.75,65.75,65.25,56.833333333333336,78.45833333333333,56.125,65.66666666666667,57.416666666666664,62.875
2010-02-13T00:00:00Z,75.08333333333333,71.83333333333333,66.29166666666667,79.41666666666667,72.54166666666667,85.54166666666667,79.91666666666667,74.83333333333333,86.875,59.25,63.25,52.75,62.791666666666664,71.08333333333333,88.5,65.83333333333333,81.79166666666667,62.583333333333336,72.04166666666667,64.54166666666667,55.541666666666664,86.625,68.70833333333333,83.54166666666667
2010-02-14T00:00:00Z,60.916666666666664,74.58333333333333,56.875,65.04166666666667,54.208333333333336,63.416666666666664,62.541666666666664,67.08333333333333,58.166666666666664,47.666666666666664,63.958333333333336,39.375,52.291666666666664,49.666666666666664,62.958333333333336,50.625,66.75,65.08333333333333,51.416666666666664,56.958333333333336,42.541666666666664,64.58333333333333,49.291666666666664,57.666666666666664
2010-02-15T00:00:00Z,65.16666666666667,71.91666666666667,66.91666666666667,78.83333333333333,57.416666666666664,69.83333333333333,76.33333333333333,80.375,81.625,69,64.79166666666667,59.291666666666664,66.95833333333333,74.66666666666667,73.375,72.79166666666667,73.875,63.375,62.333333333333336,71,64.95833333333333,72.625,59.583333333333336,69.45833333333333
2010-02-16T00:00:00Z,41.458333333333336,62.5,47.791666666666664,58.958333333333336,45.375,52.375,51.833333333333336,76.5,48.125,49.208333333333336,50.083333333333336,33.666666666666664,48.75,50.291666666666664,60.458333333333336,49.041666666666664,58.666666666666664,49.375,48.916666666666664,50.791666666666664,46.041666666666664,59.583333333333336,44.791666666666664,44.458333333333336
2010-02-17T00:00:00Z,47.5,68.58333333333333,55.875,55.916666666666664,48.416666666666664,51.541666666666664,52.041666666666664,76.375,53.125,53.833333333333336,57.25,38.333333333333336,53.875,54.958333333333336,56.041666666666664,52.125,54.458333333333336,59.875,46.25,59.625,51.291666666666664,56.458333333333336,47.625,49.291666666666664
2010-02-18T00:00:00Z,47.333333333333336,65.5,51.5,52.583333333333336,47.958333333333336,52.291666666666664,50.833333333333336,77.33333333333333,51,53.5,52.583333333333336,39.458333333333336,51,57.041666666666664,66,53.75,52.875,48.958333333333336,46.958333333333336,56.666666666666664,52.041666666666664,56.625,47.5,48.666666666666664
2010-02-19T00:00:00Z,46.875,54.75,48.75,61.958333333333336,48.041666666666664,53.833333333333336,54.875,55.333333333333336,52.791666666666664,46.625,42.25,42.416666666666664,44.5,47.958333333333336,66.41666666666667,52.875,55.041666666666664,49.75,53.458333333333336,53.125,43.375,57.958333333333336,48,50.5
2010-02-20T00:00:00Z,43.333333333333336,53.958333333333336,45.5,55.958333333333336,45.75,57.166666666666664,52,36.416666666666664,55.833333333333336,33.791666666666664,45.333333333333336,31.375,39.916666666666664,32.583333333333336,62.666666666666664,36.583333333333336,55.875,50.333333333333336,62.708333333333336,53.083333333333336,38.583333333333336,64.83333333333333,48.708333333333336,56.166666666666664
2010-02-21T00:00:00Z,51.208333333333336,59.625,49.5,59.375,50.166666666666664,58.75,53.125,50.5,56.083333333333336,44.041666666666664,45.791666666666664,34.416666666666664,46.583333333333336,41.958333333333336,66,50.416666666666664,56.25,52.5,63.375,57.291666666666664,47.875,64.33333333333333,55.125,55.083333333333336
2010-02-22T00:00:00Z,79.66666666666667,77.83333333333333,86.41666666666667,94.33333333333333,73.375,87.54166666666667,92.58333333333333,77.625,91.66666666666667,80.75,84,75.41666666666667,81.91666666666667,87.04166666666667,90.70833333333333,76.625,83.91666666666667,78.41666666666667,80.16666666666667,90.58333333333333,78.16666666666667,90.79166666666667,80.375,85.25
2010-02-23T00:00:00Z,82.04166666666667,80.5,83.79166666666667,84.79166666666667,77.54166666666667,87.70833333333333,84,81.95833333333333,97,72.29166666666667,78.875,70.79166666666667,81.58333333333333,91.625,95.58333333333333,85.25,82.54166666666667,78.08333333333333,80.625,81.66666666666667,69.375,87.125,82.58333333333333,93.95833333333333
2010-02-24T00:00:00Z,78.16666666666667,75.04166666666667,84.29166666666667,86.29166666666667,71.83333333333333,76.41666666666667,85.66666666666667,84.125,95.20833333333333,84.20833333333333,74.95833333333333,77.5,81.58333333333333,92.83333333333333,86.16666666666667,90.20833333333333,81.25,72.25,74.5,82.16666666666667,76.125,78.625,75.41666666666667,81.16666666666667
2010-02-25T00:00:00Z,60.125,56,48.083333333333336,59.916666666666664,60.375,74.04166666666667,61.75,71.16666666666667,73.54166666666667,51.291666666666664,45.208333333333336,38.708333333333336,45.583333333333336,64.29166666666667,80.95833333333333,61.541666666666664,63.208333333333336,50.291666666666664,69.875,44.583333333333336,46.416666666666664,72.66666666666667,60.416666666666664,70.75
2010-02-26T00:00:00Z,38.375,46.416666666666664,39.791666666666664,37.708333333333336,41.166666666666664,42.333333333333336,41.666666666666664,62.5,44.458333333333336,41.166666666666664,44.041666666666664,27.416666666666668,38.208333333333336,46.458333333333336,55.666666666666664,41.875,43.291666666666664,41.25,45.375,38.208333333333336,39.083333333333336,45.416666666666664,44.291666666666664,41.791666666666664
2010-02-27T00:00:00Z,53.375,55.958333333333336,44.791666666666664,47.25,48.875,54.166666666666664,51.25,72.54166666666667,50.5,48.416666666666664,45.25,32.791666666666664,43.916666666666664,52.791666666666664,62.25,48.375,52,54.041666666666664,56.166666666666664,46.166666666666664,46.708333333333336,60,49.25,51.416666666666664
2010-02-28T00:00:00Z,47.083333333333336,73.20833333333333,53.166666666666664,51.375,51.625,54.25,51,83.08333333333333,48.125,56.25,57.791666666666664,42.291666666666664,55.458333333333336,53.125,68.5,54.208333333333336,51.791666666666664,59.625,53.625,60.333333333333336,53.041666666666664,54.958333333333336,52.875,48.5
2010-03-01T00:00:00Z,51.125,67,60.708333333333336,61.125,49.75,55.708333333333336,60.291666666666664,79.33333333333333,53.5,58.583333333333336,61.291666666666664,47.5,58.958333333333336,53.625,62.958333333333336,54.333333333333336,59,64.75,58.666666666666664,63.791666666666664,52.958333333333336,63.416666666666664,51.166666666666664,56.541666666666664
2010-03-02T00:00:00Z,72.375,87.83333333333333,76.95833333333333,91.375,67.75,84.29166666666667,90.83333333333333,87.66666666666667,88.41666666666667,74.20833333333333,80.125,66.83333333333333,79.83333333333333,78.91666666666667,87.75,73.875,85.16666666666667,68.16666666666667,84.20833333333333,86.08333333333333,74.16666666666667,90.83333333333333,74.04166666666667,82.29166666666667
2010-03-03T00:00:00Z,84.125,72.625,63.25,76.625,78.04166666666667,89.83333333333333,77.33333333333333,81,97.91666666666667,69.70833333333333,58.333333333333336,58.458333333333336,61.458333333333336,82.29166666666667,92.04166666666667,74.875,78.70833333333333,61.291666666666664,84.41666666666667,68.25,61.375,90,86.29166666666667,96.79166666666667
2010-03-04T00:00:00Z,58.875,63,51.75,56.083333333333336,55.958333333333336,63.791666666666664,53.791666666666664,64.08333333333333,58.458333333333336,49.833333333333336,50.416666666666664,41.5,45.916666666666664,49.333333333333336,75.54166666666667,53.916666666666664,59.083333333333336,52.666666666666664,65.125,58.583333333333336,41.958333333333336,64.45833333333333,53.666666666666664,57.875
2010-03-05T00:00:00Z,45.791666666666664,41.833333333333336,43.041666666666664,46.125,50.583333333333336,53.208333333333336,42.875,46.291666666666664,45.666666666666664,39.75,33.916666666666664,30.458333333333332,33,44.083333333333336,63.083333333333336,41.666666666666664,52.583333333333336,40.166666666666664,54,38.333333333333336,30.125,53.958333333333336,50.541666666666664,49
2010-03-06T00:00:00Z,40.916666666666664,39.208333333333336,39.125,49.791666666666664,49.833333333333336,57.041666666666664,47.875,33.333333333333336,47.875,34,30.666666666666668,33,30.791666666666668,38.583333333333336,65.875,41.041666666666664,52.333333333333336,43.375,58.208333333333336,42.333333333333336,21.625,57.166666666666664,55.833333333333336,49.208333333333336
2010-03-07T00:00:00Z,43.958333333333336,42.291666666666664,40.333333333333336,51.666666666666664,45.708333333333336,56.083333333333336,49.916666666666664,30.833333333333332,55.291666666666664,33.625,37.25,28,32.375,35.708333333333336,74.16666666666667,43.208333333333336,56.041666666666664,42.708333333333336,65.41666666666667,42.041666666666664,28,58.708333333333336,40.833333333333336,56.041666666666664
2010-03-08T00:00:00Z,41.916666666666664,51.708333333333336,43.083333333333336,44.291666666666664,46.458333333333336,49.375,47.291666666666664,48.666666666666664,45.791666666666664,35.666666666666664,37.458333333333336,37.125,40.333333333333336,33.083333333333336,72.66666666666667,45.791666666666664,48.625,50,60.041666666666664,49.125,39.375,54.125,44.833333333333336,46.75
2010-03-09T00:00:00Z,50.833333333333336,58.5,50.375,54.083333333333336,54.625,60.166666666666664,54.583333333333336,54.833333333333336,45.458333333333336,46.708333333333336,47.166666666666664,40.083333333333336,48.625,51.375,72.45833333333333,56.208333333333336,58.083333333333336,54.375,67.58333333333333,53.333333333333336,46.625,65,47.583333333333336,56.833333333333336
2010-03-10T00:00:00Z,57.25,68.45833333333333,73.25,64.58333333333333,55.583333333333336,56.416666666666664,59.875,63.75,61.333333333333336,60.708333333333336,74,46.083333333333336,66.5,56.5,84.25,60.916666666666664,63.541666666666664,59.75,74.75,71.20833333333333,60.083333333333336,63.541666666666664,56.333333333333336,58.333333333333336
2010-03-11T00:00:00Z,83.25,96.91666666666667,92.54166666666667,98.5,76.04166666666667,91.83333333333333,97.95833333333333,95.83333333333333,98.91666666666667,85.75,96.66666666666667,78.54166666666667,95.70833333333333,92.29166666666667,91.83333333333333,91.58333333333333,92.70833333333333,74.375,87.75,100,85.91666666666667,96.5,79.375,98.25
2010-03-12T00:00:00Z,85.91666666666667,96.25,84.75,88.66666666666667,83.95833333333333,96.04166666666667,91.41666666666667,97.95833333333333,96.08333333333333,88.70833333333333,94.16666666666667,81.79166666666667,92.95833333333333,95,99.58333333333333,92.20833333333333,83.70833333333333,78.29166666666667,88.79166666666667,98.5,85.875,93.66666666666667,91.20833333333333,95.75
2010-03-13T00:00:00Z,76.875,87.625,77.79166666666667,68.08333333333333,67.79166666666667,70.75,71.04166666666667,78.66666666666667,78.625,78.625,75.79166666666667,77,85.16666666666667,81.33333333333333,94.375,80.5,69.58333333333333,72.125,83.625,87.54166666666667,77.125,69.20833333333333,83.33333333333333,71.45833333333333
2010-03-14T00:00:00Z,80.3913043478261,82.17391304347827,69.73913043478261,60.52173913043478,68.91304347826087,61.52173913043478,59.91304347826087,74.8695652173913,73.08695652173913,59.78260869565217,73.73913043478261,59.608695652173914,62.69565217391305,75.82608695652173,79.65217391304348,64.82608695652173,58.130434782608695,71.3913043478261,72.43478260869566,68.34782608695652,55.869565217391305,63.130434782608695,77.34782608695652,67.69565217391305
2010-03-15T00:00:00Z,76.91666666666667,78.04166666666667,60.291666666666664,59.833333333333336,73,70,60.666666666666664,83.91666666666667,73.70833333333333,58.75,62.125,54.333333333333336,60,71.5,85.29166666666667,61.25,58.208333333333336,64.08333333333333,66.08333333333333,65.375,58.708333333333336,66.16666666666667,82.16666666666667,76.375
2010-03-16T00:00:00Z,71.875,71.25,61,65.95833333333333,62.916666666666664,76.08333333333333,65.33333333333333,82.5,76.41666666666667,57.416666666666664,57.416666666666664,53.416666666666664,61.083333333333336,71.29166666666667,73.41666666666667,64.58333333333333,66.70833333333333,66.20833333333333,70.70833333333333,70.375,60.291666666666664,72.16666666666667,69.375,74.375
2010-03-17T00:00:00Z,53.375,72.91666666666667,58.541666666666664,69.75,46.666666666666664,61.333333333333336,66.29166666666667,63.375,64.41666666666667,52.625,64.5,55.541666666666664,55.5,57.791666666666664,68.33333333333333,57.75,66.04166666666667,60.25,62.25,67.45833333333333,52.291666666666664,58.375,52.833333333333336,60.333333333333336
2010-03-18T00:00:00Z,48.75,63.583333333333336,47.25,70.25,50.458333333333336,65.79166666666667,55,50.583333333333336,45.708333333333336,39.708333333333336,52.375,39.25,46.708333333333336,49.791666666666664,79.41666666666667,47.625,66.54166666666667,47.083333333333336,79.91666666666667,56.75,41,73.25,51.625,48.833333333333336
2010-03-19T00:00:00Z,49.25,44.125,40.333333333333336,52.083333333333336,45.541666666666664,55.583333333333336,53,28.375,55.75,30.583333333333332,41.833333333333336,37.25,34.291666666666664,40.041666666666664,67.58333333333333,35.125,47.541666666666664,49.5,58.25,48.625,28,50.541666666666664,46.416666666666664,55.75
2010-03-20T00:00:00Z,47.458333333333336,54.916666666666664,43.75,52.083333333333336,48.666666666666664,55.416666666666664,49.5,38.875,48.833333333333336,39.958333333333336,44.291666666666664,36.625,42.541666666666664,44.166666666666664,83.375,42.666666666666664,55.833333333333336,53.291666666666664,74.45833333333333,53.25,39.416666666666664,56.125,41.291666666666664,48.791666666666664
2010-03-21T00:00:00Z,53.083333333333336,84.91666666666667,78.25,78.45833333333333,63.625,70.95833333333333,72.79166666666667,76.375,68.08333333333333,64.95833333333333,83.25,59.583333333333336,79.66666666666667,55.75,83.875,59.958333333333336,72.79166666666667,70.83333333333333,76.5,88.45833333333333,70.79166666666667,75.08333333333333,55.75,58.625
2010-03-22T00:00:00Z,68.54166666666667,80.33333333333333,71.54166666666667,71,80.79166666666667,74.95833333333333,70.29166666666667,83,79.20833333333333,65.58333333333333,71.75,59.916666666666664,73.41666666666667,63.5,85.75,61.75,70.25,59.458333333333336,76.08333333333333,76.45833333333333,70.58333333333333,74.29166666666667,77.70833333333333,67.45833333333333
2010-03-23T00:00:00Z,56.708333333333336,68.66666666666667,61.125,56.25,58.75,55.166666666666664,56.875,78.875,57.833333333333336,59,63.458333333333336,53.125,56.416666666666664,62.583333333333336,67.95833333333333,57.833333333333336,57,63.958333333333336,65.20833333333333,58.291666666666664,66.20833333333333,58.5,58.5,50.375
2010-03-24T00:00:00Z,47.833333333333336,51.125,49.5,56.041666666666664,53.666666666666664,52.333333333333336,55.166666666666664,55,55.416666666666664,48.125,44.916666666666664,45.958333333333336,42.083333333333336,51.625,69,55.125,53.791666666666664,54,60.75,51.708333333333336,41.666666666666664,53.291666666666664,48.708333333333336,47.125
2010-03-25T00:00:00Z,52.333333333333336,71.91666666666667,57.083333333333336,65.25,63.791666666666664,71.95833333333333,59.916666666666664,61,59.416666666666664,52.625,62.541666666666664,39.166666666666664,58.625,52.375,77.04166666666667,52,68.66666666666667,57.708333333333336,77.04166666666667,72.125,57.791666666666664,72.875,57.458333333333336,56.625
2010-03-26T00:00:00Z,79.08333333333333,74.375,65.79166666666667,66.58333333333333,77.33333333333333,76.83333333333333,70.04166666666667,81.70833333333333,82,75.04166666666667,68.41666666666667,73.04166666666667,68.08333333333333,85.66666666666667,88.33333333333333,76.875,65.16666666666667,68.16666666666667,81.08333333333333,68.375,75.79166666666667,72.58333333333333,81.875,76.95833333333333
2010-03-27T00:00:00Z,66.75,61.666666666666664,51.166666666666664,55.916666666666664,62.958333333333336,64.66666666666667,58.875,63.041666666666664,66.45833333333333,53.5,56.916666666666664,53.875,53.208333333333336,65.20833333333333,70,59.958333333333336,63.666666666666664,55.75,61.625,60.5,47.125,64.20833333333333,65.25,68.08333333333333
2010-03-28T00:00:00Z,65.5,87.33333333333333,75.83333333333333,74.875,67.91666666666667,71.625,72.5,84.66666666666667,77.625,80.79166666666667,82.625,72.875,83.45833333333333,77.83333333333333,80.33333333333333,74,72.95833333333333,82.16666666666667,73.08333333333333,89.45833333333333,78.875,74.41666666666667,67.875,69.70833333333333
2010-03-29T00:00:00Z,83.70833333333333,77.625,77.75,83.95833333333333,65.41666666666667,87.33333333333333,81.75,76.58333333333333,93.70833333333333,83.5,72.58333333333333,73.16666666666667,80.70833333333333,87.66666666666667,95.08333333333333,80.08333333333333,81.70833333333333,68.20833333333333,84.54166666666667,82.91666666666667,80.75,84.625,90.66666666666667,89.16666666666667
2010-03-30T00:00:00Z,56.416666666666664,63.25,51.375,63.458333333333336,63.5,61.458333333333336,56.708333333333336,62.583333333333336,61.791666666666664,50.083333333333336,47.333333333333336,42.791666666666664,53.166666666666664,49.708333333333336,82.08333333333333,49.166666666666664,60.875,56.125,68,57.25,45.416666666666664,62.333333333333336,60.25,56.958333333333336
2010-03-31T00:00:00Z,34.083333333333336,53.083333333333336,40.625,46.458333333333336,46.166666666666664,44.125,35,38.583333333333336,37.916666666666664,31.291666666666668,39.75,30.875,35.708333333333336,33.5,58.458333333333336,35.916666666666664,41.083333333333336,49.125,54.25,46.041666666666664,30.916666666666668,42.583333333333336,41.666666666666664,37.916666666666664
2010-04-01T00:00:00Z,48.666666666666664,47.083333333333336,39.875,50.25,72.25,56.25,48,29.291666666666668,51.625,33.958333333333336,38.041666666666664,32.708333333333336,34.5,37.458333333333336,73.45833333333333,44.25,54.583333333333336,47.5,64.70833333333333,48.958333333333336,37,61.375,66.75,56.166666666666664
2010-04-02T00:00:00Z,64.08333333333333,50.833333333333336,41.666666666666664,56.541666666666664,78.16666666666667,71.33333333333333,53.708333333333336,32.416666666666664,65.625,39.583333333333336,41.125,33.5,41.708333333333336,46,81.58333333333333,49,61.833333333333336,51.541666666666664,79.125,51.416666666666664,37.458333333333336,77.625,70.5,63.5
2010-04-03T00:00:00Z,68.66666666666667,52.708333333333336,57.75,77,86.95833333333333,81.16666666666667,72.33333333333333,46.208333333333336,78.75,50.041666666666664,50.458333333333336,72.79166666666667,51.458333333333336,52.375,87.91666666666667,53.833333333333336,76.04166666666667,56.5,83.66666666666667,57.458333333333336,49.041666666666664,79.54166666666667,77.41666666666667,69.33333333333333
2010-04-04T00:00:00Z,62.958333333333336,52.833333333333336,53.708333333333336,76.29166666666667,82.25,78.5,72.91666666666667,44.625,75.25,48.333333333333336,50.583333333333336,69.375,52.458333333333336,65,95.04166666666667,61.25,74.75,58.791666666666664,85.58333333333333,57.5,48.791666666666664,81.45833333333333,76.95833333333333,71.58333333333333
2010-04-05T00:00:00Z,58.458333333333336,58,55.416666666666664,68.375,71.16666666666667,71.95833333333333,61.958333333333336,66.375,61.583333333333336,50.041666666666664,53.958333333333336,54.125,53.166666666666664,57.875,93.20833333333333,57.541666666666664,69.875,61.375,83.45833333333333,60.583333333333336,51.75,76.33333333333333,61.583333333333336,56.041666666666664
2010-04-06T00:00:00Z,50.625,53.208333333333336,46.375,65,64.25,65.91666666666667,59.333333333333336,51.041666666666664,55.708333333333336,43.541666666666664,44.75,32.458333333333336,45.125,48.541666666666664,90.83333333333333,46.416666666666664,65.75,49.625,82.66666666666667,48.166666666666664,43.166666666666664,68.54166666666667,52.458333333333336,50.25
2010-04-07T00:00:00Z,49.791666666666664,47.958333333333336,55.583333333333336,68.375,60.458333333333336,66.08333333333333,63.166666666666664,50.333333333333336,60.75,46.208333333333336,51.208333333333336,41.708333333333336,44,47.166666666666664,88.91666666666667,50.041666666666664,68,54.958333333333336,80.95833333333333,41.541666666666664,44.083333333333336,70.41666666666667,48.875,53.75
2010-04-08T00:00:00Z,55.208333333333336,77.125,74.625,71.54166666666667,70.20833333333333,76.16666666666667,68.45833333333333,59.708333333333336,69.25,70.45833333333333,75.95833333333333,60.583333333333336,77.5,61.708333333333336,87.625,61.25,72.08333333333333,68.70833333333333,82.20833333333333,74.625,74.70833333333333,77.79166666666667,55.958333333333336,63.25
2010-04-09T00:00:00Z,67.83333333333333,46.833333333333336,53.666666666666664,61.916666666666664,76.875,72.375,62.541666666666664,41.083333333333336,63.625,50.208333333333336,44.625,49.583333333333336,49.875,54.541666666666664,82.625,58.166666666666664,63.833333333333336,54.958333333333336,71.66666666666667,44.041666666666664,39,70.20833333333333,64.625,72.25
2010-04-10T00:00:00Z,53.208333333333336,37.916666666666664,39.916666666666664,56.125,56.125,57.833333333333336,49.083333333333336,37.041666666666664,49.875,34.375,33.625,40.5,37.5,45.708333333333336,48.958333333333336,43.083333333333336,59.458333333333336,50.041666666666664,54.875,39.416666666666664,35.166666666666664,58.541666666666664,51.583333333333336,58.375
2010-04-11T00:00:00Z,56.833333333333336,50.666666666666664,46.875,63.375,63.083333333333336,66.20833333333333,58,55.083333333333336,60.791666666666664,44.375,48.958333333333336,45.375,47.166666666666664,52.083333333333336,57.958333333333336,52.25,67.25,59.708333333333336,69.08333333333333,55.583333333333336,44.333333333333336,70.75,56.208333333333336,56.5
2010-04-12T00:00:00Z,57.041666666666664,50.333333333333336,50.208333333333336,64.45833333333333,76,70.41666666666667,61.333333333333336,51.166666666666664,63.916666666666664,42.416666666666664,47.166666666666664,46.708333333333336,45.458333333333336,54.416666666666664,71.625,52.125,71.625,58.375,69.29166666666667,58,46.291666666666664,75.16666666666667,66.625,60.833333333333336
2010-04-13T00:00:00Z,65.08333333333333,53.166666666666664,53.125,69.16666666666667,76.33333333333333,73.04166666666667,66.5,44.25,67.5,51.875,51.875,44.625,53.166666666666664,60.958333333333336,76.70833333333333,58.958333333333336,71.5,60.583333333333336,74.625,59.208333333333336,54.75,73.625,67.16666666666667,67.79166666666667
2010-04-14T00:00:00Z,69,67.875,70.79166666666667,84.54166666666667,71.25,72.08333333333333,79.08333333333333,79.08333333333333,80.375,69.25,65.83333333333333,67.83333333333333,74.625,76.95833333333333,74.20833333333333,70.5,76.95833333333333,58.583333333333336,72.33333333333333,71.33333333333333,70.83333333333333,72.875,68.58333333333333,71.95833333333333
2010-04-15T00:00:00Z,66.08333333333333,68.66666666666667,62,66.20833333333333,68.75,59.333333333333336,67.91666666666667,63.125,69.04166666666667,60.791666666666664,67.75,62.125,64.5,69.625,59.958333333333336,70.16666666666667,60.083333333333336,63.083333333333336,59.416666666666664,72.125,69.95833333333333,62.625,59.375,68.54166666666667
2010-04-16T00:00:00Z,51.291666666666664,53.875,57.291666666666664,60.625,59.541666666666664,59.083333333333336,57.5,37.416666666666664,58.291666666666664,50.5,51.5,49.333333333333336,51.25,49.791666666666664,77.20833333333333,51,60.125,60.708333333333336,68.5,52.041666666666664,44.5,61.291666666666664,46.416666666666664,53.916666666666664
2010-04-17T00:00:00Z,48.833333333333336,49.25,45.333333333333336,48.166666666666664,54.583333333333336,53.666666666666664,48.791666666666664,49.916666666666664,46.875,42.708333333333336,43.291666666666664,45.958333333333336,36.958333333333336,47.833333333333336,80.16666666666667,48.125,55,50.541666666666664,76.25,35.041666666666664,36.458333333333336,54.833333333333336,53.208333333333336,48.375
2010-04-18T00:00:00Z,50.458333333333336,32,35.208333333333336,46.708333333333336,54.333333333333336,51.791666666666664,42.125,35.75,43.708333333333336,37.333333333333336,29.75,36.916666666666664,34.375,52.666666666666664,59.083333333333336,46.041666666666664,57.375,46.791666666666664,55.5,38.083333333333336,35.958333333333336,53.625,48.083333333333336,54.416666666666664
2010-04-19T00:00:00Z,59.125,52.041666666666664,49.25,69.95833333333333,66.70833333333333,64.29166666666667,62.583333333333336,41.541666666666664,60.083333333333336,47.083333333333336,43.625,52.208333333333336,52.666666666666664,61.041666666666664,64.91666666666667,57.375,72.08333333333333,59.041666666666664,66.29166666666667,60.958333333333336,43.875,71.54166666666667,52.875,61.125
2010-04-20T00:00:00Z,56.416666666666664,79.125,64.08333333333333,67.70833333333333,63.375,61.041666666666664,65.20833333333333,63.375,62.25,56.791666666666664,76.95833333333333,59,75.95833333333333,56.541666666666664,68.08333333333333,56.958333333333336,69.875,69.58333333333333,62.583333333333336,79.41666666666667,63.208333333333336,69.20833333333333,52.666666666666664,60.458333333333336
2010-04-21T00:00:00Z,82.70833333333333,68.75,71.875,82.54166666666667,79.54166666666667,85.70833333333333,86.33333333333333,72.5,97.16666666666667,72.625,63.875,81.08333333333333,68.125,88.20833333333333,82.875,81.79166666666667,76.83333333333333,67.04166666666667,73.20833333333333,74.54166666666667,66.16666666666667,88.20833333333333,73.125,87.75
2010-04-22T00:00:00Z,69.25,59.75,54.291666666666664,57.958333333333336,71.29166666666667,70.70833333333333,57.916666666666664,46.166666666666664,63.416666666666664,45.166666666666664,51.125,50.666666666666664,54.166666666666664,60.083333333333336,88.875,56,59.375,59.125,79.16666666666667,64.66666666666667,53.666666666666664,70.91666666666667,65.66666666666667,69.08333333333333
2010-04-23T00:00:00Z,60.583333333333336,58.041666666666664,57.541666666666664,63.75,57.958333333333336,64.33333333333333,58.958333333333336,68.625,69.91666666666667,61.166666666666664,48.166666666666664,62.166666666666664,61.666666666666664,66.375,79.83333333333333,69.875,66.08333333333333,62.083333333333336,71.70833333333333,67.125,70.29166666666667,66.70833333333333,54.416666666666664,58.708333333333336
2010-04-24T00:00:00Z,73.04166666666667,82.875,75.75,78.45833333333333,75.625,84.125,75.45833333333333,81.95833333333333,88.83333333333333,72.58333333333333,85.41666666666667,68.79166666666667,79.375,84.33333333333333,81.33333333333333,78.41666666666667,78.5,71.45833333333333,83.125,84.625,74.875,84.79166666666667,68.25,82.41666666666667
2010-04-25T00:00:00Z,74.125,69.16666666666667,70.625,83.70833333333333,80.5,82.33333333333333,83.08333333333333,72,88.125,69.25,69.20833333333333,68.33333333333333,68.08333333333333,80.58333333333333,97.875,78.375,78.25,67.79166666666667,83.91666666666667,68.20833333333333,70.375,81.08333333333333,73.95833333333333,80.08333333333333
2010-04-26T00:00:00Z,66.83333333333333,69,60.916666666666664,60.416666666666664,70,59.666666666666664,61.416666666666664,76.95833333333333,66.70833333333333,55.541666666666664,63.375,53.541666666666664,57.666666666666664,63.708333333333336,91.45833333333333,57.25,60.375,61.916666666666664,79.08333333333333,58.041666666666664,57.333333333333336,63.75,70.41666666666667,65.33333333333333
2010-04-27T00:00:00Z,70.04166666666667,73.29166666666667,72.79166666666667,65.33333333333333,70.375,51.916666666666664,61.583333333333336,77,50.666666666666664,55.708333333333336,61.5,54.208333333333336,68.41666666666667,57.375,67.95833333333333,56.75,61.916666666666664,68.45833333333333,55.583333333333336,64.58333333333333,62.25,62.416666666666664,69.91666666666667,58.25
2010-04-28T00:00:00Z,47.291666666666664,53.5,55.5,55.375,55.708333333333336,54.708333333333336,50.166666666666664,51.208333333333336,40.541666666666664,40.541666666666664,43.208333333333336,47.208333333333336,45.083333333333336,47.708333333333336,58,44.041666666666664,54.375,57.708333333333336,53,44.083333333333336,36.541666666666664,55,40.583333333333336,50.375
2010-04-29T00:00:00Z,53.958333333333336,61.291666666666664,55.541666666666664,55.583333333333336,58.75,57.916666666666664,50.583333333333336,53.833333333333336,50.583333333333336,46.625,53.75,49.916666666666664,54.541666666666664,53.791666666666664,68.5,52.333333333333336,54.791666666666664,61.083333333333336,53.916666666666664,66.83333333333333,54.625,56.583333333333336,47.208333333333336,55.416666666666664
2010-04-30T00:00:00Z,53.041666666666664,56.625,58.791666666666664,68.91666666666667,56.416666666666664,61.833333333333336,65.33333333333333,52.166666666666664,50.916666666666664,49.5,55,47.875,56.583333333333336,54.416666666666664,78.29166666666667,57.583333333333336,65.95833333333333,66.08333333333333,73.66666666666667,66,59.583333333333336,67.91666666666667,47.458333333333336,52.291666666666664
2010-05-01T00:00:00Z,66.875,83,78,80.79166666666667,71.875,76.83333333333333,78.625,70.20833333333333,78.29166666666667,69.45833333333333,83.83333333333333,67.58333333333333,77.79166666666667,68.66666666666667,89.91666666666667,69.66666666666667,77.16666666666667,80.04166666666667,83.16666666666667,80.125,73.41666666666667,81.75,58.958333333333336,74.375
2010-05-02T00:00:00Z,64.54166666666667,76.08333333333333,72.29166666666667,77.625,74.75,75.58333333333333,74.25,74.125,76.125,66.54166666666667,76.5,61.875,76,67.08333333333333,93.95833333333333,66.29166666666667,74.08333333333333,76.20833333333333,86.125,77.58333333333333,73.45833333333333,79.20833333333333,64.75,65.625
2010-05-03T00:00:00Z,68.95833333333333,84.16666666666667,84.33333333333333,80.54166666666667,75.33333333333333,78.75,77.66666666666667,84.625,81.33333333333333,77.70833333333333,88,77.875,86.58333333333333,75.83333333333333,93.41666666666667,77.33333333333333,78.25,88.125,86.75,82,81.33333333333333,80.75,60.041666666666664,70.875
2010-05-04T00:00:00Z,73.20833333333333,57.333333333333336,67.70833333333333,91.75,89.375,90,92.16666666666667,44.708333333333336,96.58333333333333,57.541666666666664,67.29166666666667,64.79166666666667,65.79166666666667,65.16666666666667,96.75,67.83333333333333,88.875,69.375,90.91666666666667,71.95833333333333,57.916666666666664,90.91666666666667,64.16666666666667,89.33333333333333
2010-05-05T00:00:00Z,61.958333333333336,64,65.83333333333333,80,77.875,76.54166666666667,81.25,59.041666666666664,70.54166666666667,58.25,66.75,59.958333333333336,62.25,59.958333333333336,94.29166666666667,62.125,78.625,68.54166666666667,83.45833333333333,66.875,55.75,81.16666666666667,65,74.58333333333333
2010-05-06T00:00:00Z,61.666666666666664,67.25,63.458333333333336,76.54166666666667,73.29166666666667,74.91666666666667,72.70833333333333,52.541666666666664,71.66666666666667,54.958333333333336,69.20833333333333,55.875,60.958333333333336,65.5,90.33333333333333,60.333333333333336,73.95833333333333,68.95833333333333,82.41666666666667,64.58333333333333,55.916666666666664,79.5,59.041666666666664,70.25
2010-05-07T00:00:00Z,51.916666666666664,71.375,52.958333333333336,68.41666666666667,57.625,62.291666666666664,67.375,68.70833333333333,60.5,45.333333333333336,63.75,43.791666666666664,62.666666666666664,55.791666666666664,71.875,46.916666666666664,69.70833333333333,64.33333333333333,69.95833333333333,62.708333333333336,48.458333333333336,70.79166666666667,52.125,55.541666666666664
2010-05-08T00:00:00Z,42.5,51.833333333333336,46.458333333333336,55.5,53.791666666666664,55.916666666666664,51.791666666666664,46.291666666666664,51.458333333333336,43.041666666666664,48.958333333333336,39.791666666666664,45.125,43.833333333333336,81.33333333333333,45.083333333333336,64.75,48.125,76.5,43.5,44.541666666666664,58.791666666666664,45.791666666666664,49.416666666666664
2010-05-09T00:00:00Z,33.75,48.583333333333336,36.875,35.708333333333336,38.291666666666664,35.333333333333336,35.916666666666664,41.208333333333336,28.791666666666668,36.25,41.041666666666664,35.041666666666664,38.625,36.125,44.333333333333336,37.625,37.666666666666664,45.041666666666664,38.916666666666664,41.458333333333336,35.75,36.875,31.5,36.25
2010-05-10T00:00:00Z,46.75,72.04166666666667,49.125,57.416666666666664,51.583333333333336,54,49.583333333333336,60.833333333333336,37.666666666666664,42.458333333333336,60.208333333333336,49.166666666666664,55.958333333333336,49.75,58,45.5,60.541666666666664,63.958333333333336,53.375,64.83333333333333,47.708333333333336,58.208333333333336,41.208333333333336,47.25
2010-05-11T00:00:00Z,56.666666666666664,92.83333333333333,74.83333333333333,73.41666666666667,58.083333333333336,60.208333333333336,74.79166666666667,90.5,59.958333333333336,68.33333333333333,81.58333333333333,69.91666666666667,89.45833333333333,59.75,61.208333333333336,66.08333333333333,68.375,90,60.541666666666664,95.75,79.625,66.45833333333333,55,57.708333333333336
2010-05-12T00:00:00Z,70,83.16666666666667,76.25,75.33333333333333,73.29166666666667,71.16666666666667,77.54166666666667,67.125,75.70833333333333,72.58333333333333,76.125,70.75,77.45833333333333,72.54166666666667,85.58333333333333,72.04166666666667,68.83333333333333,80.5,75.04166666666667,76.25,91,72.5,69.04166666666667,68.45833333333333
2010-05-13T00:00:00Z,82.20833333333333,78.41666666666667,69.375,72.83333333333333,84.16666666666667,83.66666666666667,71.58333333333333,73.54166666666667,89.70833333333333,82.04166666666667,70.5,67.91666666666667,72,89.875,90.16666666666667,76.91666666666667,72.375,76.58333333333333,79.33333333333333,76.66666666666667,80.125,81.29166666666667,79.33333333333333,87.20833333333333
2010-05-14T00:00:00Z,70.875,77.29166666666667,66.54166666666667,74.29166666666667,74.83333333333333,73.83333333333333,72.29166666666667,74.375,68.25,70.70833333333333,70,65.04166666666667,75.125,71.91666666666667,90.66666666666667,67.66666666666667,71.625,75.70833333333333,79.5,79.5,76.41666666666667,77.29166666666667,68.95833333333333,66.75
2010-05-15T00:00:00Z,60.833333333333336,85.16666666666667,71.79166666666667,72.41666666666667,70.16666666666667,69,68.58333333333333,74.625,65.83333333333333,61.5,72.95833333333333,62.125,76.79166666666667,63.708333333333336,89.16666666666667,57.916666666666664,69.79166666666667,79.29166666666667,80.29166666666667,79.91666666666667,74.33333333333333,74.875,63.541666666666664,61.291666666666664
2010-05-16T00:00:00Z,72,89.5,71.70833333333333,75.16666666666667,79.5,78.375,68.75,89.83333333333333,82.875,85.625,78.58333333333333,73.54166666666667,82,87.95833333333333,85.83333333333333,81.45833333333333,70.41666666666667,82.375,79.875,75.95833333333333,80.08333333333333,77.33333333333333,71.04166666666667,78.25
2010-05-17T00:00:00Z,83,86.75,88.66666666666667,92.41666666666667,85.79166666666667,92.83333333333333,91.04166666666667,96.25,96.08333333333333,91.79166666666667,85.375,89.58333333333333,94.33333333333333,94.54166666666667,85.66666666666667,96.66666666666667,85.625,92.79166666666667,79.83333333333333,74.20833333333333,86.5,89.54166666666667,77.5,97.16666666666667
2010-05-18T00:00:00Z,83.04166666666667,74.20833333333333,80.20833333333333,87.75,91.54166666666667,88.45833333333333,88.33333333333333,82.04166666666667,97.375,82.45833333333333,77.16666666666667,82.5,87.66666666666667,92.16666666666667,92.70833333333333,83.625,80.33333333333333,87.91666666666667,79.83333333333333,83.08333333333333,84.79166666666667,86.04166666666667,86.875,93.5
2010-05-19T00:00:00Z,80.25,66.125,77.33333333333333,80.20833333333333,80.95833333333333,85.20833333333333,82.16666666666667,69.04166666666667,94.66666666666667,79.25,69.375,84.125,73.75,86.125,89.5,87.875,87.41666666666667,84.08333333333333,84.375,75.54166666666667,71.08333333333333,86.79166666666667,74.83333333333333,88.95833333333333
2010-05-20T00:00:00Z,68.79166666666667,70.45833333333333,60.291666666666664,73.79166666666667,74.91666666666667,71.95833333333333,73.375,72.58333333333333,76.91666666666667,57.958333333333336,62.75,68.91666666666667,64.70833333333333,72,78.91666666666667,70.04166666666667,77.5,74.375,74.54166666666667,70.125,58.208333333333336,78.45833333333333,64.41666666666667,75.45833333333333
2010-05-21T00:00:00Z,64.83333333333333,89.08333333333333,78.54166666666667,70.70833333333333,74.20833333333333,70.29166666666667,66.375,88.75,70.125,63.5,81.70833333333333,69,89.08333333333333,64.45833333333333,75.875,68.41666666666667,69.66666666666667,89.625,68.25,93.625,76.45833333333333,74.08333333333333,63.791666666666664,68.125
2010-05-22T00:00:00Z,67.625,83.70833333333333,79.91666666666667,75.45833333333333,81.95833333333333,72.16666666666667,72.58333333333333,84.66666666666667,73.5,83.29166666666667,80.875,80.79166666666667,84.79166666666667,81,84.58333333333333,80.83333333333333,73.16666666666667,83.66666666666667,72.20833333333333,89.83333333333333,86.83333333333333,74.75,75.16666666666667,63.458333333333336
2010-05-23T00:00:00Z,80.375,71.66666666666667,69.04166666666667,89.08333333333333,87.95833333333333,79.79166666666667,86.83333333333333,72.625,94.20833333333333,76.75,69.625,75.125,74.16666666666667,88.16666666666667,85.375,86.625,78,74.66666666666667,74.625,75.375,74.33333333333333,79,84.66666666666667,78.25
2010-05-24T00:00:00Z,82.95833333333333,80.08333333333333,79.70833333333333,94.54166666666667,91.41666666666667,79.58333333333333,97.33333333333333,89.29166666666667,91.625,82.54166666666667,74.75,81.45833333333333,79.58333333333333,93.16666666666667,88.29166666666667,86.79166666666667,83.75,82.20833333333333,77.41666666666667,82.29166666666667,78.375,80.83333333333333,90.54166666666667,92.45833333333333
2010-05-25T00:00:00Z,70.125,78.25,78.25,82,84.875,78.5,85.33333333333333,82.29166666666667,82.66666666666667,78.20833333333333,74.70833333333333,75.875,76,85.70833333333333,88.375,79.95833333333333,75.125,79.66666666666667,74.33333333333333,77.79166666666667,79.45833333333333,77.20833333333333,80.875,78.5
2010-05-26T00:00:00Z,66,79.375,65.75,75.25,76.875,82.91666666666667,71.54166666666667,64.58333333333333,73.58333333333333,59.791666666666664,65.91666666666667,61.875,66.91666666666667,74.33333333333333,93.625,66.66666666666667,82.91666666666667,71.04166666666667,82.75,77.58333333333333,60.041666666666664,89.125,72.70833333333333,72.66666666666667
2010-05-27T00:00:00Z,75.875,76.25,62.166666666666664,67.54166666666667,80.20833333333333,68.91666666666667,64.58333333333333,63.166666666666664,70.20833333333333,57.833333333333336,59.875,66.375,67.75,67.45833333333333,79.08333333333333,64.25,70.25,71.83333333333333,68.83333333333333,72.54166666666667,60.916666666666664,68.75,76.45833333333333,69.79166666666667
2010-05-28T00:00:00Z,71.75,76.95833333333333,75.20833333333333,81.25,78.29166666666667,75.95833333333333,80.45833333333333,80.58333333333333,72.66666666666667,69,66.875,68.75,77.375,77.29166666666667,79.83333333333333,68.83333333333333,76.83333333333333,82.04166666666667,75.29166666666667,81.79166666666667,71.875,76.625,73.5,70.625
2010-05-29T00:00:00Z,73.125,76.79166666666667,80.5,81.125,73.41666666666667,70.08333333333333,81.5,83.20833333333333,82.58333333333333,75.16666666666667,80.91666666666667,76.125,77.91666666666667,80.75,77.25,80.875,74.54166666666667,80.95833333333333,66.08333333333333,82.625,77.625,74.20833333333333,69.125,72.25
2010-05-30T00:00:00Z,71.625,80.83333333333333,75.91666666666667,76.08333333333333,75.625,73.625,74.375,80.83333333333333,80.04166666666667,70.125,86.45833333333333,67.875,74.20833333333333,76.375,84.375,75.875,73.875,77.25,76.91666666666667,78.58333333333333,73.875,78.20833333333333,71.70833333333333,72.83333333333333
2010-05-31T00:00:00Z,69.29166666666667,91.45833333333333,89.875,79.125,71.25,74.45833333333333,77.70833333333333,88.83333333333333,76.125,81.20833333333333,90.875,81.625,90.16666666666667,75.70833333333333,87.83333333333333,77.91666666666667,73.20833333333333,93.08333333333333,78.875,92.16666666666667,83.5,78.20833333333333,63.791666666666664,70.58333333333333
2010-06-01T00:00:00Z,76.75,84.33333333333333,80.125,88.125,76.83333333333333,81.625,92.45833333333333,78.16666666666667,90.95833333333333,75.375,83.125,79.95833333333333,84.75,81.41666666666667,89.95833333333333,86.625,80.58333333333333,84.08333333333333,81.125,91.70833333333333,81.125,86.33333333333333,71.875,78.83333333333333
2010-06-02T00:00:00Z,78.08333333333333,87.83333333333333,80.54166666666667,91.91666666666667,85.58333333333333,88.04166666666667,90.95833333333333,83.83333333333333,90.25,78.875,84.625,82.33333333333333,86.08333333333333,82.79166666666667,94.66666666666667,88.375,87.66666666666667,83.91666666666667,84.375,90.20833333333333,76.875,90.54166666666667,80.33333333333333,88.95833333333333
2010-06-03T00:00:00Z,75.33333333333333,75.95833333333333,81.29166666666667,90.33333333333333,76.79166666666667,80.29166666666667,86.20833333333333,73.16666666666667,88.875,75.91666666666667,78.45833333333333,79.58333333333333,81.54166666666667,80.54166666666667,92.125,82.33333333333333,81.08333333333333,81.75,80.875,83.08333333333333,78.375,85.54166666666667,77.375,81.16666666666667
2010-06-04T00:00:00Z,75.54166666666667,83.95833333333333,79.66666666666667,79.54166666666667,79.20833333333333,82.875,78.33333333333333,79.08333333333333,81,73.25,75.66666666666667,74.125,79.45833333333333,76.08333333333333,94.29166666666667,76.45833333333333,74.83333333333333,82.58333333333333,82.91666666666667,81.83333333333333,77.41666666666667,79.45833333333333,73.08333333333333,76.875
2010-06-05T00:00:00Z,70.125,83.70833333333333,75.58333333333333,76.75,73.83333333333333,78.875,76.58333333333333,69.79166666666667,76.04166666666667,69.20833333333333,71.16666666666667,67.16666666666667,75.33333333333333,70.04166666666667,93.29166666666667,70.83333333333333,73.75,75.91666666666667,84.29166666666667,76.70833333333333,74.125,78.625,65.29166666666667,70.04166666666667
2010-06-06T00:00:00Z,68,77.625,72.83333333333333,68.70833333333333,69,68.125,66.25,71.66666666666667,64.75,68.70833333333333,68.41666666666667,66.5,72.25,71.83333333333333,91.16666666666667,72.875,70.08333333333333,74.33333333333333,80.04166666666667,71.91666666666667,71.95833333333333,69.16666666666667,66.33333333333333,63
2010-06-07T00:00:00Z,66.66666666666667,61.833333333333336,61.291666666666664,60.625,74.58333333333333,63.833333333333336,56,59.625,61.916666666666664,51.083333333333336,49.25,57.75,53.583333333333336,62.708333333333336,78.41666666666667,65.375,64.58333333333333,66.5,65.54166666666667,65.41666666666667,58.541666666666664,62.708333333333336,63.875,69.08333333333333
2010-06-08T00:00:00Z,64.95833333333333,71.70833333333333,63.625,68.125,71.625,64.83333333333333,61.708333333333336,71.54166666666667,63.791666666666664,55.958333333333336,60.166666666666664,61.125,64.83333333333333,60.958333333333336,78.375,60.666666666666664,65.41666666666667,70.45833333333333,67.79166666666667,73.125,64.08333333333333,63.708333333333336,61.25,66.33333333333333
2010-06-09T00:00:00Z,70.79166666666667,78.04166666666667,68.5,72.83333333333333,63.125,70.16666666666667,69.5,78.58333333333333,70.5,65.79166666666667,75,62.083333333333336,76.08333333333333,73.125,78.54166666666667,70.04166666666667,68.08333333333333,80.66666666666667,72.79166666666667,82.29166666666667,77.79166666666667,72.75,67.54166666666667,63.375
2010-06-10T00:00:00Z,65.16666666666667,82.08333333333333,75.70833333333333,72.375,71.95833333333333,66.08333333333333,73.20833333333333,77.04166666666667,71.125,66.04166666666667,74.04166666666667,66.70833333333333,69.41666666666667,66.41666666666667,85,72.16666666666667,68.33333333333333,75.70833333333333,71.29166666666667,72.20833333333333,69.83333333333333,68.83333333333333,64.79166666666667,62
2010-06-11T00:00:00Z,62.125,84.41666666666667,66.04166666666667,75.70833333333333,78.875,72.33333333333333,73.875,74.54166666666667,68.25,51.666666666666664,73.625,61.833333333333336,70.95833333333333,57.166666666666664,85.33333333333333,57.083333333333336,76.08333333333333,73.75,67.25,78.625,64.375,74.125,78.25,64.41666666666667
2010-06-12T00:00:00Z,70.20833333333333,84.25,70.91666666666667,78.54166666666667,69.66666666666667,71.83333333333333,72.375,82.375,67.58333333333333,68,75.95833333333333,75.625,74.83333333333333,74.25,80.95833333333333,80.5,74.25,74.95833333333333,75.875,81.625,80.91666666666667,72.58333333333333,64.16666666666667,64.29166666666667
2010-06-13T00:00:00Z,73.91666666666667,75.5,75.66666666666667,76.95833333333333,72.20833333333333,72.875,78.875,75.5,78.83333333333333,90.04166666666667,69.83333333333333,72.58333333333333,74.33333333333333,80.54166666666667,90.25,82.20833333333333,77.375,76.79166666666667,76.375,82.45833333333333,79.5,83.83333333333333,74.625,73.45833333333333
2010-06-14T00:00:00Z,73.125,73.16666666666667,67.58333333333333,75.25,77.33333333333333,71.875,71,71.66666666666667,67.54166666666667,75.875,63.916666666666664,76.5,72,71.70833333333333,81.08333333333333,72.125,69.91666666666667,70.625,75.5,81.04166666666667,78.95833333333333,73.45833333333333,77.91666666666667,70.70833333333333
2010-06-15T00:00:00Z,72.875,81.25,67.20833333333333,76.95833333333333,82.41666666666667,70.95833333333333,69.25,72.04166666666667,64.16666666666667,72.08333333333333,69.29166666666667,73.5,82.83333333333333,72.54166666666667,88.33333333333333,70.20833333333333,68.25,76,72.66666666666667,84.625,79.25,72.5,84.95833333333333,69.04166666666667
2010-06-16T00:00:00Z,79.91666666666667,84.79166666666667,65.66666666666667,85,88.5,86.375,81.375,72.5,87.70833333333333,74.33333333333333,80.875,69.16666666666667,85.95833333333333,86.5,88.04166666666667,84.125,78.16666666666667,75.54166666666667,81.79166666666667,86.58333333333333,80.20833333333333,82.83333333333333,85,87.45833333333333
2010-06-17T00:00:00Z,71.79166666666667,69.29166666666667,67.375,72.29166666666667,73.79166666666667,72.04166666666667,67.79166666666667,63.875,69.33333333333333,61.916666666666664,71.45833333333333,68.625,67.125,70.54166666666667,83.625,72.75,72.33333333333333,69.45833333333333,71.79166666666667,73.95833333333333,64.375,67.95833333333333,69.625,73.79166666666667
2010-06-18T00:00:00Z,68.79166666666667,70.04166666666667,59.958333333333336,84.66666666666667,71.20833333333333,75.83333333333333,76.16666666666667,71.5,73,61.833333333333336,59.25,64.75,65.95833333333333,68.08333333333333,76.08333333333333,68.95833333333333,79.95833333333333,68.58333333333333,71.70833333333333,70.875,64.375,75.41666666666667,67.20833333333333,71.66666666666667
2010-06-19T00:00:00Z,72.91666666666667,71.75,68.70833333333333,85.125,77.33333333333333,82.45833333333333,84.20833333333333,68.5,81.08333333333333,68.33333333333333,72.66666666666667,69.70833333333333,72.875,73.29166666666667,83.41666666666667,75,83.33333333333333,72.58333333333333,74.66666666666667,75.29166666666667,73.45833333333333,85.70833333333333,69.95833333333333,74.66666666666667
2010-06-20T00:00:00Z,72.95833333333333,64.70833333333333,60.125,77.79166666666667,82.20833333333333,80.875,77.5,58.958333333333336,73.95833333333333,57.041666666666664,62.5,66.91666666666667,64.875,68.41666666666667,89.20833333333333,69.45833333333333,74.625,72.45833333333333,75.58333333333333,71.91666666666667,64.54166666666667,79.45833333333333,75.16666666666667,73.54166666666667
2010-06-21T00:00:00Z,69.45833333333333,70.54166666666667,57.125,74.875,74.41666666666667,74.375,70.95833333333333,68.83333333333333,57.916666666666664,55.416666666666664,54.375,65.625,58.541666666666664,61.875,89.5,65.125,75.29166666666667,64.95833333333333,76.45833333333333,70.83333333333333,68.5,76.58333333333333,72.41666666666667,63.458333333333336
2010-06-22T00:00:00Z,69.83333333333333,75.54166666666667,61.833333333333336,75.29166666666667,74.875,75.70833333333333,72.875,62.25,69.33333333333333,60.416666666666664,63.291666666666664,62.708333333333336,63.708333333333336,63.75,90.95833333333333,68.58333333333333,71.45833333333333,64.75,74.04166666666667,73.5,72.41666666666667,76.45833333333333,76.66666666666667,61.791666666666664
2010-06-23T00:00:00Z,68.625,75.41666666666667,61.5,71.45833333333333,73,71.125,69.20833333333333,67.91666666666667,66.08333333333333,64,61.166666666666664,62.208333333333336,70.16666666666667,64.41666666666667,89.95833333333333,73.33333333333333,69.375,67.66666666666667,75.20833333333333,71.875,66.33333333333333,68.5,70.66666666666667,63.333333333333336
2010-06-24T00:00:00Z,68.625,74.5,62.875,66.625,65,70.20833333333333,64.875,66.95833333333333,64.08333333333333,63.5,58.916666666666664,60.791666666666664,69.08333333333333,60.416666666666664,85.04166666666667,65.375,68.04166666666667,65.95833333333333,76.45833333333333,72.20833333333333,67.16666666666667,70.33333333333333,62,60.75
2010-06-25T00:00:00Z,64.91666666666667,84.20833333333333,64.66666666666667,72.70833333333333,70.91666666666667,75.625,74.25,72.75,67.41666666666667,59.333333333333336,67.16666666666667,59.833333333333336,79.08333333333333,60.041666666666664,90.54166666666667,64.41666666666667,71,71.16666666666667,80.625,85.79166666666667,69.58333333333333,78.95833333333333,75.83333333333333,65.04166666666667
2010-06-26T00:00:00Z,74.75,76.79166666666667,63.166666666666664,76.91666666666667,71.95833333333333,77.95833333333333,81.95833333333333,64.79166666666667,75.25,59.041666666666664,72.625,63.125,67.16666666666667,72.25,89.5,72.5,72.16666666666667,65.5,75.54166666666667,70.79166666666667,63.541666666666664,81.04166666666667,69.54166666666667,69.75
2010-06-27T00:00:00Z,68.5,79.54166666666667,65.125,90.33333333333333,66.33333333333333,75.91666666666667,85.16666666666667,64.58333333333333,67.25,60.75,71.5,59.583333333333336,73.125,65.125,93,65.375,76.33333333333333,68.45833333333333,80.79166666666667,74.875,68.875,80.33333333333333,61.583333333333336,65.41666666666667
2010-06-28T00:00:00Z,65.04166666666667,71.95833333333333,62.958333333333336,71.58333333333333,69.79166666666667,77.625,72.83333333333333,64.875,66.25,59.25,64.08333333333333,59.083333333333336,69.70833333333333,58.458333333333336,92.58333333333333,63.208333333333336,71.41666666666667,66.83333333333333,79.125,71.125,70.375,75.83333333333333,59.5,62.541666666666664
2010-06-29T00:00:00Z,67.70833333333333,82.08333333333333,73.875,73.79166666666667,73.70833333333333,78.70833333333333,72.875,63.625,76.70833333333333,59.958333333333336,67.66666666666667,71.08333333333333,72.25,65.25,92.58333333333333,67.16666666666667,68.45833333333333,76.625,78.54166666666667,68.125,63.375,75.08333333333333,63.291666666666664,69.58333333333333
2010-06-30T00:00:00Z,75.5,74.41666666666667,84.20833333333333,87.95833333333333,83.54166666666667,89.04166666666667,93.08333333333333,78.875,94.20833333333333,70.91666666666667,78.45833333333333,82.20833333333333,71.45833333333333,71.125,93.5,80.125,77.375,81.08333333333333,79.95833333333333,74.5,67,88.375,70.54166666666667,87.58333333333333
2010-07-01T00:00:00Z,66.33333333333333,69,68,83.16666666666667,61.333333333333336,75.83333333333333,81.29166666666667,61.833333333333336,71.08333333333333,59.833333333333336,72.58333333333333,72.91666666666667,67.45833333333333,61.916666666666664,82.70833333333333,67,78.125,72.33333333333333,73,70.08333333333333,55.916666666666664,75.75,61.625,67.20833333333333
2010-07-02T00:00:00Z,53.75,65.45833333333333,54.916666666666664,65.58333333333333,61.375,58.541666666666664,64.20833333333333,55.958333333333336,57.458333333333336,48.791666666666664,64.04166666666667,56.875,50.208333333333336,51.25,56.833333333333336,52.541666666666664,59.916666666666664,62.541666666666664,53.291666666666664,52.916666666666664,43.75,56.75,53.083333333333336,57.708333333333336
2010-07-03T00:00:00Z,57,71.70833333333333,54.375,67.79166666666667,62.916666666666664,62.125,63.791666666666664,67.29166666666667,52.833333333333336,49.625,60.125,58.5,58.125,53.625,64.45833333333333,58.958333333333336,62.166666666666664,65.125,60.208333333333336,64.29166666666667,56.791666666666664,60.458333333333336,52.666666666666664,55.791666666666664
2010-07-04T00:00:00Z,58.208333333333336,67.625,53.958333333333336,69.66666666666667,64.375,63.75,65.79166666666667,58.958333333333336,57.333333333333336,51.25,57.375,55.291666666666664,56.125,53.083333333333336,68.875,57.833333333333336,62.083333333333336,64.04166666666667,62.833333333333336,63.125,57.125,65.375,52.708333333333336,57.375
2010-07-05T00:00:00Z,54.166666666666664,65.16666666666667,52.375,70.875,61.541666666666664,65.625,67.79166666666667,57.125,57.125,47.458333333333336,54.708333333333336,53.958333333333336,53.416666666666664,48.666666666666664,75.79166666666667,53.583333333333336,65.45833333333333,62.791666666666664,69.33333333333333,62.333333333333336,54,69.29166666666667,47.583333333333336,54.833333333333336
2010-07-06T00:00:00Z,54.208333333333336,63.666666666666664,55.416666666666664,71.79166666666667,65.20833333333333,68.08333333333333,67.83333333333333,50.833333333333336,55.041666666666664,47.541666666666664,57.041666666666664,56.583333333333336,53.666666666666664,47.375,79.83333333333333,53.791666666666664,67.95833333333333,62.458333333333336,73.41666666666667,58.958333333333336,52.291666666666664,69.375,50.166666666666664,53.208333333333336
2010-07-07T00:00:00Z,48.75,63.333333333333336,51.958333333333336,62.458333333333336,64.79166666666667,65.04166666666667,59.583333333333336,50.166666666666664,45.75,41.625,53.166666666666664,53.75,47.375,43.708333333333336,74.45833333333333,47.583333333333336,59.875,60.291666666666664,61.916666666666664,57.916666666666664,50.583333333333336,60.583333333333336,60.875,46.791666666666664
2010-07-08T00:00:00Z,66.91666666666667,66.625,51,66.08333333333333,77.125,75.08333333333333,61.958333333333336,52.5,60.25,47.625,49.333333333333336,54.083333333333336,51.083333333333336,60.291666666666664,82.70833333333333,58.291666666666664,72.75,59.958333333333336,67.41666666666667,55.625,54.458333333333336,74.95833333333333,78.70833333333333,65.20833333333333
2010-07-09T00:00:00Z,70.125,77.83333333333333,63,79.29166666666667,79.66666666666667,73.29166666666667,74.83333333333333,72.29166666666667,58.416666666666664,70.04166666666667,61.5,71.04166666666667,72.875,62.541666666666664,93.25,70.33333333333333,68.70833333333333,69.08333333333333,73.54166666666667,74.16666666666667,77.125,71.70833333333333,77.95833333333333,66.25
2010-07-10T00:00:00Z,79.08333333333333,67.20833333333333,62.666666666666664,86.20833333333333,82.25,80.20833333333333,83.95833333333333,63.958333333333336,83.20833333333333,62.041666666666664,63.666666666666664,64.91666666666667,68.04166666666667,68.25,92.66666666666667,69.375,75.125,69.54166666666667,77.95833333333333,71.95833333333333,62.041666666666664,79.08333333333333,79.45833333333333,92.29166666666667
2010-07-11T00:00:00Z,67.79166666666667,77.04166666666667,52.708333333333336,76.25,75.58333333333333,74.45833333333333,72.29166666666667,59.291666666666664,68.83333333333333,47.333333333333336,58.541666666666664,54.541666666666664,55.916666666666664,62.708333333333336,82.125,64,68.83333333333333,61.041666666666664,74.125,65.33333333333333,53.083333333333336,73.83333333333333,70.125,70.04166666666667
2010-07-12T00:00:00Z,71.45833333333333,89.04166666666667,85.08333333333333,87.375,78.25,81.08333333333333,87.33333333333333,87.58333333333333,84.83333333333333,78.41666666666667,83.04166666666667,82.75,89.75,73.5,88.41666666666667,78.125,78.29166666666667,89.29166666666667,79.04166666666667,91.29166666666667,83.58333333333333,82.79166666666667,75.83333333333333,79.70833333333333
2010-07-13T00:00:00Z,77.45833333333333,82.95833333333333,78.58333333333333,85.54166666666667,84,81.16666666666667,84,84.45833333333333,81.70833333333333,80.29166666666667,76.70833333333333,80.58333333333333,89.625,78.70833333333333,92.29166666666667,82.20833333333333,74.54166666666667,85.04166666666667,80.20833333333333,88.54166666666667,86.95833333333333,82.83333333333333,75.41666666666667,81.875
2010-07-14T00:00:00Z,71.5,71,67.625,82.08333333333333,89.375,86.25,77.04166666666667,68.79166666666667,76.5,68.33333333333333,66.70833333333333,73.58333333333333,70.625,70.16666666666667,99.125,64.83333333333333,84.83333333333333,73.5,82.79166666666667,75.625,68.45833333333333,87.91666666666667,70.375,81.16666666666667
2010-07-15T00:00:00Z,75.70833333333333,73.29166666666667,64.66666666666667,84,79.625,86,78.625,75.33333333333333,80.66666666666667,55.5,60.75,64.41666666666667,65.41666666666667,65.54166666666667,98.25,66.33333333333333,84.29166666666667,69.70833333333333,82.625,72.83333333333333,65.5,87.66666666666667,68.79166666666667,78.16666666666667
2010-07-16T00:00:00Z,73.83333333333333,77.45833333333333,77.79166666666667,77,77.75,79,74.45833333333333,72.33333333333333,75.16666666666667,68.625,74.875,71.875,80.91666666666667,66.04166666666667,96.04166666666667,69.70833333333333,72.95833333333333,79.16666666666667,79,79.25,76.79166666666667,77.20833333333333,69.16666666666667,75.58333333333333
2010-07-17T00:00:00Z,82.875,82.125,75.29166666666667,76.79166666666667,82.625,79.29166666666667,76.58333333333333,76.625,81.25,85.41666666666667,74.25,88.58333333333333,89.45833333333333,84.45833333333333,96.25,80.625,75.54166666666667,83.83333333333333,80.75,87.66666666666667,87.66666666666667,78.33333333333333,70.29166666666667,82.5
2010-07-18T00:00:00Z,73.45833333333333,85.45833333333333,78.375,78.5,78.16666666666667,82.75,84.375,75.58333333333333,78.91666666666667,75.41666666666667,81.33333333333333,83.29166666666667,88.16666666666667,76,96.29166666666667,81.79166666666667,73.95833333333333,82.375,80.91666666666667,86.41666666666667,81.79166666666667,85.29166666666667,62.833333333333336,79.625
2010-07-19T00:00:00Z,70.91666666666667,78.91666666666667,73.66666666666667,73.29166666666667,75.70833333333333,76.25,76.29166666666667,75.66666666666667,73.66666666666667,72.08333333333333,77.20833333333333,74.41666666666667,76.5,74.70833333333333,94.125,73.20833333333333,71,75.75,79.58333333333333,81.54166666666667,80.45833333333333,79.25,75.25,71.75
2010-07-20T00:00:00Z,72.04166666666667,80.16666666666667,67.375,70.70833333333333,78.08333333333333,71.5,69.20833333333333,66.75,72.04166666666667,76.125,66.08333333333333,72.41666666666667,78.375,74.25,97.125,77.95833333333333,70.25,79.16666666666667,81.375,78.875,73.58333333333333,74.25,68.16666666666667,73.625
2010-07-21T00:00:00Z,70.95833333333333,78.29166666666667,64.08333333333333,71.83333333333333,76.54166666666667,77.375,70.58333333333333,67.41666666666667,73.41666666666667,68.625,67.54166666666667,69.25,70.83333333333333,71.25,96.375,72.83333333333333,71.75,72.33333333333333,81.29166666666667,74.75,72.20833333333333,77.45833333333333,65.125,72.625
2010-07-22T00:00:00Z,64.20833333333333,78.33333333333333,61.416666666666664,73.95833333333333,74.20833333333333,73.75,69.58333333333333,68.75,68.41666666666667,60.708333333333336,63.125,72.70833333333333,68.875,63.833333333333336,92.70833333333333,67.04166666666667,68.375,70.08333333333333,78.04166666666667,76.79166666666667,71.08333333333333,76.25,61.5,68.66666666666667
2010-07-23T00:00:00Z,77.91666666666667,78.20833333333333,64.66666666666667,76.70833333333333,81.95833333333333,84.25,73.79166666666667,64.58333333333333,79.58333333333333,63.583333333333336,59.583333333333336,71.54166666666667,69.58333333333333,66.625,97.875,67.95833333333333,72.83333333333333,67.83333333333333,84.125,72.54166666666667,70.70833333333333,79.04166666666667,68.91666666666667,80.70833333333333
2010-07-24T00:00:00Z,72.79166666666667,72.875,68.33333333333333,75.04166666666667,77.20833333333333,77.41666666666667,73.04166666666667,59.416666666666664,73.58333333333333,65.70833333333333,64.33333333333333,76.79166666666667,71.04166666666667,62.166666666666664,97.25,67.20833333333333,71.95833333333333,72.08333333333333,78.79166666666667,70.16666666666667,67.875,77.54166666666667,60.625,72.33333333333333
2010-07-25T00:00:00Z,67.20833333333333,82.5,58.833333333333336,72.125,74.25,75.66666666666667,70.875,56.458333333333336,71.625,64.04166666666667,61.708333333333336,69.45833333333333,72.375,59.791666666666664,95.75,62.791666666666664,72.79166666666667,64.41666666666667,81.125,68.16666666666667,67.66666666666667,77.54166666666667,56.291666666666664,73.20833333333333
2010-07-26T00:00:00Z,68.95833333333333,84.08333333333333,63.333333333333336,76.95833333333333,70.875,72.41666666666667,76.75,75.41666666666667,63.541666666666664,62.583333333333336,73.875,74.5,74.25,66.08333333333333,86.125,64.16666666666667,74.16666666666667,69.08333333333333,73.66666666666667,78.33333333333333,66.70833333333333,75.66666666666667,59.916666666666664,67.45833333333333
2010-07-27T00:00:00Z,77.33333333333333,83.45833333333333,75.29166666666667,91.33333333333333,69.79166666666667,69.79166666666667,93.08333333333333,84.91666666666667,79.95833333333333,79.66666666666667,89.29166666666667,94,88.08333333333333,84.625,75.91666666666667,86.54166666666667,79.33333333333333,81.83333333333333,67.625,86.83333333333333,84.70833333333333,80.54166666666667,61.333333333333336,74.29166666666667
2010-07-28T00:00:00Z,67.66666666666667,85.125,77.5,85.54166666666667,73.25,74.91666666666667,88.41666666666667,78.70833333333333,69,76.54166666666667,86.625,86.375,86.625,75.625,70.29166666666667,79.58333333333333,74.16666666666667,85.20833333333333,75.04166666666667,89.5,81.16666666666667,72.41666666666667,60.541666666666664,67.91666666666667
2010-07-29T00:00:00Z,74.75,77.41666666666667,65.41666666666667,84.41666666666667,83.875,90.04166666666667,90.08333333333333,73.04166666666667,85.70833333333333,67.375,73.125,78.75,72.5,69.83333333333333,86.75,73.41666666666667,83.91666666666667,71.54166666666667,85.5,76.91666666666667,66.83333333333333,73.79166666666667,74,88.875
2010-07-30T00:00:00Z,67.375,69.45833333333333,58.583333333333336,79.5,77.5,75.20833333333333,78.41666666666667,64.75,71.04166666666667,59.375,65.70833333333333,70.875,68.41666666666667,62.75,86.08333333333333,67.83333333333333,71.875,70.79166666666667,71.5,72.625,56.875,63.791666666666664,74.45833333333333,73.5
2010-07-31T00:00:00Z,69.375,82.75,71.91666666666667,70.95833333333333,69.33333333333333,69.33333333333333,70.08333333333333,91.875,65.45833333333333,76,86.58333333333333,76.95833333333333,87.95833333333333,74.33333333333333,71.125,79.375,63.666666666666664,85.33333333333333,64.25,89.83333333333333,80.08333333333333,55,64.75,74.33333333333333
2010-08-01T00:00:00Z,84.66666666666667,90.83333333333333,85.08333333333333,88.58333333333333,88.66666666666667,80.54166666666667,87.91666666666667,96.25,86.79166666666667,86.20833333333333,90.625,90.08333333333333,93.16666666666667,83.45833333333333,88.70833333333333,84,77.20833333333333,88.66666666666667,81.41666666666667,94.875,84.04166666666667,71.70833333333333,85.95833333333333,82.29166666666667
2010-08-02T00:00:00Z,80,89.79166666666667,74.41666666666667,81.41666666666667,82.79166666666667,79.20833333333333,81.29166666666667,95.25,77.25,79.04166666666667,85.5,88.08333333333333,93.625,77.95833333333333,85.91666666666667,79.83333333333333,74.625,83.91666666666667,77,94.04166666666667,86,70,84.16666666666667,84.875
2010-08-03T00:00:00Z,74.33333333333333,79.16666666666667,74.41666666666667,77.83333333333333,78.04166666666667,81.20833333333333,76.25,86.29166666666667,75.25,72.625,80.58333333333333,79.875,81.54166666666667,79.91666666666667,77.91666666666667,77.625,73.125,80.04166666666667,79.58333333333333,83.20833333333333,80.08333333333333,66.41666666666667,77.375,78.95833333333333
2010-08-04T00:00:00Z,76.04166666666667,79.58333333333333,76.29166666666667,78.5,78.29166666666667,76.79166666666667,76.75,77.75,72.58333333333333,75.41666666666667,74.83333333333333,80.375,82.20833333333333,77.70833333333333,87.83333333333333,78,70.70833333333333,81.33333333333333,79.70833333333333,85.33333333333333,78.54166666666667,75.66666666666667,73.41666666666667,75.45833333333333
2010-08-05T00:00:00Z,80.75,83.33333333333333,73.66666666666667,75.83333333333333,79.25,79.04166666666667,72.58333333333333,77.625,75.91666666666667,78,76.58333333333333,79.58333333333333,87.91666666666667,83.54166666666667,90.83333333333333,81.25,68.66666666666667,79.04166666666667,79.58333333333333,87.66666666666667,83,76.83333333333333,74.375,80.58333333333333
2010-08-06T00:00:00Z,79.25,82.375,79.41666666666667,88.95833333333333,78.125,77.58333333333333,90.08333333333333,68.16666666666667,78.79166666666667,70.875,88.29166666666667,83.875,81.75,73.33333333333333,89.41666666666667,77.79166666666667,79.33333333333333,80.875,80.33333333333333,82.95833333333333,69.33333333333333,82.5,73.58333333333333,82.625
2010-08-07T00:00:00Z,70.91666666666667,77.75,66.25,86.875,81.45833333333333,80.20833333333333,82.16666666666667,75.29166666666667,81.66666666666667,57.625,75.95833333333333,73.5,72.16666666666667,65.875,89.79166666666667,65.58333333333333,79.70833333333333,73.04166666666667,79.375,77.16666666666667,64.375,85.79166666666667,76.75,83.16666666666667
2010-08-08T00:00:00Z,76.5,78.875,64.41666666666667,80.875,82.29166666666667,79.08333333333333,77.29166666666667,83.75,75.875,66.20833333333333,72.5,76.04166666666667,76.08333333333333,70,86.04166666666667,71.20833333333333,73.625,77,77.08333333333333,78.875,73.45833333333333,83.91666666666667,84.83333333333333,77.41666666666667
2010-08-09T00:00:00Z,73.875,80.16666666666667,67.20833333333333,80.33333333333333,82,81.16666666666667,76.625,75.125,74,63.916666666666664,72.54166666666667,72.58333333333333,75.41666666666667,67.66666666666667,89.29166666666667,68.79166666666667,77.875,72.66666666666667,81.16666666666667,79.08333333333333,72.75,83.79166666666667,77.25,75.04166666666667
2010-08-10T00:00:00Z,75.16666666666667,78.20833333333333,67.95833333333333,78.54166666666667,77.75,76.58333333333333,74.5,77.66666666666667,73.08333333333333,71.625,73.5,73.08333333333333,78,70.16666666666667,91.16666666666667,70.95833333333333,71.58333333333333,70.91666666666667,79.25,79.58333333333333,80.5,81.29166666666667,68.25,78.66666666666667
2010-08-11T00:00:00Z,77.08333333333333,77.08333333333333,65.70833333333333,74.08333333333333,79.41666666666667,72.75,70.5,73.83333333333333,69.70833333333333,70.54166666666667,70.41666666666667,71.5,78.16666666666667,71.75,92.25,71.54166666666667,70.08333333333333,68.95833333333333,76.41666666666667,79.375,78.66666666666667,75,69.66666666666667,73.54166666666667
2010-08-12T00:00:00Z,83.25,77.375,65.54166666666667,71.70833333333333,87.91666666666667,73.375,69.58333333333333,67.66666666666667,66.83333333333333,71.33333333333333,77.54166666666667,81.41666666666667,73.29166666666667,68,96.33333333333333,73.75,70.91666666666667,70.5,77.41666666666667,75.29166666666667,72.625,75.33333333333333,81.75,79.625
2010-08-13T00:00:00Z,82.33333333333333,78.83333333333333,63.708333333333336,82.58333333333333,80.41666666666667,83.08333333333333,77.875,77.625,82.16666666666667,73.625,75.16666666666667,80.58333333333333,70.70833333333333,79,87.25,73.58333333333333,77.95833333333333,67.95833333333333,76.20833333333333,74.16666666666667,71.20833333333333,80.20833333333333,78.20833333333333,82.125
2010-08-14T00:00:00Z,70.70833333333333,84.04166666666667,72.25,81.54166666666667,73.83333333333333,75.33333333333333,81.5,88.29166666666667,67.54166666666667,74.04166666666667,90.20833333333333,78.16666666666667,86.79166666666667,69,78.375,69.79166666666667,73.29166666666667,76.875,69.91666666666667,92.58333333333333,81.79166666666667,75.125,71.20833333333333,71.29166666666667
2010-08-15T00:00:00Z,72.08333333333333,86.5,82.41666666666667,76.625,73.70833333333333,70.08333333333333,74.16666666666667,88.875,65.45833333333333,80.16666666666667,87.79166666666667,85.70833333333333,89.125,72.375,78.79166666666667,67.83333333333333,70.83333333333333,84.79166666666667,70.45833333333333,86.75,86.08333333333333,73.625,69.875,70.58333333333333
2010-08-16T00:00:00Z,68.45833333333333,83.79166666666667,78.25,77.625,77.66666666666667,76.75,73.04166666666667,87.91666666666667,63.166666666666664,74.29166666666667,87.5,81.04166666666667,85.16666666666667,66.75,83.375,70,71.25,81.20833333333333,74,87.29166666666667,83.375,77.875,69.08333333333333,68.16666666666667
2010-08-17T00:00:00Z,72.41666666666667,90.95833333333333,79.25,78.16666666666667,76.75,77.25,72,91.41666666666667,66.58333333333333,74.375,91.625,73.33333333333333,89.33333333333333,70.29166666666667,79.75,65.58333333333333,69.83333333333333,84.08333333333333,71.58333333333333,90.25,82.125,78.125,73.125,70.20833333333333
2010-08-18T00:00:00Z,80.70833333333333,86.5,77.20833333333333,80.45833333333333,84.875,82.79166666666667,75.25,86.04166666666667,82.83333333333333,79.375,83.70833333333333,77.125,84.41666666666667,83.66666666666667,85.91666666666667,75.04166666666667,71.70833333333333,78.33333333333333,74.04166666666667,85.45833333333333,83.66666666666667,82.91666666666667,84.875,82.875
2010-08-19T00:00:00Z,85.75,85.66666666666667,86.75,83.66666666666667,90.79166666666667,85.54166666666667,91.08333333333333,94.54166666666667,86.33333333333333,87,83.95833333333333,95.33333333333333,93.04166666666667,91.79166666666667,90.5,87.91666666666667,81,87.83333333333333,78.41666666666667,93.875,89.625,89.70833333333333,89.54166666666667,89.125
2010-08-20T00:00:00Z,75.25,80.625,74.875,89.08333333333333,78.08333333333333,80.29166666666667,89.83333333333333,76.54166666666667,76.70833333333333,71.70833333333333,80.66666666666667,78.91666666666667,78.45833333333333,76.08333333333333,89.45833333333333,70.08333333333333,81.95833333333333,79.91666666666667,78.125,81.20833333333333,76.33333333333333,82.70833333333333,73.5,76.70833333333333
2010-08-21T00:00:00Z,72.54166666666667,95.45833333333333,70.54166666666667,82.29166666666667,82.75,79.95833333333333,81.625,90.70833333333333,74,66.29166666666667,89.33333333333333,74.45833333333333,92.29166666666667,68.54166666666667,80.20833333333333,67.79166666666667,80.125,82.33333333333333,79.5,97.95833333333333,78.70833333333333,81.70833333333333,73.75,74.20833333333333
2010-08-22T00:00:00Z,82.08333333333333,76.5,72.54166666666667,87.29166666666667,86.95833333333333,85.95833333333333,85.95833333333333,74.41666666666667,88.54166666666667,71.29166666666667,76.16666666666667,81.625,76.29166666666667,81.95833333333333,91.58333333333333,70,82.25,72.70833333333333,80.5,77.25,73.5,87.83333333333333,84.95833333333333,89.66666666666667
2010-08-23T00:00:00Z,72.66666666666667,67.25,63.166666666666664,84.5,81.79166666666667,82,88.45833333333333,68.33333333333333,79.79166666666667,61.625,61.458333333333336,77.625,66.54166666666667,76.25,94.58333333333333,75.04166666666667,80.41666666666667,69.04166666666667,81.33333333333333,72.91666666666667,63.875,89.875,75.33333333333333,79.70833333333333
2010-08-24T00:00:00Z,75.54166666666667,75.83333333333333,73.83333333333333,87.16666666666667,79.04166666666667,87.91666666666667,92.20833333333333,85.70833333333333,86.29166666666667,76.79166666666667,70.04166666666667,84,80.70833333333333,88.29166666666667,92.375,81.95833333333333,82.41666666666667,78.91666666666667,80.25,82.58333333333333,78.58333333333333,90.66666666666667,77.16666666666667,88.83333333333333
2010-08-25T00:00:00Z,80.125,77.29166666666667,72.20833333333333,80.29166666666667,79.79166666666667,81.08333333333333,80.08333333333333,82.58333333333333,80.54166666666667,77.83333333333333,83.29166666666667,81.45833333333333,85.375,87.20833333333333,79.20833333333333,79.41666666666667,74.70833333333333,80.41666666666667,75.95833333333333,91.20833333333333,81.08333333333333,80.625,73.66666666666667,84.54166666666667
2010-08-26T00:00:00Z,73,78.375,71.29166666666667,80.91666666666667,81.54166666666667,77.79166666666667,77.54166666666667,75.375,69.875,63.833333333333336,81.08333333333333,74.20833333333333,75.45833333333333,74.70833333333333,81.58333333333333,67.08333333333333,74.70833333333333,75.75,74.125,77.95833333333333,72.16666666666667,81.25,73.08333333333333,78.5
2010-08-27T00:00:00Z,82.58333333333333,81.91666666666667,67.875,81.33333333333333,79.45833333333333,80.20833333333333,78.875,83.625,69.58333333333333,70.25,77.70833333333333,75.5,74.95833333333333,80.375,86,68.70833333333333,79.125,73.54166666666667,78.79166666666667,81.04166666666667,70.16666666666667,81.16666666666667,75.41666666666667,79.16666666666667
2010-08-28T00:00:00Z,74.91666666666667,81.29166666666667,66.29166666666667,78.95833333333333,75.08333333333333,76.75,76.29166666666667,81.5,71.33333333333333,71.125,78.95833333333333,84.29166666666667,81.16666666666667,79.41666666666667,73.45833333333333,73.5,71.625,76.54166666666667,71.54166666666667,83.125,72.375,73.5,69,73.375
2010-08-29T00:00:00Z,73.16666666666667,80.16666666666667,65.375,73.29166666666667,76.58333333333333,73.66666666666667,72.79166666666667,79.41666666666667,67.45833333333333,65.04166666666667,79.41666666666667,79.41666666666667,76.16666666666667,74,73.83333333333333,68.70833333333333,68.33333333333333,74.625,69.54166666666667,80.66666666666667,70.375,70.125,68.875,72.54166666666667
2010-08-30T00:00:00Z,66.41666666666667,77.58333333333333,62.541666666666664,73,74.29166666666667,73.5,69.20833333333333,70,62.458333333333336,56.75,71.79166666666667,71.95833333333333,70.45833333333333,65.45833333333333,81.45833333333333,58.333333333333336,69.5,71.625,71.91666666666667,75.29166666666667,62.5,75.29166666666667,62.833333333333336,73.875
2010-08-31T00:00:00Z,65.625,70.29166666666667,61.625,70.08333333333333,70.625,71.125,65.54166666666667,65.04166666666667,54.5,54.666666666666664,64.125,65.16666666666667,62.583333333333336,63,83.66666666666667,55.416666666666664,66.20833333333333,68.20833333333333,71.29166666666667,73.58333333333333,55.625,71.83333333333333,69.66666666666667,65.08333333333333
2010-09-01T00:00:00Z,65.125,67.5,58.041666666666664,71.04166666666667,73.75,72.33333333333333,68.08333333333333,63.375,58.791666666666664,53.083333333333336,63.291666666666664,56.375,64.04166666666667,58.625,76.5,60.416666666666664,67.41666666666667,68.25,70.16666666666667,71.125,57,74.08333333333333,61.291666666666664,60
2010-09-02T00:00:00Z,74.45833333333333,68.70833333333333,57.833333333333336,76.95833333333333,84.125,85.41666666666667,77.625,67.29166666666667,73.70833333333333,55.541666666666664,64.33333333333333,64.875,67.58333333333333,67.41666666666667,90,63.041666666666664,73.66666666666667,70,79.70833333333333,74.08333333333333,63.25,82.08333333333333,76.5,81.08333333333333
2010-09-03T00:00:00Z,75.125,71.625,56.25,53.708333333333336,85.625,72.875,50.708333333333336,62.875,49.125,53.291666666666664,59.791666666666664,62.458333333333336,61.166666666666664,56.041666666666664,89.58333333333333,49.791666666666664,58.375,61.625,73.66666666666667,64.625,54.958333333333336,66.45833333333333,81.04166666666667,74.83333333333333
2010-09-04T00:00:00Z,51.583333333333336,52.083333333333336,46.875,59.916666666666664,63.125,63,55.5,50.708333333333336,43.125,43.958333333333336,49.291666666666664,51.5,42.333333333333336,45.25,72,42.791666666666664,62.333333333333336,49.875,64.125,46.916666666666664,45.041666666666664,69.125,48.583333333333336,58.083333333333336
2010-09-05T00:00:00Z,61.583333333333336,62.375,49.958333333333336,67,71.91666666666667,68.875,59.166666666666664,61.125,45.041666666666664,49.625,52.708333333333336,61.958333333333336,59,56.291666666666664,66.95833333333333,49.083333333333336,65.58333333333333,65.45833333333333,58.916666666666664,66.66666666666667,58.333333333333336,67.08333333333333,57.416666666666664,70.83333333333333
2010-09-06T00:00:00Z,67.16666666666667,68.20833333333333,55.75,77.41666666666667,75.41666666666667,68.70833333333333,68.54166666666667,70.29166666666667,51.625,55.666666666666664,58.75,69.66666666666667,66.625,56.916666666666664,66.20833333333333,58.25,68.66666666666667,72.75,60.625,70.91666666666667,63.75,65.66666666666667,72.91666666666667,65.875
2010-09-07T00:00:00Z,67.16666666666667,74.29166666666667,64.45833333333333,75.58333333333333,72.33333333333333,72.29166666666667,71.16666666666667,65.5,57.916666666666664,64.29166666666667,68.33333333333333,71.75,65.41666666666667,66.5,70.91666666666667,65.83333333333333,72.54166666666667,70.33333333333333,72.5,73.58333333333333,66.125,74.25,66.75,67.95833333333333
2010-09-08T00:00:00Z,69.70833333333333,86.75,67.66666666666667,75.25,78.5,76.375,76.875,72.91666666666667,72.58333333333333,75.45833333333333,67.20833333333333,82,80.66666666666667,76.375,85.66666666666667,75.33333333333333,70.08333333333333,75.66666666666667,74.5,85.75,72.625,77.875,66.5,74.125
2010-09-09T00:00:00Z,58.083333333333336,64.5,55.083333333333336,63.208333333333336,69.66666666666667,66.45833333333333,59.458333333333336,42.25,52.708333333333336,48.833333333333336,62.5,65.83333333333333,57.583333333333336,58.166666666666664,66.25,52.625,59.875,62.166666666666664,68.5,57.375,46,64.29166666666667,55.083333333333336,61.333333333333336
2010-09-10T00:00:00Z,54.75,65.08333333333333,41.208333333333336,59.333333333333336,61.083333333333336,68.875,56.416666666666664,48.583333333333336,47.375,45.125,54.166666666666664,57.625,57.75,54.083333333333336,67.625,43,65.875,59.583333333333336,66.54166666666667,64.41666666666667,48.125,70.95833333333333,49.583333333333336,63.458333333333336
2010-09-11T00:00:00Z,67.95833333333333,93.125,65.375,80,67.75,64.91666666666667,77.54166666666667,93,60.625,80.125,83.08333333333333,81.125,87.75,74.20833333333333,63.666666666666664,65.16666666666667,72.5,81.83333333333333,62.208333333333336,88.08333333333333,73.25,67.29166666666667,54.625,73.45833333333333
2010-09-12T00:00:00Z,87.41666666666667,72.66666666666667,67.95833333333333,79.20833333333333,95.04166666666667,83.95833333333333,74.375,67.45833333333333,72.91666666666667,64.79166666666667,67.66666666666667,74.375,71,75.75,90.45833333333333,65.625,68.95833333333333,71.33333333333333,79.79166666666667,73.70833333333333,64.29166666666667,78.58333333333333,90.70833333333333,89.125
2010-09-13T00:00:00Z,72.58333333333333,62.958333333333336,51.958333333333336,69.45833333333333,76.54166666666667,75.33333333333333,65.95833333333333,52.333333333333336,58.375,49.666666666666664,54.208333333333336,62.416666666666664,58.625,65.16666666666667,78.20833333333333,55.041666666666664,65.08333333333333,60,70.83333333333333,68.58333333333333,56.041666666666664,70.83333333333333,69.45833333333333,74.33333333333333
2010-09-14T00:00:00Z,55.541666666666664,65.08333333333333,54.5,57.958333333333336,66.375,60.916666666666664,50.166666666666664,48.333333333333336,42.583333333333336,46.75,55.458333333333336,55.708333333333336,52.458333333333336,46.666666666666664,73.08333333333333,43.958333333333336,54.875,63.666666666666664,62.833333333333336,63.416666666666664,51.208333333333336,60.458333333333336,58.333333333333336,53.625
2010-09-15T00:00:00Z,57.791666666666664,68.375,48.875,61.375,65.54166666666667,64.25,58.458333333333336,63.333333333333336,35.666666666666664,45.583333333333336,55.375,48.5,53.5,47.125,62.541666666666664,43.416666666666664,62.791666666666664,63.541666666666664,58.916666666666664,65.66666666666667,50.666666666666664,66.875,66.875,47.791666666666664
2010-09-16T00:00:00Z,62.541666666666664,68.375,50.75,73.16666666666667,75.54166666666667,76.58333333333333,68.625,63.208333333333336,40.458333333333336,49.875,54,52.916666666666664,54.166666666666664,55.916666666666664,80.66666666666667,54.125,69.79166666666667,58.625,72.83333333333333,61.208333333333336,57.958333333333336,78.91666666666667,62.833333333333336,66.79166666666667
2010-09-17T00:00:00Z,62.625,71.20833333333333,57.791666666666664,72.04166666666667,73.83333333333333,75,69.125,69,58.958333333333336,57.75,59.208333333333336,67.04166666666667,61.583333333333336,56.458333333333336,82.875,54.916666666666664,65.04166666666667,64.41666666666667,68.875,69.75,60.5,73.29166666666667,65.95833333333333,68.58333333333333
2010-09-18T00:00:00Z,70.16666666666667,74.45833333333333,56.833333333333336,79.29166666666667,78.04166666666667,73.08333333333333,72.08333333333333,76.04166666666667,56.083333333333336,56.958333333333336,59.75,62.791666666666664,66.875,65.75,83.75,58.708333333333336,70.33333333333333,64,72.04166666666667,72.41666666666667,59.583333333333336,73.08333333333333,71.83333333333333,70.41666666666667
2010-09-19T00:00:00Z,68.25,70.91666666666667,60.875,73.5,78.04166666666667,72.875,69.375,64.33333333333333,59.5,57.208333333333336,60.541666666666664,67.375,62.875,68.29166666666667,74.79166666666667,60.833333333333336,65.08333333333333,68.5,71.41666666666667,73.16666666666667,58.25,69.125,75.29166666666667,70.25
2010-09-20T00:00:00Z,64.375,68.79166666666667,51.875,68.83333333333333,69.08333333333333,68.20833333333333,62.166666666666664,50.541666666666664,55.5,44.75,54.625,58.25,55.291666666666664,62.416666666666664,76.83333333333333,57.291666666666664,65.91666666666667,62.875,70.54166666666667,66.125,48.25,71.125,61.791666666666664,64.91666666666667
2010-09-21T00:00:00Z,58.333333333333336,74.375,61.833333333333336,72.91666666666667,68.45833333333333,59.375,65.79166666666667,74.5,45.708333333333336,59.208333333333336,60.583333333333336,65.125,71.08333333333333,52.375,68.75,53.25,58.083333333333336,74.875,62.375,72.29166666666667,65,60.166666666666664,54.916666666666664,53.791666666666664
2010-09-22T00:00:00Z,66.54166666666667,79.41666666666667,64.25,75.20833333333333,74.70833333333333,74.91666666666667,70.83333333333333,69.04166666666667,59.208333333333336,65.66666666666667,68.95833333333333,70.5,72.79166666666667,60.125,74.125,59.458333333333336,67.125,71.375,66.45833333333333,75.83333333333333,72.08333333333333,77.20833333333333,65,66.25
2010-09-23T00:00:00Z,65.58333333333333,73.75,59.666666666666664,71.75,74.5,73.125,68.08333333333333,64.91666666666667,58.166666666666664,56.416666666666664,64.79166666666667,65.33333333333333,61.541666666666664,60.25,83.33333333333333,58.541666666666664,69.04166666666667,69.375,73.375,72.54166666666667,64.125,74.91666666666667,71.125,64.66666666666667
2010-09-24T00:00:00Z,62.25,69.41666666666667,54.333333333333336,72.79166666666667,76.08333333333333,77.66666666666667,70.875,60.666666666666664,60,50.708333333333336,59.416666666666664,53.25,50.916666666666664,55.625,82.41666666666667,51.791666666666664,72.25,60.708333333333336,73.5,65.54166666666667,58.625,78,61.291666666666664,68.20833333333333
2010-09-25T00:00:00Z,62.708333333333336,80.16666666666667,61.166666666666664,73.75,72.33333333333333,76.04166666666667,69.83333333333333,64.66666666666667,60.458333333333336,58.416666666666664,64.75,60.916666666666664,67.41666666666667,61.375,79.125,60.208333333333336,69.33333333333333,67.08333333333333,73.5,71.79166666666667,64.45833333333333,77.25,62.041666666666664,68.04166666666667
2010-09-26T00:00:00Z,79.375,94.04166666666667,85.16666666666667,90.08333333333333,85.66666666666667,83.16666666666667,88.16666666666667,93.29166666666667,82.125,79.58333333333333,92.66666666666667,83.375,95.20833333333333,65.29166666666667,83.83333333333333,67.875,80.04166666666667,89.41666666666667,77.54166666666667,96,89.625,82.70833333333333,81.5,88.54166666666667
2010-09-27T00:00:00Z,88.41666666666667,92.875,91.91666666666667,98.33333333333333,93.66666666666667,95,99.83333333333333,95.75,99.875,89.91666666666667,95.75,96.5,98.16666666666667,94.5,88.70833333333333,84.25,91.66666666666667,94.41666666666667,83.29166666666667,99,89.45833333333333,96.41666666666667,93.70833333333333,100
2010-09-28T00:00:00Z,80.58333333333333,76.125,73.41666666666667,80.33333333333333,90.95833333333333,87.91666666666667,79.875,75.625,78.41666666666667,71.25,78.79166666666667,84.95833333333333,76.20833333333333,76.83333333333333,92.875,80.16666666666667,82.45833333333333,78.91666666666667,83.70833333333333,78.625,70.83333333333333,87.20833333333333,85.5,79.91666666666667
2010-09-29T00:00:00Z,91.25,87.66666666666667,89.70833333333333,97.875,93.83333333333333,94.29166666666667,99.66666666666667,89.25,97.45833333333333,86.33333333333333,91.66666666666667,98.04166666666667,92.16666666666667,93.16666666666667,88.875,87.70833333333333,90.45833333333333,91.625,87.54166666666667,92.54166666666667,82.79166666666667,95.625,89.04166666666667,98.08333333333333
2010-09-30T00:00:00Z,88.75,84.625,71.79166666666667,94.45833333333333,91,94.16666666666667,97.41666666666667,80.66666666666667,99.75,75.45833333333333,74.875,85.75,74.375,94.33333333333333,83.33333333333333,49.5,89.66666666666667,70.125,85.70833333333333,73.20833333333333,73.5,95.04166666666667,91.25,100
2010-10-01T00:00:00Z,77.625,57.333333333333336,58,81,86.45833333333333,91.625,78.33333333333333,59.083333333333336,80.08333333333333,48.916666666666664,51.125,60.291666666666664,47.875,70.91666666666667,88.5,60.333333333333336,81.33333333333333,54.791666666666664,86.08333333333333,51.791666666666664,50.75,89,77.66666666666667,92.875
2010-10-02T00:00:00Z,70.125,70.58333333333333,56.75,72.29166666666667,73.29166666666667,69.20833333333333,72.75,67.75,63.333333333333336,58.375,63.291666666666664,68.41666666666667,65.66666666666667,69.29166666666667,66.66666666666667,60.708333333333336,66.375,74.20833333333333,68.5,74.83333333333333,60.416666666666664,69.375,62.791666666666664,72.5
2010-10-03T00:00:00Z,87.375,74.625,69.83333333333333,81.45833333333333,91.58333333333333,88,80.83333333333333,83.95833333333333,88.25,65.625,69.41666666666667,75.54166666666667,78.5,76.25,94.41666666666667,65.95833333333333,77.45833333333333,73.66666666666667,88.29166666666667,77.58333333333333,66.70833333333333,84.79166666666667,85.58333333333333,95.75
2010-10-04T00:00:00Z,81.54166666666667,66.83333333333333,67.20833333333333,80.875,86.54166666666667,81.45833333333333,78.875,67.91666666666667,76.33333333333333,60.916666666666664,56.833333333333336,69,67.91666666666667,74.75,83.66666666666667,71.79166666666667,76.45833333333333,66.33333333333333,81.70833333333333,71.875,61.333333333333336,80.70833333333333,82.875,85.25
2010-10-05T00:00:00Z,73.54166666666667,71.83333333333333,61,74.08333333333333,76.29166666666667,72,72.08333333333333,72,62.458333333333336,59.583333333333336,57.833333333333336,65.83333333333333,64.875,69.125,68.625,68.54166666666667,67,64.20833333333333,69.25,74.5,58.708333333333336,72.04166666666667,66.45833333333333,73.20833333333333
2010-10-06T00:00:00Z,72.66666666666667,61.666666666666664,53.791666666666664,67.54166666666667,74.54166666666667,67.29166666666667,63.583333333333336,50.875,62.458333333333336,55.875,48.125,65.375,47,66.83333333333333,58.833333333333336,62.833333333333336,60.958333333333336,64.16666666666667,64.16666666666667,58.75,55.75,68.875,71,70.79166666666667
2010-10-07T00:00:00Z,66.79166666666667,53.708333333333336,52.75,62.458333333333336,63,65.29166666666667,55.958333333333336,46.333333333333336,57.5,45.083333333333336,51.666666666666664,59.666666666666664,47.791666666666664,53.541666666666664,64.79166666666667,53.5,57.375,59.916666666666664,58.291666666666664,55.625,46.583333333333336,65.41666666666667,56.958333333333336,67.79166666666667
2010-10-08T00:00:00Z,66.375,67.91666666666667,52.708333333333336,64.04166666666667,67.125,66.5,59.25,42.166666666666664,53.416666666666664,47.916666666666664,58.25,64.70833333333333,57.708333333333336,58.291666666666664,70.70833333333333,55.125,62.958333333333336,67.04166666666667,69.45833333333333,71.54166666666667,50.166666666666664,64.08333333333333,55.875,71.25
2010-10-09T00:00:00Z,67.25,67.83333333333333,61.041666666666664,72.75,65.70833333333333,71.16666666666667,64.875,33.458333333333336,60.875,51.291666666666664,61.416666666666664,69.16666666666667,58.791666666666664,60.208333333333336,76.54166666666667,60.041666666666664,67.625,67.58333333333333,72.33333333333333,70.70833333333333,51.958333333333336,73.58333333333333,59.958333333333336,72.75
2010-10-10T00:00:00Z,69.25,68.79166666666667,59.166666666666664,70.54166666666667,71.83333333333333,72.58333333333333,67.66666666666667,48.541666666666664,59.541666666666664,53.041666666666664,60.75,68.58333333333333,57,67.625,73.58333333333333,63.25,67.33333333333333,67.54166666666667,73.79166666666667,70.625,52.666666666666664,73.16666666666667,62.208333333333336,71.29166666666667
2010-10-11T00:00:00Z,67.41666666666667,67.79166666666667,59.791666666666664,74.125,69.33333333333333,73.33333333333333,69.33333333333333,48.125,57.916666666666664,57.166666666666664,57.333333333333336,70.08333333333333,61.916666666666664,60.541666666666664,72.75,61.666666666666664,68.5,69.5,76.20833333333333,70.79166666666667,57.333333333333336,75.41666666666667,55.75,64.70833333333333
2010-10-12T00:00:00Z,70.5,76.33333333333333,58.583333333333336,70,70.75,72.16666666666667,69,46.625,61.708333333333336,53.5,60.958333333333336,67.20833333333333,60.625,62.666666666666664,75.08333333333333,58.125,68.75,66.125,73.33333333333333,69.58333333333333,56.208333333333336,71.875,65.16666666666667,70.08333333333333
2010-10-13T00:00:00Z,76.95833333333333,79.91666666666667,64.75,75.20833333333333,83.16666666666667,76.04166666666667,68.66666666666667,81.625,73.125,64.08333333333333,64.66666666666667,75.45833333333333,73.70833333333333,63.083333333333336,83.16666666666667,58.666666666666664,68,73.70833333333333,70.54166666666667,80.79166666666667,66.375,73.91666666666667,80.41666666666667,78.04166666666667
2010-10-14T00:00:00Z,88.95833333333333,68.16666666666667,66.29166666666667,80.95833333333333,92.5,85.04166666666667,81.70833333333333,66.58333333333333,87.20833333333333,66.79166666666667,59.75,78.5,67.16666666666667,75.125,82.375,72.125,73,76.125,80.5,64.54166666666667,64.75,80.125,85.5,90.75
2010-10-15T00:00:00Z,72.70833333333333,58.75,52.291666666666664,59.208333333333336,73.54166666666667,59.041666666666664,51.666666666666664,50.333333333333336,49.583333333333336,53.083333333333336,46.375,58.708333333333336,43.375,56.083333333333336,51.75,58.833333333333336,52.333333333333336,63.75,57.541666666666664,56.041666666666664,52.375,59.333333333333336,60.75,59.916666666666664
2010-10-16T00:00:00Z,67.04166666666667,57,55.625,61.708333333333336,63.625,58,54.125,48.333333333333336,51.166666666666664,50.75,49.125,65.91666666666667,46.666666666666664,57.416666666666664,49.291666666666664,61.791666666666664,54.333333333333336,70.25,54.083333333333336,62.583333333333336,51.041666666666664,63.125,53.75,60.791666666666664
2010-10-17T00:00:00Z,68.25,57.833333333333336,58.333333333333336,65.91666666666667,68.29166666666667,63.208333333333336,61.083333333333336,30.791666666666668,52.958333333333336,49.333333333333336,52.541666666666664,70.83333333333333,52.333333333333336,61.875,59.125,62.666666666666664,60.708333333333336,68.41666666666667,57.833333333333336,62.208333333333336,48.333333333333336,64.16666666666667,61.833333333333336,66.66666666666667
2010-10-18T00:00:00Z,71.625,66.91666666666667,65.29166666666667,64.125,72.75,64.66666666666667,62.708333333333336,38.541666666666664,51.75,55.791666666666664,67.125,74.83333333333333,61.333333333333336,64.5,65.625,64.91666666666667,57.041666666666664,75.54166666666667,58.208333333333336,71.04166666666667,56.791666666666664,64.08333333333333,74.16666666666667,61.708333333333336
2010-10-19T00:00:00Z,79.70833333333333,69.375,60.166666666666664,65.08333333333333,74.83333333333333,67.91666666666667,64.66666666666667,43.25,57.041666666666664,63.75,59.791666666666664,73.08333333333333,60.5,86.83333333333333,70.375,73.625,63.708333333333336,71.04166666666667,68.04166666666667,69.16666666666667,63.958333333333336,68.08333333333333,82.25,65.875
2010-10-20T00:00:00Z,87.33333333333333,75.45833333333333,79.33333333333333,82.04166666666667,89.20833333333333,84.91666666666667,82.33333333333333,67,97.625,87.625,73.75,90.20833333333333,73.41666666666667,95,85.25,92.58333333333333,72.5,86.16666666666667,78.875,80.625,86.125,84.75,86.125,96.16666666666667
2010-10-21T00:00:00Z,65.25,57.708333333333336,54.875,72.54166666666667,68.375,72.5,64.33333333333333,36.583333333333336,63.333333333333336,56.625,55.208333333333336,70.75,41.791666666666664,64.875,77.41666666666667,70.29166666666667,69.625,64.79166666666667,75.95833333333333,46.875,54.25,75.75,61.291666666666664,71.625
2010-10-22T00:00:00Z,65.20833333333333,39.458333333333336,48.041666666666664,61.5,64.83333333333333,62.416666666666664,58.208333333333336,32.375,47.875,45.916666666666664,44.916666666666664,62.833333333333336,38.666666666666664,54.958333333333336,56.75,54.833333333333336,57.5,65,54.416666666666664,41.916666666666664,47.958333333333336,64.16666666666667,56.583333333333336,64.45833333333333
2010-10-23T00:00:00Z,70.5,62.666666666666664,58.666666666666664,67.54166666666667,71.29166666666667,71.83333333333333,63.125,42.25,59.25,54.375,60.125,68.45833333333333,58.416666666666664,62.458333333333336,66.58333333333333,66.04166666666667,67.125,70.20833333333333,67.29166666666667,67.54166666666667,58.041666666666664,76.375,61.208333333333336,69.5
2010-10-24T00:00:00Z,75.91666666666667,74.875,65.70833333333333,79.5,73.75,77.41666666666667,75.54166666666667,52.583333333333336,74.41666666666667,60.5,74.04166666666667,74.70833333333333,66.75,63.666666666666664,73.58333333333333,67.5,73.75,77.41666666666667,74.25,74.08333333333333,56.625,77.91666666666667,62.083333333333336,73.875
2010-10-25T00:00:00Z,85.75,88.70833333333333,88.625,90.04166666666667,84.33333333333333,90.125,93,82.79166666666667,95.83333333333333,85.20833333333333,91.83333333333333,92.33333333333333,89.875,87.54166666666667,76.875,86.33333333333333,83.29166666666667,90.125,80.41666666666667,95.875,84.29166666666667,90,82.54166666666667,93.20833333333333
2010-10-26T00:00:00Z,86.29166666666667,91.20833333333333,83.58333333333333,88.04166666666667,88.66666666666667,83.91666666666667,89.16666666666667,90.54166666666667,91.125,85.04166666666667,86.625,90.16666666666667,91.91666666666667,89.70833333333333,87,64.125,77.58333333333333,85.33333333333333,81.58333333333333,92.375,83.875,84.08333333333333,85.79166666666667,88.125
2010-10-27T00:00:00Z,76.83333333333333,91.58333333333333,79.83333333333333,81.75,83.41666666666667,81.95833333333333,79.75,82.375,79.45833333333333,80.33333333333333,85.875,81.5,94.95833333333333,78.125,88.83333333333333,76.29166666666667,78.75,84.125,84.45833333333333,92.58333333333333,84.45833333333333,86.04166666666667,76.5,79.20833333333333
2010-10-28T00:00:00Z,83,69.25,68,94.04166666666667,89.5,88.54166666666667,93.625,47.416666666666664,93,66.75,67.5,79.25,67.375,73.75,92.70833333333333,79.83333333333333,82.91666666666667,65.91666666666667,88.91666666666667,68.875,63.791666666666664,90.5,78.75,93.625
2010-10-29T00:00:00Z,63.5,52.208333333333336,48.041666666666664,62.583333333333336,56.125,55,57.416666666666664,52.708333333333336,53.625,45.208333333333336,39.666666666666664,62.041666666666664,40.708333333333336,50.833333333333336,61.166666666666664,56.875,61.75,53.041666666666664,58.583333333333336,44.416666666666664,45.333333333333336,60.958333333333336,50.375,57.791666666666664
2010-10-30T00:00:00Z,68.70833333333333,66.33333333333333,52.666666666666664,73.91666666666667,66.5,67.58333333333333,70.75,52.791666666666664,65.5,56.916666666666664,55.875,66.95833333333333,64.66666666666667,66.375,59.125,68.16666666666667,74.625,68.625,63.291666666666664,73.83333333333333,64.70833333333333,73.29166666666667,55.083333333333336,70.08333333333333
2010-10-31T00:00:00Z,65.33333333333333,57.041666666666664,52.916666666666664,74.58333333333333,60.458333333333336,70.20833333333333,71.625,39.5,67.625,53.25,55.625,68.25,59.375,62.166666666666664,69.91666666666667,65.16666666666667,74.375,66.66666666666667,64.20833333333333,68.125,57.291666666666664,74.54166666666667,54.458333333333336,67.66666666666667
2010-11-01T00:00:00Z,66.29166666666667,68.25,54.791666666666664,76.5,64.04166666666667,70.33333333333333,72.79166666666667,62.583333333333336,64.70833333333333,55.541666666666664,55.333333333333336,58.166666666666664,61.625,59.583333333333336,68.54166666666667,58.291666666666664,77.95833333333333,64.20833333333333,71.70833333333333,68.91666666666667,53.916666666666664,75.625,56.083333333333336,67.58333333333333
2010-11-02T00:00:00Z,77.75,66.58333333333333,53.375,64.5,70.45833333333333,66.04166666666667,65.16666666666667,67.5,65.70833333333333,60.083333333333336,58.333333333333336,60.666666666666664,59.25,76.20833333333333,64.16666666666667,63.375,67.375,63.666666666666664,64.75,65.625,51.75,66.95833333333333,60.208333333333336,68.33333333333333
2010-11-03T00:00:00Z,83.375,75.79166666666667,72.20833333333333,85.91666666666667,86.54166666666667,88.375,88.75,75.25,82.58333333333333,70.625,74.54166666666667,80.70833333333333,72.66666666666667,85.45833333333333,88.16666666666667,77.83333333333333,88.75,75,86.25,74.70833333333333,70.75,87,82.54166666666667,90.33333333333333
2010-11-04T00:00:00Z,89.5,82.625,84.66666666666667,96.95833333333333,95.45833333333333,93.41666666666667,97.95833333333333,84.20833333333333,93.25,83.29166666666667,80.04166666666667,90.45833333333333,87.08333333333333,95.54166666666667,97.08333333333333,84.79166666666667,96.29166666666667,86,90.20833333333333,89.54166666666667,84.16666666666667,96.25,94.625,100
2010-11-05T00:00:00Z,77.83333333333333,73.875,67.125,73.54166666666667,80.25,77.29166666666667,71.41666666666667,81.33333333333333,70.75,65.79166666666667,61.708333333333336,72.625,67.54166666666667,72.20833333333333,76.125,71.70833333333333,69.625,77.20833333333333,73.33333333333333,69.5,66.79166666666667,77.41666666666667,73.125,83.29166666666667
2010-11-06T00:00:00Z,81.95833333333333,74.125,56.666666666666664,82.125,71.29166666666667,74.08333333333333,76.375,71.66666666666667,69.45833333333333,53.125,61.125,76.29166666666667,61.5,68.04166666666667,65.79166666666667,72.125,74.83333333333333,67.45833333333333,69.33333333333333,75.125,52.625,72.16666666666667,65.375,85.83333333333333
2010-11-07T00:00:00Z,69.41666666666667,52.958333333333336,57.979166666666664,66.79166666666667,66.10416666666667,64,64.47916666666667,48.416666666666664,64.375,49.833333333333336,53.854166666666664,69.35416666666667,62.895833333333336,62.979166666666664,60.6875,65.47916666666667,65.39583333333333,70.79166666666667,58.270833333333336,71.8125,48.6875,64.27083333333333,59.208333333333336,72.41666666666667
2010-11-08T00:00:00Z,66.79166666666667,43.333333333333336,53.416666666666664,60.541666666666664,62.666666666666664,59.083333333333336,55.208333333333336,32.291666666666664,60.166666666666664,39.083333333333336,42.916666666666664,59.5,45.541666666666664,44.708333333333336,54.041666666666664,54.583333333333336,59.916666666666664,56.791666666666664,52.666666666666664,57,36.5,56.958333333333336,50.125,61.708333333333336
2010-11-09T00:00:00Z,71.04166666666667,39.25,42.75,62.583333333333336,66.95833333333333,65.375,56.291666666666664,28.833333333333332,61.75,44.833333333333336,34.625,57.666666666666664,34.916666666666664,54.416666666666664,70,60.541666666666664,62,60.333333333333336,62.125,44.583333333333336,31.666666666666668,65.20833333333333,63.291666666666664,74.95833333333333
2010-11-10T00:00:00Z,76.58333333333333,56.083333333333336,50.708333333333336,77.20833333333333,81.70833333333333,75.54166666666667,72.20833333333333,32.791666666666664,71.08333333333333,51.541666666666664,47.625,67.875,46.916666666666664,70.04166666666667,76.29166666666667,69.79166666666667,74.29166666666667,67.45833333333333,74.75,62.291666666666664,29.416666666666668,74.79166666666667,77.08333333333333,82.33333333333333
2010-11-11T00:00:00Z,72.91666666666667,64.83333333333333,58.958333333333336,71.95833333333333,78.16666666666667,75.625,68.16666666666667,58.25,63.875,55.541666666666664,62.208333333333336,66.83333333333333,66.04166666666667,66.41666666666667,77.58333333333333,64.5,67.25,73.125,73.20833333333333,72.5,55.25,71.125,71.875,74.58333333333333
2010-11-12T00:00:00Z,65.58333333333333,67.54166666666667,53.458333333333336,67.16666666666667,76.33333333333333,72.41666666666667,59.625,51.541666666666664,58.041666666666664,44.25,55.25,58.208333333333336,62.125,52.75,72.20833333333333,53.083333333333336,66.70833333333333,67.875,71.79166666666667,71.83333333333333,51.375,70.375,61.166666666666664,73.91666666666667
2010-11-13T00:00:00Z,59,63.5,49.291666666666664,62.208333333333336,71.41666666666667,62.625,53.291666666666664,47.458333333333336,56.333333333333336,48.208333333333336,55.375,59.041666666666664,56.708333333333336,49.708333333333336,78,52.666666666666664,65.08333333333333,64.375,64.91666666666667,69.08333333333333,42.625,64.16666666666667,71.70833333333333,66.70833333333333
2010-11-14T00:00:00Z,73.29166666666667,67.08333333333333,53.333333333333336,66.25,87.25,81.5,64.29166666666667,48.291666666666664,68.91666666666667,45.708333333333336,56.791666666666664,57.875,60.833333333333336,54.958333333333336,82.75,59.416666666666664,75.375,66.125,85.33333333333333,70.70833333333333,54.416666666666664,87.04166666666667,89.125,76
2010-11-15T00:00:00Z,72.625,85.95833333333333,65.83333333333333,63.625,77.70833333333333,74.125,62.083333333333336,79.5,63.583333333333336,69.70833333333333,79.875,64.79166666666667,85.125,58.416666666666664,85.58333333333333,70.625,74,84.58333333333333,73.79166666666667,89.625,75.29166666666667,77.25,69.41666666666667,68.33333333333333
2010-11-16T00:00:00Z,82.54166666666667,86.91666666666667,81.75,78.625,83,82.125,78.29166666666667,89.75,83.70833333333333,84.16666666666667,91.04166666666667,85.79166666666667,87.83333333333333,82.83333333333333,86.20833333333333,85.79166666666667,76.04166666666667,87.70833333333333,78.54166666666667,94.16666666666667,89.25,82.29166666666667,76.375,89.375
2010-11-17T00:00:00Z,67,64.16666666666667,53.416666666666664,64.875,59.458333333333336,61.833333333333336,60.875,63.166666666666664,58,52.791666666666664,61.708333333333336,67.41666666666667,55.708333333333336,58.125,70.875,68.125,63.833333333333336,62,61.916666666666664,60.875,55.125,62,60.041666666666664,62.375
2010-11-18T00:00:00Z,69.91666666666667,72.29166666666667,62.5,70.70833333333333,67.54166666666667,70.20833333333333,63.25,64.58333333333333,65.25,63.083333333333336,63.75,73.25,68.79166666666667,60.625,61.083333333333336,70.33333333333333,69.29166666666667,74.16666666666667,65.04166666666667,79.04166666666667,68.83333333333333,70.08333333333333,69.04166666666667,71.95833333333333
2010-11-19T00:00:00Z,73.54166666666667,74.875,65.20833333333333,75.125,70.70833333333333,69.41666666666667,71.08333333333333,71.58333333333333,69.79166666666667,66.91666666666667,67.54166666666667,75.875,70.875,67.20833333333333,67.125,74.41666666666667,72.5,77.125,64.91666666666667,82.79166666666667,69.79166666666667,71.29166666666667,62.875,74.16666666666667
2010-11-20T00:00:00Z,78.04166666666667,73.79166666666667,64.20833333333333,73.83333333333333,75.45833333333333,73.66666666666667,72.125,65.16666666666667,74.16666666666667,65.375,69.29166666666667,71.83333333333333,69.54166666666667,70.54166666666667,70.625,74.20833333333333,72.375,75.375,72.20833333333333,79.45833333333333,69.125,73.54166666666667,71.29166666666667,79.125
2010-11-21T00:00:00Z,79.83333333333333,78.125,65.04166666666667,80.04166666666667,83.625,75.70833333333333,76.66666666666667,74.83333333333333,74,66.54166666666667,70.58333333333333,78.16666666666667,70.41666666666667,74.75,80.20833333333333,77.5,79.54166666666667,76.58333333333333,76.70833333333333,77.79166666666667,74.33333333333333,79.58333333333333,86.29166666666667,76.125
2010-11-22T00:00:00Z,77.91666666666667,80.91666666666667,69.83333333333333,83,79.45833333333333,78.79166666666667,84.08333333333333,72.66666666666667,81.95833333333333,70.16666666666667,75.54166666666667,75.83333333333333,74.625,77.91666666666667,74.70833333333333,79,86.16666666666667,77.125,82.29166666666667,81.58333333333333,65.08333333333333,84.79166666666667,76.375,80.54166666666667
2010-11-23T00:00:00Z,74,86.625,81.79166666666667,83.41666666666667,81.70833333333333,81.20833333333333,83.625,77,78.66666666666667,74.83333333333333,87.125,80.04166666666667,80.70833333333333,72.25,87.75,72.45833333333333,81.83333333333333,83.75,84.45833333333333,88.33333333333333,78.33333333333333,82.70833333333333,72,80.875
2010-11-24T00:00:00Z,54.791666666666664,80.5,51.666666666666664,69.79166666666667,61.375,55.875,67.5,59.5,53.291666666666664,40.166666666666664,72.375,48.25,59.041666666666664,42.916666666666664,64.70833333333333,44.708333333333336,68.20833333333333,69.125,63.75,70.75,37.416666666666664,63.041666666666664,53.75,55.291666666666664
2010-11-25T00:00:00Z,77.58333333333333,71.25,80.75,89.58333333333333,76.95833333333333,81.66666666666667,91.91666666666667,72.75,84.79166666666667,78,85.41666666666667,86.875,77.875,80.66666666666667,77.29166666666667,83.75,87.95833333333333,88.08333333333333,78.79166666666667,86.125,66.75,83.08333333333333,67.16666666666667,80.45833333333333
2010-11-26T00:00:00Z,78,80.54166666666667,73.04166666666667,90.79166666666667,79.5,82.29166666666667,90.5,81,87.75,72.54166666666667,76.625,80.20833333333333,60.291666666666664,73.625,84.375,71.58333333333333,86.33333333333333,68.875,83.54166666666667,61,68.41666666666667,85.5,73.33333333333333,85.95833333333333
2010-11-27T00:00:00Z,49.708333333333336,53.916666666666664,40.708333333333336,62.333333333333336,56.666666666666664,55.083333333333336,62.083333333333336,62.125,52.958333333333336,42.791666666666664,43.958333333333336,50.208333333333336,39.5,43.541666666666664,49.875,50.583333333333336,62.083333333333336,49,57.5,45.458333333333336,44.25,61.875,44.625,51.791666666666664
2010-11-28T00:00:00Z,67.04166666666667,69.54166666666667,49.541666666666664,63.375,65.125,64.20833333333333,64.75,68.70833333333333,60.5,54.75,58.583333333333336,62.125,65.375,65.625,57.958333333333336,64.33333333333333,68.54166666666667,71.70833333333333,64.45833333333333,76.04166666666667,59,64.58333333333333,62.125,71.91666666666667
2010-11-29T00:00:00Z,75.625,76.16666666666667,59.25,82.95833333333333,80.5,76.66666666666667,87.125,73.79166666666667,76.79166666666667,64.45833333333333,64.29166666666667,70.125,68.95833333333333,75.41666666666667,76.54166666666667,75.04166666666667,78.375,71.625,73.875,69.04166666666667,62.125,75,82.33333333333333,81.70833333333333
2010-11-30T00:00:00Z,84.29166666666667,96.625,89.375,83.25,81.95833333333333,81.875,83.91666666666667,96.5,80.20833333333333,83,96.54166666666667,86.83333333333333,95.20833333333333,73,74.625,78.375,74.83333333333333,94,76.16666666666667,100,88.20833333333333,80.625,83.08333333333333,85.70833333333333
2010-12-01T00:00:00Z,70.75,71.29166666666667,62.416666666666664,70.125,72.125,69.125,71.83333333333333,75.29166666666667,67.91666666666667,62.75,64.875,68.54166666666667,61.833333333333336,68.41666666666667,71.875,55.833333333333336,70.70833333333333,65.70833333333333,68.41666666666667,61.125,64.25,72.375,69.08333333333333,70.16666666666667
2010-12-02T00:00:00Z,66.625,56,56.333333333333336,68.79166666666667,63.291666666666664,62.458333333333336,63.708333333333336,61.541666666666664,59.458333333333336,53.25,55.416666666666664,64.95833333333333,47.166666666666664,59.416666666666664,55.25,66.25,64.54166666666667,72.75,55.041666666666664,55.041666666666664,54.958333333333336,62.958333333333336,52.416666666666664,65.16666666666667
2010-12-03T00:00:00Z,64.70833333333333,65.79166666666667,61.666666666666664,74.33333333333333,64.70833333333333,70.375,71.75,66.5,62.708333333333336,53.958333333333336,64.95833333333333,63.041666666666664,60.958333333333336,61.708333333333336,53.291666666666664,65.16666666666667,73.66666666666667,73.95833333333333,64.79166666666667,73.41666666666667,56.25,75.5,55.291666666666664,63.875
2010-12-04T00:00:00Z,70.91666666666667,81,71.375,72.625,68.25,71.95833333333333,78.875,87.375,72,76.33333333333333,78,77.625,82.95833333333333,75.70833333333333,64.08333333333333,81.83333333333333,74.95833333333333,89.08333333333333,68.91666666666667,93.29166666666667,78.58333333333333,72.70833333333333,58.083333333333336,76.83333333333333
2010-12-05T00:00:00Z,62.083333333333336,72.91666666666667,67.75,63.416666666666664,70.29166666666667,69.29166666666667,65.54166666666667,73.79166666666667,65.375,62.333333333333336,57,65.58333333333333,54.041666666666664,67.79166666666667,66.5,70.625,66.16666666666667,68.25,65.16666666666667,56.083333333333336,55.958333333333336,69.29166666666667,57.458333333333336,73.58333333333333
2010-12-06T00:00:00Z,48.416666666666664,59.791666666666664,48.416666666666664,48.625,51.958333333333336,50.666666666666664,50.125,70.58333333333333,50.208333333333336,46.75,48.208333333333336,46.625,46.208333333333336,48.833333333333336,48.916666666666664,54.916666666666664,49.416666666666664,54.208333333333336,51.375,47.25,45.666666666666664,55.25,45.458333333333336,50.166666666666664
2010-12-07T00:00:00Z,43.083333333333336,62.666666666666664,48.541666666666664,42.625,48.125,47.083333333333336,44.041666666666664,67.25,45.041666666666664,46,51.875,45.25,47.833333333333336,43.75,48.666666666666664,46.833333333333336,45.375,54.5,48.833333333333336,49.375,46.041666666666664,53.541666666666664,43.083333333333336,45.083333333333336
2010-12-08T00:00:00Z,48.541666666666664,50.791666666666664,51.541666666666664,45.541666666666664,50.791666666666664,48.833333333333336,48.333333333333336,65.16666666666667,50.458333333333336,48.5,50.5,51.083333333333336,46.291666666666664,51.916666666666664,51,54.541666666666664,47.708333333333336,61.791666666666664,48.916666666666664,52.5,48.625,54.625,44.666666666666664,51.458333333333336
2010-12-09T00:00:00Z,53.5,52.375,45.291666666666664,50.291666666666664,52.791666666666664,49.5,51.833333333333336,54.25,51.25,46.25,47.208333333333336,49.625,51.708333333333336,46.75,59.083333333333336,50.166666666666664,51.916666666666664,66.95833333333333,53.416666666666664,62.208333333333336,59.291666666666664,50.666666666666664,49.291666666666664,56.875
2010-12-10T00:00:00Z,71.20833333333333,52.291666666666664,41.375,56.625,74.5,71.5,56.291666666666664,54.625,62.875,44.25,49.083333333333336,49.75,54.916666666666664,48.458333333333336,80.54166666666667,55.875,66.75,65.20833333333333,72.41666666666667,62,53,66.66666666666667,79.625,75.20833333333333
2010-12-11T00:00:00Z,87.66666666666667,50.75,58.125,92.375,94.04166666666667,92.875,92.29166666666667,55.875,87.25,59.916666666666664,45.875,69.125,50.875,79.41666666666667,96.33333333333333,74.33333333333333,92.29166666666667,59.25,89.66666666666667,57.666666666666664,59.458333333333336,93.875,89.70833333333333,96.04166666666667
2010-12-12T00:00:00Z,88.83333333333333,78.25,79.125,92.125,89.41666666666667,87.25,93.08333333333333,82.83333333333333,92.41666666666667,89.58333333333333,72,91.70833333333333,81.29166666666667,93.95833333333333,88.95833333333333,71.54166666666667,90.70833333333333,88.04166666666667,85.79166666666667,82.91666666666667,83.91666666666667,89.41666666666667,88.70833333333333,96.91666666666667
2010-12-13T00:00:00Z,66.25,60.333333333333336,46.333333333333336,46.791666666666664,72.16666666666667,51.041666666666664,48.625,69.70833333333333,51.5,46.458333333333336,50,48.583333333333336,45.125,50.666666666666664,61.5,51.708333333333336,51.583333333333336,48.041666666666664,53.5,45.958333333333336,46.25,51.583333333333336,77.79166666666667,52.166666666666664
2010-12-14T00:00:00Z,31,58.833333333333336,40,36.208333333333336,44.25,34.833333333333336,36.666666666666664,60.625,32.791666666666664,37.541666666666664,39.208333333333336,37.833333333333336,38.208333333333336,35.333333333333336,40.875,40.541666666666664,37.541666666666664,49,38.791666666666664,42.916666666666664,37.541666666666664,38.375,44.416666666666664,34.041666666666664
2010-12-15T00:00:00Z,47.333333333333336,51.125,45.083333333333336,42.416666666666664,46.75,45.916666666666664,46.833333333333336,48.625,41.833333333333336,42.458333333333336,42.25,48.958333333333336,42.875,41.125,42.916666666666664,42.625,43.5,50.75,40.083333333333336,48.958333333333336,36.25,45.208333333333336,44.208333333333336,47.625
2010-12-16T00:00:00Z,81.29166666666667,83.75,85.75,60.75,81.70833333333333,74.70833333333333,65.91666666666667,92.375,84.16666666666667,82.875,94.58333333333333,87.70833333333333,76.5,87.33333333333333,65.91666666666667,87.625,59.916666666666664,88.54166666666667,63.375,80.91666666666667,85.08333333333333,61.291666666666664,79.91666666666667,89.79166666666667
2010-12-17T00:00:00Z,78.95833333333333,79.625,76.58333333333333,72.25,79.20833333333333,77.33333333333333,75.375,73.83333333333333,83.5,91.54166666666667,75.20833333333333,92.08333333333333,69.625,93.25,79.66666666666667,93.875,74.95833333333333,81.83333333333333,72.54166666666667,74.20833333333333,75.95833333333333,75.16666666666667,79.75,87.41666666666667
2010-12-18T00:00:00Z,81.04166666666667,86.70833333333333,82.41666666666667,87.08333333333333,81.5,88.58333333333333,92.54166666666667,94.33333333333333,88,79.54166666666667,82.375,86.70833333333333,75.83333333333333,92.95833333333333,84.20833333333333,88.125,88.20833333333333,92.25,85.45833333333333,82.41666666666667,80.54166666666667,89.08333333333333,80.58333333333333,92.29166666666667
2010-12-19T00:00:00Z,72.66666666666667,70.375,69.125,85,72.75,77.04166666666667,82.45833333333333,72.54166666666667,75.08333333333333,64.875,57.041666666666664,76.66666666666667,63.166666666666664,75.45833333333333,79.33333333333333,77.04166666666667,82.58333333333333,67.45833333333333,78.04166666666667,69.83333333333333,67.04166666666667,79.70833333333333,68.16666666666667,79.70833333333333
2010-12-20T00:00:00Z,59.416666666666664,65.33333333333333,60.25,63.25,60.625,56.708333333333336,63.625,64.91666666666667,58.958333333333336,56.5,53.375,63.875,57.125,53.125,60.458333333333336,60.208333333333336,69.875,71.79166666666667,58.583333333333336,71.125,56.333333333333336,64,55.416666666666664,57.083333333333336
2010-12-21T00:00:00Z,60.083333333333336,71.625,59.583333333333336,71.91666666666667,54.666666666666664,56.166666666666664,66.33333333333333,85.45833333333333,59.916666666666664,56.291666666666664,69.45833333333333,63.75,61.541666666666664,59.875,59.416666666666664,61.083333333333336,62.458333333333336,72.66666666666667,57.125,64.375,62.541666666666664,61.208333333333336,49.583333333333336,56.625
2010-12-22T00:00:00Z,66.08333333333333,79.29166666666667,68.58333333333333,86.58333333333333,55.583333333333336,69.54166666666667,94,84.29166666666667,70.66666666666667,53.916666666666664,72.41666666666667,64.95833333333333,58.833333333333336,64.04166666666667,68.70833333333333,63.125,88.95833333333333,64.45833333333333,67.25,63.083333333333336,56.458333333333336,74.25,50.916666666666664,74
2010-12-23T00:00:00Z,46.458333333333336,63.666666666666664,48.416666666666664,50.958333333333336,52.166666666666664,54.833333333333336,50.791666666666664,74.91666666666667,48.625,50.416666666666664,51.666666666666664,51.083333333333336,49.208333333333336,48.875,57.5,53.583333333333336,59.333333333333336,53.458333333333336,58.5,53.458333333333336,49.166666666666664,54.458333333333336,50.791666666666664,55.708333333333336
2010-12-24T00:00:00Z,57.25,52.916666666666664,51.916666666666664,59.958333333333336,62.166666666666664,58.333333333333336,60.833333333333336,52.833333333333336,58.5,50.625,55.291666666666664,59.791666666666664,43.875,50.208333333333336,66.375,55.333333333333336,61.25,60.5,58.375,53.375,44.875,61.375,57.833333333333336,60.791666666666664
2010-12-25T00:00:00Z,68.66666666666667,82.70833333333333,67.54166666666667,67.16666666666667,71.58333333333333,62.333333333333336,64.20833333333333,84.70833333333333,58.083333333333336,72.45833333333333,77.16666666666667,75.625,79.25,74.79166666666667,65,71.83333333333333,72.20833333333333,85.25,64.125,83.16666666666667,69.25,68.70833333333333,72.83333333333333,61.875
2010-12-26T00:00:00Z,87.16666666666667,74.45833333333333,80.25,93.20833333333333,91.75,87.20833333333333,97.04166666666667,77.79166666666667,89,76.16666666666667,71.33333333333333,89.29166666666667,71.45833333333333,88.125,86.625,90.625,90,84.33333333333333,85.41666666666667,71.5,67.79166666666667,89.25,92.875,97.875
2010-12-27T00:00:00Z,64.70833333333333,70.25,52.708333333333336,71.95833333333333,65,68.95833333333333,73.29166666666667,66.83333333333333,65.20833333333333,50.083333333333336,47.166666666666664,53.041666666666664,46.458333333333336,49,59.208333333333336,56.625,66.79166666666667,52.75,66,45.125,46,71.41666666666667,52.5,67.16666666666667
2010-12-28T00:00:00Z,60.791666666666664,57.166666666666664,45.041666666666664,63.25,60.875,55.708333333333336,58.041666666666664,27.25,53.125,45.958333333333336,44,49,46.041666666666664,40.875,58.833333333333336,48.041666666666664,54.041666666666664,62.708333333333336,56.875,50.666666666666664,36.125,53.625,53.583333333333336,52.666666666666664
2010-12-29T00:00:00Z,65.25,61.541666666666664,46.125,66.58333333333333,65.75,63.375,65.58333333333333,62,64.41666666666667,54.208333333333336,44.875,63.791666666666664,50.375,48.916666666666664,68.75,55.833333333333336,61.916666666666664,70.16666666666667,58.916666666666664,65.29166666666667,54.833333333333336,61.5,69.625,73.54166666666667
2010-12-30T00:00:00Z,72.75,68.625,62.125,69.16666666666667,77.625,77.45833333333333,71.375,70.83333333333333,74.04166666666667,70.04166666666667,58.541666666666664,79.20833333333333,60.458333333333336,68.875,81.91666666666667,78.95833333333333,68.16666666666667,75.125,67.875,81.41666666666667,66.66666666666667,73.45833333333333,73.125,81.54166666666667
2010-12-31T00:00:00Z,71.41666666666667,80.83333333333333,70.875,78,69.83333333333333,72.58333333333333,79,70.33333333333333,76,67,63.708333333333336,73.875,69.08333333333333,64.75,79.91666666666667,73.33333333333333,75.91666666666667,80.41666666666667,71.95833333333333,83.41666666666667,67.66666666666667,73.91666666666667,67.125,81.04166666666667
2011-01-01T00:00:00Z,84.91666666666667,95.95833333333333,92.25,87.83333333333333,81.25,80.83333333333333,87.91666666666667,91.91666666666667,86.58333333333333,93.29166666666667,94.25,96.625,93.58333333333333,89.33333333333333,80.58333333333333,77.08333333333333,85.58333333333333,95.70833333333333,81.375,97.70833333333333,87.91666666666667,84.79166666666667,80.08333333333333,86.45833333333333
2011-01-02T00:00:00Z,89.79166666666667,71.875,74.75,88.5,90.16666666666667,88,89.33333333333333,76.08333333333333,83.79166666666667,80.54166666666667,69.08333333333333,87.08333333333333,70.79166666666667,81.875,89.625,64.75,83.5,76.58333333333333,90.54166666666667,68.875,69.54166666666667,86.70833333333333,92.04166666666667,92.45833333333333
2011-01-03T00:00:00Z,65.25,52.791666666666664,46.041666666666664,59.583333333333336,60.041666666666664,60.083333333333336,59.75,45.458333333333336,54.541666666666664,52.958333333333336,44.333333333333336,61.166666666666664,48.166666666666664,52.75,59.416666666666664,58.583333333333336,57.708333333333336,65.58333333333333,59.833333333333336,60.583333333333336,47.333333333333336,58.708333333333336,54.041666666666664,59.75
2011-01-04T00:00:00Z,71.70833333333333,58.208333333333336,53.708333333333336,72.08333333333333,72.375,64,71.95833333333333,41.75,65.83333333333333,51.916666666666664,53.958333333333336,65.20833333333333,56.708333333333336,62.25,72.08333333333333,64.79166666666667,69.41666666666667,69.91666666666667,73,59.25,55.291666666666664,73.95833333333333,65.5,63.75
2011-01-05T00:00:00Z,65.54166666666667,73.54166666666667,75.625,80,68.79166666666667,71.125,78.95833333333333,55.416666666666664,70.29166666666667,61.5,74.58333333333333,74.375,75.04166666666667,54.541666666666664,75.04166666666667,68.95833333333333,76.58333333333333,84.91666666666667,65.625,68.04166666666667,56.875,73.875,62.833333333333336,66.375
2011-01-06T00:00:00Z,77,75.5,68.875,92.375,82.45833333333333,84.08333333333333,88.16666666666667,71.79166666666667,81.45833333333333,60.75,72.04166666666667,72.58333333333333,66.33333333333333,62.625,77.54166666666667,70.29166666666667,85.70833333333333,74.29166666666667,76.125,68.58333333333333,52.791666666666664,85.66666666666667,76.08333333333333,89.875
2011-01-07T00:00:00Z,78.91666666666667,74.83333333333333,70.91666666666667,83.75,78.875,71.58333333333333,86.66666666666667,77.75,78.625,63.333333333333336,64.375,70.41666666666667,61.416666666666664,67.16666666666667,79.20833333333333,68.70833333333333,78.75,75.625,73.25,64.79166666666667,58.75,85.91666666666667,76.83333333333333,78.125
2011-01-08T00:00:00Z,60,74.20833333333333,54.583333333333336,61.75,66.58333333333333,63.125,61.875,70.54166666666667,65.83333333333333,54.083333333333336,51.541666666666664,64.33333333333333,48.083333333333336,65.75,67.83333333333333,65,60.875,60.125,65.04166666666667,51.208333333333336,55.166666666666664,68.20833333333333,67.95833333333333,69.70833333333333
2011-01-09T00:00:00Z,36.166666666666664,51.875,40.916666666666664,37.833333333333336,42.708333333333336,40.125,39.125,49.458333333333336,38.166666666666664,41.5,41,44.75,37.208333333333336,41.291666666666664,39.708333333333336,45.375,41.25,49.125,39.166666666666664,48.958333333333336,42.75,45.166666666666664,40.375,41.833333333333336
2011-01-10T00:00:00Z,45.541666666666664,88.04166666666667,78.375,80.375,50.791666666666664,65.91666666666667,83.79166666666667,82.5,57.166666666666664,57.958333333333336,86.16666666666667,79.20833333333333,79.75,45.041666666666664,56.375,55.916666666666664,77.16666666666667,83.79166666666667,69.33333333333333,85.83333333333333,62,76.83333333333333,51.708333333333336,49.5
2011-01-11T00:00:00Z,83.875,88.25,90.45833333333333,97.375,87.83333333333333,88.875,99,90.33333333333333,93.83333333333333,89.41666666666667,94.25,98.83333333333333,90.08333333333333,93.58333333333333,85.58333333333333,96.16666666666667,94.58333333333333,96.04166666666667,85.16666666666667,95.625,87.33333333333333,93.58333333333333,83.95833333333333,95
2011-01-12T00:00:00Z,64.125,65.20833333333333,65.45833333333333,70.75,65.25,65.75,75.66666666666667,72.91666666666667,68.70833333333333,57.708333333333336,67.625,65.33333333333333,53.916666666666664,59,64.375,64.5,70.66666666666667,61.416666666666664,64.08333333333333,53.25,50.458333333333336,74.08333333333333,62.25,67.66666666666667
2011-01-13T00:00:00Z,52.333333333333336,66.5,51.875,62,54.791666666666664,54.541666666666664,63.833333333333336,71.08333333333333,56.5,49.791666666666664,51.5,55.5,46.708333333333336,46.541666666666664,51.291666666666664,53.541666666666664,61.25,57.125,53.625,51.708333333333336,46.75,61.5,47.5,53.666666666666664
2011-01-14T00:00:00Z,61.166666666666664,65.95833333333333,57.666666666666664,63.166666666666664,63.291666666666664,64.75,65.16666666666667,51.791666666666664,58.625,54,62.583333333333336,63.708333333333336,59.916666666666664,52.916666666666664,68.70833333333333,60,64.79166666666667,72.33333333333333,62.375,68.91666666666667,57.416666666666664,68.54166666666667,58.625,58.333333333333336
2011-01-15T00:00:00Z,56.916666666666664,59.333333333333336,55.875,62.041666666666664,64.29166666666667,59.166666666666664,63.5,49.625,57.166666666666664,52.708333333333336,56.75,58.083333333333336,56.125,53.125,61.958333333333336,59.25,66,66.5,66.125,63.625,55.583333333333336,65.66666666666667,54.791666666666664,56.75
2011-01-16T00:00:00Z,62.666666666666664,68.75,57.208333333333336,66.83333333333333,68.16666666666667,59.333333333333336,66.20833333333333,69.5,61.708333333333336,57.666666666666664,63.875,67.54166666666667,59.833333333333336,60.375,66.79166666666667,68.66666666666667,69.45833333333333,74.04166666666667,62.875,69.70833333333333,60.083333333333336,65.33333333333333,64.83333333333333,59.125
2011-01-17T00:00:00Z,84.375,85.45833333333333,73.70833333333333,93.54166666666667,86.95833333333333,88.91666666666667,93.83333333333333,83.45833333333333,91.08333333333333,76.45833333333333,77.25,82.20833333333333,79.5,81.91666666666667,79,86,93.95833333333333,83.95833333333333,86.75,81.875,70.75,92.08333333333333,83.91666666666667,92.95833333333333
2011-01-18T00:00:00Z,91.5,95.45833333333333,87.29166666666667,99.16666666666667,94.95833333333333,93.79166666666667,97.79166666666667,91.375,95.79166666666667,90.83333333333333,91.375,92.04166666666667,90.5,96.16666666666667,90.91666666666667,94.33333333333333,95.91666666666667,90.58333333333333,90.20833333333333,95.33333333333333,88.75,95.25,96.54166666666667,100
2011-01-19T00:00:00Z,77.75,81.75,74.70833333333333,96.625,87.54166666666667,89.29166666666667,94.25,82.41666666666667,86.875,72.20833333333333,76.91666666666667,77.66666666666667,71.5,69.16666666666667,90.29166666666667,73.95833333333333,93.45833333333333,80.375,89.45833333333333,76.75,76,91.33333333333333,85,86.91666666666667
2011-01-20T00:00:00Z,73.70833333333333,76.375,63.916666666666664,83.58333333333333,75.66666666666667,79.5,84,81.375,75,62.5,70.04166666666667,67.16666666666667,71.375,67.5,77.16666666666667,68.79166666666667,88.54166666666667,78.66666666666667,78.375,79.95833333333333,65.45833333333333,84.08333333333333,66.75,79.95833333333333
2011-01-21T00:00:00Z,46.375,54.333333333333336,42.041666666666664,54.166666666666664,57.666666666666664,53.166666666666664,55.458333333333336,56.458333333333336,48.833333333333336,38.5,41.375,42.5,40.625,40.208333333333336,65.125,45.833333333333336,57.666666666666664,43.875,55.416666666666664,40.75,35.541666666666664,56.25,50.541666666666664,51.083333333333336
2011-01-22T00:00:00Z,43.541666666666664,44.291666666666664,33.708333333333336,45.458333333333336,58.333333333333336,60.416666666666664,46.291666666666664,43.125,42.041666666666664,36.458333333333336,37.166666666666664,38.375,34.333333333333336,44.291666666666664,74.66666666666667,43.375,55.958333333333336,41.458333333333336,70.95833333333333,41.875,27.541666666666668,57.958333333333336,57.291666666666664,47.416666666666664
2011-01-23T00:00:00Z,56.625,52.625,47.666666666666664,57.875,57.708333333333336,55.291666666666664,59.958333333333336,59.416666666666664,58.333333333333336,47.666666666666664,49.583333333333336,57.916666666666664,43.958333333333336,55.208333333333336,62.875,57.041666666666664,60.541666666666664,64.5,65.75,55.5,40.333333333333336,60.083333333333336,52.583333333333336,57.166666666666664
2011-01-24T00:00:00Z,64,63.875,51.708333333333336,74.45833333333333,67.5,71.79166666666667,76.08333333333333,68.95833333333333,66.95833333333333,54.958333333333336,54.375,62.125,53.833333333333336,53.208333333333336,70.41666666666667,63.958333333333336,77.58333333333333,63.541666666666664,75.5,57.583333333333336,52.458333333333336,77.54166666666667,65.58333333333333,68.75
2011-01-25T00:00:00Z,74.79166666666667,87,74.79166666666667,95.91666666666667,93.79166666666667,92.25,94,77.75,83.08333333333333,64.625,78.91666666666667,73.125,81.70833333333333,64.29166666666667,89.875,67.04166666666667,94.70833333333333,86.125,89.83333333333333,89.95833333333333,67.29166666666667,96.04166666666667,83.04166666666667,99.41666666666667
2011-01-26T00:00:00Z,89.25,86.08333333333333,83.25,85.33333333333333,93.91666666666667,87.54166666666667,87.91666666666667,92.91666666666667,90.66666666666667,95,80.58333333333333,96.5,84.83333333333333,95.54166666666667,86.875,94.45833333333333,86.375,88.79166666666667,83.75,86,82.91666666666667,84.66666666666667,96.125,94.45833333333333
2011-01-27T00:00:00Z,79.08333333333333,67.95833333333333,66.58333333333333,77.45833333333333,80.66666666666667,74.29166666666667,75.91666666666667,73.29166666666667,73.66666666666667,61.375,67.33333333333333,75.95833333333333,56.625,75.33333333333333,76.91666666666667,78.875,75.33333333333333,74.83333333333333,72.29166666666667,64.58333333333333,58.208333333333336,74.04166666666667,74.95833333333333,77.45833333333333
2011-01-28T00:00:00Z,81.25,65.79166666666667,58,73.79166666666667,80.58333333333333,75.91666666666667,72.25,68.66666666666667,68.41666666666667,58.458333333333336,58.416666666666664,69.375,53.916666666666664,67.08333333333333,78.04166666666667,68.83333333333333,74.45833333333333,63.5,79.375,62.291666666666664,58.208333333333336,74.29166666666667,82.70833333333333,79.08333333333333
2011-01-29T00:00:00Z,66.54166666666667,59.125,53.833333333333336,67.625,75.5,67.83333333333333,61.833333333333336,48.916666666666664,61.291666666666664,54.208333333333336,57.416666666666664,59.666666666666664,46.125,58.916666666666664,76.625,61.166666666666664,68.20833333333333,64.5,64.70833333333333,53.583333333333336,54.25,67.375,70.58333333333333,65.95833333333333
2011-01-30T00:00:00Z,66.45833333333333,59.333333333333336,54.458333333333336,61.916666666666664,71.20833333333333,67.66666666666667,60,43.125,67,53.666666666666664,45.958333333333336,60.958333333333336,44.666666666666664,56.708333333333336,75.08333333333333,62.291666666666664,67.70833333333333,64.75,73.625,51.541666666666664,52.458333333333336,70.20833333333333,78.83333333333333,66.41666666666667
2011-01-31T00:00:00Z,73.79166666666667,76.875,67.75,87.70833333333333,79.20833333333333,81.95833333333333,85.375,90.625,78.08333333333333,67.33333333333333,68.45833333333333,72.91666666666667,69.375,70.54166666666667,81.29166666666667,72.33333333333333,86.79166666666667,73.45833333333333,80.75,69.79166666666667,68.58333333333333,83.625,79.83333333333333,79.29166666666667
2011-02-01T00:00:00Z,78.5,89.75,78.5,83.33333333333333,88.95833333333333,79.58333333333333,82.04166666666667,95.95833333333333,79.20833333333333,78.16666666666667,91.5,81.16666666666667,87.16666666666667,84.29166666666667,87.5,81.20833333333333,87.625,86.79166666666667,82.375,92.20833333333333,78.16666666666667,83.625,87.29166666666667,77.83333333333333
2011-02-02T00:00:00Z,61.75,74.70833333333333,67.625,62,69.875,78.66666666666667,66.91666666666667,71.83333333333333,66.91666666666667,63.416666666666664,72.125,63.666666666666664,67.45833333333333,58.708333333333336,87.04166666666667,63.25,82.45833333333333,68.875,85.08333333333333,68.25,67.29166666666667,79.625,69.125,66
2011-02-03T00:00:00Z,44.125,56.583333333333336,48.083333333333336,44.208333333333336,49.75,44.083333333333336,43.833333333333336,59.875,42.125,43.666666666666664,59.083333333333336,48.833333333333336,49.625,46.916666666666664,57.875,46.333333333333336,49.083333333333336,61.041666666666664,50.208333333333336,57.166666666666664,45.166666666666664,43.916666666666664,52.75,43.708333333333336
2011-02-04T00:00:00Z,76.16666666666667,93.20833333333333,88.58333333333333,95.75,70.41666666666667,88.95833333333333,94.79166666666667,81.54166666666667,94,76.375,95.125,94.75,86.20833333333333,77.45833333333333,81.91666666666667,89.91666666666667,91.625,95.66666666666667,84.29166666666667,90.45833333333333,71.20833333333333,93.33333333333333,59.5,95.5
2011-02-05T00:00:00Z,91.375,74.25,86.5,96.58333333333333,92.70833333333333,91.66666666666667,98.20833333333333,83.70833333333333,96.625,88.5,84.125,94.625,88.79166666666667,93.70833333333333,90.5,95.66666666666667,94.70833333333333,90.79166666666667,90.375,93.08333333333333,88.83333333333333,61.583333333333336,88.125,99.75
2011-02-06T00:00:00Z,75.375,66.83333333333333,69.66666666666667,81.125,75.125,76.25,79.95833333333333,70.33333333333333,78.16666666666667,66.33333333333333,69.75,77.45833333333333,68.66666666666667,64.16666666666667,74.95833333333333,78.20833333333333,83.45833333333333,79.79166666666667,79.16666666666667,77.83333333333333,71.29166666666667,85.83333333333333,67.83333333333333,78.70833333333333
2011-02-07T00:00:00Z,85.91666666666667,78.41666666666667,74.08333333333333,94.95833333333333,90.04166666666667,91.91666666666667,95.66666666666667,77.41666666666667,92.04166666666667,68.91666666666667,77.91666666666667,79.375,80.29166666666667,72.79166666666667,85.83333333333333,79.66666666666667,90.125,83.66666666666667,86.625,91,76.70833333333333,97.375,84,92.29166666666667
2011-02-08T00:00:00Z,53.333333333333336,60.583333333333336,52.125,65.125,66.04166666666667,62.208333333333336,63.791666666666664,66.20833333333333,60.458333333333336,47.416666666666664,51.5,57.208333333333336,50.625,47.625,70,54.291666666666664,66.83333333333333,53.583333333333336,63.833333333333336,51.541666666666664,47.375,66.58333333333333,61,61.916666666666664
2011-02-09T00:00:00Z,54.125,58.5,42.333333333333336,59.708333333333336,59.5,66.54166666666667,64.41666666666667,61.916666666666664,53.916666666666664,43.25,44,43.916666666666664,48.666666666666664,45.875,58.5,46.5,70,51.25,68.08333333333333,59.5,49.833333333333336,68.33333333333333,53.375,57.791666666666664
2011-02-10T00:00:00Z,75.375,60.791666666666664,50.125,82.16666666666667,75.79166666666667,86.25,83.29166666666667,51.041666666666664,79.45833333333333,50.583333333333336,52.916666666666664,57.625,54.916666666666664,54.416666666666664,70.70833333333333,54.916666666666664,85.20833333333333,63,83.75,55.083333333333336,42.333333333333336,91.125,68.5,82.79166666666667
2011-02-11T00:00:00Z,67.83333333333333,59.333333333333336,58,70.79166666666667,74.91666666666667,85.16666666666667,76.45833333333333,49.833333333333336,70.58333333333333,51.875,54.916666666666664,65.125,49.75,57.75,73.54166666666667,62.791666666666664,82.95833333333333,68.375,82.875,55.666666666666664,42.291666666666664,91.20833333333333,65.66666666666667,75.04166666666667
2011-02-12T00:00:00Z,53.666666666666664,39.208333333333336,40.25,56.375,58.25,59.125,55,41.041666666666664,49.583333333333336,36.666666666666664,44.833333333333336,47.833333333333336,30.25,38.583333333333336,65.83333333333333,46.666666666666664,63.375,47.916666666666664,67.16666666666667,33.708333333333336,32.25,61.541666666666664,51.083333333333336,56.5
2011-02-13T00:00:00Z,46.791666666666664,45.958333333333336,42.291666666666664,56.875,56.916666666666664,59.458333333333336,53.958333333333336,39.333333333333336,50.625,40.875,42.583333333333336,45.875,36.791666666666664,37.791666666666664,66.5,41.875,65.58333333333333,50.291666666666664,66.33333333333333,41.666666666666664,38.75,65.29166666666667,45.958333333333336,55.208333333333336
2011-02-14T00:00:00Z,32.083333333333336,38.916666666666664,29.166666666666668,37.041666666666664,47.25,43.916666666666664,39.208333333333336,33.541666666666664,39.166666666666664,32.75,29.25,31.875,28.166666666666668,32.666666666666664,63.208333333333336,35.083333333333336,51.791666666666664,34.416666666666664,69.33333333333333,28.291666666666668,36.708333333333336,45.5,34.708333333333336,37.208333333333336
2011-02-15T00:00:00Z,39.375,45.541666666666664,34.125,43.916666666666664,44.041666666666664,48.041666666666664,44.666666666666664,41.666666666666664,41.541666666666664,39.041666666666664,36.916666666666664,40.583333333333336,36.958333333333336,35.25,52.416666666666664,43.666666666666664,48.25,45.5,49.416666666666664,41.375,35.791666666666664,43.416666666666664,48.958333333333336,43.791666666666664
2011-02-16T00:00:00Z,59.041666666666664,55.25,52.791666666666664,73.75,62,71.66666666666667,70.41666666666667,41.833333333333336,65.95833333333333,46.833333333333336,51.958333333333336,53.083333333333336,51.916666666666664,45,68,51.5,79.41666666666667,63.083333333333336,78.66666666666667,56.875,47.791666666666664,74.66666666666667,54.208333333333336,66.625
2011-02-17T00:00:00Z,73.83333333333333,72.5,66.5,78.375,75.125,74.29166666666667,77.25,64.79166666666667,74.83333333333333,66.16666666666667,74.125,68.95833333333333,66.04166666666667,71.79166666666667,79,73.41666666666667,78.33333333333333,76.5,80.25,69.75,66.08333333333333,80.125,70.79166666666667,77.04166666666667
2011-02-18T00:00:00Z,66.875,66.75,56.75,66.83333333333333,67.58333333333333,67.33333333333333,67.45833333333333,62.333333333333336,69.66666666666667,57.083333333333336,58.041666666666664,58.916666666666664,57.75,62.541666666666664,79.45833333333333,64.08333333333333,70.33333333333333,58.541666666666664,86.75,58.416666666666664,63.625,70.95833333333333,61.625,68.625
2011-02-19T00:00:00Z,24.416666666666668,28.416666666666668,22.541666666666668,35.625,29.75,32.833333333333336,30.833333333333332,14.291666666666666,27.125,18.625,23.125,21.625,21.083333333333332,18.416666666666668,52.125,21.5,36.083333333333336,29.375,41.75,17.833333333333332,18.791666666666668,34.583333333333336,20.541666666666668,26.083333333333332
2011-02-20T00:00:00Z,20.166666666666668,31.333333333333332,19.916666666666668,28.666666666666668,37.583333333333336,30.5,28.041666666666668,20.333333333333332,24,17.708333333333332,21.125,24.5,23.458333333333332,15.958333333333334,43.125,20.583333333333332,34.041666666666664,36.458333333333336,37.458333333333336,27.583333333333332,13.833333333333334,33.5,32.5,27.458333333333332
2011-02-21T00:00:00Z,51.291666666666664,47.166666666666664,53.208333333333336,60.5,62.208333333333336,59.416666666666664,56.791666666666664,50.625,53,46.333333333333336,52.458333333333336,51.041666666666664,41.458333333333336,45.333333333333336,73.375,49.291666666666664,67.04166666666667,49.875,80.79166666666667,43.916666666666664,38.25,64.5,59.125,50.666666666666664
2011-02-22T00:00:00Z,75.875,63.416666666666664,52.791666666666664,67.41666666666667,79.25,74.875,65.79166666666667,67.5,70.375,68.58333333333333,44.708333333333336,71.04166666666667,49.791666666666664,79.08333333333333,80,76.91666666666667,71.95833333333333,53.125,80.66666666666667,45.875,60.541666666666664,73.66666666666667,77.25,71.41666666666667
2011-02-23T00:00:00Z,60.291666666666664,66.58333333333333,58.291666666666664,64.29166666666667,68.70833333333333,65.66666666666667,63.166666666666664,77.375,62.291666666666664,62.416666666666664,63,67,64.25,64.95833333333333,69.91666666666667,71,65.25,70,69.66666666666667,69.875,66.83333333333333,64.45833333333333,60.208333333333336,63
2011-02-24T00:00:00Z,63,70.79166666666667,67.58333333333333,75.95833333333333,65.75,68.5,75.04166666666667,91.08333333333333,67.875,81.54166666666667,66.70833333333333,85.58333333333333,87,75.33333333333333,67.33333333333333,82.16666666666667,76.29166666666667,88.125,71.95833333333333,96.25,88.75,69.16666666666667,62.75,65.54166666666667
2011-02-25T00:00:00Z,60,67.125,58.666666666666664,69.66666666666667,64.58333333333333,68.08333333333333,67.95833333333333,71.95833333333333,66,63.583333333333336,61.791666666666664,64.41666666666667,62.875,62.875,77.54166666666667,63.375,79.125,64.95833333333333,81.125,71.375,67.83333333333333,72.79166666666667,64.33333333333333,67.41666666666667
2011-02-26T00:00:00Z,64.625,63.25,52.416666666666664,66.08333333333333,68.16666666666667,68.70833333333333,65.5,68.125,61.083333333333336,54.791666666666664,56.666666666666664,56.375,63.708333333333336,56.708333333333336,68.54166666666667,58.666666666666664,71.33333333333333,61.875,71.95833333333333,72.20833333333333,62.25,69.66666666666667,63.125,64.04166666666667
2011-02-27T00:00:00Z,63.958333333333336,58.208333333333336,52.5,69.45833333333333,70.54166666666667,70.95833333333333,67.83333333333333,65.66666666666667,64.33333333333333,57.791666666666664,56.125,46.875,56.583333333333336,58.541666666666664,85.75,57.333333333333336,70.625,48.041666666666664,94.08333333333333,74.125,74.54166666666667,74.5,71.33333333333333,65.16666666666667
2011-02-28T00:00:00Z,66.33333333333333,79.625,68.83333333333333,71.29166666666667,72.16666666666667,74.29166666666667,68.29166666666667,82.54166666666667,68,73.95833333333333,74.66666666666667,71.5,78.08333333333333,68.91666666666667,85.79166666666667,68.20833333333333,78.29166666666667,73.29166666666667,92.33333333333333,70.95833333333333,80.83333333333333,76.91666666666667,68.58333333333333,67.79166666666667
2011-03-01T00:00:00Z,53.791666666666664,55.583333333333336,45.75,59.333333333333336,62.708333333333336,61.583333333333336,57.208333333333336,51.083333333333336,59.125,46,52.75,47.166666666666664,52.416666666666664,46.583333333333336,69.29166666666667,49.458333333333336,64.45833333333333,59.041666666666664,68.125,58.291666666666664,45.166666666666664,59.791666666666664,64.5,57.333333333333336
2011-03-02T00:00:00Z,60.541666666666664,57.25,43.5,60.208333333333336,61.833333333333336,65.29166666666667,58.916666666666664,41.75,58.375,41.333333333333336,51.791666666666664,52.083333333333336,53.5,45.375,69.125,52.833333333333336,69.16666666666667,62.833333333333336,79.95833333333333,61.916666666666664,45.125,69.83333333333333,53.583333333333336,63.375
2011-03-03T00:00:00Z,38.416666666666664,52.5,31.416666666666668,49.625,52.666666666666664,54.583333333333336,43.833333333333336,43.833333333333336,45.041666666666664,33.416666666666664,39.041666666666664,34.25,41.458333333333336,35.125,56.333333333333336,35.583333333333336,58.5,43.291666666666664,59.708333333333336,50.083333333333336,30.041666666666668,53.333333333333336,51.958333333333336,53.791666666666664
2011-03-04T00:00:00Z,68.79166666666667,57.5,49.916666666666664,67.83333333333333,72.66666666666667,74.58333333333333,65.83333333333333,53.125,64.66666666666667,54.958333333333336,44.208333333333336,61.083333333333336,49.25,59.916666666666664,68.91666666666667,63.25,73.04166666666667,55.416666666666664,78.08333333333333,54.125,46.708333333333336,73.375,71.04166666666667,75.75
2011-03-05T00:00:00Z,73.70833333333333,88.91666666666667,81.66666666666667,76.83333333333333,78.45833333333333,78.29166666666667,78.79166666666667,92.08333333333333,76.29166666666667,67.95833333333333,88.875,72.45833333333333,89.41666666666667,69.70833333333333,67.625,71.875,83.66666666666667,90.41666666666667,70.16666666666667,95.29166666666667,84.5,84,70.95833333333333,77.375
2011-03-06T00:00:00Z,88.79166666666667,89.41666666666667,81.33333333333333,88.29166666666667,87.79166666666667,88,90,91.95833333333333,90.29166666666667,83.70833333333333,82.33333333333333,89.125,86.04166666666667,87.625,81,88.58333333333333,87.04166666666667,85,90.75,86.25,82.95833333333333,90,87,97.125
2011-03-07T00:00:00Z,68.04166666666667,55.625,49.458333333333336,63.583333333333336,60.416666666666664,67.16666666666667,64.41666666666667,53.666666666666664,64.04166666666667,51.166666666666664,51.375,57.583333333333336,50.833333333333336,53.583333333333336,64.125,60.625,67.54166666666667,62.083333333333336,67.5,59,44.458333333333336,68.33333333333333,59.75,66.20833333333333
2011-03-08T00:00:00Z,65.41666666666667,58.375,41.125,66.83333333333333,69.29166666666667,67.95833333333333,64.33333333333333,46,60.75,41.458333333333336,47.708333333333336,41.875,54.916666666666664,52.25,67.29166666666667,50.833333333333336,73.58333333333333,60.291666666666664,71.45833333333333,58.291666666666664,39.291666666666664,71.16666666666667,67.25,68.91666666666667
2011-03-09T00:00:00Z,80.91666666666667,90.29166666666667,77.08333333333333,74.5,83.29166666666667,75.45833333333333,74.54166666666667,90.79166666666667,76.75,79.29166666666667,82.66666666666667,82,86.08333333333333,83.33333333333333,68.25,82.125,75.58333333333333,82.45833333333333,71.875,91,80.70833333333333,76.79166666666667,80.04166666666667,79.04166666666667
2011-03-10T00:00:00Z,86.25,82.20833333333333,77.5,87.08333333333333,85.45833333333333,83.29166666666667,88.20833333333333,88.20833333333333,89.125,86.83333333333333,71.875,92,80.58333333333333,89.08333333333333,76,90.41666666666667,83.83333333333333,77.75,80.25,78.58333333333333,81.79166666666667,88.45833333333333,87.875,92.33333333333333
2011-03-11T00:00:00Z,71.08333333333333,65.625,52.833333333333336,62.25,66.29166666666667,66.125,62.416666666666664,71.25,64.5,55.333333333333336,55.333333333333336,55.916666666666664,53.875,60.416666666666664,59.041666666666664,60.875,63.583333333333336,52.958333333333336,61.375,56.666666666666664,53.583333333333336,68.75,63.291666666666664,65.41666666666667
2011-03-12T00:00:00Z,51.541666666666664,53.083333333333336,48.958333333333336,63.166666666666664,56.083333333333336,55.041666666666664,58.958333333333336,40.208333333333336,49.5,46.166666666666664,45.5,48.791666666666664,41.5,49.208333333333336,54.208333333333336,49.541666666666664,62.958333333333336,52.291666666666664,61.625,49.25,50.291666666666664,62.75,48.25,47.125
2011-03-13T00:00:00Z,47.04347826086956,55.65217391304348,40.391304347826086,51.47826086956522,51.91304347826087,52.65217391304348,51.30434782608695,43.43478260869565,51.52173913043478,40.30434782608695,42.34782608695652,45.43478260869565,39.78260869565217,44.04347826086956,68.34782608695652,44.78260869565217,54.21739130434783,52.91304347826087,71.95652173913044,37.130434782608695,32.82608695652174,54.65217391304348,54.04347826086956,50.52173913043478
2011-03-14T00:00:00Z,61.166666666666664,65.08333333333333,44.75,71.25,64,64.83333333333333,63.041666666666664,55.333333333333336,58.958333333333336,49.791666666666664,55.958333333333336,47.291666666666664,57.375,53.208333333333336,68.66666666666667,54.125,73.79166666666667,57.541666666666664,68.58333333333333,61.958333333333336,50.083333333333336,66.95833333333333,61.333333333333336,56.25
2011-03-15T00:00:00Z,75,85.41666666666667,74.41666666666667,75.16666666666667,75.41666666666667,76.5,72.45833333333333,93,72.29166666666667,67,81.16666666666667,73.54166666666667,81.70833333333333,68,74.41666666666667,70.375,79.41666666666667,78.20833333333333,79.04166666666667,85.20833333333333,72.875,77.45833333333333,69.66666666666667,72.5
2011-03-16T00:00:00Z,79.20833333333333,81.04166666666667,72.70833333333333,79,88.20833333333333,81.91666666666667,82,79.70833333333333,83.625,69.79166666666667,75.04166666666667,81.16666666666667,76.29166666666667,74.70833333333333,81.41666666666667,80.375,69.79166666666667,73.875,81.79166666666667,81.29166666666667,67.875,76.25,83.5,91.83333333333333
2011-03-17T00:00:00Z,64.58333333333333,68.20833333333333,62.75,65.16666666666667,70.04166666666667,70.375,62.333333333333336,62.375,60.125,51.625,60.958333333333336,62.166666666666664,62.083333333333336,53.958333333333336,70.41666666666667,58.625,63.958333333333336,65.45833333333333,73.66666666666667,69.625,53.875,64.91666666666667,62.458333333333336,64.79166666666667
2011-03-18T00:00:00Z,58.75,58.583333333333336,47.208333333333336,58.666666666666664,60.791666666666664,58.5,56.083333333333336,49.666666666666664,54.833333333333336,47.625,49.5,46.958333333333336,50.583333333333336,50.5,74.45833333333333,52.375,61.583333333333336,55.041666666666664,76.625,54.75,52,58.583333333333336,56.416666666666664,53.416666666666664
2011-03-19T00:00:00Z,49.25,55.583333333333336,45,56.5,58.208333333333336,59.083333333333336,51.833333333333336,46.041666666666664,49.5,38,54.791666666666664,45,45.208333333333336,44.25,61.416666666666664,45.041666666666664,60.708333333333336,51.541666666666664,61.458333333333336,46.583333333333336,39.375,58.166666666666664,56.833333333333336,48.541666666666664
2011-03-20T00:00:00Z,62.958333333333336,44.875,40.041666666666664,53.416666666666664,63.541666666666664,65,54.75,52.833333333333336,60.291666666666664,46.916666666666664,42.083333333333336,47.708333333333336,43.583333333333336,59.416666666666664,63.75,55.583333333333336,60.083333333333336,41.916666666666664,58.666666666666664,47,38.583333333333336,57.458333333333336,68,61
2011-03-21T00:00:00Z,67.04166666666667,57.666666666666664,61.125,66.70833333333333,71.08333333333333,68.70833333333333,62.625,59.083333333333336,62.25,60.75,57.166666666666664,63.833333333333336,59,59.125,73.58333333333333,60.958333333333336,69.91666666666667,59.833333333333336,76.5,58.416666666666664,54.916666666666664,68.91666666666667,68.45833333333333,60.958333333333336
2011-03-22T00:00:00Z,66.54166666666667,52.416666666666664,50,58.958333333333336,72.125,68.29166666666667,56.833333333333336,49.5,62.125,50.875,44.458333333333336,52.708333333333336,49.625,48.208333333333336,74.04166666666667,50.708333333333336,59.916666666666664,52.666666666666664,75.375,52.041666666666664,50.708333333333336,63.5,74.70833333333333,59.5
2011-03-23T00:00:00Z,74.16666666666667,56.5,44.916666666666664,44.166666666666664,76.41666666666667,63.916666666666664,45.125,57.375,64.20833333333333,62.041666666666664,49.166666666666664,46.208333333333336,55.375,70.70833333333333,76.375,66.33333333333333,57.583333333333336,47.75,78.20833333333333,57.666666666666664,57.833333333333336,57.083333333333336,73,65.25
2011-03-24T00:00:00Z,74.375,61.041666666666664,54.125,53.125,85.16666666666667,69.625,56.25,74.95833333333333,66.25,59.333333333333336,51.875,64.91666666666667,51.25,62.5,74.29166666666667,62.625,62,53.083333333333336,66.66666666666667,48.833333333333336,61.416666666666664,62.375,83.5,71.125
2011-03-25T00:00:00Z,56.875,63.25,53.083333333333336,67.29166666666667,62.458333333333336,70.58333333333333,65.08333333333333,63,64.45833333333333,54.791666666666664,54,55,59.458333333333336,57,58.791666666666664,64.375,74.25,63.375,67.375,61.208333333333336,56.291666666666664,71.20833333333333,56.541666666666664,58.916666666666664
2011-03-26T00:00:00Z,83.83333333333333,83.91666666666667,76.20833333333333,91.70833333333333,71.75,79.70833333333333,94.75,85.375,84.45833333333333,65.83333333333333,84.45833333333333,66.04166666666667,69.91666666666667,71.25,71.08333333333333,71.66666666666667,83.875,70.16666666666667,75.70833333333333,72.58333333333333,65.625,83.70833333333333,63.625,82.20833333333333
2011-03-27T00:00:00Z,85.75,96,87.91666666666667,96.70833333333333,84.16666666666667,90.08333333333333,96.66666666666667,96.79166666666667,88.91666666666667,88.5,89.16666666666667,94.58333333333333,86,88.125,80.58333333333333,88.95833333333333,94.04166666666667,89.375,88.20833333333333,90.41666666666667,83.91666666666667,95.25,76.70833333333333,95.16666666666667
2011-03-28T00:00:00Z,78.33333333333333,89.375,81.625,90.83333333333333,75.75,80.08333333333333,89.70833333333333,94.54166666666667,79.66666666666667,81.83333333333333,84.41666666666667,86.33333333333333,84.625,77.33333333333333,66.75,85.83333333333333,87.125,86.75,83.66666666666667,89.54166666666667,85.875,86.79166666666667,66.45833333333333,82.95833333333333
2011-03-29T00:00:00Z,61.208333333333336,84.95833333333333,67.75,70.29166666666667,65.91666666666667,66.5,68.25,71.91666666666667,66.29166666666667,54.916666666666664,72.20833333333333,67.75,72.875,64.45833333333333,51.166666666666664,71.33333333333333,64,70.91666666666667,60.916666666666664,79,64.29166666666667,69.41666666666667,54.375,65.875
2011-03-30T00:00:00Z,87.58333333333333,94.25,87.45833333333333,90.29166666666667,82.70833333333333,86.25,90.66666666666667,89.79166666666667,79.91666666666667,88.04166666666667,93.45833333333333,86.29166666666667,92.125,89.875,69.45833333333333,90.625,90,92,82.5,96.75,83.75,88.91666666666667,74.83333333333333,89.20833333333333
2011-03-31T00:00:00Z,90.25,93.33333333333333,91.58333333333333,94.875,94.375,95.20833333333333,97.125,92.91666666666667,96.25,89.66666666666667,93.375,90.08333333333333,92.08333333333333,94.66666666666667,86.70833333333333,91.875,92.54166666666667,92.79166666666667,92.58333333333333,98.83333333333333,86.16666666666667,95.375,94.04166666666667,99.75
2011-04-01T00:00:00Z,76.20833333333333,61.375,61.291666666666664,74.29166666666667,78.54166666666667,71.41666666666667,71.16666666666667,69.91666666666667,68.79166666666667,57.333333333333336,57.333333333333336,63.708333333333336,58.25,65.29166666666667,70.79166666666667,65.45833333333333,72.83333333333333,67.16666666666667,70.58333333333333,63.791666666666664,57.75,75.08333333333333,71.66666666666667,75.5
2011-04-02T00:00:00Z,51.958333333333336,41.916666666666664,46.625,57.5,57.916666666666664,47.75,54.625,53.416666666666664,46.916666666666664,48.625,42.666666666666664,49.791666666666664,45.916666666666664,52.041666666666664,54.583333333333336,49.041666666666664,54.541666666666664,51.75,47.458333333333336,44.5,55.666666666666664,51.041666666666664,60.333333333333336,47.75
2011-04-03T00:00:00Z,46.041666666666664,42.625,43.291666666666664,53.458333333333336,53.208333333333336,46.916666666666664,51.375,31.416666666666668,48.75,44,35.791666666666664,44.75,34.791666666666664,45.041666666666664,52.416666666666664,48.291666666666664,54.083333333333336,50.291666666666664,57.875,37.25,40.916666666666664,56.208333333333336,50.416666666666664,48.291666666666664
2011-04-04T00:00:00Z,51.333333333333336,43.541666666666664,44.25,65.83333333333333,64.875,69.125,61.583333333333336,44.25,58.5,38.791666666666664,46.083333333333336,38.75,41.583333333333336,37.375,74.04166666666667,40.958333333333336,70.5,40.583333333333336,80.75,36.875,40.958333333333336,72.45833333333333,54.375,54.791666666666664
2011-04-05T00:00:00Z,61.625,58.291666666666664,54.5,64.91666666666667,76.875,69.95833333333333,63.166666666666664,63.666666666666664,65.91666666666667,58,52.958333333333336,62.583333333333336,57.291666666666664,56.583333333333336,78.125,61.208333333333336,69.625,53.791666666666664,71.70833333333333,60.041666666666664,62.25,71.25,74.58333333333333,63.458333333333336
2011-04-06T00:00:00Z,50.041666666666664,46.541666666666664,44.291666666666664,54.791666666666664,52.083333333333336,52.583333333333336,48.208333333333336,37,42.916666666666664,45.75,46.375,52.791666666666664,39.625,44.208333333333336,45.916666666666664,50.166666666666664,54.208333333333336,51.916666666666664,49.583333333333336,49,44.958333333333336,53.5,43.25,49.291666666666664
2011-04-07T00:00:00Z,49.666666666666664,45.958333333333336,47.791666666666664,59.375,56,58.291666666666664,56.375,35.166666666666664,53.458333333333336,41.958333333333336,42.208333333333336,44.708333333333336,41.125,42.75,67.16666666666667,46.875,60,41.875,69.29166666666667,44.666666666666664,45.083333333333336,60.041666666666664,55.166666666666664,53.541666666666664
2011-04-08T00:00:00Z,75.20833333333333,63,61.375,68.875,79.33333333333333,74.5,66.20833333333333,56.083333333333336,64.54166666666667,57.208333333333336,64.79166666666667,61.208333333333336,60.166666666666664,72.95833333333333,75.66666666666667,65.29166666666667,70.875,66.41666666666667,81.125,57.25,55.916666666666664,73.33333333333333,87,69.20833333333333
2011-04-09T00:00:00Z,84.29166666666667,74.33333333333333,79.125,84.04166666666667,85.33333333333333,84.875,84.125,77.54166666666667,90.25,91.45833333333333,72.83333333333333,96,81.20833333333333,91.33333333333333,81.375,92.875,84.875,82.45833333333333,80.29166666666667,81.04166666666667,87,88.04166666666667,86.875,92
2011-04-10T00:00:00Z,88.95833333333333,76.29166666666667,84.625,85.75,83.33333333333333,87.16666666666667,83.375,78.625,90.29166666666667,84.54166666666667,78.20833333333333,88.54166666666667,86.45833333333333,87.5,80.83333333333333,88.16666666666667,84.29166666666667,85.29166666666667,85,86.08333333333333,82.33333333333333,86.625,83.25,94.83333333333333
2011-04-11T00:00:00Z,78.20833333333333,68.16666666666667,69.04166666666667,79.25,81.25,83.70833333333333,78.20833333333333,64.125,80.375,68.16666666666667,69.41666666666667,70.75,68.625,76.79166666666667,81.625,74,82.54166666666667,65.45833333333333,90.375,68.5,67.375,88.66666666666667,73.125,80
2011-04-12T00:00:00Z,70.95833333333333,72.875,60.375,74.16666666666667,68.91666666666667,74.95833333333333,71.79166666666667,77.20833333333333,75.625,67.66666666666667,64.58333333333333,64.58333333333333,66.83333333333333,66.375,75.83333333333333,69.5,78.75,61.916666666666664,81.875,63.208333333333336,74,80.16666666666667,63.75,74.70833333333333
2011-04-13T00:00:00Z,71.70833333333333,53.916666666666664,53.083333333333336,60.958333333333336,70.91666666666667,69.5,60.166666666666664,57.041666666666664,62.375,54.5,47.916666666666664,57.833333333333336,52.291666666666664,57.625,66.375,59.625,62.291666666666664,56.291666666666664,72.04166666666667,55.416666666666664,50.375,69.70833333333333,73.75,67.5
2011-04-14T00:00:00Z,60.083333333333336,58.25,48.583333333333336,65.41666666666667,67.79166666666667,66.54166666666667,59.875,48.708333333333336,55.916666666666664,49.125,45.583333333333336,57.5,55.375,52.666666666666664,55.375,60.541666666666664,69.04166666666667,60.791666666666664,66.70833333333333,63.541666666666664,48.708333333333336,66.66666666666667,63.708333333333336,60.208333333333336
2011-04-15T00:00:00Z,72,72.125,60.041666666666664,69.125,77.375,71.04166666666667,65.5,64.125,66.45833333333333,52.291666666666664,63.541666666666664,58.541666666666664,64.66666666666667,57.625,67.58333333333333,59.5,71.54166666666667,63.791666666666664,67.25,65.29166666666667,47.791666666666664,65.20833333333333,81.29166666666667,68.79166666666667
2011-04-16T00:00:00Z,79.375,66.91666666666667,68.375,81.75,73.625,71.5,79.41666666666667,75.91666666666667,78.125,66.54166666666667,68.5,67.33333333333333,55.458333333333336,73.20833333333333,68.5,69.70833333333333,75.83333333333333,65,71.58333333333333,67.08333333333333,65.5,77.625,77.5,76.08333333333333
2011-04-17T00:00:00Z,52.083333333333336,49.041666666666664,53.125,58.208333333333336,52.5,57.916666666666664,51.833333333333336,48.375,52.833333333333336,45.625,50.708333333333336,45.583333333333336,43.5,46.666666666666664,53.125,50.416666666666664,55.875,50.5,59.541666666666664,43.75,40.833333333333336,61,45.25,48.166666666666664
2011-04-18T00:00:00Z,48.416666666666664,54.75,48.375,66.41666666666667,49.916666666666664,63.625,61.416666666666664,37.416666666666664,53.75,41.25,50.75,39.958333333333336,47.166666666666664,44.708333333333336,70.79166666666667,46.666666666666664,68.33333333333333,51.791666666666664,68.20833333333333,56.875,45.583333333333336,69.16666666666667,39.958333333333336,49.375
2011-04-19T00:00:00Z,62.166666666666664,52.75,56.5,74.875,65.29166666666667,71.58333333333333,75.08333333333333,42.958333333333336,67.16666666666667,48.583333333333336,50.333333333333336,51.208333333333336,44.875,53.166666666666664,77.375,55,74.45833333333333,52.333333333333336,78.70833333333333,51.833333333333336,50.458333333333336,79.08333333333333,57.791666666666664,65.33333333333333
2011-04-20T00:00:00Z,66.625,58.875,66,69.16666666666667,69.41666666666667,73.95833333333333,68.66666666666667,48.666666666666664,69.375,60.25,59.708333333333336,64.70833333333333,54.541666666666664,62.708333333333336,79,64,73.04166666666667,62.5,82.5,54.125,54.583333333333336,74.125,59.541666666666664,66.125
2011-04-21T00:00:00Z,68.25,75.375,62.041666666666664,75.375,64.04166666666667,73.54166666666667,71.45833333333333,49.666666666666664,81.375,51.333333333333336,70.33333333333333,65.875,58.458333333333336,58.583333333333336,66.25,60.333333333333336,73.04166666666667,67.25,70.70833333333333,57.875,42.791666666666664,74.83333333333333,58.041666666666664,80.95833333333333
2011-04-22T00:00:00Z,77.875,93.25,85,81.79166666666667,67.79166666666667,74,82.125,90.29166666666667,83.20833333333333,82.375,87.875,90.08333333333333,90.33333333333333,81.54166666666667,55.291666666666664,83.70833333333333,75.5,90.33333333333333,61.416666666666664,91.70833333333333,78.04166666666667,72.95833333333333,74.16666666666667,78.33333333333333
2011-04-23T00:00:00Z,84.54166666666667,75.75,79.66666666666667,81.66666666666667,84.29166666666667,86.70833333333333,80.5,83.58333333333333,85.70833333333333,80.91666666666667,82.41666666666667,85.5,82.83333333333333,85.58333333333333,73.79166666666667,87.29166666666667,81.16666666666667,78.70833333333333,80.5,92.79166666666667,85.45833333333333,82.91666666666667,75.08333333333333,78.91666666666667
2011-04-24T00:00:00Z,71.25,65.79166666666667,66.625,82.375,73.54166666666667,81.08333333333333,82.70833333333333,52.291666666666664,80.08333333333333,62.333333333333336,67.375,67.54166666666667,66.125,69.16666666666667,79.33333333333333,73,78.70833333333333,65.45833333333333,84.20833333333333,68.20833333333333,65.75,84.58333333333333,66.5,75.29166666666667
2011-04-25T00:00:00Z,72.91666666666667,74.08333333333333,70.70833333333333,77.58333333333333,73.91666666666667,79.20833333333333,76,64.41666666666667,76.45833333333333,67,76.375,71.41666666666667,70.58333333333333,70.66666666666667,77.625,71.58333333333333,77.5,73,80.08333333333333,69.54166666666667,68.25,82.5,67.375,75.54166666666667
2011-04-26T00:00:00Z,84.54166666666667,73.95833333333333,74.66666666666667,92.75,83.375,86.04166666666667,93.5,76.875,92.54166666666667,72.54166666666667,77.58333333333333,78.66666666666667,77.875,79.08333333333333,82.5,81.70833333333333,85.04166666666667,73.625,85.33333333333333,75.66666666666667,76.75,88.79166666666667,81.375,87.75
2011-04-27T00:00:00Z,81.70833333333333,77.16666666666667,74.625,86.70833333333333,78.29166666666667,83.125,84.45833333333333,80.08333333333333,86.04166666666667,75.95833333333333,71.25,78.375,75.95833333333333,81.70833333333333,81.29166666666667,80.16666666666667,81.125,73.25,83.79166666666667,75.79166666666667,78.25,83.83333333333333,76.125,83.70833333333333
2011-04-28T00:00:00Z,81.25,70.375,66.91666666666667,82.91666666666667,78.91666666666667,84.33333333333333,83.375,62.083333333333336,86.375,62.5,60.833333333333336,67.04166666666667,61.875,68.5,80.16666666666667,72.16666666666667,81.70833333333333,57.833333333333336,85.54166666666667,61.666666666666664,62.583333333333336,87.875,75.91666666666667,82.70833333333333
2011-04-29T00:00:00Z,59.791666666666664,53.958333333333336,52.333333333333336,59.791666666666664,59.333333333333336,58.833333333333336,55.541666666666664,46.666666666666664,59.583333333333336,46.583333333333336,48.208333333333336,51.875,44.041666666666664,47.833333333333336,52.541666666666664,53.083333333333336,52.916666666666664,49.208333333333336,58.5,55,41.958333333333336,60.208333333333336,50.541666666666664,58.166666666666664
2011-04-30T00:00:00Z,59.291666666666664,62.666666666666664,55.166666666666664,66.625,58.125,64.20833333333333,60,55.416666666666664,59.541666666666664,52.5,55.791666666666664,60.583333333333336,58.125,59.583333333333336,56.458333333333336,58.333333333333336,69.33333333333333,64.20833333333333,62.625,67.5,56,69.25,55.708333333333336,58.583333333333336
2011-05-01T00:00:00Z,68.20833333333333,70.58333333333333,62.083333333333336,76.91666666666667,60.958333333333336,67.29166666666667,75.70833333333333,72.83333333333333,70.83333333333333,63.75,65.20833333333333,70.79166666666667,69.5,67.375,58.666666666666664,72.08333333333333,75.125,70.79166666666667,62.625,74.58333333333333,65,68.41666666666667,61.708333333333336,60.333333333333336
2011-05-02T00:00:00Z,68.41666666666667,71.20833333333333,68.25,73.5,66.5,71.95833333333333,72.16666666666667,71.91666666666667,68.54166666666667,65.75,72.41666666666667,72.5,68.08333333333333,68.25,70,71,74.66666666666667,69.29166666666667,71,71.58333333333333,69,75.66666666666667,58.5,64.625
2011-05-03T00:00:00Z,70.54166666666667,79.375,73.625,75.33333333333333,67.58333333333333,72.04166666666667,73.625,73.66666666666667,73.29166666666667,71.66666666666667,75.45833333333333,73.75,76.95833333333333,66.33333333333333,77.04166666666667,69.08333333333333,72.41666666666667,73.91666666666667,73.625,79.54166666666667,75.875,75.75,60.291666666666664,71.45833333333333
2011-05-04T00:00:00Z,82.20833333333333,64.20833333333333,62.291666666666664,70.91666666666667,79.54166666666667,79.58333333333333,69.58333333333333,70.79166666666667,80.25,63.916666666666664,58.208333333333336,71.04166666666667,63.375,73.16666666666667,76.45833333333333,71.58333333333333,70.70833333333333,60.916666666666664,74.58333333333333,62.791666666666664,60.541666666666664,73.91666666666667,76.70833333333333,88.41666666666667
2011-05-05T00:00:00Z,62.833333333333336,57.958333333333336,56.125,57.166666666666664,54.458333333333336,59.416666666666664,54.791666666666664,53.583333333333336,55.333333333333336,50.833333333333336,56.583333333333336,63.083333333333336,58.208333333333336,56.208333333333336,51.125,60.666666666666664,59.458333333333336,64.29166666666667,54.791666666666664,60.75,50.083333333333336,58.291666666666664,44.708333333333336,64.08333333333333
2011-05-06T00:00:00Z,71.66666666666667,66.375,68,86.375,63.166666666666664,73.45833333333333,82.33333333333333,59.083333333333336,77.79166666666667,62.958333333333336,62.333333333333336,76.45833333333333,63.25,78.66666666666667,53.833333333333336,75.91666666666667,78.625,73.75,62.083333333333336,72.875,59.375,76.58333333333333,57.791666666666664,70.95833333333333
2011-05-07T00:00:00Z,66.625,68.41666666666667,66.79166666666667,78.16666666666667,64.29166666666667,72.79166666666667,72.04166666666667,53,73.33333333333333,56.583333333333336,58.208333333333336,71.54166666666667,61.5,69.79166666666667,64.54166666666667,71.54166666666667,72.16666666666667,67.45833333333333,69.79166666666667,70.41666666666667,59.125,72.91666666666667,61.625,70.91666666666667
2011-05-08T00:00:00Z,82.54166666666667,65.45833333333333,61.541666666666664,70.5,77.33333333333333,81.54166666666667,70.25,67.70833333333333,82.66666666666667,73.83333333333333,61.666666666666664,69,66.41666666666667,85.04166666666667,75.66666666666667,81.66666666666667,68.79166666666667,72.16666666666667,78.95833333333333,70.04166666666667,77.75,75.54166666666667,75.5,80.16666666666667
2011-05-09T00:00:00Z,65.20833333333333,67.79166666666667,62.875,73.20833333333333,71.91666666666667,68.79166666666667,69.91666666666667,49.916666666666664,70.54166666666667,63.166666666666664,68.54166666666667,70.91666666666667,72.625,72.75,67.375,72.45833333333333,68.875,73.04166666666667,66.125,72.625,65.66666666666667,67.875,71.91666666666667,69
2011-05-10T00:00:00Z,63.375,70.58333333333333,63.458333333333336,83.16666666666667,66.29166666666667,62.916666666666664,75.625,71.58333333333333,64.375,62.958333333333336,69.54166666666667,69.41666666666667,74.04166666666667,66.875,60.916666666666664,64.25,66.45833333333333,72.08333333333333,57.833333333333336,78.16666666666667,66.04166666666667,67,67.33333333333333,61.791666666666664
2011-05-11T00:00:00Z,72.66666666666667,77.25,75.5,77.625,72.375,63.458333333333336,67.20833333333333,79.91666666666667,63.125,70.91666666666667,72.875,72.04166666666667,79.5,68.04166666666667,68,74.70833333333333,61.708333333333336,78.5,62.375,79.33333333333333,78.95833333333333,62.791666666666664,75.54166666666667,63.083333333333336
2011-05-12T00:00:00Z,76.04166666666667,84.33333333333333,79.625,82.29166666666667,67.75,68.375,82.66666666666667,91.08333333333333,86.41666666666667,85.45833333333333,78.79166666666667,88.91666666666667,81.625,81.66666666666667,68.66666666666667,87.66666666666667,73.04166666666667,80.20833333333333,68.625,85.41666666666667,83.20833333333333,73,68.66666666666667,74.5
2011-05-13T00:00:00Z,85.29166666666667,82.625,77.25,86.45833333333333,75.16666666666667,77.125,83.41666666666667,84.29166666666667,87.91666666666667,88.83333333333333,72.91666666666667,91.75,85.79166666666667,86.70833333333333,78.95833333333333,89.33333333333333,83.45833333333333,81.54166666666667,73.125,92.375,88.25,80.91666666666667,72.08333333333333,78.33333333333333
2011-05-14T00:00:00Z,80.75,80,84.29166666666667,86.54166666666667,74.79166666666667,78.29166666666667,87.54166666666667,91,89.5,84.08333333333333,73.79166666666667,90.54166666666667,84.5,87.04166666666667,82.33333333333333,86.25,77.41666666666667,84.91666666666667,79.25,89.75,84.29166666666667,79.79166666666667,78.5,85
2011-05-15T00:00:00Z,81.75,76.04166666666667,78.5,76.95833333333333,72.66666666666667,79.08333333333333,74.70833333333333,73.16666666666667,80.20833333333333,78.45833333333333,68.875,83,70.70833333333333,80.95833333333333,83.41666666666667,74.70833333333333,76.5,74.375,79.25,73.04166666666667,79,81.20833333333333,75.83333333333333,86.45833333333333
2011-05-16T00:00:00Z,70.70833333333333,77.95833333333333,72.33333333333333,71.20833333333333,71.875,67.29166666666667,68.79166666666667,77.375,72.25,73.16666666666667,66.79166666666667,86.66666666666667,69.70833333333333,80.95833333333333,79.79166666666667,74.33333333333333,64.08333333333333,74.25,66.95833333333333,78.54166666666667,70.20833333333333,70.125,74.29166666666667,69.45833333333333
2011-05-17T00:00:00Z,72.95833333333333,86.04166666666667,91.70833333333333,83.125,73.70833333333333,69.41666666666667,80,86.41666666666667,74.66666666666667,88,82.625,95.5,83.875,76.41666666666667,78.20833333333333,82.29166666666667,74.375,92.25,65.25,94,84.08333333333333,72.20833333333333,77.16666666666667,66.70833333333333
2011-05-18T00:00:00Z,73.08333333333333,80.125,78.79166666666667,75.91666666666667,66.58333333333333,66.45833333333333,76.16666666666667,84.66666666666667,69.08333333333333,74.25,72.16666666666667,83.375,78.125,73.95833333333333,75.83333333333333,80.83333333333333,68.91666666666667,79.66666666666667,61.958333333333336,81.33333333333333,79.45833333333333,69.625,81.70833333333333,65.79166666666667
2011-05-19T00:00:00Z,73.45833333333333,72.5,72.91666666666667,71.95833333333333,62.291666666666664,68.91666666666667,68.79166666666667,68.83333333333333,69.33333333333333,64.70833333333333,72.20833333333333,79.25,72.70833333333333,73.95833333333333,62.875,76.33333333333333,66.41666666666667,73.16666666666667,63.25,75.58333333333333,70.20833333333333,72.375,65.20833333333333,69.125
2011-05-20T00:00:00Z,68.33333333333333,75.33333333333333,73.04166666666667,83.33333333333333,68.875,67.95833333333333,73.375,64.83333333333333,67.25,59.583333333333336,68.79166666666667,69.16666666666667,73.125,67.375,66.91666666666667,70.33333333333333,77.41666666666667,70.66666666666667,72.20833333333333,75,67.5,73.29166666666667,65.79166666666667,71.79166666666667
2011-05-21T00:00:00Z,66.41666666666667,71.58333333333333,66.95833333333333,70.5,68.33333333333333,66.95833333333333,66.54166666666667,72.95833333333333,63.458333333333336,57.333333333333336,66.83333333333333,70.33333333333333,70.5,60.833333333333336,66.54166666666667,66.95833333333333,71.625,70.625,69.58333333333333,75.41666666666667,67.08333333333333,69.5,67.625,68.16666666666667
2011-05-22T00:00:00Z,66.04166666666667,75.58333333333333,62.458333333333336,77.5,65.08333333333333,72.58333333333333,73,72.04166666666667,66.16666666666667,60.916666666666664,62.583333333333336,68.16666666666667,72.625,59.291666666666664,61.916666666666664,67.375,79.75,69.125,72.70833333333333,75,70.29166666666667,76.95833333333333,65.91666666666667,64.25
2011-05-23T00:00:00Z,77.70833333333333,76.33333333333333,66.375,81.08333333333333,72.54166666666667,80.16666666666667,79.125,67.41666666666667,79.95833333333333,76.5,57.791666666666664,78.125,80,72.25,70.375,74.625,79.125,75.54166666666667,79.75,85.625,85.45833333333333,82.875,74.41666666666667,79.375
2011-05-24T00:00:00Z,79.625,65.45833333333333,59.083333333333336,69.41666666666667,66.5,66.95833333333333,65.04166666666667,64.75,65.58333333333333,67.875,55.083333333333336,60.958333333333336,67.75,68.95833333333333,77.25,67.08333333333333,67.5,58.958333333333336,83.20833333333333,72.04166666666667,79.29166666666667,67.875,73.5,70.66666666666667
2011-05-25T00:00:00Z,76.04166666666667,64.41666666666667,63.833333333333336,67.875,72.70833333333333,66.04166666666667,60.416666666666664,67.08333333333333,60.166666666666664,65.83333333333333,57.208333333333336,67.70833333333333,68.29166666666667,65.95833333333333,76.79166666666667,67.375,65.04166666666667,65.625,80.66666666666667,72.375,66.20833333333333,71.33333333333333,74.375,67.75
2011-05-26T00:00:00Z,62.5,60.583333333333336,54.166666666666664,74.58333333333333,61.416666666666664,71.58333333333333,68.70833333333333,65.91666666666667,61.083333333333336,53.166666666666664,63.041666666666664,53.708333333333336,61.958333333333336,51.458333333333336,78.5,56.458333333333336,71.75,56.083333333333336,82.33333333333333,67.375,58.75,75.41666666666667,60,56.416666666666664
2011-05-27T00:00:00Z,71.58333333333333,84.79166666666667,86.625,76.95833333333333,66,72.54166666666667,76.29166666666667,88.75,74.16666666666667,77.95833333333333,90.70833333333333,86.375,89.66666666666667,82.04166666666667,72.375,86.5,70.375,88.125,70.79166666666667,93.16666666666667,84.45833333333333,75.5,63.708333333333336,68.08333333333333
2011-05-28T00:00:00Z,79.875,77.25,76.75,81.875,65.83333333333333,82.45833333333333,82.16666666666667,80.66666666666667,90.83333333333333,73.83333333333333,77.83333333333333,79.625,78,81.25,67.5,83.66666666666667,83.29166666666667,77.70833333333333,78.29166666666667,82.04166666666667,77.20833333333333,87.75,72.25,80.79166666666667
2011-05-29T00:00:00Z,77.04166666666667,76.66666666666667,73.45833333333333,76.875,67.91666666666667,78.54166666666667,75.04166666666667,76.08333333333333,80,76.25,74.08333333333333,79.16666666666667,76.5,77.75,67.5,79.29166666666667,81.04166666666667,77.625,72.91666666666667,80.83333333333333,77.5,83.08333333333333,72.29166666666667,75.41666666666667
2011-05-30T00:00:00Z,75.25,70.125,71.45833333333333,75.20833333333333,66.5,74.54166666666667,71.25,68.875,74.625,64.66666666666667,67.33333333333333,72.83333333333333,69.375,72.25,69.20833333333333,74.875,73.16666666666667,71.75,72.41666666666667,75.83333333333333,68.20833333333333,77.25,65.91666666666667,72.70833333333333
2011-05-31T00:00:00Z,67.125,66.04166666666667,64.83333333333333,68.25,68.08333333333333,67.625,63.25,63.583333333333336,67.625,61.333333333333336,62.083333333333336,70.83333333333333,65.33333333333333,69.125,68.91666666666667,71.04166666666667,66.75,67.625,64.125,73.04166666666667,59.666666666666664,71.08333333333333,67.5,63
2011-06-01T00:00:00Z,72.29166666666667,67.66666666666667,68.54166666666667,74.66666666666667,70.16666666666667,74.79166666666667,67.75,62.958333333333336,71.16666666666667,63.291666666666664,64.20833333333333,72.75,66.95833333333333,66,73.83333333333333,73.70833333333333,78.54166666666667,69.83333333333333,76.70833333333333,73.125,64.16666666666667,78.875,68.04166666666667,69.54166666666667
2011-06-02T00:00:00Z,57.041666666666664,76.83333333333333,65.04166666666667,71.70833333333333,57.333333333333336,67.75,61.083333333333336,50.75,55.041666666666664,47.916666666666664,71.41666666666667,66.625,60.25,51,62.625,61.833333333333336,75.75,67.33333333333333,72.25,68.91666666666667,46,76.20833333333333,51.458333333333336,54.083333333333336
2011-06-03T00:00:00Z,47.333333333333336,67.16666666666667,51,65.375,51.166666666666664,57.041666666666664,54.916666666666664,55.083333333333336,48.458333333333336,45.375,63.666666666666664,56.333333333333336,58.125,47.541666666666664,50.791666666666664,49.375,67.875,61.541666666666664,60.666666666666664,68.16666666666667,51.416666666666664,63.208333333333336,48.166666666666664,47.875
2011-06-04T00:00:00Z,57.416666666666664,64.04166666666667,61.291666666666664,66.29166666666667,52.333333333333336,61.208333333333336,62.458333333333336,56.833333333333336,54.708333333333336,53,59.166666666666664,61.291666666666664,65.75,52.083333333333336,43.125,62.333333333333336,65.16666666666667,66.04166666666667,55.208333333333336,74.16666666666667,64.41666666666667,62,55.708333333333336,59.291666666666664
2011-06-05T00:00:00Z,81,62.375,70.20833333333333,70.75,74.08333333333333,73.66666666666667,64.25,57.083333333333336,68.95833333333333,55.291666666666664,63.416666666666664,63.416666666666664,67.70833333333333,68.58333333333333,66.375,65.04166666666667,73.45833333333333,70,66.54166666666667,71.91666666666667,58.166666666666664,68.45833333333333,79.375,73.58333333333333
2011-06-06T00:00:00Z,71.25,69.08333333333333,67.04166666666667,68.66666666666667,70.58333333333333,72.16666666666667,61.125,65.29166666666667,67.625,55.416666666666664,66.875,66.04166666666667,69.625,61.125,62.375,64.25,73.20833333333333,71.04166666666667,67.04166666666667,73.04166666666667,60.958333333333336,74.33333333333333,71,69.20833333333333
2011-06-07T00:00:00Z,69.79166666666667,69.16666666666667,65.5,68.66666666666667,67.54166666666667,70.41666666666667,68.16666666666667,65.08333333333333,68.75,52.708333333333336,61.708333333333336,64.375,69.54166666666667,60.041666666666664,62.125,65.375,71.125,67.875,67.25,72.54166666666667,69.04166666666667,74.79166666666667,66.79166666666667,65.41666666666667
2011-06-08T00:00:00Z,67.79166666666667,72.29166666666667,60.416666666666664,67.16666666666667,64.66666666666667,69.5,64.375,62.75,64.41666666666667,57.875,55.916666666666664,64.25,69.91666666666667,62.375,70.29166666666667,65.70833333333333,67.29166666666667,66.25,69.625,74.66666666666667,69.33333333333333,71.625,65.41666666666667,63
2011-06-09T00:00:00Z,66.08333333333333,74.625,67.16666666666667,68.58333333333333,62,67.375,67.29166666666667,70.91666666666667,58.125,67.33333333333333,70.33333333333333,72.375,66.875,65.375,70.58333333333333,70.625,64.95833333333333,69.375,68.83333333333333,79.70833333333333,74.70833333333333,71.33333333333333,58.5,56.5
2011-06-10T00:00:00Z,72.83333333333333,73.79166666666667,66.58333333333333,68.25,65.04166666666667,71.125,68.25,70.29166666666667,63.333333333333336,65.58333333333333,68.25,68.25,66.08333333333333,66.25,68.33333333333333,69.08333333333333,67.91666666666667,63.041666666666664,66.33333333333333,68.58333333333333,72.04166666666667,74.25,70.08333333333333,62.166666666666664
2011-06-11T00:00:00Z,78.41666666666667,69.875,66.08333333333333,67.16666666666667,64.95833333333333,68.08333333333333,67.16666666666667,77.45833333333333,64.29166666666667,71.54166666666667,68.33333333333333,72.625,73.04166666666667,71.5,69.25,74.91666666666667,69.58333333333333,69.83333333333333,65.875,70.66666666666667,81.16666666666667,72.375,72.83333333333333,65.04166666666667
2011-06-12T00:00:00Z,75.79166666666667,82,77.08333333333333,70.33333333333333,66.08333333333333,69.79166666666667,70.20833333333333,72.95833333333333,64.625,75.75,74.95833333333333,80.125,78.91666666666667,77.20833333333333,74.125,81.20833333333333,68.79166666666667,74.75,69.20833333333333,83.25,82.75,74.625,74.125,63.125
2011-06-13T00:00:00Z,76.08333333333333,70.45833333333333,67.41666666666667,75.875,61.208333333333336,74.54166666666667,75.625,59.75,82.20833333333333,60.666666666666664,66.83333333333333,70.16666666666667,66.875,75.5,70.54166666666667,72.625,73.04166666666667,68.08333333333333,72.54166666666667,70.45833333333333,61.083333333333336,75.58333333333333,67.70833333333333,83.5
2011-06-14T00:00:00Z,60.666666666666664,62.208333333333336,50.708333333333336,67.95833333333333,57.208333333333336,57.375,67.875,54.916666666666664,56.875,48.666666666666664,52.5,55.833333333333336,56.083333333333336,57.666666666666664,58.541666666666664,58.666666666666664,72.20833333333333,54.458333333333336,65.125,69.875,53.791666666666664,59.333333333333336,54.291666666666664,60.041666666666664
2011-06-15T00:00:00Z,61.041666666666664,79.58333333333333,65.125,64.66666666666667,56.25,61.375,64.58333333333333,78.20833333333333,58.666666666666664,56.75,62.041666666666664,62.25,74.16666666666667,60.916666666666664,57.25,62.708333333333336,66.33333333333333,69.16666666666667,60.75,83.375,68.95833333333333,59.416666666666664,58.166666666666664,58.333333333333336
2011-06-16T00:00:00Z,70.125,70.83333333333333,76.54166666666667,69.70833333333333,59.041666666666664,66.125,67.95833333333333,68.79166666666667,74.16666666666667,61.125,73.79166666666667,70.08333333333333,68.08333333333333,61.375,62.75,67.04166666666667,69.375,75.04166666666667,60.958333333333336,74.95833333333333,69,69.66666666666667,58.25,59.083333333333336
2011-06-17T00:00:00Z,67.20833333333333,73.58333333333333,65.79166666666667,69.91666666666667,58.041666666666664,78.66666666666667,69.58333333333333,58.75,72,54.958333333333336,68.08333333333333,70,62.625,63.125,71.33333333333333,63.5,63.333333333333336,67.16666666666667,75.20833333333333,75.41666666666667,64.125,76.41666666666667,63.416666666666664,63.75
2011-06-18T00:00:00Z,65.375,78.5,78.95833333333333,69.91666666666667,61.083333333333336,71.54166666666667,72.20833333333333,70.45833333333333,65,64.20833333333333,73.875,69.66666666666667,80.95833333333333,59.083333333333336,74.75,67.75,67.95833333333333,76.08333333333333,77.5,85.08333333333333,76.5,74.125,54.041666666666664,60.5
2011-06-19T00:00:00Z,64.625,86.25,77,74.54166666666667,61.75,66.41666666666667,70.58333333333333,69.20833333333333,64.75,68.66666666666667,78.66666666666667,73.58333333333333,87.16666666666667,61.291666666666664,66.58333333333333,67.79166666666667,65.95833333333333,77.45833333333333,72.75,90.16666666666667,79.41666666666667,70.375,75.375,56.791666666666664
2011-06-20T00:00:00Z,78.29166666666667,74.375,61.5,59.25,71.79166666666667,68.66666666666667,58.958333333333336,62.875,71.875,57.125,54.833333333333336,65.29166666666667,69.5,67.58333333333333,67.54166666666667,59.458333333333336,55.375,71.54166666666667,65.29166666666667,75.5,67.16666666666667,65.83333333333333,77.25,72.16666666666667
2011-06-21T00:00:00Z,73.375,79.04166666666667,61.041666666666664,72.16666666666667,63.041666666666664,72.375,65.625,71,76.875,60.166666666666664,61.75,63.75,72.95833333333333,71.20833333333333,61.375,64.08333333333333,78.70833333333333,69.625,72.5,77.08333333333333,73.08333333333333,74.95833333333333,65.41666666666667,68.70833333333333
2011-06-22T00:00:00Z,71.91666666666667,76.41666666666667,73.41666666666667,70.75,64.29166666666667,72.20833333333333,72.375,75.875,67.375,67.875,73.79166666666667,71.08333333333333,74.29166666666667,62.208333333333336,72.16666666666667,65.41666666666667,66.625,75.125,73.16666666666667,82.54166666666667,77.29166666666667,73.58333333333333,63.5,65.04166666666667
2011-06-23T00:00:00Z,69.41666666666667,86.79166666666667,76.95833333333333,69.08333333333333,59.916666666666664,74.66666666666667,69.08333333333333,76.20833333333333,76.25,73.29166666666667,84.04166666666667,67.25,86.25,63.291666666666664,78,65.875,72.875,83.20833333333333,82.79166666666667,91.75,85.54166666666667,75.375,58.833333333333336,74.45833333333333
2011-06-24T00:00:00Z,78.75,75.58333333333333,71.16666666666667,69.20833333333333,62.041666666666664,77.5,69.29166666666667,58.25,73.41666666666667,60.041666666666664,75.41666666666667,66.45833333333333,69.20833333333333,64.08333333333333,76.04166666666667,64.45833333333333,73.5,70.16666666666667,76.04166666666667,70.625,65.45833333333333,79.04166666666667,68.75,70.25
2011-06-25T00:00:00Z,63.291666666666664,66.04166666666667,68.54166666666667,62.458333333333336,62.083333333333336,67.375,62.333333333333336,58.666666666666664,63.083333333333336,57.083333333333336,67.33333333333333,61.583333333333336,58.875,60.25,73.66666666666667,58.625,63.083333333333336,68.25,76.5,62.833333333333336,62.833333333333336,69.625,63.083333333333336,60.25
2011-06-26T00:00:00Z,63.666666666666664,76.70833333333333,62.333333333333336,75.08333333333333,56.458333333333336,69.33333333333333,75.08333333333333,69.75,64.29166666666667,56.541666666666664,62.083333333333336,63.666666666666664,68.125,63.625,66.125,55.666666666666664,79.41666666666667,70.91666666666667,75.875,74.70833333333333,73.75,77.41666666666667,65.45833333333333,62.125
2011-06-27T00:00:00Z,78.08333333333333,82.58333333333333,65.375,84.5,69.95833333333333,87.66666666666667,84.54166666666667,70,82.625,65.20833333333333,68.5,64.95833333333333,74.45833333333333,72.08333333333333,75.875,75.25,77.5,72,80.66666666666667,84.125,75.16666666666667,85.83333333333333,78.33333333333333,80.25
2011-06-28T00:00:00Z,74.58333333333333,79.875,72.54166666666667,73.91666666666667,72.125,78.16666666666667,73.375,72.66666666666667,76.25,73.66666666666667,68.20833333333333,72.58333333333333,79.33333333333333,70.375,74.75,80.33333333333333,70.08333333333333,73.58333333333333,77.5,84,77.20833333333333,78.33333333333333,70.20833333333333,72.95833333333333
2011-06-29T00:00:00Z,80.70833333333333,67.66666666666667,68.83333333333333,77.45833333333333,77.16666666666667,85.75,75.91666666666667,63.583333333333336,80.66666666666667,62.541666666666664,61.166666666666664,74.58333333333333,66.79166666666667,71.125,79.16666666666667,71.70833333333333,85.375,75.83333333333333,78.54166666666667,72,60.791666666666664,83.83333333333333,75.95833333333333,75.875
2011-06-30T00:00:00Z,67,66.5,55.458333333333336,71.95833333333333,73.25,67.375,70.16666666666667,60.541666666666664,74.29166666666667,50.041666666666664,48.708333333333336,63.166666666666664,59.041666666666664,55.791666666666664,70.45833333333333,56.791666666666664,77.83333333333333,64.54166666666667,67.75,69.33333333333333,58.416666666666664,70.83333333333333,66.33333333333333,72.41666666666667
