date,t_ws2,t_ws3,t_ws4,t_ws5,t_ws6,t_ws7,t_ws8,t_ws9,t_ws10,t_ws11,t_ws12,t_ws13,t_ws14,t_ws15,t_ws16,t_ws17,t_ws18,t_ws19,t_ws20,t_ws21,t_ws22,t_ws23,t_ws24,t_ws25
2005-01-01T00:00:00Z,53.291666666666664,49.708333333333336,54.833333333333336,55.916666666666664,51.958333333333336,52.625,56.708333333333336,53.083333333333336,50.708333333333336,55.708333333333336,56.041666666666664,52.5,54.541666666666664,55.916666666666664,51.916666666666664,55.541666666666664,53.791666666666664,51.041666666666664,53.125,53.083333333333336,55.625,53.375,53.125,53.916666666666664
2005-01-02T00:00:00Z,51.583333333333336,48.958333333333336,55.25,56.625,49.833333333333336,51.75,57.708333333333336,54.625,52.791666666666664,54.583333333333336,54.833333333333336,52.041666666666664,54,56.625,56.333333333333336,53.958333333333336,54.708333333333336,52.625,54.583333333333336,51.75,57.083333333333336,53.416666666666664,49.541666666666664,54
2005-01-03T00:00:00Z,56.541666666666664,51.375,56.333333333333336,57.083333333333336,53.333333333333336,55,57.75,57.666666666666664,56.416666666666664,56.583333333333336,57.541666666666664,53.208333333333336,55.375,57.541666666666664,56.75,56.666666666666664,54.333333333333336,56.166666666666664,56,54.083333333333336,58,54.291666666666664,56.375,57.625
2005-01-04T00:00:00Z,63.333333333333336,57.083333333333336,62.291666666666664,62.5,62.083333333333336,61.708333333333336,63.208333333333336,61.25,63.416666666666664,62.75,62.083333333333336,61.166666666666664,61.791666666666664,63.666666666666664,55.875,63.208333333333336,61.75,64.08333333333333,57.875,60.5,63.708333333333336,60.458333333333336,61.375,64.20833333333333
2005-01-05T00:00:00Z,63.083333333333336,52.5,61.916666666666664,62.833333333333336,59.208333333333336,62.375,64.25,58.458333333333336,62.791666666666664,60.875,60.541666666666664,59.75,58.958333333333336,61.208333333333336,57.083333333333336,61.333333333333336,62.333333333333336,63.291666666666664,58.166666666666664,57.708333333333336,59.583333333333336,62.083333333333336,50.791666666666664,63.083333333333336
2005-01-06T00:00:00Z,66.08333333333333,54.5,60.25,67.04166666666667,61.041666666666664,64.58333333333333,68.70833333333333,55.375,65.83333333333333,60.083333333333336,58.041666666666664,60.625,58.5,62.208333333333336,59.875,63,65.29166666666667,61.041666666666664,59.875,55.958333333333336,58.541666666666664,65.83333333333333,62.375,67.25
2005-01-07T00:00:00Z,55.625,48.375,54.208333333333336,65.375,52.333333333333336,59.375,65.41666666666667,48.041666666666664,59.75,52.083333333333336,54.916666666666664,55.166666666666664,49.791666666666664,54.333333333333336,56.75,55.166666666666664,60.916666666666664,53.041666666666664,57.541666666666664,48,52.833333333333336,60.416666666666664,50.5,59.208333333333336
2005-01-08T00:00:00Z,56.75,51.541666666666664,58.666666666666664,67.04166666666667,56.75,62.375,66.04166666666667,50.625,61.833333333333336,51.75,57,55.708333333333336,51.916666666666664,53.25,61.541666666666664,57.083333333333336,63.291666666666664,55.208333333333336,59.833333333333336,50.541666666666664,51.375,61.958333333333336,54.541666666666664,61.791666666666664
2005-01-09T00:00:00Z,45.458333333333336,42.875,47.375,54.833333333333336,44.083333333333336,50.25,53.333333333333336,45.5,49.208333333333336,44.833333333333336,50.916666666666664,44.958333333333336,47.708333333333336,42.125,49.958333333333336,44,52.833333333333336,48.541666666666664,50.583333333333336,46.333333333333336,45.916666666666664,52.458333333333336,41.666666666666664,49.833333333333336
2005-01-10T00:00:00Z,46.5,47.166666666666664,50.166666666666664,54.666666666666664,45.458333333333336,52.875,55.208333333333336,47.708333333333336,50.458333333333336,49.833333333333336,53.125,45.25,49.375,45.75,51.208333333333336,45.041666666666664,54.916666666666664,48.041666666666664,50.625,47.375,50.541666666666664,52.875,46.125,50.083333333333336
2005-01-11T00:00:00Z,47.291666666666664,48.458333333333336,51.041666666666664,54.958333333333336,47.125,51.75,54.916666666666664,52.458333333333336,51.541666666666664,49.625,54.25,47.5,50.291666666666664,48.75,56.833333333333336,47.541666666666664,53.583333333333336,50.791666666666664,55.916666666666664,48.916666666666664,51.666666666666664,54.5,46.708333333333336,50.791666666666664
2005-01-12T00:00:00Z,57.791666666666664,56.708333333333336,59.25,60.041666666666664,56.916666666666664,59.458333333333336,62.541666666666664,57.583333333333336,61.416666666666664,57.166666666666664,58.666666666666664,57.291666666666664,53.25,55.833333333333336,60.041666666666664,55.583333333333336,59.583333333333336,58.791666666666664,59.208333333333336,51.375,55.375,59.333333333333336,57.833333333333336,62.25
2005-01-13T00:00:00Z,69.33333333333333,59.041666666666664,66.5,68.25,65.91666666666667,66.20833333333333,68.91666666666667,61.041666666666664,68.75,64.875,64.16666666666667,62.958333333333336,63.791666666666664,64.875,65.58333333333333,62.875,68.625,67.20833333333333,67.125,62.25,66.16666666666667,67.375,68.16666666666667,70.79166666666667
2005-01-14T00:00:00Z,54.708333333333336,41.708333333333336,50,60.458333333333336,55.25,57.625,60.041666666666664,41.25,58.25,49.208333333333336,50.833333333333336,49.416666666666664,46.791666666666664,51,57.708333333333336,52.541666666666664,58.5,49.416666666666664,57.625,45.958333333333336,47.25,57.291666666666664,54.5,57.125
2005-01-15T00:00:00Z,37.541666666666664,36.333333333333336,38.291666666666664,42,39.125,39.791666666666664,41.791666666666664,36.583333333333336,38.541666666666664,35.25,39.375,35.833333333333336,35.291666666666664,35.041666666666664,46.208333333333336,39.041666666666664,41.125,37.5,43.833333333333336,34.25,38.625,40.291666666666664,38.625,38.916666666666664
2005-01-16T00:00:00Z,35.625,33.958333333333336,38.208333333333336,37.041666666666664,40.083333333333336,38.875,37.833333333333336,33.75,36.125,35.166666666666664,39.75,34.208333333333336,36.666666666666664,34.458333333333336,47.125,36.75,37.708333333333336,38.541666666666664,42.375,36.041666666666664,38.625,37.583333333333336,38.708333333333336,35.958333333333336
2005-01-17T00:00:00Z,31.166666666666668,19.625,28.291666666666668,33.708333333333336,30.958333333333332,32.333333333333336,33.041666666666664,17.041666666666668,30.625,25.458333333333332,28.375,25.666666666666668,25.083333333333332,27.041666666666668,35.541666666666664,28.166666666666668,32.166666666666664,28.5,34.583333333333336,24.666666666666668,25.5,32.125,29.458333333333332,33.166666666666664
2005-01-18T00:00:00Z,21,21.208333333333332,23.708333333333332,27.666666666666668,22.125,23.375,27,17.5,22.625,20.125,25.791666666666668,19.458333333333332,22.583333333333332,20.166666666666668,25.833333333333332,19.5,24.041666666666668,23.416666666666668,24.458333333333332,22.625,22.833333333333332,23.291666666666668,21.75,23.416666666666668
2005-01-19T00:00:00Z,21.833333333333332,28.25,25.875,29.166666666666668,24.041666666666668,27.625,28.75,27.666666666666668,24.541666666666668,23.791666666666668,28.625,23.291666666666668,26.875,22.208333333333332,32.75,22.166666666666668,29.416666666666668,25.708333333333332,30.833333333333332,24.625,27.625,27.166666666666668,23.875,26.125
2005-01-20T00:00:00Z,32.583333333333336,36.333333333333336,35.083333333333336,38.958333333333336,32.666666666666664,38.166666666666664,37.75,32.791666666666664,37.375,34.583333333333336,40.666666666666664,30.083333333333332,36.75,33.875,38.5,33.875,39.208333333333336,34.875,39.375,35.666666666666664,38.5,38.083333333333336,33.375,37.666666666666664
2005-01-21T00:00:00Z,31.083333333333332,39.083333333333336,40.208333333333336,40.416666666666664,30.5,34.375,39.666666666666664,27.875,33.333333333333336,31.083333333333332,42.208333333333336,32.666666666666664,35.958333333333336,29.916666666666668,36.5,31.291666666666668,38,39.041666666666664,35.75,35.5,34,35.833333333333336,29.208333333333332,30.916666666666668
2005-01-22T00:00:00Z,28.583333333333332,31.333333333333332,30.5,43.625,31.916666666666668,37.375,40,28.666666666666668,32.125,29.375,34.125,28.625,30.875,27.041666666666668,44.416666666666664,28.541666666666668,43.5,33.291666666666664,43.666666666666664,30.708333333333332,31.666666666666668,39.416666666666664,30.958333333333332,32.666666666666664
2005-01-23T00:00:00Z,25.5,15.625,22.625,32.791666666666664,24.75,27.958333333333332,32.041666666666664,13.708333333333334,27,20.75,23.541666666666668,21.916666666666668,21.791666666666668,22.625,28.375,23.125,30.333333333333332,24.625,30.041666666666668,20.416666666666668,21.583333333333332,28.833333333333332,23.208333333333332,28.208333333333332
2005-01-24T00:00:00Z,27,25.875,29.375,31.875,26,29.166666666666668,32.625,27.833333333333332,28.958333333333332,27.041666666666668,31.583333333333332,25.916666666666668,28.5,26.375,29.083333333333332,26.833333333333332,30.25,28.125,30.916666666666668,20.666666666666668,26.5,29.208333333333332,26.791666666666668,29.791666666666668
2005-01-25T00:00:00Z,35.25,39.916666666666664,40.833333333333336,41.791666666666664,33.75,36.791666666666664,42.375,38.416666666666664,39.75,39.875,43.791666666666664,38.5,42.583333333333336,38.25,36.916666666666664,37.291666666666664,39.708333333333336,39.958333333333336,38.541666666666664,39.916666666666664,35.708333333333336,37.875,34.458333333333336,40.833333333333336
2005-01-26T00:00:00Z,45.541666666666664,46.416666666666664,51.916666666666664,51.25,45.041666666666664,45.125,51.833333333333336,41.666666666666664,47.833333333333336,48,54.583333333333336,47.125,49.333333333333336,46.25,46.041666666666664,46.541666666666664,48.958333333333336,50.083333333333336,47,47.583333333333336,48.791666666666664,48.166666666666664,41.958333333333336,47.916666666666664
2005-01-27T00:00:00Z,32.791666666666664,36.125,40.625,43.083333333333336,29.625,36.5,42.25,35.916666666666664,37,36.125,42.333333333333336,36,39.541666666666664,33.75,33.958333333333336,35.75,40.541666666666664,41,36,39.583333333333336,39.25,39.083333333333336,27.541666666666668,36
2005-01-28T00:00:00Z,24.291666666666668,28,29.666666666666668,31.125,23.5,25.625,30.5,27.625,24.958333333333332,24.458333333333332,30.875,24.625,27,24.458333333333332,31.458333333333332,24.833333333333332,27.583333333333332,29,27.166666666666668,27.375,28.166666666666668,27.041666666666668,23,26.291666666666668
2005-01-29T00:00:00Z,30.416666666666668,26.333333333333332,27.583333333333332,35.541666666666664,33.041666666666664,34.291666666666664,34.666666666666664,23.083333333333332,31.166666666666668,24.333333333333332,27.75,25.75,25.875,27.583333333333332,38.166666666666664,26.833333333333332,36.125,27.208333333333332,36.916666666666664,25.875,27.041666666666668,35.291666666666664,30.708333333333332,33
2005-01-30T00:00:00Z,35.875,36,34.666666666666664,42.5,37.75,40.291666666666664,41.75,26.541666666666668,37.041666666666664,35.25,34.958333333333336,33.875,35.791666666666664,32.083333333333336,42.708333333333336,33.083333333333336,44.791666666666664,35.5,44.875,33.791666666666664,29,42.458333333333336,34.833333333333336,38.541666666666664
2005-01-31T00:00:00Z,36.875,37.333333333333336,39.625,41,36.291666666666664,38.458333333333336,40.958333333333336,31.416666666666668,38.041666666666664,34.625,41.583333333333336,34.541666666666664,39.083333333333336,33.875,37.625,35.333333333333336,40.25,37.75,38.791666666666664,38.583333333333336,38.291666666666664,39,33.75,38.75
2005-02-01T00:00:00Z,36.208333333333336,35,36.208333333333336,41,37.208333333333336,37.666666666666664,40.458333333333336,32.916666666666664,37.791666666666664,31.916666666666668,39.333333333333336,31.291666666666668,34.458333333333336,33.666666666666664,40.125,34.458333333333336,39.833333333333336,35.583333333333336,40.375,34.541666666666664,35.458333333333336,38.5,35.208333333333336,38.625
2005-02-02T00:00:00Z,36.375,31.75,33.333333333333336,42.166666666666664,36.583333333333336,39.333333333333336,41.416666666666664,28.541666666666668,39.125,34.708333333333336,35.666666666666664,32.875,32.708333333333336,35.666666666666664,40.625,36.958333333333336,42,34.291666666666664,41.041666666666664,32.125,37.541666666666664,40.583333333333336,34.583333333333336,38.875
2005-02-03T00:00:00Z,34.666666666666664,35.583333333333336,34.541666666666664,39.833333333333336,35.291666666666664,38.125,40.333333333333336,35.666666666666664,36.375,33.416666666666664,37.333333333333336,34.625,35.125,32.875,40.083333333333336,34.541666666666664,39.625,34.958333333333336,40.208333333333336,34.75,37.75,38.291666666666664,33.625,37.375
2005-02-04T00:00:00Z,40.541666666666664,39.333333333333336,41.25,42.416666666666664,37.583333333333336,41,42.666666666666664,39.041666666666664,41.958333333333336,42.208333333333336,42.875,39.333333333333336,40.416666666666664,37.291666666666664,38.458333333333336,39.833333333333336,43.041666666666664,40.291666666666664,41.25,39.833333333333336,44.5,42.041666666666664,36.666666666666664,42.083333333333336
2005-02-05T00:00:00Z,43.75,40.958333333333336,46.041666666666664,49.166666666666664,41.791666666666664,44.75,46.416666666666664,45.541666666666664,45.375,46.291666666666664,47.208333333333336,41.458333333333336,45.291666666666664,43.916666666666664,40.125,45.958333333333336,45.25,43.666666666666664,42.916666666666664,42.375,49.25,45.583333333333336,40.166666666666664,46.625
2005-02-06T00:00:00Z,44.291666666666664,39.958333333333336,47.166666666666664,50.791666666666664,43.166666666666664,45.583333333333336,50.041666666666664,45.625,46.208333333333336,46.333333333333336,48.375,43.166666666666664,44.916666666666664,44.791666666666664,42.625,46.583333333333336,47,43.916666666666664,46.291666666666664,42.458333333333336,45.375,47.041666666666664,39.833333333333336,46.458333333333336
2005-02-07T00:00:00Z,43.458333333333336,41.958333333333336,49.458333333333336,51,39.75,41.208333333333336,51.208333333333336,47.541666666666664,47.833333333333336,49.083333333333336,49.833333333333336,46.166666666666664,47.208333333333336,48.166666666666664,42.416666666666664,48.958333333333336,44.625,46,41.833333333333336,43.541666666666664,49.833333333333336,43.416666666666664,35.25,47.041666666666664
2005-02-08T00:00:00Z,49.333333333333336,51.75,55.291666666666664,53.958333333333336,44.208333333333336,48.541666666666664,55.125,53,52,56,56.875,53.833333333333336,55.125,54.791666666666664,41.583333333333336,54.416666666666664,51.916666666666664,54.958333333333336,42.958333333333336,52,56.75,49.333333333333336,47,52.416666666666664
2005-02-09T00:00:00Z,57.75,48.083333333333336,56.25,58.416666666666664,55.041666666666664,56.916666666666664,58.291666666666664,51.458333333333336,57.833333333333336,54.125,55.666666666666664,54.625,51.583333333333336,54.5,48.416666666666664,57.291666666666664,56.666666666666664,55.458333333333336,53.333333333333336,49.625,53.375,57.083333333333336,54.708333333333336,59.083333333333336
2005-02-10T00:00:00Z,49.208333333333336,34,44.083333333333336,53.291666666666664,48.625,51.416666666666664,53.583333333333336,33.041666666666664,50.375,41.916666666666664,42.291666666666664,42.875,40.458333333333336,45.916666666666664,46.458333333333336,46.25,52.708333333333336,43.75,51.291666666666664,39.5,41.791666666666664,51.916666666666664,47.083333333333336,51.375
2005-02-11T00:00:00Z,37.083333333333336,30.375,35.458333333333336,41.041666666666664,36.833333333333336,37.375,41,27.833333333333332,37.708333333333336,33.541666666666664,37.041666666666664,34.291666666666664,34.208333333333336,35.75,39.541666666666664,34.583333333333336,39.25,35.291666666666664,39.333333333333336,33.041666666666664,35.625,37.291666666666664,37.291666666666664,39.416666666666664
2005-02-12T00:00:00Z,41.166666666666664,43.166666666666664,44.666666666666664,46.166666666666664,40.708333333333336,42.708333333333336,46.25,43.625,43.5,42.75,43.625,41.333333333333336,47.041666666666664,41.625,43.833333333333336,42.125,44.291666666666664,41.916666666666664,43.75,45.458333333333336,40.541666666666664,43.208333333333336,41.583333333333336,45.583333333333336
2005-02-13T00:00:00Z,46.583333333333336,37.041666666666664,46.333333333333336,51.916666666666664,44.041666666666664,47.416666666666664,54.875,41.458333333333336,52.458333333333336,47.541666666666664,45.291666666666664,45.375,43.875,50.875,48.25,49.166666666666664,50.708333333333336,43.916666666666664,50.791666666666664,41.25,45.458333333333336,49.041666666666664,42.5,51.458333333333336
2005-02-14T00:00:00Z,52.458333333333336,41.75,50.375,57.375,51.541666666666664,54.708333333333336,58.041666666666664,46.25,52.833333333333336,49.416666666666664,46.958333333333336,49.916666666666664,45.208333333333336,48.958333333333336,56.166666666666664,50.083333333333336,57.291666666666664,49.416666666666664,56.25,43.416666666666664,47.25,55.208333333333336,50.375,53.708333333333336
2005-02-15T00:00:00Z,55.708333333333336,45.25,51.166666666666664,57.541666666666664,53.125,52.5,58.375,51.541666666666664,56.333333333333336,51.25,49.541666666666664,50.75,49.375,52.708333333333336,53.208333333333336,52.458333333333336,54.458333333333336,50.958333333333336,53.791666666666664,48.166666666666664,47.833333333333336,53.041666666666664,53.833333333333336,57.916666666666664
2005-02-16T00:00:00Z,56.375,49.416666666666664,58.625,60.625,53.916666666666664,57.208333333333336,60.833333333333336,48.833333333333336,57.125,56.041666666666664,58.083333333333336,55.958333333333336,55.75,55.375,55.541666666666664,56.291666666666664,58.875,58.25,53.833333333333336,54.375,52.958333333333336,58.458333333333336,53.625,59.25
2005-02-17T00:00:00Z,44.291666666666664,36.958333333333336,44.5,51,43.916666666666664,47.291666666666664,51,36.5,48.333333333333336,41.083333333333336,45.083333333333336,40.791666666666664,42,41.416666666666664,44.625,41.875,49.666666666666664,44.25,46.791666666666664,39.333333333333336,42.416666666666664,47.625,42.625,48.041666666666664
2005-02-18T00:00:00Z,35.291666666666664,34,39.875,40.625,34.333333333333336,36.666666666666664,41.583333333333336,31.958333333333332,37.5,36.5,40.958333333333336,34.333333333333336,38.333333333333336,35.416666666666664,39.541666666666664,35.833333333333336,38.458333333333336,40.916666666666664,39.458333333333336,36.958333333333336,37.208333333333336,36.916666666666664,35,37.166666666666664
2005-02-19T00:00:00Z,34.583333333333336,38.083333333333336,44.541666666666664,44.041666666666664,34.458333333333336,38.083333333333336,44.25,39.916666666666664,38.291666666666664,39.25,45.916666666666664,39,43.958333333333336,36.708333333333336,37,37.625,40.083333333333336,41.375,39.791666666666664,43.75,40.208333333333336,38.333333333333336,32.125,39.5
2005-02-20T00:00:00Z,39.791666666666664,39.458333333333336,45.458333333333336,49.708333333333336,40.541666666666664,46.916666666666664,50.666666666666664,37.708333333333336,39.916666666666664,42.333333333333336,44.333333333333336,42.583333333333336,41.25,38.916666666666664,47.5,42.5,49.75,44.416666666666664,49.208333333333336,39.416666666666664,42.125,48.583333333333336,39,45.333333333333336
2005-02-21T00:00:00Z,52.958333333333336,49.5,49.958333333333336,58.75,54.25,57.625,59,39.166666666666664,49.041666666666664,49.625,50.083333333333336,49.083333333333336,47.791666666666664,50,52.75,51,59.416666666666664,50.291666666666664,55.75,45.125,46.833333333333336,59.125,53.75,58.25
2005-02-22T00:00:00Z,49.208333333333336,53,55.833333333333336,59.041666666666664,46.875,51.541666666666664,60.041666666666664,52.875,53.125,53.333333333333336,56.625,50.583333333333336,56.625,47.75,46.458333333333336,52.125,55.916666666666664,53.75,50.625,54.083333333333336,55.166666666666664,55.333333333333336,42.833333333333336,53.875
2005-02-23T00:00:00Z,46.875,52.583333333333336,55.208333333333336,57.958333333333336,42.583333333333336,47.416666666666664,57.208333333333336,49.541666666666664,51.375,49.875,57.166666666666664,48.541666666666664,52.833333333333336,47,44.333333333333336,49.125,52.458333333333336,51.375,47.875,52.5,53.25,51.25,42.041666666666664,50.125
2005-02-24T00:00:00Z,38.333333333333336,43.583333333333336,41.458333333333336,45.791666666666664,41.541666666666664,45.125,44.458333333333336,39.291666666666664,41.083333333333336,36.708333333333336,45.916666666666664,36.75,40.416666666666664,35.583333333333336,49.916666666666664,37.125,46.458333333333336,41.875,48.75,39.75,39.416666666666664,46.166666666666664,39.208333333333336,43.208333333333336
2005-02-25T00:00:00Z,32.291666666666664,40.041666666666664,41.583333333333336,40.041666666666664,35.333333333333336,36.333333333333336,39.375,37.416666666666664,35.333333333333336,37.125,43.291666666666664,36.166666666666664,40.208333333333336,32.708333333333336,39.083333333333336,33.416666666666664,38.583333333333336,40.75,38.5,39.416666666666664,40.416666666666664,37.375,33.708333333333336,36.583333333333336
2005-02-26T00:00:00Z,35.458333333333336,40.5,41.875,42.208333333333336,38.083333333333336,38.083333333333336,41.875,42.833333333333336,37.833333333333336,39.75,43.083333333333336,38.75,41.083333333333336,36.416666666666664,38.333333333333336,37.041666666666664,40.625,40.291666666666664,40.333333333333336,39.875,41.625,42.75,36.416666666666664,37.916666666666664
2005-02-27T00:00:00Z,37.75,36.875,43.583333333333336,45.5,38.583333333333336,40.708333333333336,44.208333333333336,38.125,39.583333333333336,39.458333333333336,42.333333333333336,39.541666666666664,39.291666666666664,37.708333333333336,42.916666666666664,38.541666666666664,44.375,41.125,43.541666666666664,37.916666666666664,40.5,44.083333333333336,37.625,41.416666666666664
2005-02-28T00:00:00Z,39.583333333333336,35.625,38.333333333333336,44.541666666666664,43.875,48.291666666666664,44.416666666666664,35.583333333333336,40.75,33.375,40.041666666666664,34.833333333333336,35.541666666666664,32.5,49.125,34.791666666666664,47.208333333333336,38.458333333333336,50.791666666666664,35.166666666666664,36.625,47.666666666666664,40.125,43.458333333333336
2005-03-01T00:00:00Z,39.375,29.458333333333332,37.541666666666664,45.375,39.666666666666664,43.75,45.666666666666664,25.833333333333332,41.833333333333336,34.5,36.083333333333336,34.916666666666664,33.416666666666664,35.75,45.5,36.291666666666664,45.291666666666664,36.041666666666664,45.833333333333336,33.625,35.291666666666664,46.416666666666664,38.125,43.416666666666664
2005-03-02T00:00:00Z,36.458333333333336,30,35.583333333333336,40.083333333333336,36.166666666666664,38.541666666666664,41.125,24.708333333333332,38.166666666666664,33.916666666666664,36.541666666666664,33.791666666666664,33.916666666666664,34.541666666666664,40.166666666666664,34.875,39.75,36.708333333333336,39.958333333333336,33.083333333333336,34.375,40.875,36.458333333333336,39.5
2005-03-03T00:00:00Z,34.708333333333336,35.416666666666664,39.5,40.666666666666664,34,37.333333333333336,41.208333333333336,34,37.458333333333336,35.875,40.375,34.5,39.875,33.916666666666664,38.916666666666664,33.541666666666664,40.083333333333336,37.541666666666664,39.833333333333336,37.75,38.125,38.958333333333336,35.25,37.958333333333336
2005-03-04T00:00:00Z,38.791666666666664,38.75,44.083333333333336,45.708333333333336,38.208333333333336,40.333333333333336,46,40.625,39.5,41.833333333333336,46.166666666666664,40.416666666666664,43.416666666666664,39.375,41.791666666666664,40.916666666666664,43.041666666666664,43.625,41.791666666666664,40.541666666666664,41.916666666666664,40.833333333333336,38.625,41.875
2005-03-05T00:00:00Z,41.333333333333336,45.416666666666664,53.041666666666664,53.708333333333336,41.541666666666664,49.75,54,43.541666666666664,45.875,45.666666666666664,53.083333333333336,48.375,50.541666666666664,40,48.041666666666664,44.875,52.958333333333336,52.708333333333336,50.083333333333336,49,49.833333333333336,50.583333333333336,39.041666666666664,48.75
2005-03-06T00:00:00Z,45.041666666666664,45.541666666666664,47.708333333333336,47.333333333333336,42.708333333333336,45.083333333333336,48.083333333333336,46.083333333333336,44.416666666666664,47.583333333333336,49.583333333333336,44.625,49.708333333333336,45.75,44.375,46.25,46.25,47.125,44.75,48.791666666666664,51.416666666666664,45.291666666666664,44.75,47.833333333333336
2005-03-07T00:00:00Z,56.583333333333336,45.833333333333336,53.875,58.166666666666664,55.333333333333336,55.958333333333336,59.833333333333336,53.625,58.041666666666664,55.458333333333336,53.083333333333336,54.416666666666664,53.291666666666664,55.833333333333336,52.625,56.5,57.083333333333336,51.75,53.458333333333336,51.791666666666664,55.958333333333336,56.125,57.125,59.541666666666664
2005-03-08T00:00:00Z,47.125,37.375,45.333333333333336,54.333333333333336,47.958333333333336,52.125,54.333333333333336,34.875,49.958333333333336,43.041666666666664,46,42.958333333333336,42.625,44.125,50.75,44.75,54,45.541666666666664,51.958333333333336,41.916666666666664,43.791666666666664,52.833333333333336,45.333333333333336,51.125
2005-03-09T00:00:00Z,35.291666666666664,33.625,37.833333333333336,40.375,35.833333333333336,38.166666666666664,40.333333333333336,31.916666666666668,38.25,36.625,38,35.041666666666664,36.791666666666664,35.625,38.958333333333336,35.958333333333336,38.375,38.583333333333336,39.416666666666664,36.333333333333336,38.083333333333336,38.458333333333336,36,40
2005-03-10T00:00:00Z,38.541666666666664,39.125,42.833333333333336,45.833333333333336,39.833333333333336,41.375,45.625,36.916666666666664,42.25,40.125,43.458333333333336,38.583333333333336,42.25,38.416666666666664,44.291666666666664,39.041666666666664,43.833333333333336,42.833333333333336,44.666666666666664,42,43.333333333333336,42.916666666666664,38.125,43.75
2005-03-11T00:00:00Z,46.208333333333336,38.666666666666664,47.208333333333336,52.916666666666664,48.583333333333336,50.958333333333336,52.916666666666664,37.5,50.333333333333336,43.5,46.833333333333336,42.541666666666664,43.208333333333336,42.75,52.958333333333336,43.833333333333336,51.708333333333336,45.916666666666664,51.291666666666664,43.375,43.75,50.958333333333336,48.125,51.916666666666664
2005-03-12T00:00:00Z,47.041666666666664,53.625,54.333333333333336,55.916666666666664,46.416666666666664,50.625,56.416666666666664,43.375,50.541666666666664,46.583333333333336,55.458333333333336,47.375,50.541666666666664,46.916666666666664,50.208333333333336,46.833333333333336,54.541666666666664,53.875,50.666666666666664,49.958333333333336,45.75,52.958333333333336,45.833333333333336,49.958333333333336
2005-03-13T00:00:00Z,48.291666666666664,56.916666666666664,63,66.875,45.625,52.5,68.33333333333333,52.416666666666664,54.666666666666664,54,65.25,55.541666666666664,54.875,51.166666666666664,52.375,54.166666666666664,64.25,60.625,54.5,55.458333333333336,53.083333333333336,55.541666666666664,43.041666666666664,52.25
2005-03-14T00:00:00Z,40.291666666666664,43.791666666666664,46.416666666666664,48.041666666666664,39.833333333333336,42.166666666666664,46.041666666666664,42.125,41.708333333333336,43.291666666666664,48.083333333333336,40.333333333333336,45.375,38.416666666666664,44.541666666666664,39.708333333333336,45.166666666666664,46,43.833333333333336,43.375,43.541666666666664,43.791666666666664,38.708333333333336,42.458333333333336
2005-03-15T00:00:00Z,40.958333333333336,41.666666666666664,45.291666666666664,47.875,40.666666666666664,41.541666666666664,47,43.041666666666664,42.583333333333336,43.541666666666664,45.875,40.375,44.166666666666664,40.291666666666664,42.416666666666664,42,44.458333333333336,45.75,43.833333333333336,42.166666666666664,44.583333333333336,42.708333333333336,40.875,43.083333333333336
2005-03-16T00:00:00Z,37.083333333333336,37.833333333333336,41.416666666666664,43.583333333333336,38.291666666666664,40.125,43.333333333333336,37,39.791666666666664,39.5,41.083333333333336,37.875,39.625,37.291666666666664,41.916666666666664,39,43.458333333333336,42.083333333333336,43.25,39.083333333333336,40.958333333333336,41.833333333333336,39.625,41.166666666666664
2005-03-17T00:00:00Z,36.333333333333336,34.166666666666664,36.166666666666664,37.75,36.708333333333336,38.458333333333336,39.125,34.708333333333336,36.583333333333336,34.916666666666664,37.125,34.75,35.833333333333336,34.208333333333336,42.291666666666664,34.833333333333336,39.333333333333336,36.458333333333336,41.208333333333336,35.25,38.958333333333336,39,37.708333333333336,37.333333333333336
2005-03-18T00:00:00Z,43.666666666666664,37.75,43.458333333333336,44.5,43.375,46.25,38.958333333333336,39.291666666666664,45.083333333333336,42.5,43.375,39.958333333333336,42.666666666666664,35.666666666666664,44.666666666666664,42.5,46.541666666666664,41.291666666666664,45.833333333333336,34.458333333333336,42.541666666666664,46.666666666666664,43.583333333333336,46.541666666666664
2005-03-19T00:00:00Z,47.083333333333336,40.833333333333336,48.583333333333336,52.166666666666664,46.708333333333336,50.791666666666664,51.958333333333336,45.25,49.25,48.125,47.583333333333336,46.041666666666664,45.291666666666664,48.083333333333336,50.5,47.416666666666664,52,45.25,53.208333333333336,46.625,48.416666666666664,52.25,47.458333333333336,50.916666666666664
2005-03-20T00:00:00Z,52.375,46.083333333333336,53.75,53.083333333333336,51.333333333333336,53.458333333333336,56.125,49.875,51.666666666666664,52.75,55.541666666666664,53.041666666666664,51.541666666666664,51.791666666666664,51.916666666666664,52.958333333333336,55.416666666666664,50.458333333333336,55.041666666666664,52.916666666666664,52.333333333333336,54.208333333333336,50.125,54.375
2005-03-21T00:00:00Z,49.25,47.625,53,55.375,47.583333333333336,51.708333333333336,57.5,50.875,53.375,51.25,52.25,52.833333333333336,51.625,48.041666666666664,48.833333333333336,49.875,53.75,51.333333333333336,52.041666666666664,55.291666666666664,51.875,52.958333333333336,46.875,52.375
2005-03-22T00:00:00Z,49.916666666666664,43.958333333333336,50.708333333333336,57.666666666666664,48.416666666666664,53.375,58.291666666666664,44.916666666666664,54.166666666666664,49.5,47.75,51.5,45.166666666666664,50.791666666666664,53,50.958333333333336,56.083333333333336,48.041666666666664,55.541666666666664,48.916666666666664,50.208333333333336,55.083333333333336,47.5,54.166666666666664
2005-03-23T00:00:00Z,60.25,54.333333333333336,60.208333333333336,65.41666666666667,59.416666666666664,65,67.5,53.083333333333336,64.04166666666667,55.416666666666664,56.875,61.541666666666664,54.541666666666664,55.333333333333336,56.25,59.833333333333336,65.75,58.791666666666664,62.083333333333336,50.291666666666664,56.583333333333336,65.58333333333333,57.666666666666664,64.83333333333333
2005-03-24T00:00:00Z,50.541666666666664,52.208333333333336,58.458333333333336,60.5,47.541666666666664,53.791666666666664,63.833333333333336,48,57.541666666666664,55.541666666666664,57.625,57.333333333333336,57.375,52.916666666666664,49.75,55.208333333333336,59.583333333333336,58.125,55,62.791666666666664,55.458333333333336,57.041666666666664,44.833333333333336,55.583333333333336
2005-03-25T00:00:00Z,46.333333333333336,54.791666666666664,57.708333333333336,60.541666666666664,45.5,53.875,61.125,47.375,55.333333333333336,51.5,61.5,54.625,55.625,47.833333333333336,50.875,50.5,59,58.041666666666664,54.791666666666664,59.958333333333336,52.958333333333336,57.083333333333336,44.666666666666664,54
2005-03-26T00:00:00Z,49.916666666666664,55.833333333333336,54.375,58.666666666666664,49.333333333333336,55.708333333333336,60.25,50.666666666666664,55.166666666666664,48.916666666666664,60.458333333333336,50.833333333333336,52.583333333333336,48.125,53.166666666666664,47.875,57.541666666666664,55.666666666666664,56.166666666666664,57.708333333333336,49.666666666666664,58.041666666666664,46.541666666666664,55.875
2005-03-27T00:00:00Z,53.416666666666664,50.708333333333336,54.625,58.333333333333336,52.291666666666664,56.833333333333336,60.583333333333336,46.291666666666664,55.916666666666664,48.416666666666664,53,53.916666666666664,48.666666666666664,51.208333333333336,56.75,51.875,58.958333333333336,53.041666666666664,59.375,53.833333333333336,46.208333333333336,58.5,49.291666666666664,57.041666666666664
2005-03-28T00:00:00Z,62.25,48.833333333333336,54.833333333333336,60.666666666666664,60.125,63.083333333333336,62.791666666666664,48.541666666666664,61.625,52.541666666666664,51.958333333333336,57,50.583333333333336,57.875,55.5,57.583333333333336,62.458333333333336,54.541666666666664,61.666666666666664,54.958333333333336,51.375,62.583333333333336,61.375,63.583333333333336
2005-03-29T00:00:00Z,58.458333333333336,55.375,61.041666666666664,59.5,56.25,59.333333333333336,63.875,53.875,61.75,59.75,61.041666666666664,60.333333333333336,61.333333333333336,61.083333333333336,56.166666666666664,60.458333333333336,61.5,61.083333333333336,60.458333333333336,55.208333333333336,59.875,60.625,54.25,61.666666666666664
2005-03-30T00:00:00Z,56.208333333333336,56.541666666666664,63.833333333333336,63.625,52.083333333333336,58.208333333333336,65.29166666666667,59.791666666666664,61.875,61.625,64.41666666666667,62.75,60.208333333333336,60,51.25,61.041666666666664,62.125,60.041666666666664,57.5,63.166666666666664,58.833333333333336,59.666666666666664,50,60.708333333333336
2005-03-31T00:00:00Z,61.083333333333336,56.166666666666664,57.875,60.625,57.125,62.875,63.041666666666664,61.833333333333336,60.541666666666664,58.958333333333336,61.041666666666664,58.25,57.75,59.166666666666664,57.625,58.666666666666664,65.125,57.75,64.04166666666667,61.291666666666664,58.416666666666664,63.75,54.541666666666664,62.791666666666664
2005-04-01T00:00:00Z,60.541666666666664,54.291666666666664,59.041666666666664,64.08333333333333,57.291666666666664,65.625,65.91666666666667,54.166666666666664,64.83333333333333,59.375,58.708333333333336,59.041666666666664,55.666666666666664,58.833333333333336,61.208333333333336,59.625,66,59.416666666666664,66.54166666666667,58.416666666666664,56.083333333333336,66.04166666666667,51.791666666666664,65.41666666666667
2005-04-02T00:00:00Z,60.75,44.416666666666664,53.25,59.666666666666664,60.416666666666664,61.875,62.708333333333336,42.916666666666664,60.75,52.666666666666664,52,55.791666666666664,50.958333333333336,55.833333333333336,58,56.125,61.375,53.5,61.416666666666664,54.625,50.375,61.666666666666664,59.541666666666664,62.208333333333336
2005-04-03T00:00:00Z,55.21739130434783,50.43478260869565,56.30434782608695,56.65217391304348,53.65217391304348,56.52173913043478,60.130434782608695,41.69565217391305,56.65217391304348,54.130434782608695,56.78260869565217,56.82608695652174,54.21739130434783,53.82608695652174,55.82608695652174,55.34782608695652,57.52173913043478,56.26086956521739,56.869565217391305,51.130434782608695,53.26086956521739,57,54,58.21739130434783
2005-04-04T00:00:00Z,59.125,58,61.333333333333336,61.125,58.333333333333336,61.583333333333336,65.33333333333333,54,62.083333333333336,60.541666666666664,62.583333333333336,60.416666666666664,62.75,59.833333333333336,59.416666666666664,59.5,62.833333333333336,60.916666666666664,61.833333333333336,57.583333333333336,61.25,62.083333333333336,58.541666666666664,63.666666666666664
2005-04-05T00:00:00Z,58.666666666666664,57.25,66.33333333333333,63.875,56,59.583333333333336,68.33333333333333,64.125,64.33333333333333,65.33333333333333,66.20833333333333,66.91666666666667,65.25,62.791666666666664,57.291666666666664,59.458333333333336,60.083333333333336,63.5,60.625,68.375,62.958333333333336,61.25,55.416666666666664,62.833333333333336
2005-04-06T00:00:00Z,67.875,61,66.66666666666667,64.25,66.45833333333333,64.875,67.25,67,67.125,67.625,65.95833333333333,69.08333333333333,67.25,67.16666666666667,60.958333333333336,62.916666666666664,63.916666666666664,66.875,65.91666666666667,70.79166666666667,65.375,64.75,67.95833333333333,69.45833333333333
2005-04-07T00:00:00Z,68.66666666666667,58.166666666666664,63.333333333333336,63.333333333333336,67.625,67.125,67.08333333333333,60,67.29166666666667,63.375,62.416666666666664,63.958333333333336,62.375,64.75,63.166666666666664,67.08333333333333,67.20833333333333,64.5,67,66.25,62.583333333333336,67.125,68.54166666666667,68.5
2005-04-08T00:00:00Z,64.66666666666667,56.458333333333336,62.791666666666664,64.41666666666667,61.791666666666664,64.875,68.375,59,68.45833333333333,62.416666666666664,59.875,62.375,61.416666666666664,61.958333333333336,61.416666666666664,66.75,65.45833333333333,63.833333333333336,64.08333333333333,65.375,62.25,66.04166666666667,60.25,67.33333333333333
2005-04-09T00:00:00Z,56.625,59.75,63.291666666666664,59,52.5,56,62.291666666666664,58.833333333333336,62.791666666666664,59.708333333333336,63.416666666666664,61.25,61.833333333333336,57,52.791666666666664,59.833333333333336,60.125,63.166666666666664,56.25,67.54166666666667,60.791666666666664,58.583333333333336,52.5,58.666666666666664
2005-04-10T00:00:00Z,54.25,59.416666666666664,60.958333333333336,56.875,53.666666666666664,55.5,59.666666666666664,62.375,58.458333333333336,59.583333333333336,62.916666666666664,59.125,60.625,56.625,53,57.708333333333336,57.166666666666664,60,55.375,64.66666666666667,60.083333333333336,57.5,52.583333333333336,57
2005-04-11T00:00:00Z,56.916666666666664,63.75,66.95833333333333,58.916666666666664,51.958333333333336,58.083333333333336,63.916666666666664,68.20833333333333,57.166666666666664,67.33333333333333,67.04166666666667,67.54166666666667,66.95833333333333,62.125,53.291666666666664,57.958333333333336,58.208333333333336,66.04166666666667,55.25,71.41666666666667,66.95833333333333,58.208333333333336,49.958333333333336,60.625
2005-04-12T00:00:00Z,48.25,56.833333333333336,59.833333333333336,58.958333333333336,47.583333333333336,53.333333333333336,61.666666666666664,53.666666666666664,53.375,53.083333333333336,59.583333333333336,57.916666666666664,56.541666666666664,49.416666666666664,51,52.208333333333336,58.541666666666664,59.375,55.083333333333336,61.583333333333336,52.416666666666664,56.416666666666664,46.208333333333336,52.625
2005-04-13T00:00:00Z,46,47.708333333333336,47.166666666666664,52.291666666666664,46.333333333333336,50.625,53.375,45.166666666666664,47.208333333333336,44.541666666666664,48.875,47.208333333333336,45.333333333333336,44.291666666666664,51.541666666666664,51.208333333333336,55.291666666666664,46.041666666666664,54.25,50,44.791666666666664,53.541666666666664,46.25,49.541666666666664
2005-04-14T00:00:00Z,51.208333333333336,50.416666666666664,52.083333333333336,48,49.5,50.875,49.291666666666664,44.208333333333336,50.458333333333336,52.291666666666664,52.833333333333336,52.083333333333336,53.791666666666664,50.708333333333336,48.583333333333336,45.333333333333336,46.125,52.791666666666664,51.041666666666664,45.416666666666664,43.5,49.041666666666664,49.041666666666664,52.625
2005-04-15T00:00:00Z,49.458333333333336,53.208333333333336,54.916666666666664,51.5,45.916666666666664,47.583333333333336,53.291666666666664,52.958333333333336,50.083333333333336,53.125,56.25,54.916666666666664,54.958333333333336,49.583333333333336,47.375,51.791666666666664,50.583333333333336,55.166666666666664,48.25,59.166666666666664,54.583333333333336,49.291666666666664,46.416666666666664,50.375
2005-04-16T00:00:00Z,48.041666666666664,51.375,52.75,49.708333333333336,46.291666666666664,47.583333333333336,52.416666666666664,51.083333333333336,49.708333333333336,50.75,54.125,52.083333333333336,52.375,48.291666666666664,47.083333333333336,50.5,49.916666666666664,51.833333333333336,48.666666666666664,56.083333333333336,52.333333333333336,48.875,46.291666666666664,50.125
2005-04-17T00:00:00Z,50.375,52.708333333333336,55.083333333333336,53.25,50.625,49.916666666666664,55.625,58.083333333333336,52.916666666666664,55.458333333333336,56.958333333333336,54.625,54.791666666666664,53.541666666666664,47.666666666666664,53.625,51,53.333333333333336,50.666666666666664,58.291666666666664,54.583333333333336,51.291666666666664,53.583333333333336,53.166666666666664
2005-04-18T00:00:00Z,60.583333333333336,58.416666666666664,63.583333333333336,58.791666666666664,59.208333333333336,58.833333333333336,63.458333333333336,62.666666666666664,61.791666666666664,63.416666666666664,64.875,62.583333333333336,64.125,61.916666666666664,54.041666666666664,59.958333333333336,58.75,62.291666666666664,55.416666666666664,66.66666666666667,62,58.166666666666664,60.208333333333336,62.375
2005-04-19T00:00:00Z,67.25,62.041666666666664,68.54166666666667,64.08333333333333,63.791666666666664,65.66666666666667,69.45833333333333,66.66666666666667,68.58333333333333,68.5,68.16666666666667,68.125,68.08333333333333,67.29166666666667,56.416666666666664,65.91666666666667,66.45833333333333,67.79166666666667,61.625,70.33333333333333,66.04166666666667,64.79166666666667,67.125,70.625
2005-04-20T00:00:00Z,71.25,62.833333333333336,69,68.41666666666667,69.79166666666667,69.41666666666667,73.04166666666667,69.33333333333333,73,70.08333333333333,69.08333333333333,71.20833333333333,69.29166666666667,67.5,57.208333333333336,70.08333333333333,70,69.75,63.208333333333336,73.83333333333333,67.5,69.66666666666667,72.70833333333333,73.33333333333333
2005-04-21T00:00:00Z,67.5,59.791666666666664,68.875,69.75,64.66666666666667,71.875,73.33333333333333,68.25,72.79166666666667,69.20833333333333,68.75,70.875,66.66666666666667,67.75,58.166666666666664,70.25,70.41666666666667,69.25,64.25,70.16666666666667,63.875,70.25,63.75,72.83333333333333
2005-04-22T00:00:00Z,65.45833333333333,57.083333333333336,65.20833333333333,67.75,65.33333333333333,67.54166666666667,72.08333333333333,60.208333333333336,68.58333333333333,64.16666666666667,62.875,66.54166666666667,61.333333333333336,63.375,59.791666666666664,64.45833333333333,70.16666666666667,64.875,65,65.625,60.166666666666664,68.375,57.791666666666664,69.70833333333333
2005-04-23T00:00:00Z,65,47.625,58.458333333333336,65.70833333333333,65.375,66.83333333333333,67.45833333333333,49.041666666666664,65.625,57.791666666666664,57.5,60.041666666666664,54.875,58.958333333333336,60.25,58.958333333333336,67.25,58.708333333333336,64.625,59.5,54.375,66.20833333333333,64.875,66.66666666666667
2005-04-24T00:00:00Z,47.916666666666664,39,45.375,49,48.833333333333336,48.75,51.583333333333336,36.291666666666664,51.125,43.416666666666664,46.708333333333336,44.708333333333336,42.875,43.416666666666664,53.041666666666664,44.833333333333336,51.833333333333336,45.958333333333336,52.583333333333336,47.75,42.458333333333336,50.083333333333336,49.75,49.875
2005-04-25T00:00:00Z,53.166666666666664,51.125,51.833333333333336,52.833333333333336,54.083333333333336,53.666666666666664,55.125,51.041666666666664,54.208333333333336,52.875,52.75,53.458333333333336,54.666666666666664,46.875,57.125,51.375,55.083333333333336,54.166666666666664,56.25,48.75,45.375,54.208333333333336,54.416666666666664,55.791666666666664
2005-04-26T00:00:00Z,57.333333333333336,46.958333333333336,53.916666666666664,59.75,59.458333333333336,61.25,62.583333333333336,49.833333333333336,60.541666666666664,54.333333333333336,52.708333333333336,56.208333333333336,52.291666666666664,54.75,63.625,53.583333333333336,61.833333333333336,54.416666666666664,62.5,55.75,51.166666666666664,61.166666666666664,58.541666666666664,61.5
2005-04-27T00:00:00Z,64.5,49.5,55.958333333333336,64.20833333333333,64.5,66.66666666666667,66.83333333333333,48,65.29166666666667,56.25,56.125,58.708333333333336,54.583333333333336,58.916666666666664,65.16666666666667,58.833333333333336,68.08333333333333,57.541666666666664,65.375,57.791666666666664,53.25,67,64.41666666666667,66.45833333333333
2005-04-28T00:00:00Z,58.708333333333336,48.583333333333336,54.25,57.833333333333336,58.458333333333336,59.458333333333336,62.458333333333336,49.583333333333336,60.5,54.583333333333336,54.833333333333336,54.666666666666664,53.291666666666664,55.583333333333336,60.083333333333336,55.541666666666664,60.291666666666664,54.541666666666664,59.708333333333336,56.5,51.291666666666664,59.125,59.291666666666664,61.375
2005-04-29T00:00:00Z,58.833333333333336,60.541666666666664,62.291666666666664,63.125,60.291666666666664,62.25,66.375,55.666666666666664,63.791666666666664,58.083333333333336,64.16666666666667,60,57.666666666666664,57.916666666666664,64.41666666666667,56.75,65.625,62.583333333333336,64.04166666666667,61.791666666666664,55.25,62.875,59.583333333333336,64.08333333333333
2005-04-30T00:00:00Z,70.5,59.583333333333336,63.333333333333336,69.79166666666667,70.04166666666667,70.29166666666667,72.16666666666667,61.5,71.16666666666667,63.583333333333336,62.166666666666664,65.41666666666667,61.625,64.95833333333333,68.25,65.04166666666667,70.95833333333333,65,67.16666666666667,65.625,60.833333333333336,69.91666666666667,70.29166666666667,73.25
2005-05-01T00:00:00Z,60.916666666666664,52.541666666666664,60.583333333333336,63.541666666666664,62.25,61.833333333333336,66.45833333333333,52.833333333333336,63.458333333333336,59.208333333333336,59.541666666666664,59.541666666666664,57.75,58.291666666666664,62,58.625,64.45833333333333,60.416666666666664,63,62.666666666666664,57.125,63.458333333333336,61.208333333333336,63.458333333333336
2005-05-02T00:00:00Z,57.25,51.541666666666664,58.416666666666664,61.708333333333336,57.958333333333336,60.416666666666664,65,51.5,59.958333333333336,55.916666666666664,58.791666666666664,56.791666666666664,56.041666666666664,55,63.541666666666664,55.375,61.5,57.541666666666664,61.166666666666664,59.708333333333336,52.625,61.75,58.583333333333336,59.916666666666664
2005-05-03T00:00:00Z,57,52.041666666666664,56.375,59.416666666666664,54.583333333333336,58.75,61.25,50.75,57.916666666666664,54.458333333333336,57.125,56.833333333333336,54.5,54.791666666666664,57.541666666666664,55.5,59.833333333333336,54.583333333333336,60.125,59.083333333333336,52.375,59.958333333333336,54.75,58.333333333333336
2005-05-04T00:00:00Z,56.291666666666664,53,59.416666666666664,60.708333333333336,56.5,60.583333333333336,62.75,52.166666666666664,60.625,56.333333333333336,58.916666666666664,58,56.833333333333336,55.375,60.75,56.458333333333336,61.25,58.416666666666664,61.083333333333336,61.208333333333336,56.125,61.625,54.375,60.625
2005-05-05T00:00:00Z,57.875,50.333333333333336,56.291666666666664,54.416666666666664,56.458333333333336,58.125,57.625,49.75,56,54.041666666666664,54.875,56.375,53.208333333333336,54.291666666666664,59.166666666666664,55.166666666666664,58.458333333333336,55.791666666666664,60.125,57.708333333333336,54.291666666666664,58.875,55.166666666666664,57.833333333333336
2005-05-06T00:00:00Z,49.291666666666664,57.375,56.041666666666664,51.25,51.708333333333336,51.416666666666664,52.958333333333336,51.041666666666664,49.291666666666664,52.125,59.5,52.666666666666664,57.625,47.5,56.041666666666664,49,51.625,56.666666666666664,54.25,58.208333333333336,56.708333333333336,51.791666666666664,51.166666666666664,53
2005-05-07T00:00:00Z,58,57.791666666666664,62.291666666666664,56.583333333333336,58.458333333333336,57.791666666666664,52.416666666666664,62.625,59.958333333333336,60,64.08333333333333,59.958333333333336,62.875,51.25,57.75,57.583333333333336,60.291666666666664,61.375,58.25,64.66666666666667,60.333333333333336,58.958333333333336,58.125,60.5
2005-05-08T00:00:00Z,62.166666666666664,62.583333333333336,68.70833333333333,66.41666666666667,61.458333333333336,62.708333333333336,69.125,67.70833333333333,64.95833333333333,67.08333333333333,70.375,66.04166666666667,69.66666666666667,62.458333333333336,62.625,62.916666666666664,67.70833333333333,67.75,64.875,73.20833333333333,67.04166666666667,64.70833333333333,60.75,64.83333333333333
2005-05-09T00:00:00Z,62.375,64.58333333333333,70,66.70833333333333,59,64.375,70.20833333333333,66.875,66.125,66.625,70.58333333333333,65.20833333333333,67.41666666666667,63.833333333333336,59.541666666666664,64.25,66.45833333333333,66.08333333333333,64.375,69.66666666666667,64.5,64.91666666666667,59.125,66.125
2005-05-10T00:00:00Z,63.791666666666664,60.791666666666664,67.20833333333333,68.16666666666667,58.25,63.208333333333336,70,66.04166666666667,67.16666666666667,68.45833333333333,65.375,67.125,64.16666666666667,66.95833333333333,57.291666666666664,65.83333333333333,66.875,65.20833333333333,62.25,68.66666666666667,65.625,65,57.083333333333336,66.70833333333333
2005-05-11T00:00:00Z,68.45833333333333,64.70833333333333,69.25,69.125,65.5,67,72.66666666666667,67.54166666666667,70.33333333333333,70.45833333333333,68.91666666666667,68.91666666666667,69.08333333333333,70.375,62,69.91666666666667,69,69.45833333333333,66,72.16666666666667,70.125,68.08333333333333,66.16666666666667,71.625
2005-05-12T00:00:00Z,73.83333333333333,67.58333333333333,72.95833333333333,73.70833333333333,69.08333333333333,72.70833333333333,78.25,72.875,74.75,72.45833333333333,73.66666666666667,71.625,71.83333333333333,71.54166666666667,66,71.75,73.70833333333333,72.375,69.79166666666667,75.91666666666667,70.95833333333333,72.875,67.58333333333333,74.625
2005-05-13T00:00:00Z,61.5,64.375,66.25,67.91666666666667,58.791666666666664,62.416666666666664,68.375,61.958333333333336,62.916666666666664,64.91666666666667,69.41666666666667,65.25,65.375,60.791666666666664,59.041666666666664,63,65.875,66,63,71.08333333333333,63,63.75,57.083333333333336,62.708333333333336
2005-05-14T00:00:00Z,69.625,66.75,70.91666666666667,69.20833333333333,68.70833333333333,69.33333333333333,70.91666666666667,63.416666666666664,70.66666666666667,69.41666666666667,69.41666666666667,70.83333333333333,67.875,64.45833333333333,63.583333333333336,70,70.66666666666667,70.95833333333333,67.66666666666667,69.58333333333333,64.75,69.41666666666667,69.375,70.66666666666667
2005-05-15T00:00:00Z,71.33333333333333,59.875,66.41666666666667,71,71.625,72.5,74,62.25,72.95833333333333,66.45833333333333,64.58333333333333,70.625,64,68.04166666666667,66.75,69.83333333333333,73.45833333333333,66.29166666666667,70.41666666666667,67.125,63.75,72.625,70.875,73.33333333333333
2005-05-16T00:00:00Z,67.25,57.958333333333336,65.5,68.125,65.79166666666667,68.54166666666667,71.375,58.833333333333336,68.95833333333333,63.75,63.541666666666664,66.45833333333333,62.166666666666664,65,66.29166666666667,65.45833333333333,69.41666666666667,62.791666666666664,69.20833333333333,66.33333333333333,61.041666666666664,69.54166666666667,64.83333333333333,69.54166666666667
2005-05-17T00:00:00Z,64.375,60.833333333333336,67.625,67.58333333333333,63.208333333333336,66.29166666666667,70.45833333333333,60.875,68.04166666666667,63.75,66.58333333333333,66.125,64.125,63.833333333333336,61.458333333333336,65.29166666666667,67.375,64.625,66.20833333333333,68.875,62.041666666666664,67.95833333333333,62.375,67.83333333333333
2005-05-18T00:00:00Z,64.08333333333333,65.125,69.45833333333333,66.375,63.333333333333336,65.875,69.33333333333333,67.25,67.5,68.83333333333333,69.58333333333333,69.29166666666667,67.95833333333333,67.5,65.75,67.79166666666667,65.875,67.91666666666667,66.95833333333333,72.54166666666667,66.08333333333333,66.5,63.25,68.25
2005-05-19T00:00:00Z,64.91666666666667,65.91666666666667,69.95833333333333,68.08333333333333,62.625,65.29166666666667,72.33333333333333,68.25,67.625,68.83333333333333,70.75,74.33333333333333,67.125,66.125,63.875,66.5,68.75,70.625,68.58333333333333,70.83333333333333,66.45833333333333,67.875,63.458333333333336,69.5
2005-05-20T00:00:00Z,66.25,61.666666666666664,64.83333333333333,67.5,66.54166666666667,68.375,70.25,63.041666666666664,69.79166666666667,64.125,64.41666666666667,69.91666666666667,64,63.375,66.16666666666667,64.29166666666667,70.04166666666667,65.45833333333333,69.41666666666667,68.33333333333333,63.125,68.66666666666667,65.375,69.54166666666667
2005-05-21T00:00:00Z,61.25,60,61.958333333333336,57.666666666666664,60.041666666666664,59.916666666666664,62.208333333333336,60.125,62.625,59.791666666666664,63.375,63.708333333333336,61.916666666666664,60.208333333333336,57.333333333333336,58.708333333333336,58.791666666666664,62.166666666666664,59.833333333333336,65.875,61.041666666666664,59.5,59.041666666666664,62.541666666666664
2005-05-22T00:00:00Z,65.83333333333333,64.66666666666667,65.25,64.875,64.58333333333333,65.33333333333333,68.125,64.33333333333333,68.20833333333333,66.29166666666667,67.25,68.625,65.04166666666667,65.29166666666667,62.333333333333336,65.75,64.91666666666667,66.125,63.958333333333336,69.66666666666667,64.625,64.79166666666667,65.91666666666667,68.375
2005-05-23T00:00:00Z,70.29166666666667,66.83333333333333,71.625,73.625,67.41666666666667,71.58333333333333,75.125,67.58333333333333,72.625,70.54166666666667,73.04166666666667,74.125,70.91666666666667,68.625,65.66666666666667,69.83333333333333,73.58333333333333,72.16666666666667,69.75,75.04166666666667,67.95833333333333,71.875,66.04166666666667,72.375
2005-05-24T00:00:00Z,61.166666666666664,59.875,64.91666666666667,65.625,58.833333333333336,65.625,68.45833333333333,58.125,65.875,59.833333333333336,66.66666666666667,66.125,63.75,59.125,61.166666666666664,61.041666666666664,66.375,64.58333333333333,65.04166666666667,66.875,58.708333333333336,66,57.625,64.91666666666667
2005-05-25T00:00:00Z,56.083333333333336,57.125,59.916666666666664,59,54.416666666666664,58.125,62.666666666666664,55,59.916666666666664,59.5,60.833333333333336,63.333333333333336,59.166666666666664,57.541666666666664,55.833333333333336,59.333333333333336,60.833333333333336,60.833333333333336,59,63.083333333333336,59.666666666666664,59.125,54.083333333333336,58.958333333333336
2005-05-26T00:00:00Z,65.625,61.625,65.95833333333333,66.375,63.125,66.16666666666667,70.625,62.708333333333336,69,67,66.83333333333333,67.83333333333333,65.95833333333333,64.83333333333333,63.625,66.54166666666667,68.5,65.20833333333333,66.16666666666667,68.70833333333333,66.375,67.33333333333333,62.458333333333336,68.625
2005-05-27T00:00:00Z,70.20833333333333,64.08333333333333,70.375,70.70833333333333,71,71.125,75.04166666666667,67.25,73.33333333333333,69.91666666666667,70.75,72.95833333333333,70,69.29166666666667,65.45833333333333,69.54166666666667,72.83333333333333,70,69.75,72.33333333333333,66.20833333333333,71.70833333333333,71.91666666666667,73.83333333333333
2005-05-28T00:00:00Z,70.33333333333333,59.083333333333336,67.33333333333333,73.625,70.5,74.45833333333333,77.125,64.375,73.70833333333333,68.66666666666667,67.25,70.875,65.45833333333333,67.54166666666667,67.33333333333333,67.91666666666667,75.83333333333333,67,71.29166666666667,67.25,63.875,75.75,69.25,73.70833333333333
2005-05-29T00:00:00Z,67.08333333333333,57.458333333333336,66.33333333333333,71.20833333333333,68.5,72.5,75.29166666666667,63.5,71.5,67.20833333333333,65.66666666666667,70.58333333333333,64.66666666666667,65.875,70.5,66.95833333333333,73.375,64.875,72.16666666666667,66.04166666666667,62.75,72.29166666666667,68.41666666666667,72.16666666666667
2005-05-30T00:00:00Z,68.33333333333333,61.708333333333336,62.708333333333336,63,69.25,66.33333333333333,66,64.66666666666667,68.16666666666667,67.79166666666667,62.5,69.95833333333333,65.79166666666667,67.08333333333333,68.04166666666667,67.25,65.83333333333333,65.16666666666667,67.70833333333333,70.29166666666667,65.66666666666667,67.25,68.20833333333333,70.375
2005-05-31T00:00:00Z,67.33333333333333,63.041666666666664,67.625,67.20833333333333,66.04166666666667,69.08333333333333,68.58333333333333,64.16666666666667,70.625,66.625,65.5,72.625,66.33333333333333,66.08333333333333,68.08333333333333,67.5,68.29166666666667,66.91666666666667,69.375,71.20833333333333,67.45833333333333,65.41666666666667,66.04166666666667,70.95833333333333
2005-06-01T00:00:00Z,62.125,57.708333333333336,62.375,64.125,62.541666666666664,65.16666666666667,66.33333333333333,57.583333333333336,64.375,62.041666666666664,59.875,66.91666666666667,59.833333333333336,61.208333333333336,65.75,63.125,67,61.416666666666664,67.08333333333333,63.375,61.125,68,63.375,65.58333333333333
2005-06-02T00:00:00Z,62.916666666666664,57.583333333333336,61.916666666666664,69.79166666666667,62.125,67.91666666666667,68.75,58.416666666666664,64.375,59.416666666666664,59.875,65.41666666666667,58.75,60.333333333333336,65.45833333333333,60.791666666666664,71.20833333333333,61.541666666666664,70.41666666666667,63.583333333333336,59.25,69.875,61.041666666666664,64.70833333333333
2005-06-03T00:00:00Z,67,61.291666666666664,65.45833333333333,71.04166666666667,70.5,73.79166666666667,72.66666666666667,61.666666666666664,68.70833333333333,63.125,63.041666666666664,69.29166666666667,62.75,63.25,68.125,64.95833333333333,74.5,64.70833333333333,72.95833333333333,67.125,63.083333333333336,73.25,66.04166666666667,68.58333333333333
2005-06-04T00:00:00Z,70.54166666666667,70.375,73.33333333333333,73.66666666666667,70.5,74.41666666666667,77.29166666666667,66.66666666666667,75.16666666666667,72.04166666666667,73.70833333333333,76.75,70.95833333333333,70.75,69.45833333333333,71.58333333333333,74.66666666666667,72.58333333333333,72.95833333333333,68.25,70.5,74.33333333333333,69.375,75.75
2005-06-05T00:00:00Z,77.29166666666667,71.95833333333333,77.375,75.54166666666667,74.16666666666667,76,79.91666666666667,73.29166666666667,78.58333333333333,76.66666666666667,77.58333333333333,80.91666666666667,76.33333333333333,75.625,70.29166666666667,75.75,77.08333333333333,76.41666666666667,74.54166666666667,79.375,76.375,76,74,78.70833333333333
2005-06-06T00:00:00Z,79.375,71.20833333333333,77.70833333333333,76.45833333333333,76.08333333333333,74.625,80.29166666666667,73.83333333333333,79.41666666666667,79.54166666666667,75.70833333333333,82.375,76.16666666666667,78.91666666666667,74.125,78.33333333333333,77.95833333333333,78.25,75.625,78.29166666666667,76.625,76.625,77.08333333333333,80.41666666666667
2005-06-07T00:00:00Z,76.20833333333333,71.91666666666667,74.58333333333333,77.5,76.29166666666667,77.08333333333333,79.91666666666667,71.20833333333333,77.29166666666667,75.83333333333333,74.91666666666667,78.95833333333333,73.75,75.125,76.83333333333333,75.95833333333333,78.41666666666667,75.25,76.625,78.04166666666667,74.25,77.16666666666667,77.5,78.125
2005-06-08T00:00:00Z,72.625,69.54166666666667,73,75.5,76.91666666666667,75.45833333333333,78.54166666666667,71.29166666666667,76.29166666666667,74.04166666666667,73.83333333333333,78.125,72.91666666666667,74.75,77.5,73.95833333333333,76.875,73.91666666666667,77.45833333333333,77.125,73.08333333333333,77.04166666666667,78.875,76.70833333333333
2005-06-09T00:00:00Z,75.54166666666667,72.33333333333333,76.25,76.70833333333333,77.20833333333333,75.5,77.70833333333333,72.79166666666667,77.33333333333333,74.83333333333333,73.75,79.83333333333333,74.5,74.70833333333333,77.91666666666667,75.125,78.25,75.45833333333333,77.33333333333333,78.79166666666667,73.70833333333333,77.83333333333333,77.20833333333333,79.20833333333333
2005-06-10T00:00:00Z,78.58333333333333,71.75,76.16666666666667,75.875,77.5,76.33333333333333,79.375,72.375,78.16666666666667,76.25,74.79166666666667,81.25,73.95833333333333,77.08333333333333,78.125,77.29166666666667,77.625,75.04166666666667,77.04166666666667,80,75.25,76.91666666666667,77.54166666666667,79.79166666666667
2005-06-11T00:00:00Z,76.29166666666667,69.79166666666667,75.29166666666667,73.70833333333333,74.83333333333333,74.04166666666667,76.875,70.45833333333333,75.33333333333333,75.75,73.79166666666667,79.08333333333333,74,75.25,78.66666666666667,74.70833333333333,75.08333333333333,75.83333333333333,75.91666666666667,78.91666666666667,74.41666666666667,75.04166666666667,76.25,76.625
2005-06-12T00:00:00Z,79.45833333333333,69.45833333333333,77.41666666666667,77.16666666666667,78.20833333333333,77.41666666666667,80.125,70.16666666666667,79.08333333333333,75.625,74.875,80.66666666666667,74.83333333333333,76.79166666666667,79.83333333333333,76.625,78.08333333333333,77.5,78.08333333333333,79.95833333333333,74.33333333333333,75.66666666666667,78.41666666666667,80.41666666666667
2005-06-13T00:00:00Z,80.79166666666667,74.45833333333333,77.625,78.625,80.29166666666667,78.875,82.58333333333333,75.83333333333333,81.375,77.83333333333333,78.95833333333333,83.08333333333333,76.91666666666667,78.91666666666667,78.75,78.58333333333333,79.91666666666667,79.66666666666667,78.625,82.66666666666667,76.08333333333333,77.79166666666667,81.04166666666667,83
2005-06-14T00:00:00Z,82.95833333333333,74.91666666666667,79.58333333333333,79.75,82.5,81.29166666666667,83.45833333333333,79.875,83.04166666666667,80.54166666666667,80.54166666666667,85.29166666666667,78.83333333333333,82.08333333333333,75.66666666666667,81.375,81.29166666666667,80.45833333333333,79.625,83,78.45833333333333,80.5,84.91666666666667,84.83333333333333
2005-06-15T00:00:00Z,82.45833333333333,74.625,80.45833333333333,82.5,83.08333333333333,82.66666666666667,86.20833333333333,76.16666666666667,85.375,80.04166666666667,80.83333333333333,84.75,79.45833333333333,80.29166666666667,76.95833333333333,80.29166666666667,83.875,80.625,79.875,84.58333333333333,77.54166666666667,82.58333333333333,84.70833333333333,85.66666666666667
2005-06-16T00:00:00Z,78.5,70.08333333333333,75.20833333333333,79.125,79.45833333333333,80.20833333333333,82.79166666666667,70.91666666666667,81.54166666666667,75.83333333333333,76.04166666666667,79.41666666666667,74.91666666666667,75.875,77.83333333333333,76.41666666666667,81.95833333333333,74.5,80.25,73.70833333333333,72.875,80.70833333333333,81.16666666666667,82
2005-06-17T00:00:00Z,71.75,67.79166666666667,71.83333333333333,73.875,74.29166666666667,74.33333333333333,77.70833333333333,67.08333333333333,74.625,71.625,73.45833333333333,73.79166666666667,70.91666666666667,70.875,75.83333333333333,70.20833333333333,74.125,70.70833333333333,75.29166666666667,70.33333333333333,68.66666666666667,74.5,74.45833333333333,74.79166666666667
2005-06-18T00:00:00Z,71.33333333333333,62.333333333333336,73.33333333333333,74,72.45833333333333,72.95833333333333,76.125,64.5,73.125,71.375,73.04166666666667,75.08333333333333,70,70.08333333333333,73.29166666666667,71.20833333333333,74.25,71.5,74.58333333333333,68.5,67.5,71.95833333333333,73.125,73.625
2005-06-19T00:00:00Z,71.16666666666667,64.33333333333333,67,73.08333333333333,71.41666666666667,73.58333333333333,75.625,66.125,73.25,70.54166666666667,68.91666666666667,74.58333333333333,65.66666666666667,65.75,72.33333333333333,70.08333333333333,73.33333333333333,66.91666666666667,73.95833333333333,68.95833333333333,67.70833333333333,70.95833333333333,71.125,73.83333333333333
2005-06-20T00:00:00Z,67.375,59.916666666666664,67.875,69.04166666666667,67.20833333333333,69.41666666666667,71.70833333333333,63.5,69.16666666666667,68.79166666666667,67.08333333333333,72.66666666666667,65.41666666666667,66.125,68.79166666666667,68.375,70.66666666666667,67.875,70.5,65.33333333333333,66.54166666666667,70.29166666666667,66.08333333333333,69.08333333333333
2005-06-21T00:00:00Z,68.33333333333333,62,70.08333333333333,69.20833333333333,68.125,69.58333333333333,73.33333333333333,69.08333333333333,71.375,70.25,68.41666666666667,74.58333333333333,68.95833333333333,69.41666666666667,69.29166666666667,69.20833333333333,69.875,70.375,68.83333333333333,69.66666666666667,67.70833333333333,69.54166666666667,69.625,71.125
2005-06-22T00:00:00Z,76.58333333333333,67.41666666666667,74.5,76.58333333333333,75.75,76.54166666666667,79.95833333333333,72.95833333333333,79,75.83333333333333,74.75,79.83333333333333,74,74.04166666666667,74.91666666666667,74.125,77.70833333333333,73.75,76.125,74.29166666666667,72.83333333333333,76.5,75.79166666666667,78.95833333333333
2005-06-23T00:00:00Z,76.08333333333333,70.25,77.25,76.83333333333333,72.375,76.70833333333333,80.29166666666667,71.875,79.20833333333333,75.33333333333333,76.875,78.70833333333333,75,74.41666666666667,75.75,74.45833333333333,77.58333333333333,75.25,77.16666666666667,75.41666666666667,73.70833333333333,76.70833333333333,72.375,78.08333333333333
2005-06-24T00:00:00Z,74.08333333333333,69.41666666666667,77.70833333333333,75.20833333333333,73.79166666666667,76.08333333333333,78.54166666666667,72.33333333333333,77,76.75,76.08333333333333,78.25,74.04166666666667,75.25,76.875,75.08333333333333,75.75,74.08333333333333,77,76,73.70833333333333,75.70833333333333,73.875,76.91666666666667
2005-06-25T00:00:00Z,75.20833333333333,69.58333333333333,76.45833333333333,71.75,75.375,75.625,75.04166666666667,71.54166666666667,77.91666666666667,75.95833333333333,75.29166666666667,77.33333333333333,73.04166666666667,75.58333333333333,77.08333333333333,74.66666666666667,74.20833333333333,73.83333333333333,75.75,74.5,73.95833333333333,73.125,75.54166666666667,77.75
2005-06-26T00:00:00Z,76.5,68.45833333333333,75.29166666666667,77.375,74,78.16666666666667,80.33333333333333,72,78.5,76.45833333333333,73.875,79.20833333333333,75.41666666666667,73.58333333333333,75.5,76,79.20833333333333,75.375,77.875,76.16666666666667,74.91666666666667,77.54166666666667,73.58333333333333,79.875
2005-06-27T00:00:00Z,80.54166666666667,72.54166666666667,77.33333333333333,79.08333333333333,78.54166666666667,79.875,82.75,74.5,81.04166666666667,76.875,75.83333333333333,81.75,76.20833333333333,77.16666666666667,78.41666666666667,77.875,80.70833333333333,77.04166666666667,80.04166666666667,76.625,75.625,79.33333333333333,79.625,84.16666666666667
2005-06-28T00:00:00Z,80.83333333333333,70.125,72.625,74.54166666666667,79.125,77.33333333333333,77.16666666666667,73.375,76.125,73.41666666666667,73.95833333333333,75.5,72.75,75.20833333333333,78.375,74.70833333333333,79,73.54166666666667,79.33333333333333,74.20833333333333,72.79166666666667,76.54166666666667,79.70833333333333,78.45833333333333
2005-06-29T00:00:00Z,78.29166666666667,72.45833333333333,75.79166666666667,75.04166666666667,73.5,74.95833333333333,78,74.29166666666667,76.95833333333333,75.79166666666667,75.79166666666667,77.33333333333333,74.54166666666667,76.16666666666667,76.125,75.54166666666667,75.66666666666667,76.45833333333333,75.83333333333333,76.29166666666667,73.95833333333333,75.79166666666667,73.58333333333333,76.5
2005-06-30T00:00:00Z,80.95833333333333,75.04166666666667,78.75,81.08333333333333,76.41666666666667,79.20833333333333,83.5,77.04166666666667,80.95833333333333,79.70833333333333,79.125,81.91666666666667,77.75,79,77.58333333333333,79.91666666666667,79.125,79.58333333333333,78.29166666666667,79.125,76.16666666666667,78.95833333333333,77.5,80.95833333333333
2005-07-01T00:00:00Z,85.125,74.33333333333333,78.70833333333333,81.75,81.41666666666667,81.41666666666667,86.70833333333333,78.625,83.625,79.41666666666667,78.79166666666667,81.54166666666667,76.95833333333333,82,79.04166666666667,81.45833333333333,82.625,78.95833333333333,80.375,79.04166666666667,75.66666666666667,82.04166666666667,83.45833333333333,84.91666666666667
2005-07-02T00:00:00Z,83.45833333333333,71.83333333333333,77.45833333333333,82.875,76.58333333333333,79.33333333333333,83.45833333333333,74.125,80.29166666666667,78.95833333333333,78.125,80.04166666666667,74.375,78.29166666666667,78.375,79.29166666666667,81.875,77.04166666666667,80.20833333333333,75.91666666666667,75.83333333333333,80.16666666666667,77.95833333333333,83.25
2005-07-03T00:00:00Z,74.04166666666667,70.125,75.83333333333333,81.375,75.04166666666667,77.58333333333333,80.5,71.79166666666667,77.20833333333333,75.79166666666667,75.04166666666667,78.33333333333333,73.83333333333333,76.5,76.04166666666667,77.29166666666667,77.70833333333333,76,78.16666666666667,75.91666666666667,75.58333333333333,78.45833333333333,74.5,79.25
2005-07-04T00:00:00Z,80.125,72,77.95833333333333,80.58333333333333,75.375,78.375,82.66666666666667,73.79166666666667,79.625,75.79166666666667,76.70833333333333,78.70833333333333,75.875,78.04166666666667,75.66666666666667,77.875,78.70833333333333,77.625,78.125,78.04166666666667,76.375,78.125,74.45833333333333,81.04166666666667
2005-07-05T00:00:00Z,80.75,74.70833333333333,78.54166666666667,82.45833333333333,77.29166666666667,80.70833333333333,87.33333333333333,76.16666666666667,83.04166666666667,77.5,80.04166666666667,80.625,77.45833333333333,80.45833333333333,78.25,79.875,81.70833333333333,78.79166666666667,79.91666666666667,78.79166666666667,76.04166666666667,81.91666666666667,76.91666666666667,82.41666666666667
2005-07-06T00:00:00Z,84.625,70.75,77.41666666666667,84,80.41666666666667,84,87.04166666666667,74.16666666666667,84.20833333333333,79.375,77.75,80.70833333333333,76.58333333333333,80.5,81.95833333333333,80.16666666666667,84.25,77.91666666666667,82.58333333333333,77.125,77.54166666666667,83.16666666666667,79.5,84.33333333333333
2005-07-07T00:00:00Z,82.95833333333333,67.16666666666667,77.66666666666667,83.08333333333333,80.41666666666667,83.41666666666667,86.79166666666667,65.29166666666667,83.625,75.91666666666667,72.45833333333333,79.29166666666667,71,78,81.75,79.20833333333333,83.83333333333333,75,82.875,71.54166666666667,73,81.95833333333333,79.20833333333333,85.54166666666667
2005-07-08T00:00:00Z,81.58333333333333,69.45833333333333,75.5,81.91666666666667,79.70833333333333,82.625,83.54166666666667,68.95833333333333,80.08333333333333,75.29166666666667,74.83333333333333,76.70833333333333,73.91666666666667,75.54166666666667,81.45833333333333,75.08333333333333,82.91666666666667,74.91666666666667,82.5,73.41666666666667,74.16666666666667,82.375,78.95833333333333,81.75
2005-07-09T00:00:00Z,82.20833333333333,71,77.79166666666667,77.91666666666667,78,78.875,81.625,70.45833333333333,78.125,78.08333333333333,77.45833333333333,79.45833333333333,76.33333333333333,77,79.45833333333333,77.83333333333333,79.25,77.95833333333333,79.79166666666667,74.20833333333333,75.91666666666667,78.5,79.95833333333333,81.41666666666667
2005-07-10T00:00:00Z,84.16666666666667,72.16666666666667,77.83333333333333,79.16666666666667,78.58333333333333,79.29166666666667,81.25,72.29166666666667,80.45833333333333,79.95833333333333,76.29166666666667,81.20833333333333,77.66666666666667,79.08333333333333,79.75,78.66666666666667,78.04166666666667,78.41666666666667,79.45833333333333,75.875,79.33333333333333,78.16666666666667,80.58333333333333,83.08333333333333
2005-07-11T00:00:00Z,84.375,71.70833333333333,79.54166666666667,81.125,79.91666666666667,79.16666666666667,82.95833333333333,71.625,79.91666666666667,77.83333333333333,77.41666666666667,80.5,76.625,78.375,81.125,77.875,79.95833333333333,78.29166666666667,80.20833333333333,75.83333333333333,77.375,79.45833333333333,81.66666666666667,82.45833333333333
2005-07-12T00:00:00Z,82.25,73.95833333333333,78.83333333333333,80.33333333333333,81.16666666666667,80.54166666666667,85.375,75.75,81.29166666666667,81.41666666666667,78,84.45833333333333,77.79166666666667,80.75,82.20833333333333,81.66666666666667,81.875,79.625,82.25,77.75,79.70833333333333,81.83333333333333,83.95833333333333,81.5
2005-07-13T00:00:00Z,82.79166666666667,71.29166666666667,77.20833333333333,80.08333333333333,77.54166666666667,76.625,82.83333333333333,72.5,78.91666666666667,77.95833333333333,75.875,82.33333333333333,74.20833333333333,80.25,76.08333333333333,78,78.83333333333333,76.83333333333333,78.375,73.41666666666667,76.29166666666667,77.20833333333333,78.66666666666667,78.91666666666667
2005-07-14T00:00:00Z,79.70833333333333,72.29166666666667,75.16666666666667,81.29166666666667,77.41666666666667,76.125,82.625,70.20833333333333,77.16666666666667,75.29166666666667,75.95833333333333,78.95833333333333,73.91666666666667,77.91666666666667,76.79166666666667,76.25,77.54166666666667,75.625,77.125,74.16666666666667,76.125,76.08333333333333,77.875,78.25
2005-07-15T00:00:00Z,84.125,74.45833333333333,77,80.375,79.20833333333333,80.04166666666667,84.54166666666667,71.79166666666667,81.58333333333333,77.08333333333333,77.54166666666667,80.58333333333333,76.58333333333333,79.16666666666667,80.25,78.58333333333333,80.70833333333333,77.91666666666667,80.83333333333333,76.33333333333333,77.875,79.83333333333333,79.20833333333333,82.375
2005-07-16T00:00:00Z,86.54166666666667,73.58333333333333,77.625,83,82.29166666666667,82.45833333333333,86.16666666666667,73.83333333333333,83.5,79.25,77.91666666666667,82.33333333333333,75.95833333333333,82.08333333333333,81.70833333333333,80.625,83.375,78.45833333333333,83.08333333333333,75.16666666666667,76.625,81.66666666666667,80.25,84.79166666666667
2005-07-17T00:00:00Z,82.75,74.45833333333333,80.875,84.375,80.75,80.54166666666667,86.04166666666667,75.83333333333333,82.79166666666667,81.375,80.625,85.58333333333333,78.29166666666667,82.54166666666667,82.25,81.5,83.95833333333333,81.29166666666667,82.45833333333333,77.375,79.25,82.79166666666667,81.125,83.29166666666667
2005-07-18T00:00:00Z,86.16666666666667,73.70833333333333,81.75,82,82.79166666666667,81.125,85.70833333333333,76.70833333333333,82.29166666666667,82.08333333333333,80.95833333333333,83.29166666666667,78.33333333333333,83.54166666666667,82.04166666666667,81.41666666666667,82.75,82.125,82.83333333333333,76.70833333333333,79.04166666666667,82.29166666666667,84.45833333333333,83.91666666666667
2005-07-19T00:00:00Z,83,73.375,80.83333333333333,82.75,83.20833333333333,81.875,86.83333333333333,76.70833333333333,83.58333333333333,82,81.45833333333333,84.75,77.70833333333333,83.79166666666667,81.875,82.45833333333333,83.20833333333333,80.16666666666667,82.79166666666667,78.91666666666667,78.75,82.75,85.04166666666667,85.33333333333333
2005-07-20T00:00:00Z,83.91666666666667,72.54166666666667,81.04166666666667,82.16666666666667,80.66666666666667,83.125,85.08333333333333,76.54166666666667,84.25,81.45833333333333,78.95833333333333,83.41666666666667,79.125,83.54166666666667,82.45833333333333,80.83333333333333,82.25,80.41666666666667,83.04166666666667,78.375,80.16666666666667,81.70833333333333,83.20833333333333,84
2005-07-21T00:00:00Z,81.66666666666667,75.29166666666667,82.66666666666667,81.33333333333333,81.75,81.20833333333333,83.29166666666667,77.79166666666667,82.375,82,79.91666666666667,83.625,80.875,82.875,80.75,82.16666666666667,80.45833333333333,82.5,81.41666666666667,79.5,80,79.54166666666667,83.08333333333333,85.58333333333333
2005-07-22T00:00:00Z,83.75,75.66666666666667,80.875,83.29166666666667,79.79166666666667,81.79166666666667,85.91666666666667,77.20833333333333,84.04166666666667,81,79.75,82.5,79.5,78.75,81.625,80.70833333333333,83.29166666666667,80.5,82.75,80,80.58333333333333,80.95833333333333,81.95833333333333,82.70833333333333
2005-07-23T00:00:00Z,84,77.25,81.58333333333333,80.5,79.79166666666667,79.91666666666667,81.83333333333333,76.375,81.95833333333333,81.08333333333333,81.41666666666667,82.70833333333333,80.45833333333333,79.70833333333333,79.83333333333333,80.5,80.25,80.875,80.45833333333333,78.375,81,78.70833333333333,80.875,81.70833333333333
2005-07-24T00:00:00Z,80.45833333333333,72.875,79.25,80.16666666666667,77.79166666666667,78.70833333333333,82.45833333333333,72.33333333333333,78.125,78.875,80.5,79.95833333333333,77.16666666666667,76.75,78.54166666666667,77.66666666666667,79.70833333333333,78.375,79.875,75.33333333333333,76.875,79.25,79.875,80.375
2005-07-25T00:00:00Z,85.33333333333333,78.20833333333333,83.29166666666667,81.45833333333333,78.16666666666667,78.70833333333333,85.29166666666667,80.79166666666667,81.54166666666667,83.83333333333333,83.08333333333333,84.29166666666667,81.79166666666667,83.45833333333333,78.83333333333333,82.875,80.45833333333333,82,79.08333333333333,79.25,83.04166666666667,78.95833333333333,80.875,82.91666666666667
2005-07-26T00:00:00Z,84.95833333333333,79.70833333333333,86.58333333333333,86.83333333333333,84.45833333333333,85.04166666666667,90.54166666666667,81.91666666666667,86.625,86.91666666666667,86.16666666666667,87.75,84.5,87.20833333333333,83.125,87.41666666666667,86.91666666666667,85.75,84.04166666666667,82.16666666666667,85.125,85.45833333333333,85.04166666666667,87.125
2005-07-27T00:00:00Z,91.04166666666667,76.54166666666667,86.45833333333333,88.91666666666667,86.58333333333333,86.58333333333333,92.875,79.20833333333333,88.70833333333333,87.16666666666667,85.625,88.08333333333333,82.625,88.83333333333333,84.20833333333333,87.79166666666667,88.20833333333333,84.625,84.54166666666667,81.91666666666667,85.08333333333333,85.91666666666667,88.79166666666667,89.91666666666667
2005-07-28T00:00:00Z,84.375,71.5,79.125,85.08333333333333,79.16666666666667,84.20833333333333,87.91666666666667,71.04166666666667,84.45833333333333,79.20833333333333,79.33333333333333,81.5,76,79.83333333333333,82.375,81.08333333333333,85,78.25,85.25,81,77.125,84.875,79.83333333333333,84.33333333333333
2005-07-29T00:00:00Z,79.45833333333333,69.45833333333333,72.25,80.41666666666667,77.79166666666667,79.45833333333333,79.75,68.58333333333333,76.375,72.125,72.33333333333333,74.58333333333333,71.20833333333333,72.08333333333333,80.33333333333333,72.70833333333333,80.25,72.25,80.08333333333333,76.625,73.41666666666667,79.25,76.41666666666667,78.16666666666667
2005-07-30T00:00:00Z,79,71.58333333333333,73.125,78.16666666666667,76.08333333333333,78.25,78.58333333333333,70.66666666666667,75.66666666666667,74.79166666666667,74.70833333333333,76.16666666666667,73.16666666666667,75.70833333333333,79.83333333333333,75.625,76.08333333333333,74.45833333333333,78.16666666666667,73.66666666666667,75.45833333333333,77.54166666666667,77.79166666666667,77
2005-07-31T00:00:00Z,76.20833333333333,70.33333333333333,73.375,74.83333333333333,75.125,75.33333333333333,77.83333333333333,69.41666666666667,74.625,73.20833333333333,73.79166666666667,74.83333333333333,71.75,73.375,77.20833333333333,72.75,75.66666666666667,73.66666666666667,78.25,72.66666666666667,75.58333333333333,75.16666666666667,75.70833333333333,75.83333333333333
2005-08-01T00:00:00Z,78.29166666666667,70.79166666666667,75.875,75.79166666666667,77.5,76.25,78.95833333333333,71.875,77.08333333333333,75.375,76,77.79166666666667,75.45833333333333,75.29166666666667,78.04166666666667,75.5,76.04166666666667,75.95833333333333,77.29166666666667,74.29166666666667,77.04166666666667,76,77.33333333333333,78.25
2005-08-02T00:00:00Z,80.70833333333333,70.79166666666667,77.41666666666667,78.29166666666667,75.75,78.70833333333333,81.29166666666667,71.375,78.20833333333333,79.29166666666667,77.58333333333333,79.125,76.58333333333333,78,78.16666666666667,78,78.375,77.16666666666667,79,73.95833333333333,78.08333333333333,78.375,78.83333333333333,79.125
2005-08-03T00:00:00Z,83.75,71.75,79.08333333333333,79.75,78.54166666666667,78.08333333333333,83.41666666666667,73.95833333333333,81.20833333333333,81.58333333333333,79.54166666666667,80.95833333333333,78.5,81.33333333333333,79.5,78.45833333333333,79.08333333333333,79.70833333333333,78.70833333333333,75.66666666666667,79.375,77.25,81.95833333333333,80.70833333333333
2005-08-04T00:00:00Z,84.54166666666667,72.25,80.875,80.08333333333333,80.08333333333333,79.45833333333333,84.83333333333333,74.20833333333333,81.83333333333333,82.25,81.08333333333333,82.08333333333333,79.25,81.45833333333333,82.95833333333333,77.83333333333333,80.25,80.08333333333333,80.875,76.33333333333333,80.33333333333333,78.875,82.58333333333333,82.875
2005-08-05T00:00:00Z,84.70833333333333,70.45833333333333,78.25,80,80.04166666666667,79.75,83.95833333333333,74.41666666666667,81.58333333333333,81.875,77.66666666666667,82.625,78.16666666666667,81.41666666666667,83.625,79,79.66666666666667,80.41666666666667,81.25,75.75,79.5,79.54166666666667,82.5,84.16666666666667
2005-08-06T00:00:00Z,84.20833333333333,71.125,76.625,75.91666666666667,80.45833333333333,78.83333333333333,80.91666666666667,70.83333333333333,79.25,78.95833333333333,75.54166666666667,79.58333333333333,76,79.33333333333333,83.54166666666667,77.5,79.16666666666667,77.875,81.41666666666667,73.33333333333333,76.08333333333333,80.16666666666667,83.04166666666667,81.79166666666667
2005-08-07T00:00:00Z,80.91666666666667,67.16666666666667,76.54166666666667,79,78.58333333333333,79.16666666666667,82.08333333333333,68.45833333333333,78.83333333333333,77.33333333333333,71.25,78.29166666666667,70.58333333333333,76.70833333333333,83.66666666666667,76.08333333333333,78.83333333333333,74,81.58333333333333,69.45833333333333,76.08333333333333,78.45833333333333,80.29166666666667,80.45833333333333
2005-08-08T00:00:00Z,81.66666666666667,69.04166666666667,75.75,75.5,78.66666666666667,77.20833333333333,78.58333333333333,67.45833333333333,77.16666666666667,75.25,73.33333333333333,76.41666666666667,74.04166666666667,77.25,82.375,74.91666666666667,77.83333333333333,75.79166666666667,79.79166666666667,72.75,75.625,77.625,79.41666666666667,79.95833333333333
2005-08-09T00:00:00Z,79.25,72.08333333333333,77.375,77.25,76.91666666666667,77.83333333333333,79.625,69.58333333333333,75.33333333333333,76.70833333333333,75.75,77.625,75.375,75.04166666666667,80.41666666666667,74.625,75.70833333333333,77.83333333333333,80.41666666666667,75.33333333333333,76.54166666666667,77.70833333333333,76.79166666666667,78.16666666666667
2005-08-10T00:00:00Z,82.20833333333333,72.95833333333333,77.95833333333333,78.83333333333333,77.54166666666667,78.16666666666667,81.875,72.83333333333333,78.33333333333333,77.75,77.33333333333333,78.875,77.16666666666667,76.70833333333333,80.95833333333333,76.41666666666667,77.83333333333333,78.95833333333333,80.875,75.54166666666667,77.58333333333333,78.20833333333333,78.45833333333333,79.70833333333333
2005-08-11T00:00:00Z,85.08333333333333,74.33333333333333,79.33333333333333,82.04166666666667,81.125,80.625,85.375,73.25,82.83333333333333,81.79166666666667,79.5,81.66666666666667,79.45833333333333,81.16666666666667,82.79166666666667,79.33333333333333,80.66666666666667,80.33333333333333,82.29166666666667,77,80.66666666666667,80.375,82.625,83.79166666666667
2005-08-12T00:00:00Z,85.45833333333333,74.16666666666667,79.625,81.91666666666667,81.91666666666667,81.5,84.04166666666667,73.33333333333333,82.95833333333333,82.66666666666667,79.75,83.25,79.5,82.45833333333333,84.08333333333333,81,80.41666666666667,80.70833333333333,82.70833333333333,77.16666666666667,80.66666666666667,81.20833333333333,81.83333333333333,84.83333333333333
2005-08-13T00:00:00Z,84.95833333333333,74.58333333333333,80.04166666666667,80.95833333333333,81.5,80.58333333333333,84.41666666666667,73.54166666666667,81.16666666666667,81.83333333333333,79.04166666666667,82.83333333333333,79.41666666666667,79.66666666666667,84.41666666666667,78.16666666666667,79.83333333333333,81,82.20833333333333,77.95833333333333,81.41666666666667,80.58333333333333,83.125,84.375
2005-08-14T00:00:00Z,85.54166666666667,74,78.25,79.91666666666667,81.20833333333333,81.16666666666667,83.45833333333333,75.58333333333333,81.41666666666667,80.54166666666667,79.33333333333333,79.625,78.5,80.625,83.79166666666667,78.70833333333333,80.375,80.54166666666667,82.625,77,81.875,79.54166666666667,83.70833333333333,84.25
2005-08-15T00:00:00Z,85.79166666666667,75.75,81.66666666666667,84.29166666666667,80.20833333333333,82.95833333333333,87.95833333333333,77.45833333333333,83.70833333333333,82.45833333333333,81.83333333333333,83.375,80.95833333333333,83.20833333333333,85.16666666666667,82.54166666666667,83.91666666666667,82.625,84.58333333333333,79.20833333333333,79.04166666666667,83.70833333333333,83.70833333333333,82.41666666666667
2005-08-16T00:00:00Z,83.95833333333333,74.41666666666667,83.04166666666667,85.16666666666667,81.16666666666667,81.875,88.79166666666667,75.125,83.79166666666667,81.54166666666667,80.66666666666667,82.33333333333333,81.125,79.625,84.41666666666667,81.66666666666667,84.125,83.41666666666667,83.91666666666667,80.16666666666667,78.70833333333333,82.25,80.58333333333333,83.70833333333333
2005-08-17T00:00:00Z,78.16666666666667,73.625,79.70833333333333,83.41666666666667,76.375,78.45833333333333,84.625,72.625,77.41666666666667,76.58333333333333,78.58333333333333,78.08333333333333,76.625,74.625,81.25,74.875,82.04166666666667,78.83333333333333,80.83333333333333,75.79166666666667,77.29166666666667,80.33333333333333,76.625,77.58333333333333
2005-08-18T00:00:00Z,77.66666666666667,71.875,76.29166666666667,78.45833333333333,75,79.83333333333333,81.08333333333333,67.08333333333333,79.625,74.125,77.25,75.91666666666667,70.79166666666667,72.79166666666667,80.20833333333333,73.75,78.54166666666667,74,80.95833333333333,71.33333333333333,73.04166666666667,79.91666666666667,77,78.875
2005-08-19T00:00:00Z,82.70833333333333,75,79.875,82.16666666666667,79.25,81.5,85.41666666666667,74.91666666666667,82.75,79.125,78.75,80.875,77.875,78.20833333333333,81.75,78.41666666666667,81.25,79.70833333333333,82.70833333333333,77.04166666666667,73.33333333333333,82.08333333333333,79.33333333333333,82.125
2005-08-20T00:00:00Z,86.58333333333333,76.16666666666667,82.29166666666667,86.45833333333333,81.75,84.83333333333333,90.29166666666667,81.125,85.58333333333333,81.75,82.54166666666667,85.16666666666667,80.41666666666667,81.91666666666667,83.375,80.45833333333333,86.29166666666667,81.83333333333333,84.58333333333333,79.625,81.79166666666667,84.58333333333333,81.125,86
2005-08-21T00:00:00Z,85.79166666666667,77,83.5,86.79166666666667,83.54166666666667,84.66666666666667,90.16666666666667,79.5,86.83333333333333,83.83333333333333,82.45833333333333,83.125,82.91666666666667,81.58333333333333,85.20833333333333,81.625,84.91666666666667,82.83333333333333,85.95833333333333,80.83333333333333,82.41666666666667,83.91666666666667,83.41666666666667,87.58333333333333
2005-08-22T00:00:00Z,83.20833333333333,72.04166666666667,80.33333333333333,84.66666666666667,82.66666666666667,84.16666666666667,87.75,75,84.41666666666667,80,78.16666666666667,81.375,75.58333333333333,78.58333333333333,86.08333333333333,78.83333333333333,84.91666666666667,78.66666666666667,85.29166666666667,76.91666666666667,78.375,83.83333333333333,82.29166666666667,84
2005-08-23T00:00:00Z,77.79166666666667,71.25,76.33333333333333,76.625,79.04166666666667,78.04166666666667,80.70833333333333,70.16666666666667,79.83333333333333,73.75,75.70833333333333,77.91666666666667,73.41666666666667,72.54166666666667,82.625,74.91666666666667,77.625,75.83333333333333,81.29166666666667,73.5,74.91666666666667,76.75,75.04166666666667,80.5
2005-08-24T00:00:00Z,80.08333333333333,72.08333333333333,77.29166666666667,76.58333333333333,77.54166666666667,77.66666666666667,80.08333333333333,69.625,77.125,74.83333333333333,76.66666666666667,78,75.5,74,78.33333333333333,75.375,76.58333333333333,76.58333333333333,79.5,74.875,77.08333333333333,76.95833333333333,76.95833333333333,78.16666666666667
2005-08-25T00:00:00Z,76,72.08333333333333,76.45833333333333,76.04166666666667,75.29166666666667,75.58333333333333,79.45833333333333,69.25,75.08333333333333,73.58333333333333,76.125,76.5,74.54166666666667,71.875,77.66666666666667,72.83333333333333,76,74.91666666666667,77.45833333333333,73.5,75.54166666666667,75.375,75.25,75.66666666666667
2005-08-26T00:00:00Z,74.08333333333333,70.83333333333333,74.29166666666667,75.70833333333333,71.95833333333333,75.58333333333333,77.75,67.375,73.54166666666667,72.70833333333333,73.375,73.08333333333333,72.625,71,77.04166666666667,70.33333333333333,75.25,72.54166666666667,77.5,72.58333333333333,73.58333333333333,74.16666666666667,73.33333333333333,73.66666666666667
2005-08-27T00:00:00Z,78.70833333333333,70.54166666666667,76.08333333333333,77.20833333333333,76.95833333333333,77.91666666666667,79.70833333333333,67.33333333333333,76.66666666666667,76,75.20833333333333,78.16666666666667,73.29166666666667,74.20833333333333,80.16666666666667,75.33333333333333,76,74.66666666666667,77.625,72.54166666666667,74.45833333333333,74.125,75.91666666666667,78.41666666666667
2005-08-28T00:00:00Z,80.95833333333333,73,78.95833333333333,79.375,79.875,79.625,82.66666666666667,70.33333333333333,79.08333333333333,76.33333333333333,78.58333333333333,79.625,76,77.5,80.41666666666667,78,78.625,77.5,80.45833333333333,74.66666666666667,76.08333333333333,77.79166666666667,78.08333333333333,79.70833333333333
2005-08-29T00:00:00Z,80.25,72.58333333333333,79.58333333333333,80.91666666666667,80.66666666666667,79.875,84,70.91666666666667,80.33333333333333,77.375,78.875,79.625,76.70833333333333,78.25,82.95833333333333,77.875,80.25,78.04166666666667,81.20833333333333,73.91666666666667,76.95833333333333,79.95833333333333,79.29166666666667,80.70833333333333
2005-08-30T00:00:00Z,82.91666666666667,73.70833333333333,80,82.16666666666667,82.45833333333333,81.54166666666667,85.45833333333333,72.70833333333333,82.83333333333333,79.79166666666667,79.625,82.45833333333333,78.58333333333333,80.20833333333333,82.54166666666667,80.5,82.25,81,82.54166666666667,77.375,79.83333333333333,81.25,81.625,83.95833333333333
2005-08-31T00:00:00Z,84.75,71.70833333333333,79.54166666666667,83.91666666666667,84.25,84.95833333333333,87.625,71.33333333333333,85.58333333333333,79.45833333333333,79.08333333333333,81.79166666666667,76.95833333333333,80.70833333333333,83,79.625,84.70833333333333,79.66666666666667,84.5,74.91666666666667,76.83333333333333,84.08333333333333,84.66666666666667,86
2005-09-01T00:00:00Z,77.83333333333333,69.45833333333333,75.25,78.83333333333333,76.83333333333333,78.58333333333333,83.66666666666667,69.125,79.79166666666667,75.875,76.5,74.45833333333333,73.79166666666667,75.29166666666667,80.625,75.33333333333333,79.45833333333333,74.5,80,71.29166666666667,73.91666666666667,77.83333333333333,78.625,78.91666666666667
2005-09-02T00:00:00Z,77.91666666666667,68.95833333333333,75.625,77.875,76.66666666666667,78.91666666666667,80.83333333333333,69.75,79.08333333333333,77.08333333333333,76.79166666666667,75.91666666666667,74.5,75.125,78.33333333333333,75.04166666666667,77.95833333333333,75.16666666666667,78.16666666666667,72.375,74.45833333333333,78.04166666666667,78.125,78.33333333333333
2005-09-03T00:00:00Z,75.29166666666667,69.70833333333333,77.20833333333333,77.58333333333333,76.91666666666667,78.20833333333333,81.29166666666667,69.83333333333333,79.20833333333333,75.54166666666667,77.25,75.20833333333333,74.25,74.83333333333333,79.79166666666667,77,78.16666666666667,74.25,79.83333333333333,71.625,73.5,77.625,78.04166666666667,79.54166666666667
2005-09-04T00:00:00Z,71.58333333333333,66.04166666666667,74.25,75.66666666666667,75.04166666666667,75.16666666666667,79.16666666666667,66.5,74.625,71.91666666666667,74.875,73.25,71.70833333333333,71.375,77.79166666666667,73.41666666666667,75.58333333333333,72.20833333333333,75.29166666666667,69.66666666666667,71.91666666666667,74.04166666666667,73.79166666666667,74.29166666666667
2005-09-05T00:00:00Z,70.04166666666667,65.16666666666667,72.25,73.625,75.20833333333333,74.875,76.66666666666667,64.20833333333333,73.95833333333333,72.29166666666667,72.58333333333333,74.79166666666667,70.20833333333333,71,77.95833333333333,74.125,73.58333333333333,70.95833333333333,77.125,69.375,69.375,74.16666666666667,75.54166666666667,74.33333333333333
2005-09-06T00:00:00Z,71.54166666666667,64.875,71,75.20833333333333,74.75,76.5,78.875,62.916666666666664,74.70833333333333,70.20833333333333,71.33333333333333,73.08333333333333,69.375,70.58333333333333,76.16666666666667,72.125,76.16666666666667,71.08333333333333,77.04166666666667,68.41666666666667,70.66666666666667,75.66666666666667,74.25,74.125
2005-09-07T00:00:00Z,71.58333333333333,64.95833333333333,70.04166666666667,75.25,73.91666666666667,73.70833333333333,78.75,64.20833333333333,72.54166666666667,69.45833333333333,71.58333333333333,71.66666666666667,68.91666666666667,69.375,75.25,71.875,75.66666666666667,70.04166666666667,76.75,67.20833333333333,69.04166666666667,75.04166666666667,74.375,72.625
2005-09-08T00:00:00Z,73.16666666666667,65.5,71.58333333333333,74.58333333333333,73.75,74.79166666666667,78.5,64.75,73.04166666666667,70.75,73.25,71.04166666666667,69.54166666666667,69.41666666666667,76.16666666666667,70.875,74.58333333333333,70.20833333333333,77,66.33333333333333,68.79166666666667,76,73.45833333333333,74.375
2005-09-09T00:00:00Z,72.66666666666667,65.91666666666667,72.45833333333333,75.83333333333333,70.95833333333333,73.58333333333333,78.08333333333333,66.66666666666667,74.375,72.33333333333333,73.70833333333333,71.45833333333333,71.25,71.70833333333333,75.91666666666667,71.04166666666667,75.08333333333333,69.41666666666667,76.08333333333333,67.79166666666667,71.125,74.75,73.08333333333333,72.83333333333333
2005-09-10T00:00:00Z,73.29166666666667,66.41666666666667,73.75,74.58333333333333,74.08333333333333,74.66666666666667,77,67.375,73.375,73.83333333333333,74.91666666666667,74.875,72.20833333333333,71.5,75.5,74.41666666666667,75,72.33333333333333,76.375,69.375,73.375,73.41666666666667,75.20833333333333,73.75
2005-09-11T00:00:00Z,72.95833333333333,65.95833333333333,72.95833333333333,75.04166666666667,74,75.16666666666667,78.25,66.58333333333333,74.45833333333333,71.66666666666667,73.95833333333333,73.70833333333333,70.70833333333333,69.79166666666667,76,72.29166666666667,74.54166666666667,71.54166666666667,75.875,69.41666666666667,72.16666666666667,73.95833333333333,74.45833333333333,75.125
2005-09-12T00:00:00Z,73.83333333333333,65.79166666666667,71.33333333333333,76.41666666666667,74.41666666666667,76.45833333333333,79.20833333333333,65.75,74.66666666666667,70.875,72.91666666666667,73.875,69.25,70.58333333333333,78.75,72.79166666666667,75.625,69.375,77.58333333333333,67.125,70.29166666666667,75.41666666666667,73.83333333333333,75.95833333333333
2005-09-13T00:00:00Z,79.58333333333333,67.95833333333333,75.16666666666667,77.54166666666667,78.70833333333333,78.29166666666667,81.58333333333333,68.25,79.70833333333333,73.79166666666667,77.04166666666667,76.04166666666667,74.70833333333333,72.45833333333333,79.58333333333333,74.54166666666667,77.25,75.375,80.5,70.95833333333333,74.45833333333333,78.41666666666667,76.5,79.66666666666667
2005-09-14T00:00:00Z,78.58333333333333,68.79166666666667,77.16666666666667,76,79.5,76.625,79.41666666666667,71.875,76.08333333333333,76.08333333333333,78.5,78.83333333333333,76.875,74.83333333333333,79.83333333333333,75.625,74.83333333333333,77.04166666666667,77.54166666666667,74.875,78.04166666666667,76.125,79.54166666666667,79.125
2005-09-15T00:00:00Z,81.66666666666667,70.66666666666667,78.375,79.625,79.08333333333333,76.75,78.66666666666667,74.16666666666667,80.08333333333333,79.04166666666667,79.04166666666667,80.41666666666667,77.5,78.29166666666667,76.04166666666667,79.58333333333333,79.25,77.79166666666667,77.16666666666667,73.54166666666667,77.66666666666667,77.66666666666667,79.125,80.75
2005-09-16T00:00:00Z,81.79166666666667,67.25,75.95833333333333,80.08333333333333,78.41666666666667,79.33333333333333,85.08333333333333,68.66666666666667,79.95833333333333,75.70833333333333,78.04166666666667,77.83333333333333,75.20833333333333,78,77.29166666666667,76.20833333333333,80.91666666666667,74.95833333333333,79.875,72.79166666666667,73.79166666666667,77.79166666666667,78.95833333333333,81.20833333333333
2005-09-17T00:00:00Z,81.04166666666667,69.625,77.29166666666667,81.04166666666667,80.83333333333333,80.70833333333333,84.83333333333333,71.375,79.54166666666667,75.91666666666667,77.83333333333333,76.83333333333333,75.75,76.20833333333333,80.25,77,82.29166666666667,75.75,80.125,74.83333333333333,73.91666666666667,80.375,81.16666666666667,81.70833333333333
2005-09-18T00:00:00Z,79.16666666666667,66.625,77.125,81.75,77.25,80.375,84.79166666666667,68.08333333333333,79.29166666666667,76.58333333333333,76.41666666666667,78.29166666666667,73.95833333333333,74.66666666666667,80.04166666666667,76.75,82.25,74.33333333333333,80.41666666666667,73.25,74.16666666666667,81.29166666666667,76.66666666666667,80.04166666666667
2005-09-19T00:00:00Z,79.16666666666667,67.625,78.66666666666667,81.95833333333333,76.625,78.95833333333333,80.29166666666667,69.08333333333333,78.375,75.20833333333333,77.41666666666667,76.04166666666667,74.83333333333333,75.875,80.125,77,80.20833333333333,76.08333333333333,78.79166666666667,74.29166666666667,74.33333333333333,78.45833333333333,76.91666666666667,80.79166666666667
2005-09-20T00:00:00Z,77.08333333333333,69.29166666666667,77.875,79.625,76.75,77.83333333333333,79.66666666666667,71.375,79.125,76.58333333333333,78.83333333333333,79.45833333333333,75.5,76.95833333333333,79.875,77.875,77.91666666666667,76.83333333333333,78.16666666666667,75.25,74.79166666666667,77.625,77.04166666666667,80.20833333333333
2005-09-21T00:00:00Z,74.41666666666667,69.5,77.41666666666667,78.625,73.83333333333333,75.375,77.54166666666667,68.5,74.20833333333333,74.875,77.66666666666667,76.5,75.04166666666667,72.875,77.66666666666667,73.54166666666667,76.33333333333333,75.83333333333333,76.75,76.20833333333333,73.70833333333333,74.70833333333333,74.33333333333333,75.70833333333333
2005-09-22T00:00:00Z,73.5,70.5,76.83333333333333,78.33333333333333,73.75,76.08333333333333,77.95833333333333,68.83333333333333,76.33333333333333,74.5,77.08333333333333,77.29166666666667,74.875,74.08333333333333,77.04166666666667,73.33333333333333,76.29166666666667,74.125,77.25,75.75,73.91666666666667,75.54166666666667,74,77.54166666666667
2005-09-23T00:00:00Z,78.91666666666667,70,76.41666666666667,78.66666666666667,76.91666666666667,76.54166666666667,78.91666666666667,71.41666666666667,76.75,78.04166666666667,77.08333333333333,78.33333333333333,76.54166666666667,75.95833333333333,79.08333333333333,76.70833333333333,76.45833333333333,75.375,77.25,75.91666666666667,76.66666666666667,75.75,78.625,79.45833333333333
2005-09-24T00:00:00Z,76.75,69.25,76.66666666666667,79.95833333333333,76.375,75.625,79.33333333333333,68.20833333333333,77.70833333333333,72.83333333333333,76.91666666666667,75.58333333333333,74.91666666666667,73.29166666666667,79.08333333333333,74.04166666666667,78.125,75.79166666666667,76.66666666666667,75.375,74.95833333333333,76.125,75.70833333333333,77.16666666666667
2005-09-25T00:00:00Z,74.83333333333333,71.5,75.91666666666667,77.70833333333333,74.66666666666667,75.33333333333333,77.33333333333333,64.5,77,73.58333333333333,75.79166666666667,76.04166666666667,73,73.83333333333333,76.58333333333333,75.125,77,75.58333333333333,76.79166666666667,74.95833333333333,72.5,74.91666666666667,74.29166666666667,75.41666666666667
2005-09-26T00:00:00Z,75.875,68.20833333333333,74.16666666666667,79,75.25,75.25,78.04166666666667,65.625,76.04166666666667,73.29166666666667,73.04166666666667,76.75,71.08333333333333,73.33333333333333,79.375,73.91666666666667,78.83333333333333,73.54166666666667,78.45833333333333,72.54166666666667,72.5,74.58333333333333,76.375,77.5
2005-09-27T00:00:00Z,74.125,69,74.25,77.875,73.70833333333333,74.625,77.41666666666667,67.41666666666667,74.875,72.41666666666667,74.41666666666667,73.20833333333333,71.91666666666667,71.79166666666667,75.25,72.625,75.75,72.41666666666667,75.75,72.08333333333333,71.125,75.33333333333333,73.04166666666667,75.79166666666667
2005-09-28T00:00:00Z,68.125,65.375,72.875,74.95833333333333,69.70833333333333,71.16666666666667,75.08333333333333,62.75,69.70833333333333,69.79166666666667,71.875,71.70833333333333,69.33333333333333,68,73.70833333333333,69.08333333333333,73,69.04166666666667,72.66666666666667,70.33333333333333,68.08333333333333,71.66666666666667,70.66666666666667,70.29166666666667
2005-09-29T00:00:00Z,73.54166666666667,65.08333333333333,71.45833333333333,78.41666666666667,72.95833333333333,75.54166666666667,77.33333333333333,61.458333333333336,73.29166666666667,69.58333333333333,73.45833333333333,73.79166666666667,70.5,68.75,78.16666666666667,70.625,78.25,73.16666666666667,76.95833333333333,71.08333333333333,67.625,75.45833333333333,72.91666666666667,74.5
2005-09-30T00:00:00Z,69.375,60.583333333333336,64.70833333333333,71.25,68.08333333333333,69.875,70.33333333333333,52.5,67.29166666666667,61.458333333333336,66.25,66.91666666666667,60.958333333333336,63.875,71.91666666666667,65.45833333333333,71.54166666666667,64.33333333333333,72.41666666666667,61.791666666666664,59.458333333333336,71.66666666666667,66.04166666666667,69.04166666666667
2005-10-01T00:00:00Z,70.375,63.708333333333336,70.41666666666667,74.5,68.5,71.70833333333333,71.45833333333333,61.541666666666664,70.83333333333333,68.08333333333333,71.20833333333333,71,68.375,68,72.83333333333333,68.375,72.79166666666667,68.83333333333333,73.45833333333333,68.45833333333333,66.20833333333333,69.04166666666667,67.41666666666667,71.5
2005-10-02T00:00:00Z,66.79166666666667,63.208333333333336,72.95833333333333,73.45833333333333,67.58333333333333,69.375,73.04166666666667,63.666666666666664,68,68.95833333333333,71.79166666666667,71.29166666666667,69.625,67.75,72.16666666666667,68.25,71.95833333333333,69.16666666666667,71.41666666666667,70.70833333333333,68.375,70.58333333333333,66.16666666666667,68.75
2005-10-03T00:00:00Z,69.66666666666667,64.33333333333333,69.875,73.45833333333333,71.25,72.29166666666667,72.58333333333333,61.791666666666664,69.29166666666667,67.5,72,69.66666666666667,67.83333333333333,65.70833333333333,75.75,67.20833333333333,73.45833333333333,67.875,75.16666666666667,68.83333333333333,67.75,71.70833333333333,71.375,70.875
2005-10-04T00:00:00Z,73.125,62.458333333333336,71.70833333333333,74.20833333333333,73.45833333333333,73.41666666666667,73.70833333333333,62.291666666666664,72.91666666666667,68.875,72.45833333333333,72.875,68.04166666666667,68.375,75.33333333333333,70.75,73.20833333333333,69.875,75.79166666666667,69.08333333333333,69,73.54166666666667,73.66666666666667,74.20833333333333
2005-10-05T00:00:00Z,76.58333333333333,66,73.16666666666667,75.58333333333333,74.875,75.04166666666667,74.58333333333333,63.708333333333336,75.58333333333333,70.79166666666667,71.25,75.08333333333333,70.29166666666667,72.625,77.25,73.33333333333333,74.25,72.375,77.04166666666667,71.54166666666667,71.5,76.125,74,75.91666666666667
2005-10-06T00:00:00Z,78.41666666666667,66.16666666666667,70.33333333333333,75.08333333333333,76.41666666666667,75.5,74.625,63.666666666666664,74.70833333333333,71.70833333333333,69.04166666666667,73.66666666666667,68.375,73.91666666666667,79.16666666666667,73.20833333333333,76.29166666666667,70.33333333333333,77.75,71,72.29166666666667,76.41666666666667,76.70833333333333,76.58333333333333
2005-10-07T00:00:00Z,74.25,66.875,73.08333333333333,77.83333333333333,75.45833333333333,73.29166666666667,76.29166666666667,65,73.25,72.41666666666667,69.875,75.25,70.16666666666667,71.95833333333333,78.375,72.08333333333333,75.75,72.875,75.25,71.75,72.41666666666667,74.29166666666667,75.91666666666667,74.45833333333333
2005-10-08T00:00:00Z,75.45833333333333,63.625,72.83333333333333,80.16666666666667,76.375,76.5,79.16666666666667,62.041666666666664,76.25,70.41666666666667,73.70833333333333,74.04166666666667,71.375,73.54166666666667,77.375,73.66666666666667,77.375,73.29166666666667,78.16666666666667,71.83333333333333,70.125,74.75,74.58333333333333,77.33333333333333
2005-10-09T00:00:00Z,65.95833333333333,62.583333333333336,66.41666666666667,75.875,68.79166666666667,72.91666666666667,71.79166666666667,58.583333333333336,66.66666666666667,64.29166666666667,68.125,66.58333333333333,65,62.333333333333336,76.58333333333333,64.58333333333333,76.41666666666667,66.79166666666667,77.125,66.875,66.58333333333333,73.66666666666667,66.20833333333333,68.375
2005-10-10T00:00:00Z,66.66666666666667,65.54166666666667,63.583333333333336,70.625,69.29166666666667,69.66666666666667,69.20833333333333,62,65.79166666666667,61.333333333333336,67.20833333333333,61.75,64.25,61.416666666666664,72.83333333333333,62.125,71.5,64.125,71.375,66.08333333333333,64.16666666666667,69.41666666666667,68.125,67.41666666666667
2005-10-11T00:00:00Z,68.33333333333333,66.54166666666667,64.83333333333333,73.04166666666667,69.16666666666667,71.375,72.16666666666667,64.41666666666667,68.33333333333333,63.875,68.625,63.291666666666664,67,63,72.83333333333333,64.375,72.91666666666667,66.20833333333333,72.91666666666667,69.125,67.375,72.83333333333333,67.875,69.875
2005-10-12T00:00:00Z,67.5,65.70833333333333,65.625,69.75,66,66.91666666666667,68.75,61.708333333333336,65.25,62.791666666666664,67.83333333333333,65.16666666666667,65.625,62,68.20833333333333,63,68.41666666666667,66,68.41666666666667,68.125,64.41666666666667,67.95833333333333,65.79166666666667,66.25
2005-10-13T00:00:00Z,63.083333333333336,65.91666666666667,65.83333333333333,69.08333333333333,61.166666666666664,62.666666666666664,69.41666666666667,62.125,64.75,65.91666666666667,65.75,66.5,65.04166666666667,62.916666666666664,63.166666666666664,64.54166666666667,67.41666666666667,66.75,63.333333333333336,67.20833333333333,67.20833333333333,65.45833333333333,61.541666666666664,63.375
2005-10-14T00:00:00Z,67.5,61.291666666666664,65.875,68.25,64.54166666666667,65.66666666666667,68,58.958333333333336,65.04166666666667,65.29166666666667,67.79166666666667,65.83333333333333,63.791666666666664,63.708333333333336,66.08333333333333,63.5,66.45833333333333,64.66666666666667,65.70833333333333,63.041666666666664,65.45833333333333,65.125,65.08333333333333,68.33333333333333
2005-10-15T00:00:00Z,67.08333333333333,63.041666666666664,63.5,67.875,66.33333333333333,66.95833333333333,68.91666666666667,61.458333333333336,63.666666666666664,65.5,66.58333333333333,65.16666666666667,65.04166666666667,64.875,67.66666666666667,64.45833333333333,67.04166666666667,64.125,69.08333333333333,65.95833333333333,68.875,62.708333333333336,68.125,68.16666666666667
2005-10-16T00:00:00Z,59.291666666666664,57.916666666666664,60.958333333333336,64.04166666666667,61.25,62.5,65.29166666666667,55.375,60.458333333333336,60.958333333333336,65.20833333333333,58.958333333333336,60.5,60.875,66.91666666666667,58.208333333333336,64.125,59.791666666666664,65.79166666666667,59.791666666666664,62,61,64.375,62.25
2005-10-17T00:00:00Z,54.875,54.833333333333336,56.875,59.541666666666664,55,56.375,59.75,53.958333333333336,56.291666666666664,57.583333333333336,59.416666666666664,57.041666666666664,58.458333333333336,55.083333333333336,59.833333333333336,54.583333333333336,57.916666666666664,55.541666666666664,59,57.583333333333336,57.666666666666664,55.208333333333336,58.875,56.541666666666664
2005-10-18T00:00:00Z,63.041666666666664,58,62.125,65.91666666666667,62.875,62.958333333333336,65.41666666666667,59.416666666666664,64.20833333333333,64.125,63.958333333333336,64.125,63.791666666666664,62,66.125,61.958333333333336,63.958333333333336,61.208333333333336,66.20833333333333,62.208333333333336,64,62.833333333333336,63.791666666666664,65.5
2005-10-19T00:00:00Z,67.41666666666667,61.708333333333336,66.95833333333333,70.33333333333333,68.16666666666667,68.33333333333333,71.125,65.58333333333333,69.45833333333333,68.58333333333333,67.875,69.29166666666667,67.58333333333333,66.45833333333333,69.33333333333333,67,70.08333333333333,66.08333333333333,70.91666666666667,66.79166666666667,67.08333333333333,67.54166666666667,67.625,69.70833333333333
2005-10-20T00:00:00Z,71.20833333333333,62.583333333333336,69.91666666666667,73.375,68.83333333333333,71.125,73.33333333333333,68.29166666666667,72.875,70.66666666666667,70.75,72.625,69.33333333333333,69.33333333333333,72.04166666666667,69.70833333333333,72.70833333333333,68.95833333333333,73.54166666666667,68.04166666666667,69.91666666666667,70.70833333333333,66.45833333333333,73.79166666666667
2005-10-21T00:00:00Z,65.79166666666667,61.708333333333336,68.54166666666667,73.25,66.95833333333333,71.41666666666667,73.16666666666667,60.75,70.66666666666667,59.958333333333336,69,68.29166666666667,63.541666666666664,59.833333333333336,71.125,63.958333333333336,71.625,66.04166666666667,72.91666666666667,65.5,62.5,71.04166666666667,66.04166666666667,66.875
2005-10-22T00:00:00Z,66.54166666666667,55.666666666666664,63,75.375,68.25,70.79166666666667,75.04166666666667,53.958333333333336,68.25,58.041666666666664,63.666666666666664,64.125,60.833333333333336,59.666666666666664,70.45833333333333,60.666666666666664,75.79166666666667,62.875,72.79166666666667,63.291666666666664,58.833333333333336,71.91666666666667,67.83333333333333,69.5
2005-10-23T00:00:00Z,55.875,51,53.083333333333336,59.208333333333336,56.666666666666664,56.541666666666664,58.458333333333336,50.25,56.541666666666664,54.5,54.208333333333336,54.875,53.75,54.791666666666664,58.958333333333336,52.375,58.625,52.791666666666664,59.208333333333336,53.583333333333336,55.458333333333336,57.833333333333336,58,58.166666666666664
2005-10-24T00:00:00Z,55.416666666666664,43.708333333333336,47.791666666666664,56.333333333333336,61.333333333333336,58.333333333333336,54.875,40.791666666666664,53.583333333333336,48.083333333333336,49.958333333333336,51,46.833333333333336,47.958333333333336,62.333333333333336,49.625,56.333333333333336,47.041666666666664,63.083333333333336,48.833333333333336,46.833333333333336,57.25,60.541666666666664,57.041666666666664
2005-10-25T00:00:00Z,50.958333333333336,43.25,47.25,53.541666666666664,50.5,52.375,53.541666666666664,39.083333333333336,52.041666666666664,46.375,48.041666666666664,50.166666666666664,47.916666666666664,47.958333333333336,52.333333333333336,47.833333333333336,52.625,48.25,54.041666666666664,50.75,46.291666666666664,51.791666666666664,50.708333333333336,53
2005-10-26T00:00:00Z,51.041666666666664,44.375,48.208333333333336,53.375,51.208333333333336,51.375,54,40.083333333333336,52.041666666666664,48.75,49.458333333333336,50.166666666666664,49.208333333333336,48.625,50.583333333333336,48.666666666666664,52.375,49.125,53.291666666666664,50.75,48.208333333333336,51.25,52.583333333333336,52.375
2005-10-27T00:00:00Z,46.791666666666664,41.416666666666664,47.375,54.541666666666664,51.958333333333336,51.958333333333336,52.875,41.25,50.25,46.125,47.416666666666664,47,44.791666666666664,45.666666666666664,53.541666666666664,44.833333333333336,53.416666666666664,44.75,54.75,45.25,45.708333333333336,52.625,52.791666666666664,49.333333333333336
2005-10-28T00:00:00Z,48,42.791666666666664,48.041666666666664,54,50.041666666666664,50.75,52.416666666666664,41.833333333333336,50.791666666666664,47.75,49.416666666666664,46.25,47.25,44.166666666666664,50.583333333333336,45.083333333333336,51.333333333333336,46.75,52.125,48.666666666666664,49.333333333333336,51.5,52.666666666666664,51.625
2005-10-29T00:00:00Z,43.875,42.583333333333336,46.125,49.541666666666664,44.833333333333336,47.416666666666664,48.708333333333336,42.791666666666664,47.208333333333336,46.875,48.875,45.458333333333336,46.791666666666664,45.291666666666664,49.541666666666664,44.291666666666664,47.875,45.791666666666664,48.75,47.625,47.833333333333336,47.041666666666664,49,46.375
2005-10-30T00:00:00Z,49.333333333333336,45.791666666666664,49.354166666666664,51.333333333333336,49.25,48.625,52.208333333333336,49.75,50.125,51.229166666666664,52.520833333333336,49.916666666666664,51.520833333333336,49.333333333333336,51.270833333333336,49.166666666666664,50.145833333333336,49.125,52.1875,48.25,52.333333333333336,48.520833333333336,51.5625,50.333333333333336
2005-10-31T00:00:00Z,52.958333333333336,47,53.208333333333336,54.375,55.125,51.333333333333336,55.916666666666664,52.541666666666664,53.791666666666664,55.166666666666664,54.375,55.5,53.75,54.208333333333336,51.791666666666664,53.5,52.916666666666664,51,53.75,51.75,54.125,50.291666666666664,55.541666666666664,54.625
2005-11-01T00:00:00Z,56.375,49.166666666666664,55.083333333333336,60.458333333333336,58.5,57.708333333333336,59.125,55.791666666666664,57.333333333333336,55.541666666666664,56.25,56.208333333333336,53.875,54.583333333333336,60.458333333333336,53.375,60.166666666666664,51.875,61.25,52.875,54.375,58.75,58.791666666666664,59.333333333333336
2005-11-02T00:00:00Z,54.916666666666664,52.375,54.791666666666664,60.583333333333336,52.333333333333336,56.375,59.708333333333336,49.25,56.25,55.208333333333336,57.375,55.916666666666664,56.166666666666664,54.833333333333336,58.958333333333336,54.333333333333336,59.541666666666664,53.708333333333336,57.75,55.625,54.875,57.875,55.708333333333336,56.583333333333336
2005-11-03T00:00:00Z,50.958333333333336,47.5,51.708333333333336,55.083333333333336,52.458333333333336,51.916666666666664,55.083333333333336,51.125,51.791666666666664,52.958333333333336,53,52.041666666666664,52.041666666666664,51.375,55.708333333333336,50.875,54.5,49.708333333333336,54.666666666666664,50.041666666666664,51.833333333333336,52.125,54.041666666666664,52.583333333333336
2005-11-04T00:00:00Z,57.958333333333336,52.916666666666664,58.583333333333336,62.125,60.166666666666664,59.208333333333336,62.083333333333336,56.416666666666664,60.333333333333336,59.458333333333336,59.875,61.583333333333336,56.708333333333336,57.916666666666664,62.208333333333336,58.708333333333336,59.666666666666664,56.333333333333336,62.208333333333336,54.833333333333336,56.041666666666664,59.958333333333336,60.333333333333336,60.625
2005-11-05T00:00:00Z,63.333333333333336,56.916666666666664,61.583333333333336,64.16666666666667,63.5,62.833333333333336,64.45833333333333,60.416666666666664,63.75,63.083333333333336,61.583333333333336,64.25,60.791666666666664,62,66.625,61.958333333333336,62.875,61.416666666666664,66.04166666666667,60.541666666666664,60.125,63.625,64.29166666666667,64.66666666666667
2005-11-06T00:00:00Z,66.04166666666667,61.25,63.083333333333336,66.75,65.375,66.5,65.08333333333333,62.166666666666664,65,63.708333333333336,62.666666666666664,66.25,63.125,64,68.66666666666667,63,65.95833333333333,64.25,67.66666666666667,64.20833333333333,62.208333333333336,65.58333333333333,65.41666666666667,67.375
2005-11-07T00:00:00Z,61.333333333333336,55.208333333333336,61.416666666666664,66.08333333333333,60.75,63.708333333333336,66.70833333333333,56.833333333333336,62.666666666666664,60.625,62.041666666666664,61.791666666666664,61.833333333333336,59.625,64.70833333333333,60.666666666666664,65.16666666666667,59.333333333333336,66,60.416666666666664,59.708333333333336,64,60.041666666666664,64.04166666666667
2005-11-08T00:00:00Z,58.166666666666664,54.875,61.458333333333336,65.45833333333333,58.458333333333336,60.375,64.70833333333333,58,60.041666666666664,61.666666666666664,62.708333333333336,62.125,61.416666666666664,60.291666666666664,64.125,59.291666666666664,63.083333333333336,59.375,61.458333333333336,60.791666666666664,59.25,61.875,61.041666666666664,59.833333333333336
2005-11-09T00:00:00Z,69.04166666666667,60.625,67.375,69.95833333333333,66.83333333333333,67.04166666666667,69.875,66.04166666666667,67.75,66.91666666666667,69.16666666666667,71.54166666666667,67.16666666666667,66.58333333333333,69.16666666666667,67.875,68.41666666666667,68.29166666666667,68.125,68.41666666666667,66.66666666666667,67.54166666666667,68,70.16666666666667
2005-11-10T00:00:00Z,60.416666666666664,49.875,58.458333333333336,65.375,59.5,61.208333333333336,64.75,46.25,60.458333333333336,54.916666666666664,59.125,58.458333333333336,56.666666666666664,56.5,63.458333333333336,57.833333333333336,64.20833333333333,58.708333333333336,63.5,56.916666666666664,53.708333333333336,62.833333333333336,58.958333333333336,60.5
2005-11-11T00:00:00Z,43.375,44.583333333333336,47.166666666666664,48.625,45.541666666666664,45.708333333333336,48,44.166666666666664,44.458333333333336,46.75,48.708333333333336,45.833333333333336,47.833333333333336,44.708333333333336,52.458333333333336,46.291666666666664,47.291666666666664,45,47.833333333333336,48.166666666666664,47.333333333333336,46,49.75,45.375
2005-11-12T00:00:00Z,46.791666666666664,44.375,49.541666666666664,51.041666666666664,46.916666666666664,47.208333333333336,51.708333333333336,47.25,46.375,50.333333333333336,49.541666666666664,52.291666666666664,48.875,50.291666666666664,50.083333333333336,45.625,49.625,45.791666666666664,49.75,47.583333333333336,48.916666666666664,48.083333333333336,49.791666666666664,49.958333333333336
2005-11-13T00:00:00Z,57.083333333333336,53.916666666666664,57.083333333333336,59.833333333333336,59.666666666666664,56.583333333333336,60.375,55.583333333333336,57.708333333333336,54.75,58.708333333333336,57.833333333333336,54.75,55.125,63.833333333333336,51.625,59.541666666666664,54.041666666666664,61.166666666666664,55.416666666666664,54.166666666666664,56.791666666666664,58,59.541666666666664
2005-11-14T00:00:00Z,63.916666666666664,61,65.83333333333333,66.04166666666667,64.54166666666667,61.125,65.83333333333333,59.791666666666664,64.16666666666667,64.91666666666667,65.08333333333333,68.58333333333333,64.33333333333333,64.54166666666667,65.75,60.875,63.416666666666664,64.33333333333333,64.08333333333333,65.25,65.91666666666667,61.625,63.75,64.79166666666667
2005-11-15T00:00:00Z,66,62.333333333333336,65.91666666666667,70.16666666666667,65.33333333333333,64.75,69.5,60,65.25,65.54166666666667,65.79166666666667,68.70833333333333,63.791666666666664,65.25,67.70833333333333,66.54166666666667,66.25,64.70833333333333,66.79166666666667,66.70833333333333,66.04166666666667,65,66.41666666666667,68.04166666666667
2005-11-16T00:00:00Z,70.58333333333333,52.208333333333336,65.08333333333333,72.75,69.33333333333333,69.79166666666667,72.04166666666667,54.875,68.79166666666667,64.08333333333333,61.625,69.66666666666667,60.125,66.29166666666667,70.45833333333333,65.08333333333333,70.16666666666667,65.25,69.375,63.5,63.041666666666664,68.375,69.54166666666667,70.95833333333333
2005-11-17T00:00:00Z,45.958333333333336,33.541666666666664,41.5,52.583333333333336,48.333333333333336,49.583333333333336,50.708333333333336,31.25,46.791666666666664,40.5,40.625,43.75,39.333333333333336,40.791666666666664,54.333333333333336,42.458333333333336,51.333333333333336,39.75,52.708333333333336,40.125,40.208333333333336,50.791666666666664,47.541666666666664,46.958333333333336
2005-11-18T00:00:00Z,35.75,33.5,36.375,41.791666666666664,38.041666666666664,38.583333333333336,39.333333333333336,32.208333333333336,37.166666666666664,35.333333333333336,36.666666666666664,36.666666666666664,34.625,34,46.75,34,39.75,33.958333333333336,41.75,35.583333333333336,36.583333333333336,39.291666666666664,38.666666666666664,37.833333333333336
2005-11-19T00:00:00Z,38.958333333333336,36.75,40.291666666666664,46.791666666666664,41.125,44.25,44.625,38.208333333333336,39.916666666666664,40.666666666666664,41.5,40.666666666666664,40.208333333333336,39.833333333333336,51.083333333333336,37.708333333333336,45.083333333333336,38.666666666666664,46.708333333333336,40.5,40.25,44.708333333333336,41.583333333333336,41.583333333333336
2005-11-20T00:00:00Z,49.291666666666664,44.666666666666664,49.625,55.041666666666664,51.375,53.208333333333336,52.083333333333336,44.958333333333336,47.791666666666664,49.458333333333336,50,51.041666666666664,47.916666666666664,49.791666666666664,59.333333333333336,47.541666666666664,54.958333333333336,47.958333333333336,55.041666666666664,48.125,50.083333333333336,53.416666666666664,51.041666666666664,51.083333333333336
2005-11-21T00:00:00Z,55.958333333333336,47.041666666666664,51.5,60.833333333333336,58.5,60.208333333333336,58.541666666666664,45.375,55.208333333333336,50,50.5,54.083333333333336,49.75,50.333333333333336,66.375,51.75,63.875,50.583333333333336,61.083333333333336,50.5,51.583333333333336,60.791666666666664,56.333333333333336,58.041666666666664
2005-11-22T00:00:00Z,49.25,37.458333333333336,43.666666666666664,51.875,49.666666666666664,50.375,50.375,33.416666666666664,48.666666666666664,43.291666666666664,43.708333333333336,46.833333333333336,42.708333333333336,44.125,53.583333333333336,44.458333333333336,50.583333333333336,43.583333333333336,50.75,45.208333333333336,43.958333333333336,49.666666666666664,48.958333333333336,51.333333333333336
2005-11-23T00:00:00Z,41.375,37.875,40.166666666666664,45.833333333333336,40.041666666666664,43.041666666666664,44.583333333333336,32.5,43,38.958333333333336,40.708333333333336,41.958333333333336,39.708333333333336,38.833333333333336,45.708333333333336,39.25,44.833333333333336,40.833333333333336,45.333333333333336,40.583333333333336,38.791666666666664,42.291666666666664,41.458333333333336,43.625
2005-11-24T00:00:00Z,54.416666666666664,50.333333333333336,54.208333333333336,58.25,53.291666666666664,55.708333333333336,57.083333333333336,44.25,47.416666666666664,51.291666666666664,53.791666666666664,55.75,50.166666666666664,43.625,59.291666666666664,52.291666666666664,58.791666666666664,53.583333333333336,59.708333333333336,45.333333333333336,43.541666666666664,57.125,52.791666666666664,56.666666666666664
2005-11-25T00:00:00Z,34.333333333333336,35.75,41.083333333333336,46.333333333333336,36.333333333333336,39.875,43.5,30.25,36.333333333333336,35.041666666666664,42.916666666666664,39.583333333333336,39.208333333333336,34.666666666666664,44,38.375,43.666666666666664,39.375,43.125,40.708333333333336,34.583333333333336,42,33.583333333333336,37.708333333333336
2005-11-26T00:00:00Z,36.833333333333336,37.375,39.541666666666664,43.916666666666664,40.416666666666664,40.708333333333336,42.458333333333336,36.958333333333336,38.208333333333336,37.625,41.333333333333336,39.208333333333336,37.666666666666664,37.5,48.916666666666664,33.583333333333336,42.666666666666664,36.541666666666664,46.5,37.25,36.458333333333336,42.208333333333336,39.708333333333336,38.833333333333336
2005-11-27T00:00:00Z,49.375,41.791666666666664,41.291666666666664,51.833333333333336,50.833333333333336,55.5,50.916666666666664,41.875,51.791666666666664,38.583333333333336,45.125,41.875,39.875,40.416666666666664,60,35.958333333333336,58.541666666666664,40.708333333333336,59.833333333333336,41.541666666666664,41.041666666666664,57.25,49.625,52.916666666666664
2005-11-28T00:00:00Z,66.58333333333333,52.5,53.791666666666664,67.54166666666667,63.666666666666664,66.54166666666667,66.20833333333333,50.166666666666664,65.91666666666667,55,51.541666666666664,60.291666666666664,51.208333333333336,59,65.125,52.833333333333336,68.875,53.041666666666664,66.08333333333333,52.625,46.125,66.91666666666667,64.45833333333333,67.25
2005-11-29T00:00:00Z,68.33333333333333,57.083333333333336,61.583333333333336,70.5,67.20833333333333,68.54166666666667,69.16666666666667,50.791666666666664,66.54166666666667,62.375,58.375,66.66666666666667,59.291666666666664,62.625,66.125,63.5,69.125,62.375,67.54166666666667,61.416666666666664,57.791666666666664,68.83333333333333,68,68.33333333333333
2005-11-30T00:00:00Z,54.458333333333336,38.833333333333336,47.291666666666664,58.333333333333336,56.416666666666664,58.583333333333336,57.291666666666664,38.25,55.541666666666664,48,46.5,49.666666666666664,45.791666666666664,50.958333333333336,59.125,50.583333333333336,59.291666666666664,44.208333333333336,59.416666666666664,45.458333333333336,47.708333333333336,59.416666666666664,54.916666666666664,57
2005-12-01T00:00:00Z,42.458333333333336,37.333333333333336,44.833333333333336,52.166666666666664,44.541666666666664,47.333333333333336,50.291666666666664,35.291666666666664,45.625,42.708333333333336,44.041666666666664,46.041666666666664,41,42.041666666666664,51,44.125,50.166666666666664,42.666666666666664,50.791666666666664,42.25,42.125,48.291666666666664,44.541666666666664,45.958333333333336
2005-12-02T00:00:00Z,41.5,34,39.541666666666664,45.708333333333336,41.625,43.208333333333336,45.166666666666664,30.916666666666668,43.583333333333336,39.791666666666664,39.083333333333336,42.208333333333336,39.375,39.708333333333336,47.5,40.25,45.416666666666664,40.625,47.208333333333336,40.583333333333336,40.75,43.583333333333336,43.25,44.458333333333336
2005-12-03T00:00:00Z,39.458333333333336,34.041666666666664,39.375,46.791666666666664,38.791666666666664,41.458333333333336,45.083333333333336,33.333333333333336,41.458333333333336,39.166666666666664,38.041666666666664,41.541666666666664,37.583333333333336,39.125,44.666666666666664,38.75,45.375,37.416666666666664,45.75,37.375,38.166666666666664,41.791666666666664,40.458333333333336,42.666666666666664
2005-12-04T00:00:00Z,55.708333333333336,51.833333333333336,53.25,65.54166666666667,56.375,60.333333333333336,63.666666666666664,49.791666666666664,59.375,51,52.75,56.791666666666664,51.291666666666664,51.916666666666664,61.541666666666664,53.875,63.875,53.833333333333336,62.708333333333336,49.958333333333336,51.208333333333336,62.916666666666664,53.208333333333336,59.666666666666664
2005-12-05T00:00:00Z,40.875,41.083333333333336,43.666666666666664,59.375,46.458333333333336,52.5,54,38.25,45.291666666666664,38,45.125,42.833333333333336,41.083333333333336,37.541666666666664,54.75,39.333333333333336,58.666666666666664,42.583333333333336,54.916666666666664,49.458333333333336,39.625,54.291666666666664,41.5,45.916666666666664
2005-12-06T00:00:00Z,35.375,31.625,35.833333333333336,42.583333333333336,36.833333333333336,36.625,40.791666666666664,31.041666666666668,37.375,35.041666666666664,38.25,37.041666666666664,36.333333333333336,34.291666666666664,42.041666666666664,34.208333333333336,41.625,34.666666666666664,38.916666666666664,37.833333333333336,36.916666666666664,39.291666666666664,36.625,37.333333333333336
2005-12-07T00:00:00Z,34.583333333333336,31.958333333333332,38.375,40.333333333333336,35.75,37.083333333333336,38.916666666666664,32.625,37.833333333333336,36.583333333333336,37.708333333333336,38.583333333333336,35.916666666666664,34.291666666666664,42.083333333333336,34.375,39.083333333333336,35.208333333333336,38.333333333333336,36.625,36.375,36.875,35.791666666666664,38.041666666666664
2005-12-08T00:00:00Z,35.041666666666664,31.916666666666668,36.291666666666664,43,36.25,40.041666666666664,40.916666666666664,28.833333333333332,38,32.458333333333336,35.875,37.583333333333336,32.916666666666664,33.166666666666664,43.875,34.083333333333336,42.875,34.958333333333336,43.916666666666664,35.291666666666664,33.166666666666664,41.25,34.916666666666664,39.458333333333336
2005-12-09T00:00:00Z,40.208333333333336,31.958333333333332,37.166666666666664,47.291666666666664,43.125,48.541666666666664,45.666666666666664,32,42.5,35.5,38.125,37.208333333333336,35.791666666666664,35.875,49.958333333333336,36.416666666666664,50.916666666666664,36.041666666666664,51.375,36.916666666666664,35.875,47.875,41.583333333333336,43.25
2005-12-10T00:00:00Z,36.333333333333336,32.25,37,46.75,38.458333333333336,39.958333333333336,44.208333333333336,32.416666666666664,40.208333333333336,34.041666666666664,37,37.666666666666664,34.166666666666664,35.708333333333336,45.916666666666664,34.875,42.75,35.375,43.75,33.166666666666664,34.291666666666664,41.416666666666664,39.166666666666664,40.541666666666664
2005-12-11T00:00:00Z,43.458333333333336,36.125,39.291666666666664,48.041666666666664,44.208333333333336,45.041666666666664,47.25,32,43.75,37.916666666666664,40.25,41.708333333333336,39.625,39.791666666666664,47.916666666666664,37.875,47.125,39.666666666666664,48.75,42.125,39.083333333333336,44.083333333333336,45,45.583333333333336
2005-12-12T00:00:00Z,43.583333333333336,35.541666666666664,39.791666666666664,46,45.166666666666664,43.208333333333336,44.5,33,43.708333333333336,40.75,41.458333333333336,42.291666666666664,41.75,40.458333333333336,45.708333333333336,40.833333333333336,42.916666666666664,41.25,44.833333333333336,44.333333333333336,40.666666666666664,42.5,43.625,46.083333333333336
2005-12-13T00:00:00Z,33.916666666666664,31.833333333333332,36,41.166666666666664,35.5,37.708333333333336,38.916666666666664,27.083333333333332,36.583333333333336,33.125,38.625,36.041666666666664,36.458333333333336,33.083333333333336,40,33.25,38.208333333333336,35,39.625,37.291666666666664,34.75,38.666666666666664,34.375,36.875
2005-12-14T00:00:00Z,30.125,28.375,31.958333333333332,35.916666666666664,33.166666666666664,33.458333333333336,33.625,22.416666666666668,30.458333333333332,27.666666666666668,31.875,32,29.375,27.333333333333332,42.208333333333336,27.583333333333332,34.541666666666664,31.208333333333332,36.958333333333336,32.208333333333336,29.75,32.666666666666664,34,30.833333333333332
2005-12-15T00:00:00Z,45.708333333333336,31.291666666666668,32.041666666666664,45.458333333333336,48.625,50.416666666666664,44.958333333333336,28.958333333333332,46.5,30.875,32.166666666666664,34.75,31.291666666666668,34.541666666666664,53.708333333333336,33.791666666666664,51.875,32.5,53.958333333333336,32.625,33.25,51.041666666666664,48.208333333333336,48.333333333333336
2005-12-16T00:00:00Z,44.375,34.333333333333336,38.083333333333336,46.25,47.291666666666664,47,45.916666666666664,33.458333333333336,42.541666666666664,37.291666666666664,36.916666666666664,39.916666666666664,35.833333333333336,39.708333333333336,48.625,38.833333333333336,46.541666666666664,35.75,48.791666666666664,35.208333333333336,36.875,46.458333333333336,47.416666666666664,46.458333333333336
2005-12-17T00:00:00Z,38.458333333333336,34.875,40.416666666666664,43.625,41.5,40.958333333333336,42.708333333333336,33.041666666666664,40.791666666666664,38.083333333333336,39.833333333333336,41.583333333333336,36.708333333333336,37.75,47,39.083333333333336,41.75,38.416666666666664,44.25,35.541666666666664,38.75,41.333333333333336,42.333333333333336,41.791666666666664
2005-12-18T00:00:00Z,37.791666666666664,37.833333333333336,40.166666666666664,44.583333333333336,40.791666666666664,42.125,42.666666666666664,35.75,39.208333333333336,38.416666666666664,41.708333333333336,39.083333333333336,40.583333333333336,35.625,45.75,35.333333333333336,42.916666666666664,39.791666666666664,44.416666666666664,39.708333333333336,40.375,42.583333333333336,40.541666666666664,41.083333333333336
2005-12-19T00:00:00Z,38.541666666666664,32.25,38.666666666666664,43.416666666666664,39.125,40.291666666666664,41.958333333333336,31.75,40.375,36.916666666666664,40.5,38.666666666666664,37.583333333333336,36.583333333333336,43.958333333333336,36.916666666666664,41.791666666666664,37.25,42.625,37.875,36.625,40.75,39.625,41.291666666666664
2005-12-20T00:00:00Z,31.833333333333332,29.291666666666668,34.541666666666664,39.375,33.083333333333336,35.75,37.666666666666664,26.625,34.541666666666664,32.791666666666664,36.541666666666664,33.666666666666664,33.916666666666664,32.375,40.625,32.583333333333336,37.625,31.708333333333332,39.458333333333336,34.208333333333336,34.5,37.25,35.291666666666664,35.25
2005-12-21T00:00:00Z,30.958333333333332,28.791666666666668,33.083333333333336,37.291666666666664,32.333333333333336,32.125,35.875,26.75,32.958333333333336,32.041666666666664,35.583333333333336,32.916666666666664,31.166666666666668,31.333333333333332,39.916666666666664,31.333333333333332,35.083333333333336,30.208333333333332,35.75,31.208333333333332,34.083333333333336,33.666666666666664,32.541666666666664,33.291666666666664
2005-12-22T00:00:00Z,30.666666666666668,30.958333333333332,33.5,37.083333333333336,32.375,32.083333333333336,36.416666666666664,32.666666666666664,32.833333333333336,35.083333333333336,36.541666666666664,35,34.083333333333336,34.458333333333336,40.708333333333336,33.75,34.208333333333336,31.333333333333332,36.75,33,34.625,32.583333333333336,34.041666666666664,32.5
2005-12-23T00:00:00Z,38.375,32.5,39.166666666666664,41.041666666666664,39.791666666666664,37.583333333333336,40.708333333333336,38,38.208333333333336,39.125,41.541666666666664,41.958333333333336,37.708333333333336,39.5,44.208333333333336,38.791666666666664,38,34.666666666666664,39.708333333333336,36.125,37.083333333333336,38.208333333333336,40.125,39.833333333333336
2005-12-24T00:00:00Z,43.666666666666664,35.875,43.458333333333336,46.875,44.708333333333336,44.416666666666664,45.916666666666664,42.833333333333336,45.875,43.125,43.875,46.75,40.958333333333336,43.333333333333336,47.541666666666664,42.916666666666664,44.125,40.5,46.375,39.875,39.875,45,45.625,45.541666666666664
2005-12-25T00:00:00Z,53.416666666666664,42.125,48.458333333333336,61.041666666666664,53.25,55.666666666666664,58.541666666666664,40.041666666666664,55.041666666666664,47.333333333333336,45.416666666666664,52.083333333333336,43.25,49.541666666666664,57.125,49.916666666666664,57.708333333333336,45.666666666666664,57.458333333333336,44.333333333333336,44.041666666666664,56.541666666666664,52.291666666666664,56.083333333333336
2005-12-26T00:00:00Z,47.666666666666664,36.25,44.166666666666664,51.333333333333336,47.333333333333336,48.083333333333336,50.708333333333336,33.083333333333336,47.875,42.333333333333336,43.583333333333336,46,42.041666666666664,43.791666666666664,49.291666666666664,44.75,48.708333333333336,44.25,49.5,43.833333333333336,42.125,47.333333333333336,48.208333333333336,49.958333333333336
2005-12-27T00:00:00Z,41.625,39.458333333333336,43.583333333333336,45.25,41.083333333333336,40.875,45.583333333333336,40.25,41.958333333333336,42.875,45.375,44.125,45.5,40.875,42.25,41.916666666666664,43.375,41.625,42.541666666666664,43.375,41.208333333333336,40.125,42.083333333333336,44.666666666666664
2005-12-28T00:00:00Z,47.916666666666664,45.416666666666664,49.583333333333336,51.25,47.791666666666664,47.208333333333336,51.625,44.916666666666664,49.5,48,49.041666666666664,53.208333333333336,44.541666666666664,47.333333333333336,53.666666666666664,48.083333333333336,48.791666666666664,47.041666666666664,50.833333333333336,43.291666666666664,44.208333333333336,47.25,48.708333333333336,50.916666666666664
2005-12-29T00:00:00Z,51.375,39.333333333333336,47.541666666666664,55.958333333333336,50.875,53.416666666666664,55.333333333333336,37.5,52.791666666666664,47.333333333333336,46.5,51.583333333333336,44.625,48.625,55.25,48.75,54,47.541666666666664,54.75,46.333333333333336,46.5,52.708333333333336,51,54
2005-12-30T00:00:00Z,42.416666666666664,41.458333333333336,42.958333333333336,47.541666666666664,43.5,45,46.75,38.833333333333336,43.5,43.333333333333336,43.416666666666664,45.583333333333336,42.875,42.833333333333336,44.791666666666664,42.25,45.708333333333336,42.208333333333336,45.916666666666664,43,45.208333333333336,44.125,44.416666666666664,45.458333333333336
2005-12-31T00:00:00Z,45.125,41.625,49.416666666666664,55.25,46.583333333333336,50.625,54.375,41.208333333333336,49.916666666666664,46.625,48.583333333333336,51.083333333333336,45.583333333333336,46.458333333333336,52.041666666666664,46.291666666666664,54.541666666666664,46.5,51.625,46.541666666666664,46,51.833333333333336,45.75,50.291666666666664
2006-01-01T00:00:00Z,43,43.083333333333336,47.25,51,43.625,46.083333333333336,50.708333333333336,43.583333333333336,49.333333333333336,47.875,48.625,46.666666666666664,47,47.458333333333336,48.125,45.625,48,43.625,48.208333333333336,47.125,45.291666666666664,47.083333333333336,42.375,46.166666666666664
2006-01-02T00:00:00Z,49.541666666666664,45.208333333333336,47.625,59.291666666666664,50.333333333333336,53.375,57.208333333333336,45.541666666666664,50,45.291666666666664,46.5,49.833333333333336,45.333333333333336,45.541666666666664,55.25,46.583333333333336,58.166666666666664,46.166666666666664,56.208333333333336,45.958333333333336,45.5,55.5,48.708333333333336,54.125
2006-01-03T00:00:00Z,49.708333333333336,44.25,50.875,58.708333333333336,50.916666666666664,55.416666666666664,56.416666666666664,45.375,53.083333333333336,48.833333333333336,51.208333333333336,51.166666666666664,48.666666666666664,43.958333333333336,53.541666666666664,47.583333333333336,57.583333333333336,50.666666666666664,55.541666666666664,45.25,48.25,57.041666666666664,46.5,54.416666666666664
2006-01-04T00:00:00Z,43.625,41.958333333333336,48,46.416666666666664,41.666666666666664,43.875,43.083333333333336,45.666666666666664,46.75,48.666666666666664,48.583333333333336,51.375,45.666666666666664,45.083333333333336,43.166666666666664,46.708333333333336,46.958333333333336,45.25,45.541666666666664,45.333333333333336,47.458333333333336,45.666666666666664,41.625,45.791666666666664
2006-01-05T00:00:00Z,52.541666666666664,40.375,49.291666666666664,53.541666666666664,47.541666666666664,53.041666666666664,51.041666666666664,40.5,53.25,48.041666666666664,50.541666666666664,50.458333333333336,47.041666666666664,48.5,51.541666666666664,48.541666666666664,54.875,47.75,53.166666666666664,49.125,47.458333333333336,53.208333333333336,46.208333333333336,52.291666666666664
2006-01-06T00:00:00Z,43.458333333333336,33.5,39,43.291666666666664,40.833333333333336,43.5,42.125,30.041666666666668,42.041666666666664,38.791666666666664,40.416666666666664,40.541666666666664,39.25,37.083333333333336,44.375,38.125,45.083333333333336,39.291666666666664,44.166666666666664,41.166666666666664,39.416666666666664,44.083333333333336,41.25,43.291666666666664
2006-01-07T00:00:00Z,35.333333333333336,30.5,34.875,36.416666666666664,34.041666666666664,36.583333333333336,35.958333333333336,30.5,36.416666666666664,33.583333333333336,36.75,36,35.375,33.333333333333336,39.333333333333336,33.125,37.208333333333336,34.208333333333336,39.291666666666664,35.416666666666664,34.958333333333336,36.75,35.416666666666664,36.5
2006-01-08T00:00:00Z,47.666666666666664,41.083333333333336,45.583333333333336,45.625,43.25,45.25,43.833333333333336,41.625,45.458333333333336,43.5,47.333333333333336,47.916666666666664,43.875,41.333333333333336,49.166666666666664,43.083333333333336,47.541666666666664,45.333333333333336,50.208333333333336,36.875,42.083333333333336,46.458333333333336,43.166666666666664,47.25
2006-01-09T00:00:00Z,58.291666666666664,55.125,56.666666666666664,56.583333333333336,54.625,57.375,55.375,53.5,55.958333333333336,54.583333333333336,57.125,58.041666666666664,55.833333333333336,53.833333333333336,57.666666666666664,54.458333333333336,58.458333333333336,57,56.5,53.625,50.583333333333336,57.541666666666664,55.541666666666664,58.666666666666664
2006-01-10T00:00:00Z,52.916666666666664,50.166666666666664,55.625,57.708333333333336,48.5,53.166666666666664,56.166666666666664,47.166666666666664,53.75,49.416666666666664,57.541666666666664,54.125,53.083333333333336,49.166666666666664,52.541666666666664,48.875,57.291666666666664,52.375,54.333333333333336,51.916666666666664,52.583333333333336,54.458333333333336,47.625,52.041666666666664
2006-01-11T00:00:00Z,57.791666666666664,53.25,56.25,59.666666666666664,57.25,58.791666666666664,58.25,47.666666666666664,57.333333333333336,55.333333333333336,56.333333333333336,57.083333333333336,54.541666666666664,53.458333333333336,58.875,54.958333333333336,60.958333333333336,55.5,58.625,53.083333333333336,52.333333333333336,59.041666666666664,58.291666666666664,58.083333333333336
2006-01-12T00:00:00Z,59.25,43.583333333333336,53.708333333333336,59.083333333333336,55.375,60.041666666666664,58.25,45.541666666666664,58.958333333333336,53.541666666666664,53.458333333333336,52.833333333333336,49.375,55.625,56.791666666666664,55.666666666666664,59.333333333333336,50.416666666666664,58.166666666666664,45.708333333333336,45.875,58.375,54.916666666666664,59.291666666666664
2006-01-13T00:00:00Z,64.70833333333333,48.125,55.25,59.958333333333336,60.125,60.291666666666664,59.916666666666664,46.958333333333336,61.25,56.541666666666664,52.708333333333336,57.416666666666664,49.958333333333336,58.958333333333336,59,57.416666666666664,60.416666666666664,52.541666666666664,60.333333333333336,48.5,49.5,60.291666666666664,60.375,63.375
2006-01-14T00:00:00Z,53,32.875,41.291666666666664,45.333333333333336,49.5,49.833333333333336,45.291666666666664,28.041666666666668,46.958333333333336,41.166666666666664,40.625,42.375,39.041666666666664,44.416666666666664,49.666666666666664,43.916666666666664,48.166666666666664,41.75,50.458333333333336,38.958333333333336,40.666666666666664,48.291666666666664,50.041666666666664,50.625
2006-01-15T00:00:00Z,41.625,37.166666666666664,41.583333333333336,41.583333333333336,36.75,40.875,40.333333333333336,31.708333333333332,40.875,40.5,45.125,40,43.541666666666664,37.958333333333336,41.25,38.25,41.833333333333336,43.75,42,41.25,41.625,41.083333333333336,37.666666666666664,41.541666666666664
2006-01-16T00:00:00Z,42.916666666666664,44.291666666666664,48.083333333333336,51,39.25,46.458333333333336,48.916666666666664,39.5,47.208333333333336,44.625,49.541666666666664,45.041666666666664,44.291666666666664,42.541666666666664,48.375,43.083333333333336,50.583333333333336,45.916666666666664,48.291666666666664,42.083333333333336,42.583333333333336,47.583333333333336,40.75,46.583333333333336
2006-01-17T00:00:00Z,54.625,49.5,57.083333333333336,59.416666666666664,52,60.041666666666664,58.625,48.416666666666664,60.208333333333336,57.041666666666664,54.833333333333336,57.708333333333336,54.25,54.708333333333336,59.333333333333336,55.916666666666664,61.291666666666664,57.416666666666664,59.5,51.541666666666664,53.208333333333336,60.166666666666664,51.75,61.833333333333336
2006-01-18T00:00:00Z,49.666666666666664,38.041666666666664,44.25,49.458333333333336,52.125,53.125,49.583333333333336,31.791666666666668,50.625,44.125,42.458333333333336,43.291666666666664,43.625,46.458333333333336,54.666666666666664,44.916666666666664,52.833333333333336,43.666666666666664,54.416666666666664,43.208333333333336,42.833333333333336,52.666666666666664,52.916666666666664,52.708333333333336
2006-01-19T00:00:00Z,47.083333333333336,40.25,44.291666666666664,43.708333333333336,44.041666666666664,45.041666666666664,44,41.458333333333336,46.583333333333336,44,45.958333333333336,41.75,43.541666666666664,45.666666666666664,48.958333333333336,43.125,44.416666666666664,42.208333333333336,46.75,40.333333333333336,41.291666666666664,43.791666666666664,44.208333333333336,48.416666666666664
2006-01-20T00:00:00Z,52.125,44.375,47.083333333333336,49.083333333333336,50.625,50.041666666666664,49.541666666666664,45.125,50.791666666666664,49.25,50.083333333333336,48.208333333333336,48.083333333333336,48.875,53.458333333333336,48.75,50.25,46.958333333333336,51.75,42.708333333333336,47.041666666666664,49.708333333333336,51.125,52
2006-01-21T00:00:00Z,59.375,50.916666666666664,53.75,59,57.5,59,58.416666666666664,46.333333333333336,58.25,52.083333333333336,53.083333333333336,52.416666666666664,50.583333333333336,52.375,58.416666666666664,53.208333333333336,59.166666666666664,52.208333333333336,61.083333333333336,49.416666666666664,49.625,61.041666666666664,55.541666666666664,60.125
2006-01-22T00:00:00Z,47.25,42.666666666666664,45,51.166666666666664,46.833333333333336,48.291666666666664,47.458333333333336,35.5,46,40.75,45.5,42.375,42.416666666666664,40.041666666666664,53.833333333333336,41.5,52,44.583333333333336,51.125,42.541666666666664,41.458333333333336,49.333333333333336,43.916666666666664,47.708333333333336
2006-01-23T00:00:00Z,50.041666666666664,46.5,42.416666666666664,51.625,52.416666666666664,55.833333333333336,48.458333333333336,44.583333333333336,48,42.541666666666664,43.125,41.125,40.75,41.25,57.541666666666664,42.166666666666664,57.291666666666664,43.041666666666664,58,41,41.666666666666664,56.541666666666664,48.416666666666664,51.125
2006-01-24T00:00:00Z,52.708333333333336,48.166666666666664,49.583333333333336,53.25,47.416666666666664,53.458333333333336,51.583333333333336,42.625,52.375,50.208333333333336,50.708333333333336,49.958333333333336,49.583333333333336,48.458333333333336,50.416666666666664,50.125,55.541666666666664,51.125,54.708333333333336,47.916666666666664,51.083333333333336,53.666666666666664,45.416666666666664,54.625
2006-01-25T00:00:00Z,49.791666666666664,38.791666666666664,43.5,47.541666666666664,44.791666666666664,46.916666666666664,45.875,31.166666666666668,46.625,42.166666666666664,46.041666666666664,41.458333333333336,42.541666666666664,42.041666666666664,48.166666666666664,43.208333333333336,48.541666666666664,44.875,49.083333333333336,42.416666666666664,41.541666666666664,46.833333333333336,45.291666666666664,48.625
2006-01-26T00:00:00Z,39.708333333333336,33.875,37.625,39.208333333333336,36.291666666666664,38.958333333333336,37.833333333333336,28.583333333333332,39.333333333333336,35.791666666666664,40.875,35.416666666666664,37.833333333333336,36.75,40.458333333333336,36.333333333333336,39.75,35.041666666666664,40.5,37.333333333333336,37.833333333333336,37.916666666666664,38.125,39.375
2006-01-27T00:00:00Z,37.333333333333336,33.375,37.666666666666664,37.541666666666664,36.041666666666664,35.875,36.083333333333336,32.708333333333336,36.041666666666664,36.708333333333336,37.916666666666664,34.125,36.958333333333336,35.75,37.375,35.875,37,33.958333333333336,37.25,34.083333333333336,37.458333333333336,36.25,35.708333333333336,36.041666666666664
2006-01-28T00:00:00Z,45.458333333333336,41,44,44,43.458333333333336,42.583333333333336,43,42.375,43.291666666666664,44.041666666666664,45.458333333333336,43.25,44.583333333333336,44.208333333333336,44.958333333333336,42.208333333333336,44.708333333333336,40.875,43.666666666666664,41.458333333333336,44.083333333333336,42.666666666666664,44.291666666666664,44.75
2006-01-29T00:00:00Z,59.291666666666664,50.541666666666664,54,57.25,54,56.833333333333336,56.125,47.833333333333336,56.958333333333336,53.375,53.875,54.458333333333336,52.375,53.916666666666664,56.25,54.958333333333336,58,53.875,56.875,52.541666666666664,51.541666666666664,57.625,53.75,57.833333333333336
2006-01-30T00:00:00Z,60.916666666666664,43.166666666666664,54.5,59.875,56.625,59.583333333333336,58.041666666666664,46.416666666666664,59.083333333333336,54.791666666666664,51.875,56.083333333333336,50.583333333333336,55.583333333333336,57.625,54.833333333333336,59.625,55.583333333333336,57.291666666666664,48.291666666666664,49.5,59.291666666666664,57.041666666666664,60.5
2006-01-31T00:00:00Z,51.916666666666664,36.416666666666664,45.583333333333336,48.833333333333336,48,48.458333333333336,48.833333333333336,34.708333333333336,49.291666666666664,43.583333333333336,45.291666666666664,44.458333333333336,43.125,44.583333333333336,49.833333333333336,45.208333333333336,49.958333333333336,45.875,49.875,42.333333333333336,42.708333333333336,49.041666666666664,47.375,50.541666666666664
2006-02-01T00:00:00Z,41.333333333333336,36.375,39.416666666666664,42.416666666666664,39.833333333333336,40.666666666666664,41.416666666666664,34.75,40.416666666666664,39.458333333333336,39.958333333333336,37.458333333333336,38.541666666666664,39.25,42.375,37.833333333333336,42.333333333333336,37.125,42.958333333333336,35.833333333333336,39.041666666666664,41.125,41,42.208333333333336
2006-02-02T00:00:00Z,50.333333333333336,38.583333333333336,45.666666666666664,51.125,47,50.333333333333336,49.791666666666664,38.25,50.791666666666664,45.625,42.708333333333336,45.083333333333336,41.166666666666664,47.208333333333336,50.958333333333336,46.583333333333336,51.458333333333336,42.708333333333336,52.416666666666664,39.666666666666664,43.708333333333336,50.208333333333336,47.791666666666664,51.375
2006-02-03T00:00:00Z,65.625,49.625,54.041666666666664,60.708333333333336,60.458333333333336,61.75,60.083333333333336,47.666666666666664,62.25,52.25,52.083333333333336,55.708333333333336,48.958333333333336,59.333333333333336,59.291666666666664,58.208333333333336,61.333333333333336,50.5,59.416666666666664,45.875,49.958333333333336,61.125,61.583333333333336,63.625
2006-02-04T00:00:00Z,63.416666666666664,42.875,53.875,59.458333333333336,59.583333333333336,61.583333333333336,58.958333333333336,38.375,60.541666666666664,52.083333333333336,50.208333333333336,54.208333333333336,48.416666666666664,55.333333333333336,62.291666666666664,54.75,61.708333333333336,52.5,62.458333333333336,47.291666666666664,49.875,61.541666666666664,59.666666666666664,63.5
2006-02-05T00:00:00Z,45.041666666666664,30.416666666666668,37.916666666666664,41.291666666666664,43.041666666666664,42.875,41.083333333333336,23.666666666666668,42.708333333333336,36.291666666666664,37.125,38,35.541666666666664,39.125,45.75,38.416666666666664,43.291666666666664,37.875,45.666666666666664,35.125,36.166666666666664,43.083333333333336,43.666666666666664,44.416666666666664
2006-02-06T00:00:00Z,44.375,33.5,38.166666666666664,40.458333333333336,41.291666666666664,42.541666666666664,39.791666666666664,29.541666666666668,41,38.833333333333336,37.666666666666664,37.333333333333336,39.333333333333336,39.5,45.75,38.166666666666664,42.666666666666664,37.333333333333336,45.166666666666664,39.041666666666664,37.333333333333336,41.791666666666664,41.583333333333336,42.666666666666664
2006-02-07T00:00:00Z,44.5,34.708333333333336,43.125,42,41.708333333333336,41.833333333333336,41.375,30.25,42.75,40.958333333333336,43.166666666666664,40.458333333333336,40.083333333333336,40.5,42.916666666666664,40.666666666666664,41.958333333333336,42.75,43.125,38.125,39.333333333333336,41.75,41.666666666666664,44.083333333333336
2006-02-08T00:00:00Z,38.166666666666664,34.875,38.5,38.708333333333336,37,37.166666666666664,37.666666666666664,27.833333333333332,37.541666666666664,37.708333333333336,39.708333333333336,35.833333333333336,38.833333333333336,35.875,41.458333333333336,37.666666666666664,38.25,36.708333333333336,40.041666666666664,36.666666666666664,36.875,36.375,36.916666666666664,37.208333333333336
2006-02-09T00:00:00Z,37.166666666666664,29.875,38.208333333333336,35.75,33.208333333333336,36,35.708333333333336,24.875,36.958333333333336,34.75,38.125,35.416666666666664,35.625,35.041666666666664,40.541666666666664,34.958333333333336,35.958333333333336,36,39.291666666666664,34.416666666666664,35.833333333333336,36.083333333333336,36.583333333333336,37.291666666666664
2006-02-10T00:00:00Z,39.041666666666664,33.625,38.666666666666664,40.791666666666664,36.875,38.458333333333336,39.458333333333336,30.666666666666668,38.833333333333336,37.375,38.5,37.625,37.833333333333336,36.666666666666664,43.625,38.166666666666664,40.125,36.625,40.833333333333336,35.791666666666664,36.541666666666664,38.333333333333336,39.458333333333336,40.166666666666664
2006-02-11T00:00:00Z,43.958333333333336,33.375,39.458333333333336,47.125,43.75,45.916666666666664,44.875,29.416666666666668,43.541666666666664,36.875,38.041666666666664,37.958333333333336,35.25,37.375,50.541666666666664,38.5,49.291666666666664,38.166666666666664,49.541666666666664,35.041666666666664,36.458333333333336,47.958333333333336,42.583333333333336,45.041666666666664
2006-02-12T00:00:00Z,38.041666666666664,27.708333333333332,34.208333333333336,39.833333333333336,35.583333333333336,38.083333333333336,38.791666666666664,22.125,38.041666666666664,33.208333333333336,33.541666666666664,33.666666666666664,32,33.958333333333336,40.791666666666664,35.083333333333336,40.708333333333336,34.583333333333336,40.708333333333336,32.583333333333336,33.5,39.625,36.5,38.708333333333336
2006-02-13T00:00:00Z,35.458333333333336,26.875,33.333333333333336,36,32.5,33.833333333333336,35.041666666666664,21.333333333333332,35.625,32.041666666666664,34,31.791666666666668,32.75,32.75,37.625,32.5,36.5,32.708333333333336,37.666666666666664,31.458333333333332,29.291666666666668,35.041666666666664,34.25,36.125
2006-02-14T00:00:00Z,43.916666666666664,39,41.875,41.375,40.416666666666664,40.708333333333336,41,37.708333333333336,41.708333333333336,40.625,43.083333333333336,39.25,40.541666666666664,38.291666666666664,44.75,39.791666666666664,43.625,39.583333333333336,45.083333333333336,36.166666666666664,34.25,41.833333333333336,42.708333333333336,43
2006-02-15T00:00:00Z,52,42.416666666666664,48.916666666666664,50.083333333333336,49.166666666666664,50.208333333333336,49.291666666666664,40.208333333333336,51.291666666666664,49.208333333333336,49.625,51.125,48.166666666666664,49.625,52.25,48.75,51.916666666666664,51.458333333333336,52.166666666666664,44.041666666666664,51.291666666666664,50.708333333333336,50.083333333333336,51.791666666666664
2006-02-16T00:00:00Z,58.625,47.041666666666664,54.25,54.041666666666664,55.625,55.375,53.416666666666664,48.375,55.583333333333336,54.291666666666664,54.708333333333336,54.583333333333336,53.708333333333336,54.208333333333336,56.75,54.75,56.083333333333336,52.916666666666664,57.25,50.541666666666664,52,55,56.458333333333336,57.291666666666664
2006-02-17T00:00:00Z,63.708333333333336,51.083333333333336,58.458333333333336,60.125,57.5,61.083333333333336,58.375,45.916666666666664,60.958333333333336,57.083333333333336,58.083333333333336,58.625,57.5,56.5,57.166666666666664,57.625,62.5,58.916666666666664,58.041666666666664,55.791666666666664,54.125,62.75,55.916666666666664,62.125
2006-02-18T00:00:00Z,42.125,31.833333333333332,41.375,45.5,40.291666666666664,42.25,43.208333333333336,30.916666666666668,41.583333333333336,36.416666666666664,42.208333333333336,39.041666666666664,37.875,37.541666666666664,44.833333333333336,38,46.833333333333336,40.5,44.75,37.541666666666664,36.083333333333336,44.458333333333336,38.291666666666664,42.041666666666664
2006-02-19T00:00:00Z,29.25,27.875,33.125,35.916666666666664,27.625,32.166666666666664,34.166666666666664,23.833333333333332,31.291666666666668,28.541666666666668,35.125,29.75,30.583333333333332,27.416666666666668,33,28.833333333333332,36.625,33,33.875,30.5,30.125,34.666666666666664,25.708333333333332,30.583333333333332
2006-02-20T00:00:00Z,37.166666666666664,38.25,43.083333333333336,39.916666666666664,32.625,36.75,39.041666666666664,33.375,37.5,40.083333333333336,42.625,39.958333333333336,41.416666666666664,36.208333333333336,34.333333333333336,37.5,39.166666666666664,43.25,38.291666666666664,41.333333333333336,34.416666666666664,38.291666666666664,33.416666666666664,37.958333333333336
2006-02-21T00:00:00Z,46.541666666666664,42.625,50.125,48.75,43,47.041666666666664,47.166666666666664,37.5,48.708333333333336,47.458333333333336,50.583333333333336,47.75,46.583333333333336,44.291666666666664,43.166666666666664,46.708333333333336,48.333333333333336,48.875,47.958333333333336,45.5,41.666666666666664,48.5,40.791666666666664,47.875
2006-02-22T00:00:00Z,48.416666666666664,47.416666666666664,51.291666666666664,56,46.833333333333336,50.208333333333336,51.458333333333336,42.458333333333336,49.125,45.833333333333336,53.708333333333336,46.458333333333336,45.875,42.083333333333336,49.958333333333336,45.416666666666664,56.208333333333336,48.875,52.333333333333336,46.166666666666664,43.625,51.416666666666664,44.333333333333336,49.625
2006-02-23T00:00:00Z,49.5,45.833333333333336,53,53.208333333333336,45.375,49.75,51.208333333333336,40.541666666666664,48.75,48.291666666666664,53.166666666666664,47.958333333333336,49.708333333333336,45.625,46.708333333333336,46.125,52.875,51.625,51.041666666666664,48.208333333333336,44.666666666666664,50.5,43.708333333333336,48.875
2006-02-24T00:00:00Z,47.708333333333336,44.208333333333336,49.833333333333336,48.083333333333336,44.791666666666664,45.333333333333336,48.625,39.875,46.041666666666664,48.25,47.833333333333336,45.083333333333336,50.625,44.75,44.916666666666664,45.666666666666664,47.916666666666664,47.583333333333336,47.583333333333336,49.125,40.791666666666664,45.166666666666664,43.708333333333336,47.666666666666664
2006-02-25T00:00:00Z,51.166666666666664,41.791666666666664,47.166666666666664,47.416666666666664,50.125,49.416666666666664,46.5,43.375,48.208333333333336,47.916666666666664,46.958333333333336,47.666666666666664,44.791666666666664,47.833333333333336,49.958333333333336,46.5,47.916666666666664,44.791666666666664,48.333333333333336,42.541666666666664,44.916666666666664,47.083333333333336,49.25,50.666666666666664
2006-02-26T00:00:00Z,39.25,34.166666666666664,40.708333333333336,41.5,37.125,38.416666666666664,40.5,26.416666666666668,40.458333333333336,38.166666666666664,41.916666666666664,39.333333333333336,39.208333333333336,36.791666666666664,38.541666666666664,38.208333333333336,41.041666666666664,40.541666666666664,39.125,38.666666666666664,37.208333333333336,39.666666666666664,36,40
2006-02-27T00:00:00Z,38.375,36.25,39.583333333333336,39.458333333333336,35.125,36.5,38.125,32.125,38.583333333333336,38.541666666666664,42.708333333333336,37.708333333333336,41.75,37.541666666666664,39.666666666666664,38.666666666666664,38.875,39.708333333333336,39.041666666666664,40.125,40.291666666666664,37.875,36.083333333333336,39.291666666666664
2006-02-28T00:00:00Z,52.208333333333336,51.375,55.75,52.416666666666664,43.75,54.625,52.458333333333336,47.708333333333336,55.125,54.083333333333336,56.625,53.041666666666664,56.333333333333336,51.208333333333336,51.791666666666664,54.5,54.25,55.416666666666664,52.416666666666664,56.875,49.916666666666664,54.791666666666664,40.833333333333336,56.166666666666664
2006-03-01T00:00:00Z,50.333333333333336,57.791666666666664,64.16666666666667,62.291666666666664,44.791666666666664,57.75,61.583333333333336,55.75,61.125,61.625,64.58333333333333,62.125,64.625,55.625,53.375,61.625,62.208333333333336,65.29166666666667,56.25,64.5,62,62,43.125,60.291666666666664
2006-03-02T00:00:00Z,64.875,58.958333333333336,66.08333333333333,65.08333333333333,59.75,67.41666666666667,65.29166666666667,54.958333333333336,67.5,64.79166666666667,64,66.58333333333333,63.375,63.75,58.416666666666664,61.291666666666664,66.20833333333333,67.25,58.333333333333336,63.208333333333336,61.375,67.83333333333333,58.333333333333336,67.83333333333333
2006-03-03T00:00:00Z,47.583333333333336,38.583333333333336,48.291666666666664,53.25,43.083333333333336,48.083333333333336,50.75,30.75,49.375,44.25,48.708333333333336,45.958333333333336,45.166666666666664,44.958333333333336,40.875,46.291666666666664,50.833333333333336,48.041666666666664,46.75,44.125,42.375,49.666666666666664,41.083333333333336,49.333333333333336
2006-03-04T00:00:00Z,42.875,37.625,43.208333333333336,41.375,40,41.75,40.875,31.583333333333332,41.625,41.416666666666664,45.041666666666664,39.958333333333336,43.083333333333336,40,42.583333333333336,40.083333333333336,42.291666666666664,42.041666666666664,43.458333333333336,40.625,41.666666666666664,41.041666666666664,41.25,42.833333333333336
2006-03-05T00:00:00Z,44.833333333333336,43.958333333333336,46.208333333333336,44.375,43.5,44.25,43.958333333333336,39.208333333333336,45.041666666666664,44.791666666666664,48.166666666666664,43.125,46.708333333333336,43.625,43,44,44.75,44.958333333333336,46,46.875,46.375,44.5,43.208333333333336,45.208333333333336
2006-03-06T00:00:00Z,43.791666666666664,46.208333333333336,51.791666666666664,49.625,40.291666666666664,45.875,47.833333333333336,38.208333333333336,45.25,46.083333333333336,55,47.166666666666664,48.833333333333336,41.375,46.333333333333336,45.916666666666664,51.291666666666664,51.5,49.25,48.75,46.791666666666664,48.75,40.541666666666664,44.958333333333336
2006-03-07T00:00:00Z,43.166666666666664,41.208333333333336,46.291666666666664,44.833333333333336,39.708333333333336,42.125,43.916666666666664,35.291666666666664,44.125,44.583333333333336,47.541666666666664,43.333333333333336,47,42.083333333333336,42.541666666666664,41.5,44.708333333333336,46.583333333333336,43.5,45.208333333333336,45.791666666666664,44,40.416666666666664,42.916666666666664
2006-03-08T00:00:00Z,46.583333333333336,46,49.208333333333336,46.291666666666664,42.041666666666664,43.541666666666664,46.583333333333336,41.333333333333336,45.708333333333336,47.958333333333336,52.041666666666664,46.416666666666664,49.041666666666664,46.541666666666664,44.625,47.291666666666664,44.875,48.666666666666664,44.75,47.125,46.375,43,42.666666666666664,46.083333333333336
2006-03-09T00:00:00Z,63.5,55.791666666666664,58,57.625,57.583333333333336,58.5,58.083333333333336,50.875,59.458333333333336,59.583333333333336,57.208333333333336,59.041666666666664,57,57.75,55.708333333333336,59.125,60.416666666666664,59.208333333333336,59.125,55.125,56.625,60.083333333333336,58.791666666666664,60.458333333333336
2006-03-10T00:00:00Z,71.91666666666667,58.833333333333336,64.41666666666667,65.91666666666667,65.79166666666667,67.95833333333333,64.25,57.458333333333336,66.41666666666667,66,63.583333333333336,65.45833333333333,64.83333333333333,65.66666666666667,60.583333333333336,66,67.91666666666667,65.70833333333333,62.541666666666664,62.916666666666664,64.33333333333333,68.08333333333333,68.125,68.625
2006-03-11T00:00:00Z,66.66666666666667,56.833333333333336,64.25,66.75,59.458333333333336,66.875,66.29166666666667,56.125,67.75,62.25,63.166666666666664,62.083333333333336,59.291666666666664,65.79166666666667,61.291666666666664,62.416666666666664,68.20833333333333,60.666666666666664,64,57.333333333333336,62.416666666666664,67.83333333333333,60.458333333333336,68.375
2006-03-12T00:00:00Z,73.45833333333333,62.25,68.04166666666667,68,67.5,68.125,68.08333333333333,62.291666666666664,70.125,67.5,68.41666666666667,70.58333333333333,66.25,68.83333333333333,63.125,69.16666666666667,68.95833333333333,67.16666666666667,64.75,66.29166666666667,67.79166666666667,68.375,69.625,71.625
2006-03-13T00:00:00Z,76.45833333333333,63,68.66666666666667,68.625,69,68.41666666666667,69.33333333333333,62.375,71.29166666666667,69.75,66.70833333333333,67.79166666666667,68.08333333333333,71.125,63.333333333333336,71.41666666666667,69.54166666666667,69.45833333333333,64.54166666666667,67.54166666666667,70.08333333333333,67.91666666666667,72.45833333333333,73.33333333333333
2006-03-14T00:00:00Z,68,50.458333333333336,60.833333333333336,66.25,62.75,64.29166666666667,66.20833333333333,44.958333333333336,65.04166666666667,59.75,59.666666666666664,60.416666666666664,56.708333333333336,62.25,60.958333333333336,61.916666666666664,65.91666666666667,60.666666666666664,62.583333333333336,56.416666666666664,57.666666666666664,64.91666666666667,64.41666666666667,64.375
2006-03-15T00:00:00Z,51.958333333333336,44.041666666666664,49.25,51.25,48.291666666666664,50.041666666666664,51.791666666666664,39.333333333333336,52.125,49.083333333333336,49.291666666666664,49.541666666666664,49.375,51.125,52.916666666666664,49.541666666666664,53.041666666666664,48.666666666666664,53.208333333333336,49.041666666666664,49.583333333333336,50.666666666666664,50.458333333333336,52.625
2006-03-16T00:00:00Z,51.5,48.75,51.041666666666664,50.916666666666664,48.5,51.208333333333336,49.708333333333336,46.958333333333336,52.583333333333336,53.25,52.041666666666664,51.916666666666664,52.666666666666664,51.291666666666664,54.333333333333336,51.416666666666664,52.458333333333336,51.166666666666664,54.208333333333336,51.875,54.666666666666664,51.083333333333336,48.291666666666664,53.708333333333336
2006-03-17T00:00:00Z,53.25,49.666666666666664,57.416666666666664,58.666666666666664,48.458333333333336,54.291666666666664,57.208333333333336,42.791666666666664,56,53.208333333333336,57.375,55.333333333333336,53.25,50.916666666666664,52.791666666666664,52.958333333333336,59.625,57.25,55.916666666666664,52.166666666666664,51.625,57,46.625,56.041666666666664
2006-03-18T00:00:00Z,46.458333333333336,43.541666666666664,48.083333333333336,49.458333333333336,42.958333333333336,45.833333333333336,48.75,35.666666666666664,49.291666666666664,46.041666666666664,50.833333333333336,44.875,47.375,45.166666666666664,46.125,44.458333333333336,49.916666666666664,47.333333333333336,48.208333333333336,46.666666666666664,45.416666666666664,47.208333333333336,44.375,46.291666666666664
2006-03-19T00:00:00Z,43.25,43.541666666666664,47.083333333333336,48,42.458333333333336,43.791666666666664,45.416666666666664,36.041666666666664,45.625,45.458333333333336,50.125,44.625,47.291666666666664,44,45.583333333333336,43.583333333333336,46.583333333333336,45.083333333333336,46.5,46.416666666666664,44.625,45.291666666666664,45.25,44.416666666666664
2006-03-20T00:00:00Z,45.791666666666664,35.541666666666664,42.125,46.375,47.166666666666664,45.583333333333336,44.25,31.583333333333332,45,41.25,42.166666666666664,40.583333333333336,38.208333333333336,42.833333333333336,48.833333333333336,43.166666666666664,47.375,38.833333333333336,48.083333333333336,35.833333333333336,40.333333333333336,46.833333333333336,47.416666666666664,46
2006-03-21T00:00:00Z,41.583333333333336,40.041666666666664,41.833333333333336,44.208333333333336,39.666666666666664,43.125,42.333333333333336,33.125,41.458333333333336,38.333333333333336,42.416666666666664,38.916666666666664,40.625,37.291666666666664,45.791666666666664,38.875,45.541666666666664,41.875,45.875,40.375,39.083333333333336,44.416666666666664,39.083333333333336,43.25
2006-03-22T00:00:00Z,42.875,36.125,44.291666666666664,45.333333333333336,39.875,42.166666666666664,44.166666666666664,29.375,43.791666666666664,42.041666666666664,44.541666666666664,40.625,42.375,40.708333333333336,41.041666666666664,41.375,45.208333333333336,43.208333333333336,44.666666666666664,41,40.833333333333336,43.541666666666664,40.291666666666664,41.541666666666664
2006-03-23T00:00:00Z,44.75,37.166666666666664,43.666666666666664,44.458333333333336,43.208333333333336,43.625,42.875,35.583333333333336,44.291666666666664,43.041666666666664,43.416666666666664,41.958333333333336,41.583333333333336,42.708333333333336,43.208333333333336,42.5,44.375,41.625,46.083333333333336,40.75,44.291666666666664,43.583333333333336,43.166666666666664,44.5
2006-03-24T00:00:00Z,47.833333333333336,35.916666666666664,42,44.458333333333336,40.541666666666664,40.958333333333336,43.708333333333336,33.916666666666664,43.208333333333336,43.791666666666664,42.541666666666664,43.458333333333336,41.083333333333336,43.5,44.375,44.041666666666664,43.333333333333336,42.833333333333336,42.916666666666664,40.791666666666664,42.375,42.041666666666664,45.458333333333336,44.208333333333336
2006-03-25T00:00:00Z,44.458333333333336,34.083333333333336,40.958333333333336,45.25,43.416666666666664,43.333333333333336,44.416666666666664,31.791666666666668,42.5,41.041666666666664,40.291666666666664,40.875,40.083333333333336,39.333333333333336,45.708333333333336,39.541666666666664,45.791666666666664,41.875,45.333333333333336,38.041666666666664,41.541666666666664,43.291666666666664,44.666666666666664,44.333333333333336
2006-03-26T00:00:00Z,44.625,36.125,41.375,43.291666666666664,42.791666666666664,41.958333333333336,44.166666666666664,31.75,42.583333333333336,40.333333333333336,42.541666666666664,40.333333333333336,40.375,39.958333333333336,45.125,41.166666666666664,44.583333333333336,40.458333333333336,45.041666666666664,39.75,39.958333333333336,42.25,44.333333333333336,44.416666666666664
2006-03-27T00:00:00Z,47.75,41.375,45.458333333333336,45.916666666666664,45.208333333333336,45.833333333333336,47.291666666666664,38.791666666666664,46.958333333333336,45.375,46.375,43.125,44.416666666666664,46.083333333333336,47.916666666666664,45.458333333333336,46.208333333333336,42.458333333333336,48.208333333333336,41.416666666666664,42.583333333333336,45.708333333333336,47.25,48.041666666666664
2006-03-28T00:00:00Z,55.583333333333336,49.208333333333336,50.125,51,52,52.416666666666664,52.75,46.333333333333336,52.708333333333336,51.125,49.666666666666664,50.333333333333336,50.5,50.875,50.375,49.875,52.875,49.291666666666664,53.416666666666664,50.416666666666664,50.041666666666664,53,52.375,55.666666666666664
2006-03-29T00:00:00Z,54.458333333333336,50.25,56.208333333333336,55.125,52.541666666666664,53.541666666666664,55.041666666666664,47.833333333333336,55.541666666666664,53.833333333333336,56.916666666666664,53.458333333333336,54.625,52.375,54.375,51.791666666666664,57.041666666666664,53.375,56.25,53.5,52.958333333333336,55.875,49.041666666666664,56.541666666666664
2006-03-30T00:00:00Z,52.125,51.791666666666664,60.041666666666664,56.541666666666664,49.541666666666664,53.333333333333336,56.041666666666664,50.541666666666664,55,57.208333333333336,59.375,58.833333333333336,57.416666666666664,54.625,53.458333333333336,55.666666666666664,54.5,57.833333333333336,55.541666666666664,55.666666666666664,55.708333333333336,53.25,51.083333333333336,55.916666666666664
2006-03-31T00:00:00Z,59.583333333333336,60.166666666666664,63.583333333333336,60.125,58.875,59.333333333333336,60.625,56.25,60.416666666666664,63.958333333333336,64.5,63.708333333333336,63.958333333333336,60.583333333333336,58.791666666666664,62.416666666666664,60.333333333333336,65.375,60.166666666666664,62.333333333333336,62.666666666666664,59.166666666666664,61.333333333333336,62.708333333333336
2006-04-01T00:00:00Z,68.5,65.33333333333333,68.375,69.41666666666667,66.54166666666667,67.08333333333333,69.16666666666667,60.125,68.41666666666667,68.70833333333333,69.54166666666667,67.08333333333333,68.70833333333333,67.91666666666667,59.583333333333336,68.33333333333333,67.58333333333333,70,64.54166666666667,67.70833333333333,67.20833333333333,67.91666666666667,67.5,70
2006-04-02T00:00:00Z,61.82608695652174,59.95652173913044,67.3913043478261,68.08695652173913,59.78260869565217,63.30434782608695,68.08695652173913,61.56521739130435,67.30434782608695,66.78260869565217,68.8695652173913,67.30434782608695,67.82608695652173,63.73913043478261,59.69565217391305,65.91304347826087,65.08695652173913,66.95652173913044,63.82608695652174,64.65217391304348,64.6086956521739,65.43478260869566,57.91304347826087,66.26086956521739
2006-04-03T00:00:00Z,61.375,59.333333333333336,66.08333333333333,68.625,62.208333333333336,67.41666666666667,68.20833333333333,55.75,66.875,64.375,67.83333333333333,65.70833333333333,62.416666666666664,62.458333333333336,61.5,65.5,70.16666666666667,65.125,67,61.5,62.25,69.375,61.666666666666664,66.75
2006-04-04T00:00:00Z,54.416666666666664,49.375,55.208333333333336,58.583333333333336,55.458333333333336,56.333333333333336,58.041666666666664,43.083333333333336,56.875,54.083333333333336,56.625,54.416666666666664,54,52.375,57.791666666666664,55.125,60.25,54.791666666666664,59.666666666666664,53.791666666666664,52.333333333333336,58.25,56.041666666666664,57.625
2006-04-05T00:00:00Z,55.375,52.083333333333336,59.25,58.375,52.916666666666664,56.166666666666664,58.416666666666664,47.625,57.291666666666664,57.625,58.791666666666664,56.708333333333336,58.541666666666664,53.916666666666664,57.375,57.333333333333336,60.875,61.666666666666664,60.291666666666664,58.291666666666664,56.75,57,52.833333333333336,57.791666666666664
2006-04-06T00:00:00Z,53.708333333333336,54.375,61.083333333333336,59.583333333333336,53.708333333333336,57.708333333333336,60.416666666666664,53.083333333333336,57.833333333333336,59.25,61.166666666666664,58.333333333333336,58.375,55.166666666666664,58.958333333333336,57.5,58.916666666666664,59.958333333333336,59.083333333333336,55.541666666666664,55.833333333333336,58.583333333333336,54.375,57.291666666666664
2006-04-07T00:00:00Z,69.625,67.45833333333333,67.95833333333333,69.41666666666667,67.75,69.16666666666667,69.95833333333333,64.5,70.83333333333333,68.66666666666667,69.375,70.25,68.16666666666667,67.58333333333333,66.375,68.70833333333333,70.08333333333333,69.04166666666667,67.29166666666667,65.45833333333333,64.16666666666667,69.625,68.91666666666667,72.375
2006-04-08T00:00:00Z,64.04166666666667,56.208333333333336,62.208333333333336,68.08333333333333,64.875,68.29166666666667,68.54166666666667,52.458333333333336,67.5,59.791666666666664,62.041666666666664,62.333333333333336,61.125,59.083333333333336,65.75,61.916666666666664,69,63.416666666666664,67.5,59.875,58.958333333333336,68.70833333333333,61.875,70
2006-04-09T00:00:00Z,45.958333333333336,47.708333333333336,52.791666666666664,52.333333333333336,46.708333333333336,49.875,51.041666666666664,44.083333333333336,49,49.791666666666664,51.916666666666664,50.125,51.416666666666664,48.333333333333336,48.125,48.5,52.25,51.666666666666664,50.791666666666664,49.541666666666664,50.458333333333336,51.458333333333336,47,50.625
2006-04-10T00:00:00Z,48.666666666666664,50.125,55,51.833333333333336,48.25,50.958333333333336,51,48.791666666666664,50.333333333333336,52.833333333333336,54.958333333333336,51.583333333333336,53.791666666666664,50.375,52.375,50.166666666666664,52,52.5,52.666666666666664,52.416666666666664,52.666666666666664,52.041666666666664,50.625,52.041666666666664
2006-04-11T00:00:00Z,54.958333333333336,54.416666666666664,59.791666666666664,57.125,53.5,55.666666666666664,56.666666666666664,54.916666666666664,56.291666666666664,59.625,58.833333333333336,58.125,59.208333333333336,56.791666666666664,57.5,51.083333333333336,56.125,56.625,58.75,57.791666666666664,58.541666666666664,56.666666666666664,54.875,57.666666666666664
2006-04-12T00:00:00Z,61.125,56.166666666666664,61.208333333333336,61.291666666666664,61.083333333333336,60.875,60.416666666666664,58.041666666666664,60.958333333333336,61.75,61.875,62.333333333333336,61.833333333333336,58.958333333333336,61.791666666666664,57.083333333333336,61.375,59.75,63,59.166666666666664,61.25,59.75,62.291666666666664,63.5
2006-04-13T00:00:00Z,67.33333333333333,61.25,66.66666666666667,65.75,66.33333333333333,63.916666666666664,65.95833333333333,62.416666666666664,67.75,67.58333333333333,68.91666666666667,67.70833333333333,65.83333333333333,65.25,63.833333333333336,61.291666666666664,64.83333333333333,65.75,65.54166666666667,64.66666666666667,65.66666666666667,63.875,66.875,68.25
2006-04-14T00:00:00Z,66.54166666666667,65.75,71.20833333333333,72.16666666666667,67.625,70.5,72.04166666666667,68.20833333333333,72.5,70.95833333333333,72.58333333333333,70.08333333333333,70.875,65.08333333333333,65.54166666666667,70.625,72.125,71.08333333333333,66.83333333333333,68.79166666666667,68.25,70.91666666666667,67.20833333333333,73.08333333333333
2006-04-15T00:00:00Z,74.66666666666667,70.625,77.20833333333333,78.125,72.66666666666667,76.91666666666667,78.54166666666667,69,78.625,77.29166666666667,76.16666666666667,76.08333333333333,76.33333333333333,71.29166666666667,67.91666666666667,77.25,76.83333333333333,77.83333333333333,68.25,77,76.58333333333333,78,70.25,78.83333333333333
2006-04-16T00:00:00Z,65.83333333333333,70.20833333333333,76.20833333333333,77.95833333333333,64.16666666666667,73.16666666666667,77.29166666666667,69.58333333333333,75.08333333333333,77.04166666666667,74.875,75.125,78.20833333333333,66.29166666666667,66.375,75.04166666666667,74.66666666666667,75.70833333333333,70.45833333333333,77.04166666666667,74.75,72.83333333333333,62.875,73.54166666666667
2006-04-17T00:00:00Z,56.291666666666664,69,70.83333333333333,71.75,56.583333333333336,64.75,69.91666666666667,62.25,63.041666666666664,60,75.83333333333333,62.291666666666664,68.58333333333333,53.708333333333336,62,59.458333333333336,70.66666666666667,69.66666666666667,65.625,69.75,61.791666666666664,69.5,54.541666666666664,62.541666666666664
2006-04-18T00:00:00Z,55.166666666666664,59.166666666666664,59.291666666666664,59.708333333333336,53.458333333333336,57.458333333333336,58.041666666666664,53.666666666666664,57.666666666666664,57.75,62.5,55.458333333333336,61.083333333333336,53.208333333333336,54.666666666666664,56.791666666666664,59.041666666666664,61.083333333333336,58.125,61.375,57.666666666666664,57.708333333333336,53.625,58.333333333333336
2006-04-19T00:00:00Z,60.875,60.208333333333336,59.875,58.916666666666664,60.791666666666664,61.791666666666664,59.541666666666664,55.541666666666664,60.166666666666664,57.166666666666664,62.625,54.583333333333336,60.375,57.083333333333336,59.708333333333336,56.333333333333336,61.375,59.375,61.458333333333336,60.25,57.291666666666664,61.916666666666664,60.708333333333336,64.83333333333333
2006-04-20T00:00:00Z,66.08333333333333,60.916666666666664,64.66666666666667,63.916666666666664,64.66666666666667,66.66666666666667,64.08333333333333,61.083333333333336,66.375,66.79166666666667,67.20833333333333,63.375,66.08333333333333,64.20833333333333,64,62.791666666666664,65.54166666666667,66.58333333333333,66.29166666666667,64.95833333333333,66.04166666666667,66.54166666666667,63.916666666666664,68.95833333333333
2006-04-21T00:00:00Z,67.625,60.166666666666664,70.04166666666667,69.375,68.54166666666667,67.54166666666667,68.54166666666667,58.083333333333336,72.29166666666667,68.41666666666667,67.75,69.70833333333333,65.66666666666667,64.625,62.541666666666664,69.54166666666667,69.375,69.79166666666667,68.66666666666667,63.125,64.33333333333333,68.20833333333333,64,73.16666666666667
2006-04-22T00:00:00Z,67.29166666666667,60.083333333333336,65.33333333333333,69.16666666666667,68.16666666666667,67.75,66.95833333333333,57.125,69.83333333333333,65.20833333333333,64.79166666666667,64.79166666666667,63.916666666666664,62.25,64.125,67.95833333333333,69.5,64.66666666666667,68.875,62.875,63.083333333333336,68.95833333333333,66.95833333333333,68.875
2006-04-23T00:00:00Z,70.04166666666667,60.083333333333336,67.25,70.91666666666667,70.625,68.70833333333333,70.45833333333333,60.5,71.125,65.83333333333333,67.75,67.20833333333333,65.45833333333333,63.25,63.541666666666664,67.5,70.91666666666667,66.125,67.58333333333333,64.45833333333333,63.541666666666664,69.08333333333333,70.04166666666667,72.25
2006-04-24T00:00:00Z,70.04166666666667,64.41666666666667,72.5,74.91666666666667,70.29166666666667,69.04166666666667,73.70833333333333,63.25,69.66666666666667,68.95833333333333,72.54166666666667,69,72.125,66,64.375,68.33333333333333,74.95833333333333,70.41666666666667,69.5,72.625,67,71.45833333333333,69.79166666666667,71.04166666666667
2006-04-25T00:00:00Z,70.58333333333333,64,71.41666666666667,76.45833333333333,68.75,73.375,75.5,64,73.70833333333333,70.33333333333333,73.58333333333333,70.125,68.45833333333333,67.29166666666667,65.25,70.375,76.79166666666667,70.83333333333333,70.70833333333333,68.29166666666667,68.33333333333333,74.25,64.875,73.75
2006-04-26T00:00:00Z,56.708333333333336,57.791666666666664,62.208333333333336,66.625,56.708333333333336,62.708333333333336,63.458333333333336,51.083333333333336,60.875,56.458333333333336,64,57.291666666666664,57.208333333333336,52.041666666666664,59.125,57,65.54166666666667,60.125,63.25,57.333333333333336,56.583333333333336,63.666666666666664,54.166666666666664,61
2006-04-27T00:00:00Z,53.5,55.833333333333336,57.583333333333336,55.041666666666664,55.666666666666664,54,52.5,51.833333333333336,51.708333333333336,54.166666666666664,61.458333333333336,52.125,57.583333333333336,50.208333333333336,55,50.916666666666664,54.916666666666664,56.75,56.625,57.25,56.5,54.75,56.916666666666664,54.166666666666664
2006-04-28T00:00:00Z,57.666666666666664,55.416666666666664,59.5,57.5,56.541666666666664,59.541666666666664,52.291666666666664,55.125,59.75,60.333333333333336,61.083333333333336,57.333333333333336,59.916666666666664,54.583333333333336,58.208333333333336,50.375,61.291666666666664,58.666666666666664,61.125,56.416666666666664,60.5,60.875,56.958333333333336,61.041666666666664
2006-04-29T00:00:00Z,52.541666666666664,52.916666666666664,61.125,59.208333333333336,53.458333333333336,54.75,57.25,50.75,55.75,57.708333333333336,57.833333333333336,56.875,58.458333333333336,51.625,54.625,57.833333333333336,57.833333333333336,58.625,56,57.083333333333336,58.291666666666664,56.416666666666664,54.5,56.416666666666664
2006-04-30T00:00:00Z,51.208333333333336,52.25,57.291666666666664,56.5,52.75,53.833333333333336,54.875,47.875,54.541666666666664,55.291666666666664,56.625,54.666666666666664,55.583333333333336,49.708333333333336,53.166666666666664,54.958333333333336,56,56.041666666666664,55.041666666666664,55.083333333333336,55.291666666666664,55.791666666666664,55.083333333333336,55.708333333333336
2006-05-01T00:00:00Z,53.875,56.875,60.083333333333336,58.75,52.375,54.458333333333336,58.041666666666664,53.083333333333336,56.541666666666664,57.958333333333336,61.041666666666664,56.375,59.75,53.041666666666664,54.041666666666664,54.208333333333336,58.375,59.25,55.958333333333336,58.625,58.333333333333336,56.666666666666664,53.708333333333336,56.083333333333336
2006-05-02T00:00:00Z,56.791666666666664,57.625,61.875,62.666666666666664,60,59.708333333333336,61.541666666666664,55.958333333333336,60.25,62.125,63.25,60.291666666666664,60.916666666666664,56.791666666666664,56.416666666666664,59,61.958333333333336,60.291666666666664,59.5,60.333333333333336,61.208333333333336,60.708333333333336,61.75,61.375
2006-05-03T00:00:00Z,64.25,64.125,69.45833333333333,69.75,63.708333333333336,65.375,69.08333333333333,59.875,68.125,67.25,71.66666666666667,64.25,68.41666666666667,63.75,62.333333333333336,65.5,69.91666666666667,67.45833333333333,68,68.29166666666667,65.625,68.83333333333333,62.708333333333336,68.54166666666667
2006-05-04T00:00:00Z,66.20833333333333,61,67.91666666666667,68.625,64.625,67.33333333333333,69.20833333333333,61.875,67.83333333333333,69.25,68.45833333333333,66,67.29166666666667,65.20833333333333,61.25,68.16666666666667,68.58333333333333,67.25,66.83333333333333,64.29166666666667,66.83333333333333,67.83333333333333,66.79166666666667,69.83333333333333
2006-05-05T00:00:00Z,68.58333333333333,62.041666666666664,67.79166666666667,70.08333333333333,67.91666666666667,69.875,69.125,59,70.91666666666667,67.66666666666667,68,67.91666666666667,64.16666666666667,65.54166666666667,63.666666666666664,67.625,71.20833333333333,66.95833333333333,68.79166666666667,62.583333333333336,63.166666666666664,69.04166666666667,68.54166666666667,71.66666666666667
2006-05-06T00:00:00Z,70.16666666666667,62,68.66666666666667,71.16666666666667,68.08333333333333,70.58333333333333,70.875,57.25,70.91666666666667,68.08333333333333,69.375,66.125,66,66.83333333333333,64.83333333333333,68.29166666666667,71.45833333333333,67.79166666666667,70.25,64.54166666666667,65.54166666666667,70.625,69.625,71.29166666666667
2006-05-07T00:00:00Z,58,53.083333333333336,55.916666666666664,64.66666666666667,59.375,64.41666666666667,62.125,45.958333333333336,60.333333333333336,53.375,57.625,53.916666666666664,53.208333333333336,54.416666666666664,62.708333333333336,54.75,64.58333333333333,55,66.875,53.041666666666664,52.708333333333336,64.58333333333333,57.875,62.958333333333336
2006-05-08T00:00:00Z,53.583333333333336,52.166666666666664,53.583333333333336,56.958333333333336,57.5,56.208333333333336,54.833333333333336,45.166666666666664,53.416666666666664,51.166666666666664,56.666666666666664,51.75,52.958333333333336,50.708333333333336,61.75,51.625,58.75,54,60,52.541666666666664,52.875,56.75,55.791666666666664,56
2006-05-09T00:00:00Z,58.5,54.625,57.291666666666664,58.541666666666664,58.083333333333336,59.708333333333336,57.083333333333336,47.666666666666664,59,56.958333333333336,57.875,55.583333333333336,56.375,53.625,58.041666666666664,55.416666666666664,59.541666666666664,58.375,59.916666666666664,56.041666666666664,56.041666666666664,59.958333333333336,58.25,60.875
2006-05-10T00:00:00Z,62,61.166666666666664,63.041666666666664,63.291666666666664,62.833333333333336,61.333333333333336,62.916666666666664,56.25,62.25,62.5,63.166666666666664,60.541666666666664,62.5,57.416666666666664,62.666666666666664,59.416666666666664,63.125,64.70833333333333,62.541666666666664,61.583333333333336,60.125,61.75,63.416666666666664,64.25
2006-05-11T00:00:00Z,68.08333333333333,60.125,66.08333333333333,72.54166666666667,69,70,70.75,54.208333333333336,70.20833333333333,64.54166666666667,64.75,66.5,62.916666666666664,62.75,65.95833333333333,66.375,72.08333333333333,65.95833333333333,69.875,61.208333333333336,59.416666666666664,70.95833333333333,68.58333333333333,72.70833333333333
2006-05-12T00:00:00Z,61.708333333333336,53.875,59.416666666666664,64.54166666666667,64,64.41666666666667,64.08333333333333,48.916666666666664,63.125,58.083333333333336,59.166666666666664,57.208333333333336,56.916666666666664,56.375,65.41666666666667,57.083333333333336,66,59.166666666666664,66.54166666666667,57.166666666666664,55.708333333333336,65.04166666666667,62.833333333333336,66.29166666666667
2006-05-13T00:00:00Z,61.416666666666664,54.916666666666664,62.125,65.25,64.83333333333333,64.79166666666667,64.41666666666667,52.666666666666664,64.08333333333333,60.958333333333336,61.958333333333336,61.791666666666664,60.416666666666664,59.375,66.54166666666667,61.5,65.5,61.833333333333336,66.875,59.166666666666664,59.25,64.625,65.5,65.33333333333333
2006-05-14T00:00:00Z,59.25,57.166666666666664,63.625,67.04166666666667,60.541666666666664,66.41666666666667,65.375,50,65.04166666666667,59.541666666666664,64.875,61.083333333333336,60.416666666666664,55.583333333333336,64.79166666666667,58.958333333333336,68.20833333333333,61,68.625,60,57.541666666666664,67.5,62.291666666666664,65.04166666666667
2006-05-15T00:00:00Z,62.166666666666664,51.958333333333336,61.833333333333336,66.125,62.833333333333336,67.08333333333333,64.08333333333333,48.333333333333336,62.666666666666664,56.208333333333336,60.75,59.125,57.291666666666664,55.5,66.75,58.25,67.625,59.708333333333336,69.375,55.083333333333336,53.375,67,63.083333333333336,65.04166666666667
2006-05-16T00:00:00Z,59.583333333333336,52.833333333333336,58.791666666666664,61.708333333333336,61.375,62,60.833333333333336,48.916666666666664,62.083333333333336,56.916666666666664,58.333333333333336,56.375,55.75,54.916666666666664,64.41666666666667,57.833333333333336,62.708333333333336,56.875,65.08333333333333,53.708333333333336,54.75,62.041666666666664,62.5,63.625
2006-05-17T00:00:00Z,62.625,53.458333333333336,62.583333333333336,65.16666666666667,64.45833333333333,64.5,64.95833333333333,51.958333333333336,65.04166666666667,60.541666666666664,60.416666666666664,60.083333333333336,60.291666666666664,57.458333333333336,65.83333333333333,60.25,66.08333333333333,60.458333333333336,66.625,59.166666666666664,57.166666666666664,64.75,64.95833333333333,67.04166666666667
2006-05-18T00:00:00Z,64.08333333333333,52.833333333333336,61.583333333333336,68.70833333333333,66.66666666666667,68.16666666666667,67,51.375,65.45833333333333,60.666666666666664,64.45833333333333,60.083333333333336,60.041666666666664,58.25,67.375,60.875,69.95833333333333,61.458333333333336,69.45833333333333,58.625,56.625,68.54166666666667,66.54166666666667,68.20833333333333
2006-05-19T00:00:00Z,61.083333333333336,57.375,62.708333333333336,65.83333333333333,62.333333333333336,63.791666666666664,64.83333333333333,51.791666666666664,63.708333333333336,60.625,65.125,59.75,62.416666666666664,57.916666666666664,65.45833333333333,59.166666666666664,66.79166666666667,62.5,66.875,61.166666666666664,57.125,65.16666666666667,63.333333333333336,64.75
2006-05-20T00:00:00Z,67.20833333333333,64,67.33333333333333,70.125,69.16666666666667,70,69.875,58.75,69.29166666666667,68.375,68.91666666666667,66.25,67.91666666666667,64.58333333333333,69.95833333333333,66.79166666666667,70.66666666666667,68.29166666666667,70.04166666666667,66.875,64.95833333333333,70.33333333333333,69.91666666666667,71.75
2006-05-21T00:00:00Z,68.25,66.875,72.125,75.08333333333333,70.04166666666667,73.20833333333333,74.58333333333333,64.33333333333333,72.875,71.08333333333333,73,70.04166666666667,73.04166666666667,65.95833333333333,70.70833333333333,70.08333333333333,75.79166666666667,73.16666666666667,73.33333333333333,70.79166666666667,69.33333333333333,75.70833333333333,71,73.75
2006-05-22T00:00:00Z,63.791666666666664,61.458333333333336,66.20833333333333,71.29166666666667,64.79166666666667,67.66666666666667,68.625,60.125,66.875,64.75,70.54166666666667,62.541666666666664,65.91666666666667,61.833333333333336,66.5,63.958333333333336,71.625,66.33333333333333,69.79166666666667,65.5,65.25,69.54166666666667,64.16666666666667,67.16666666666667
2006-05-23T00:00:00Z,59.791666666666664,62.708333333333336,67.04166666666667,66.83333333333333,61.625,64.79166666666667,66.04166666666667,57.833333333333336,63.583333333333336,64,69.33333333333333,61.25,64.41666666666667,58.333333333333336,64.375,61.666666666666664,67.95833333333333,63.083333333333336,67.08333333333333,62.791666666666664,61.333333333333336,65.625,60.583333333333336,64.79166666666667
2006-05-24T00:00:00Z,61.791666666666664,63.708333333333336,69.04166666666667,68.875,63.333333333333336,65.58333333333333,67.20833333333333,60.041666666666664,66.41666666666667,66.75,71.20833333333333,64.45833333333333,66.70833333333333,59.625,64.625,62.916666666666664,67.91666666666667,67.33333333333333,66.5,64.66666666666667,64.08333333333333,66.29166666666667,64.08333333333333,68
2006-05-25T00:00:00Z,72.375,63.041666666666664,73.70833333333333,75.66666666666667,71.95833333333333,73.625,74.95833333333333,66.875,75.16666666666667,74.04166666666667,69.95833333333333,75.625,70.70833333333333,69.91666666666667,73.08333333333333,72.45833333333333,76.58333333333333,73.58333333333333,73.45833333333333,68.79166666666667,69.91666666666667,74.29166666666667,73.5,76.66666666666667
2006-05-26T00:00:00Z,78.625,71.125,72.75,76.04166666666667,77.125,77,77.04166666666667,67.79166666666667,78.75,74.08333333333333,75.875,76.04166666666667,74.41666666666667,72.04166666666667,74.54166666666667,75.54166666666667,77.75,73.41666666666667,75.16666666666667,73.04166666666667,71.95833333333333,77,78.70833333333333,79.83333333333333
2006-05-27T00:00:00Z,73.08333333333333,71.625,78.29166666666667,79.54166666666667,74.41666666666667,75.91666666666667,78.95833333333333,69.41666666666667,77,75.5,78.58333333333333,74.95833333333333,77.75,72.125,73.79166666666667,74.75,79.70833333333333,77.41666666666667,75.5,76,73.625,77.5,73.16666666666667,77.08333333333333
2006-05-28T00:00:00Z,73.66666666666667,71.25,77,77.66666666666667,73.41666666666667,76.125,76.125,67.79166666666667,76.04166666666667,75.70833333333333,78.16666666666667,74.08333333333333,75.79166666666667,71.33333333333333,73.25,74.20833333333333,76.04166666666667,74.58333333333333,76.45833333333333,72.25,74.29166666666667,75.625,72.29166666666667,76.95833333333333
2006-05-29T00:00:00Z,73,72.16666666666667,77.83333333333333,75.625,70.08333333333333,73.58333333333333,75.83333333333333,69.79166666666667,73.58333333333333,77.125,78.25,74.375,77.29166666666667,71.16666666666667,66.83333333333333,74.75,73.25,76,72.54166666666667,75.04166666666667,76.04166666666667,73.29166666666667,69.20833333333333,75.91666666666667
2006-05-30T00:00:00Z,73.58333333333333,73.125,79.20833333333333,74.33333333333333,73.04166666666667,72,74.75,72,75.125,79.20833333333333,79.70833333333333,75.58333333333333,78.79166666666667,74.125,69.83333333333333,76.20833333333333,72.125,76.79166666666667,73.54166666666667,75.58333333333333,77.45833333333333,73.08333333333333,74.5,78
2006-05-31T00:00:00Z,75.83333333333333,69.79166666666667,75.66666666666667,73.5,75.29166666666667,73.95833333333333,73.75,68.375,76.08333333333333,77.91666666666667,78,74.33333333333333,76.20833333333333,73.75,74.08333333333333,75.875,74.58333333333333,75.33333333333333,75.5,72.29166666666667,73.95833333333333,72.625,76.5,76.79166666666667
2006-06-01T00:00:00Z,76.95833333333333,69.75,77.54166666666667,74.33333333333333,76.33333333333333,73.91666666666667,75.29166666666667,66.70833333333333,76.45833333333333,74.83333333333333,77.16666666666667,76.75,76.58333333333333,73.91666666666667,74.75,76.08333333333333,74.83333333333333,78.16666666666667,75,72.625,72.95833333333333,73.41666666666667,78.375,78.79166666666667
2006-06-02T00:00:00Z,76.20833333333333,67.83333333333333,74.5,77.20833333333333,77.29166666666667,75.54166666666667,77.5,65.125,77.95833333333333,72.54166666666667,74.625,74.45833333333333,73.125,71.29166666666667,76.20833333333333,73.91666666666667,76.79166666666667,75.83333333333333,76.54166666666667,70,71.95833333333333,75.79166666666667,78.75,80.29166666666667
2006-06-03T00:00:00Z,71.375,65.70833333333333,71.875,72.54166666666667,70.875,72.79166666666667,72.04166666666667,61.416666666666664,72.41666666666667,71.95833333333333,73.08333333333333,70.20833333333333,71.20833333333333,67.41666666666667,74.375,71.08333333333333,73.08333333333333,71.91666666666667,74.41666666666667,69.54166666666667,70.08333333333333,71.95833333333333,69.16666666666667,72.83333333333333
2006-06-04T00:00:00Z,69.375,60.625,68.125,72.75,71.45833333333333,71.91666666666667,71.41666666666667,59.166666666666664,72.04166666666667,68.45833333333333,68.375,66.41666666666667,66.33333333333333,66.20833333333333,73.41666666666667,67.45833333333333,72.70833333333333,66.54166666666667,72.625,63.208333333333336,66.29166666666667,72,70.29166666666667,73.58333333333333
2006-06-05T00:00:00Z,66.875,60.25,64.08333333333333,68.29166666666667,66.58333333333333,67.20833333333333,67.54166666666667,54.625,65.41666666666667,64.75,65.5,63.083333333333336,63.75,62.541666666666664,70.25,64.25,67.875,62.791666666666664,69.20833333333333,61.875,64.79166666666667,67.66666666666667,67.91666666666667,67.875
2006-06-06T00:00:00Z,66.875,63.416666666666664,67.45833333333333,63.791666666666664,67.45833333333333,66.375,63.5,61.958333333333336,65.08333333333333,67.25,69.5,65.29166666666667,68.66666666666667,61.291666666666664,67.54166666666667,63.708333333333336,63.375,64.91666666666667,67.04166666666667,66.66666666666667,67.45833333333333,65.04166666666667,68,65.70833333333333
2006-06-07T00:00:00Z,69,63.833333333333336,71.29166666666667,70.95833333333333,70.75,71.29166666666667,71.33333333333333,66.20833333333333,72.08333333333333,71.66666666666667,73.66666666666667,68.75,71.375,67.95833333333333,71.83333333333333,69.375,71.04166666666667,70.04166666666667,72,66.91666666666667,70.41666666666667,71.08333333333333,72.70833333333333,73.25
2006-06-08T00:00:00Z,70.625,67.66666666666667,72.08333333333333,73.83333333333333,71.45833333333333,72.91666666666667,72,63.541666666666664,72.16666666666667,70.58333333333333,75.70833333333333,67.45833333333333,71.375,65.66666666666667,75.125,69.33333333333333,75.08333333333333,71.20833333333333,75.375,70.66666666666667,69.91666666666667,73.95833333333333,71.5,75.5
2006-06-09T00:00:00Z,72.375,69.625,73.33333333333333,73.66666666666667,72.33333333333333,72.16666666666667,73.625,66.25,72.79166666666667,73.41666666666667,76.58333333333333,70.125,74.41666666666667,69.75,73.125,72.16666666666667,74.375,75.16666666666667,74.20833333333333,71.04166666666667,72.91666666666667,72.41666666666667,72.375,74.33333333333333
2006-06-10T00:00:00Z,70.79166666666667,73.125,79.45833333333333,80.16666666666667,72.75,75.16666666666667,79.33333333333333,71.08333333333333,76.29166666666667,75.54166666666667,81.70833333333333,75.58333333333333,80.58333333333333,69.5,75.25,73.375,79.25,79.33333333333333,76.45833333333333,77.66666666666667,72.91666666666667,76.5,72.79166666666667,76.41666666666667
2006-06-11T00:00:00Z,69.58333333333333,71.875,76.29166666666667,79.125,70.375,75.45833333333333,76.66666666666667,71,75.29166666666667,72.20833333333333,79.91666666666667,74.625,75.125,66.375,71,71.625,79.33333333333333,75.08333333333333,75.25,75.5,71.5,75.95833333333333,70.375,71.83333333333333
2006-06-12T00:00:00Z,67.41666666666667,72,75.54166666666667,77.5,69.04166666666667,74.04166666666667,73.75,65.41666666666667,73.04166666666667,70.875,77.66666666666667,72.08333333333333,75.125,63.375,74.25,69.5,76.45833333333333,76.95833333333333,75.20833333333333,74.83333333333333,71.08333333333333,74.375,65.83333333333333,73.29166666666667
2006-06-13T00:00:00Z,67.91666666666667,63.875,66.33333333333333,71,69.29166666666667,69.375,68.91666666666667,59.541666666666664,67.66666666666667,69.41666666666667,65.70833333333333,65.41666666666667,67.66666666666667,65.45833333333333,69.16666666666667,67.79166666666667,71.25,68.70833333333333,70.875,66.875,68.04166666666667,69.125,69.5,71.54166666666667
2006-06-14T00:00:00Z,69.25,70,70.91666666666667,73.5,69.33333333333333,71.79166666666667,72.5,63.666666666666664,70.5,67.75,75.45833333333333,67.08333333333333,72.5,62.583333333333336,72.41666666666667,66.625,74.04166666666667,72,73.5,70.79166666666667,70.33333333333333,72.41666666666667,66.66666666666667,71.83333333333333
2006-06-15T00:00:00Z,70.20833333333333,69.125,73.83333333333333,74,71.08333333333333,72.04166666666667,73.25,65.08333333333333,71.91666666666667,71.16666666666667,76.75,69.45833333333333,73.04166666666667,67.5,71.66666666666667,70.16666666666667,73.45833333333333,72.04166666666667,72.45833333333333,70.79166666666667,70.91666666666667,72.66666666666667,71.33333333333333,73.125
2006-06-16T00:00:00Z,70.41666666666667,67.25,72.95833333333333,73.33333333333333,70.625,73.25,73.625,64.41666666666667,73.875,73.75,75.08333333333333,70.20833333333333,72.58333333333333,70.29166666666667,71.125,71.45833333333333,73.75,71.625,73.58333333333333,70.875,71,72.91666666666667,71.5,75.66666666666667
2006-06-17T00:00:00Z,72.45833333333333,69.41666666666667,74.33333333333333,72.45833333333333,71.625,72.16666666666667,73.70833333333333,68.375,74.16666666666667,75.04166666666667,75.66666666666667,74.41666666666667,75.41666666666667,71.20833333333333,70.79166666666667,72.70833333333333,72.70833333333333,74.33333333333333,72.04166666666667,72.29166666666667,73.45833333333333,71.75,74,76.875
2006-06-18T00:00:00Z,75.125,68.75,73,72.95833333333333,74.91666666666667,72.75,73.70833333333333,68.125,75.125,74.79166666666667,74.5,74.66666666666667,74.75,72.58333333333333,73.75,74.25,72.70833333333333,73,74.75,72.45833333333333,73.66666666666667,72.20833333333333,77.375,77.08333333333333
2006-06-19T00:00:00Z,76.29166666666667,68.875,75.125,74.75,76.16666666666667,74.79166666666667,75.33333333333333,67.04166666666667,76.625,75.41666666666667,76.58333333333333,75.20833333333333,74.79166666666667,72.75,76.91666666666667,75.41666666666667,75,75.66666666666667,76.54166666666667,72.29166666666667,73.08333333333333,74.5,78.125,78.125
2006-06-20T00:00:00Z,78.91666666666667,73.375,79.16666666666667,80.91666666666667,79.375,79.83333333333333,80.625,72.25,80.75,79.66666666666667,80.25,78.33333333333333,80.04166666666667,75.125,77.29166666666667,78.125,81.29166666666667,78.79166666666667,78.41666666666667,77.125,76.70833333333333,79.33333333333333,78.33333333333333,81.83333333333333
2006-06-21T00:00:00Z,77.33333333333333,74.66666666666667,81.5,79.58333333333333,76.41666666666667,76.58333333333333,78.41666666666667,73.41666666666667,76.625,81.04166666666667,83.41666666666667,79.20833333333333,80.625,76.16666666666667,77.58333333333333,79.16666666666667,80.16666666666667,80.20833333333333,78.29166666666667,78.375,79.5,77.45833333333333,78.54166666666667,77.16666666666667
2006-06-22T00:00:00Z,79.25,73.66666666666667,80.70833333333333,80.04166666666667,79.25,78.45833333333333,79.5,76.875,79.375,82.66666666666667,81.29166666666667,80.25,77.625,76.75,79,80.04166666666667,79.625,78.91666666666667,79.08333333333333,77.625,84.91666666666667,78.375,81.58333333333333,80.66666666666667
2006-06-23T00:00:00Z,79.5,70.66666666666667,76.95833333333333,80.20833333333333,79.70833333333333,78.45833333333333,79.79166666666667,70.29166666666667,79.875,78.625,76.83333333333333,78.125,74.41666666666667,71.25,80.375,75.33333333333333,78.33333333333333,75.45833333333333,79.08333333333333,73.04166666666667,81.41666666666667,78.29166666666667,79.66666666666667,82.83333333333333
2006-06-24T00:00:00Z,78.25,70.29166666666667,75.33333333333333,79.625,77.83333333333333,78.20833333333333,78.75,68.41666666666667,81.375,75.20833333333333,75.66666666666667,74,74.33333333333333,72.16666666666667,80.875,75.58333333333333,78.375,74.95833333333333,79.375,72.54166666666667,78.75,78.79166666666667,77.25,80.70833333333333
2006-06-25T00:00:00Z,76.58333333333333,69.875,75.5,75.75,78.66666666666667,76.58333333333333,74.33333333333333,68.83333333333333,79.125,75.66666666666667,76.33333333333333,73.5,75.41666666666667,71.41666666666667,80.54166666666667,74.29166666666667,78.125,76.41666666666667,78.41666666666667,74.16666666666667,78.08333333333333,76.08333333333333,78.75,77.91666666666667
2006-06-26T00:00:00Z,74.625,67.41666666666667,74.91666666666667,78.70833333333333,77.625,77.54166666666667,78.95833333333333,67.25,75.83333333333333,75.16666666666667,72.75,75.83333333333333,72.83333333333333,71.625,79.29166666666667,74.79166666666667,80.16666666666667,75.41666666666667,77.75,72.5,77.33333333333333,77.66666666666667,76.54166666666667,77.625
2006-06-27T00:00:00Z,74.66666666666667,71.83333333333333,75.70833333333333,77.58333333333333,76.70833333333333,75.54166666666667,77.5,69.625,76.16666666666667,73.33333333333333,75.83333333333333,73.91666666666667,74.625,72.16666666666667,78.16666666666667,75,77.25,76.33333333333333,76.75,75.33333333333333,77.66666666666667,76.375,75.70833333333333,76.58333333333333
2006-06-28T00:00:00Z,78.75,69.29166666666667,76.625,82.04166666666667,78.04166666666667,77.54166666666667,82.25,71.5,78.29166666666667,77.45833333333333,76.625,75.66666666666667,76.04166666666667,75,78.625,77.375,82.125,77.5,79.41666666666667,73.95833333333333,78.08333333333333,77.66666666666667,78.625,79.625
2006-06-29T00:00:00Z,81.375,70.20833333333333,76.41666666666667,78.58333333333333,78,78.16666666666667,80.16666666666667,70.375,80.66666666666667,76.5,77.83333333333333,73.79166666666667,75.79166666666667,74.875,77.41666666666667,76.08333333333333,77.58333333333333,76.66666666666667,78.29166666666667,73.16666666666667,78.08333333333333,77.16666666666667,77.54166666666667,79.91666666666667
2006-06-30T00:00:00Z,78.58333333333333,69.70833333333333,75.20833333333333,78.79166666666667,74.54166666666667,76.95833333333333,79,68.41666666666667,77.91666666666667,74.91666666666667,77.125,72.5,73.95833333333333,73.75,78.45833333333333,74.5,78.58333333333333,74.875,78.5,70.95833333333333,76.625,77.125,74.875,79.125
2006-07-01T00:00:00Z,79.20833333333333,69.83333333333333,76.75,78.125,76.625,78.5,78.5,70.45833333333333,79.79166666666667,76.45833333333333,77.29166666666667,74.83333333333333,75.79166666666667,74.16666666666667,79.66666666666667,74.08333333333333,78.70833333333333,75.125,78.625,73.5,78.625,78.20833333333333,75.75,79.25
2006-07-02T00:00:00Z,84.04166666666667,73.08333333333333,79.83333333333333,81.41666666666667,79.91666666666667,80.08333333333333,81.79166666666667,74.29166666666667,79.83333333333333,80.91666666666667,79.66666666666667,80,80,79.16666666666667,80.375,79.58333333333333,81.29166666666667,79.54166666666667,80.16666666666667,76.29166666666667,81.04166666666667,80.5,82.08333333333333,83.04166666666667
2006-07-03T00:00:00Z,84.08333333333333,73.58333333333333,81.95833333333333,82.54166666666667,81.75,81.91666666666667,83.33333333333333,77.41666666666667,80.41666666666667,82.29166666666667,80.95833333333333,82.08333333333333,81.20833333333333,80.04166666666667,79.66666666666667,81.91666666666667,82.79166666666667,80.79166666666667,81.25,78.29166666666667,84.33333333333333,81.16666666666667,82.5,84.125
2006-07-04T00:00:00Z,84.20833333333333,72.375,81.70833333333333,81.54166666666667,80.29166666666667,78.33333333333333,81.83333333333333,76.45833333333333,81.25,81.66666666666667,81.5,81.95833333333333,79.91666666666667,80.08333333333333,79.25,82.08333333333333,81.83333333333333,79.875,79.29166666666667,77.58333333333333,82.04166666666667,79.5,82.66666666666667,82.83333333333333
2006-07-05T00:00:00Z,82.54166666666667,69.75,77.20833333333333,80.79166666666667,80.66666666666667,79.83333333333333,80.83333333333333,69.58333333333333,81.20833333333333,76.79166666666667,77.29166666666667,78.75,76.625,75.66666666666667,80.5,79.08333333333333,81.16666666666667,78.875,81,75.66666666666667,78.83333333333333,80.08333333333333,80.79166666666667,83.58333333333333
2006-07-06T00:00:00Z,75.54166666666667,69.41666666666667,72.91666666666667,75.70833333333333,73.91666666666667,75.08333333333333,73.79166666666667,65.79166666666667,72.75,71.08333333333333,74.16666666666667,70.45833333333333,72.375,68.66666666666667,75.95833333333333,70.58333333333333,76.20833333333333,73.54166666666667,76.66666666666667,72.20833333333333,76.20833333333333,76.16666666666667,73.25,75.20833333333333
2006-07-07T00:00:00Z,74.5,66.29166666666667,70.25,72.41666666666667,71.95833333333333,71.54166666666667,72.5,62.458333333333336,72.5,69.375,72,67.66666666666667,69.58333333333333,68,74.16666666666667,69.125,72,70.04166666666667,72.75,67.375,71.91666666666667,72.125,72.95833333333333,73.16666666666667
2006-07-08T00:00:00Z,74,67,70.25,71,71.375,71.83333333333333,71.25,63.458333333333336,70.83333333333333,70.58333333333333,71.875,67.125,70.125,68.70833333333333,73.83333333333333,68.58333333333333,73.04166666666667,69.375,73.29166666666667,68.375,72.5,72.66666666666667,72.625,71.04166666666667
2006-07-09T00:00:00Z,74.875,67.125,71.125,72.04166666666667,72.25,73.58333333333333,73.25,65.66666666666667,72.20833333333333,71.33333333333333,73.41666666666667,70.16666666666667,70.45833333333333,70.70833333333333,74.70833333333333,70.25,73.45833333333333,70.83333333333333,74.75,68.04166666666667,73.20833333333333,73.16666666666667,73.70833333333333,73.45833333333333
2006-07-10T00:00:00Z,78.54166666666667,71.66666666666667,76.08333333333333,76.33333333333333,76.25,77.125,77.16666666666667,71.625,76.33333333333333,76.45833333333333,78.625,75.91666666666667,75.95833333333333,73.83333333333333,76,74.66666666666667,77.75,77.04166666666667,77.58333333333333,74.625,78.79166666666667,78,77.875,79.70833333333333
2006-07-11T00:00:00Z,82.33333333333333,70.83333333333333,78.20833333333333,78.45833333333333,80,79.5,79.29166666666667,70.95833333333333,79.79166666666667,79.20833333333333,79.66666666666667,78.54166666666667,78.29166666666667,77.625,79.5,78.125,78.91666666666667,80.66666666666667,80.29166666666667,74.45833333333333,80.375,78.79166666666667,81.95833333333333,81.91666666666667
2006-07-12T00:00:00Z,84.375,73.5,79.5,80.45833333333333,81.375,80.375,80.125,74.08333333333333,80.79166666666667,80.83333333333333,81.125,80.16666666666667,80.08333333333333,79.16666666666667,80.83333333333333,80.08333333333333,79.58333333333333,81.875,81,77.54166666666667,83.375,79.70833333333333,83.75,83.04166666666667
2006-07-13T00:00:00Z,83.5,74,80.16666666666667,82.79166666666667,80.41666666666667,81.875,82.5,73.75,83.125,80.95833333333333,80.33333333333333,81.58333333333333,78.91666666666667,79.79166666666667,80.83333333333333,81.45833333333333,82.45833333333333,81.45833333333333,81.70833333333333,76.45833333333333,81.125,81.58333333333333,80.875,84.91666666666667
2006-07-14T00:00:00Z,81.41666666666667,71.875,78.41666666666667,82.91666666666667,77.58333333333333,81.875,83.08333333333333,76.375,83.25,78.08333333333333,78.33333333333333,80.04166666666667,78.25,77.54166666666667,80.375,79.20833333333333,82.66666666666667,80.375,81.29166666666667,78.08333333333333,80.625,82.125,77.91666666666667,82.25
2006-07-15T00:00:00Z,83.58333333333333,73.95833333333333,79.95833333333333,82.5,81.08333333333333,80.41666666666667,81.66666666666667,75.45833333333333,83.875,79.91666666666667,81.16666666666667,81.20833333333333,79.04166666666667,79.125,80.125,80.54166666666667,83.25,80.83333333333333,80.875,79.20833333333333,81.29166666666667,81.70833333333333,80.375,84
2006-07-16T00:00:00Z,84.33333333333333,76.125,81.125,82.04166666666667,80.33333333333333,79.66666666666667,81.95833333333333,74.875,81.875,80.54166666666667,82.25,79.08333333333333,80.29166666666667,78.91666666666667,80.70833333333333,80.83333333333333,81.95833333333333,80.25,80.70833333333333,79.45833333333333,83.79166666666667,81.375,80.54166666666667,83.375
2006-07-17T00:00:00Z,84.66666666666667,72.66666666666667,80.83333333333333,81.95833333333333,80.5,80.66666666666667,81.91666666666667,73.25,81.625,81.29166666666667,81,77.54166666666667,79.125,79.45833333333333,79.79166666666667,79.95833333333333,81.625,78.66666666666667,80.66666666666667,77.20833333333333,82.83333333333333,80.875,83.70833333333333,83.45833333333333
2006-07-18T00:00:00Z,85.91666666666667,75.16666666666667,81.08333333333333,81.83333333333333,80.75,80.58333333333333,83.625,75.08333333333333,83.04166666666667,82.91666666666667,82.16666666666667,79.66666666666667,80.91666666666667,81.41666666666667,79.83333333333333,81.66666666666667,81.04166666666667,80.54166666666667,79.41666666666667,79.16666666666667,84.04166666666667,80.66666666666667,83.58333333333333,85.5
2006-07-19T00:00:00Z,83.16666666666667,75.45833333333333,82.04166666666667,83.08333333333333,80.41666666666667,81.41666666666667,83.83333333333333,74.91666666666667,81.29166666666667,80.04166666666667,84,79.58333333333333,82.08333333333333,76,82.08333333333333,79.875,81.75,82.29166666666667,80.83333333333333,79.95833333333333,82.5,81.20833333333333,80.04166666666667,82.33333333333333
2006-07-20T00:00:00Z,81.83333333333333,73.25,78.91666666666667,78.54166666666667,79.04166666666667,77.54166666666667,77.29166666666667,71.29166666666667,77.75,78.20833333333333,80.04166666666667,76.375,75.16666666666667,76.41666666666667,81.5,78.54166666666667,79.20833333333333,77.875,80,73.875,78.875,76.83333333333333,81.45833333333333,80.66666666666667
2006-07-21T00:00:00Z,84.20833333333333,72.75,80.625,80.33333333333333,80.83333333333333,79.20833333333333,80.16666666666667,74.33333333333333,80.79166666666667,80.33333333333333,82.33333333333333,78.91666666666667,78.875,79.375,82.58333333333333,80.5,80.95833333333333,80.79166666666667,80.75,77.5,81.41666666666667,79.41666666666667,83.45833333333333,83.5
2006-07-22T00:00:00Z,84,74.29166666666667,77.41666666666667,81.95833333333333,81.91666666666667,80.70833333333333,80.95833333333333,72.58333333333333,81.79166666666667,77.66666666666667,78.79166666666667,78.875,77.29166666666667,78.5,82.83333333333333,79.83333333333333,82.66666666666667,78.70833333333333,82.625,77.04166666666667,82.04166666666667,81.29166666666667,82.58333333333333,84
2006-07-23T00:00:00Z,80.625,72.08333333333333,74.875,78.70833333333333,76.95833333333333,77.375,78.08333333333333,68.70833333333333,77.45833333333333,74.95833333333333,75.20833333333333,73.33333333333333,74.875,74.08333333333333,77.83333333333333,73.04166666666667,80.33333333333333,76.16666666666667,78.75,74.625,76.58333333333333,77.25,78.41666666666667,78.45833333333333
2006-07-24T00:00:00Z,80.20833333333333,71.125,76.79166666666667,76.33333333333333,76.375,77.58333333333333,74.54166666666667,68.45833333333333,77.79166666666667,76.91666666666667,75.125,75.83333333333333,75.45833333333333,74.54166666666667,78.70833333333333,75.875,77.29166666666667,76.95833333333333,77.83333333333333,75.33333333333333,72.125,77.08333333333333,78.375,79.79166666666667
2006-07-25T00:00:00Z,78.625,72.875,77.08333333333333,78.29166666666667,76.58333333333333,76.875,78.41666666666667,71.16666666666667,77.25,74.91666666666667,76.41666666666667,74.58333333333333,76.5,74.08333333333333,78.25,74.375,80.16666666666667,78.25,79.29166666666667,74.79166666666667,72.29166666666667,78.5,76.33333333333333,80.08333333333333
2006-07-26T00:00:00Z,80.125,73.45833333333333,79.20833333333333,79.41666666666667,78.41666666666667,79.04166666666667,79.33333333333333,73.5,79.75,78.875,81.20833333333333,77.29166666666667,77.91666666666667,76.25,80.16666666666667,76.16666666666667,79.29166666666667,78.75,79.125,75.41666666666667,80.5,78.91666666666667,79.41666666666667,80.58333333333333
2006-07-27T00:00:00Z,82.33333333333333,74.04166666666667,81.91666666666667,80.04166666666667,80.45833333333333,80.5,78.875,75.75,79.54166666666667,81.08333333333333,82.58333333333333,77.70833333333333,80.41666666666667,78.08333333333333,82.41666666666667,79.5,80.45833333333333,81.66666666666667,82.08333333333333,77.875,81.95833333333333,80.83333333333333,83.45833333333333,83.33333333333333
2006-07-28T00:00:00Z,83.95833333333333,77.29166666666667,82.79166666666667,83.58333333333333,81.58333333333333,82.54166666666667,82.75,76.04166666666667,81.375,82.54166666666667,84.08333333333333,81.45833333333333,82.20833333333333,81.375,83.125,82.29166666666667,83.25,83.875,83.375,79.70833333333333,84.91666666666667,83.41666666666667,85.375,83.41666666666667
2006-07-29T00:00:00Z,83.29166666666667,70.16666666666667,75.58333333333333,81.91666666666667,81.5,82.29166666666667,82.20833333333333,72.75,81.20833333333333,77.625,77.75,77.58333333333333,75.125,77.08333333333333,81.125,79.66666666666667,81.83333333333333,76.20833333333333,83.08333333333333,73.20833333333333,81.08333333333333,81.04166666666667,84.5,82.5
2006-07-30T00:00:00Z,82.70833333333333,74.79166666666667,79.25,79.95833333333333,79.91666666666667,78.70833333333333,78.95833333333333,75.5,80.16666666666667,80.625,80.16666666666667,78.70833333333333,79.29166666666667,78.91666666666667,80.45833333333333,79.70833333333333,77.66666666666667,79.5,79.29166666666667,77.29166666666667,84.58333333333333,76.83333333333333,82.29166666666667,80.20833333333333
2006-07-31T00:00:00Z,86,75.33333333333333,80.58333333333333,84.875,82.83333333333333,82,84.5,74.83333333333333,84.625,83.79166666666667,83.08333333333333,80.625,82.20833333333333,82.16666666666667,83.625,82.125,83.66666666666667,81.625,81.95833333333333,79.70833333333333,86.125,80.83333333333333,85.5,86.29166666666667
2006-08-01T00:00:00Z,87,78.41666666666667,83.66666666666667,86.16666666666667,84.70833333333333,84.5,86.25,77.79166666666667,86.58333333333333,85.5,84.91666666666667,83.16666666666667,84.25,83.83333333333333,83.29166666666667,83.625,85.33333333333333,83.29166666666667,83.41666666666667,81.20833333333333,87.79166666666667,84.04166666666667,87.375,87.75
2006-08-02T00:00:00Z,87.875,78.83333333333333,83.5,85.75,86.45833333333333,84.25,86.5,78.625,84.91666666666667,86.33333333333333,83.95833333333333,83.79166666666667,84.08333333333333,84.5,84.375,84.66666666666667,86.04166666666667,83.41666666666667,83.45833333333333,80.375,87.91666666666667,84.58333333333333,90,87.125
2006-08-03T00:00:00Z,89.33333333333333,76.91666666666667,83.875,86.75,86.5,85.875,86.95833333333333,79.45833333333333,87.5,85.04166666666667,84.16666666666667,82.79166666666667,82.04166666666667,84.5,83.79166666666667,83.625,87.29166666666667,82.83333333333333,84.33333333333333,79.45833333333333,86.75,85.91666666666667,90.95833333333333,87.83333333333333
2006-08-04T00:00:00Z,88.70833333333333,77.83333333333333,84.375,87.16666666666667,85.58333333333333,84.66666666666667,87.29166666666667,79.08333333333333,87.25,84.91666666666667,85.70833333333333,83.33333333333333,82.75,83.54166666666667,83.58333333333333,84.95833333333333,86.54166666666667,83.70833333333333,84.70833333333333,81.83333333333333,88.20833333333333,85.625,86.83333333333333,89.04166666666667
2006-08-05T00:00:00Z,85.125,74.125,79.45833333333333,79.83333333333333,81.875,79.66666666666667,79.45833333333333,73.625,80.08333333333333,80.625,81.45833333333333,79.83333333333333,79.375,78.29166666666667,82.83333333333333,81.20833333333333,82,80.08333333333333,81.95833333333333,79.08333333333333,85.29166666666667,81.29166666666667,82.58333333333333,82.875
2006-08-06T00:00:00Z,81.45833333333333,75.125,79.54166666666667,79.79166666666667,79.75,81,81.16666666666667,74.75,81.83333333333333,80.16666666666667,79.33333333333333,79.625,79.29166666666667,79.54166666666667,81.125,80.33333333333333,80.70833333333333,80.91666666666667,81.45833333333333,78.91666666666667,84.58333333333333,81.625,80.20833333333333,82.625
2006-08-07T00:00:00Z,82.91666666666667,77.29166666666667,79.375,82.125,79.70833333333333,81.29166666666667,82.70833333333333,76.29166666666667,81.66666666666667,81.375,83.58333333333333,78.375,78.95833333333333,78,80.875,79.125,81.875,79.75,80.91666666666667,77.83333333333333,84.41666666666667,81.29166666666667,83.08333333333333,83.75
2006-08-08T00:00:00Z,85.375,76.33333333333333,79.75,82.66666666666667,80.29166666666667,84.29166666666667,82.125,76.125,82.375,81.33333333333333,82.58333333333333,79.91666666666667,78.875,78.08333333333333,82.33333333333333,81.29166666666667,82.41666666666667,79.16666666666667,82.875,78.125,84.41666666666667,82.5,81.875,85.125
2006-08-09T00:00:00Z,83.58333333333333,75.08333333333333,79.41666666666667,77.70833333333333,79.83333333333333,78.08333333333333,77.75,70.91666666666667,79.58333333333333,78.79166666666667,82.45833333333333,76.91666666666667,78,77.5,78.625,79.25,78.41666666666667,78.83333333333333,78.08333333333333,76.25,82.41666666666667,79.54166666666667,80.125,81.45833333333333
2006-08-10T00:00:00Z,80.5,77.08333333333333,79.375,80.5,77.25,78.70833333333333,79.95833333333333,75.83333333333333,76.29166666666667,80.83333333333333,80.66666666666667,80.16666666666667,79.25,77.875,81.29166666666667,81.41666666666667,78.83333333333333,78.41666666666667,79.79166666666667,78.79166666666667,84.08333333333333,78.83333333333333,77.45833333333333,81.08333333333333
2006-08-11T00:00:00Z,77.41666666666667,72.91666666666667,76.20833333333333,76.70833333333333,75.08333333333333,75.625,76.375,68.5,73.70833333333333,74.45833333333333,78.25,75.08333333333333,74.04166666666667,73.625,79.54166666666667,75.45833333333333,75.70833333333333,75.79166666666667,77.20833333333333,72.875,76.625,75.16666666666667,76.41666666666667,76.41666666666667
2006-08-12T00:00:00Z,73.79166666666667,64.875,68.625,72.20833333333333,73.5,72.16666666666667,71.75,63.166666666666664,71.25,69.625,68.625,68.41666666666667,67.5,70.70833333333333,75.33333333333333,71.70833333333333,71.625,69.25,74.125,66.41666666666667,72.66666666666667,72.08333333333333,75.66666666666667,73.16666666666667
2006-08-13T00:00:00Z,72.83333333333333,68.5,72.58333333333333,73.875,70.41666666666667,73.70833333333333,73.41666666666667,65.58333333333333,71.5,73.29166666666667,72.95833333333333,71.95833333333333,72.20833333333333,70.5,75.5,71.70833333333333,73.54166666666667,73.54166666666667,74.58333333333333,70.41666666666667,70.875,74,73.16666666666667,72.16666666666667
2006-08-14T00:00:00Z,77.08333333333333,71.54166666666667,75.33333333333333,77.66666666666667,74.16666666666667,74.54166666666667,76.41666666666667,70.25,74.58333333333333,75.58333333333333,76.95833333333333,74.625,74.54166666666667,73.16666666666667,74.91666666666667,74.54166666666667,75.66666666666667,75.5,75.83333333333333,71.95833333333333,76.79166666666667,75.08333333333333,77.29166666666667,76.41666666666667
2006-08-15T00:00:00Z,82.66666666666667,72.75,78.33333333333333,77.75,79.29166666666667,77.375,78.58333333333333,73.83333333333333,79.25,78.33333333333333,76.45833333333333,77.83333333333333,75.79166666666667,77.375,80.75,79.83333333333333,76.70833333333333,78.5,78.625,74.25,79.04166666666667,76.875,82.29166666666667,81.25
2006-08-16T00:00:00Z,81.45833333333333,72.45833333333333,77,78.91666666666667,77.25,77.54166666666667,79.41666666666667,70.875,77.41666666666667,77.54166666666667,76.41666666666667,75.08333333333333,75.75,76.41666666666667,80.20833333333333,78.375,78.04166666666667,77.625,78.91666666666667,74.70833333333333,82.20833333333333,78.5,77.08333333333333,79.54166666666667
2006-08-17T00:00:00Z,79.70833333333333,71.75,77.04166666666667,77,76.5,77.66666666666667,77.45833333333333,68.75,76.5,75.08333333333333,78.625,74.91666666666667,74.875,73.45833333333333,79.375,77.125,77,76.04166666666667,78.83333333333333,73.45833333333333,79.16666666666667,77.91666666666667,77.04166666666667,78.20833333333333
2006-08-18T00:00:00Z,82.125,70.875,75,78.29166666666667,78.20833333333333,79.75,77.375,67.875,76.375,74.58333333333333,76.04166666666667,73.125,73.54166666666667,74.33333333333333,81.5,76.25,78.70833333333333,73.33333333333333,79.125,71.5,77.91666666666667,79.83333333333333,79.375,80.41666666666667
2006-08-19T00:00:00Z,81.95833333333333,71.375,76.5,79.75,78.875,79.29166666666667,79.04166666666667,70.25,79.20833333333333,77.58333333333333,78.04166666666667,76.875,74.54166666666667,78.125,80.125,80.04166666666667,78.70833333333333,76.375,79,72.29166666666667,78.54166666666667,79.5,79.58333333333333,81.04166666666667
2006-08-20T00:00:00Z,85.33333333333333,69.54166666666667,79.16666666666667,81.375,81.16666666666667,81.04166666666667,81.54166666666667,72,81.41666666666667,78.66666666666667,77.25,78.41666666666667,76.08333333333333,80.625,82.875,82,81.70833333333333,78.45833333333333,81.91666666666667,74.79166666666667,79.33333333333333,80.79166666666667,83.83333333333333,84
2006-08-21T00:00:00Z,82.20833333333333,72.29166666666667,79.95833333333333,79.20833333333333,77.875,78.33333333333333,77.5,72.75,78.5,79.33333333333333,77.875,77.91666666666667,77.04166666666667,76.95833333333333,80.95833333333333,79.29166666666667,79.625,79.45833333333333,80.83333333333333,75.70833333333333,81.20833333333333,76.70833333333333,79.08333333333333,80.45833333333333
2006-08-22T00:00:00Z,78.25,73.125,75.75,78.08333333333333,75.79166666666667,76.66666666666667,78.41666666666667,71.79166666666667,77.70833333333333,78.25,74.91666666666667,76.20833333333333,75.41666666666667,75.91666666666667,77.08333333333333,77.54166666666667,77.54166666666667,75.625,79.25,74.91666666666667,81.75,76.66666666666667,79.29166666666667,79
2006-08-23T00:00:00Z,80.625,71.375,75.83333333333333,77.58333333333333,76.375,77.70833333333333,78.08333333333333,71.83333333333333,77.45833333333333,78.91666666666667,77,76.95833333333333,76.375,78.16666666666667,76.375,77.95833333333333,77.08333333333333,76.95833333333333,77.75,74.66666666666667,81.25,77.66666666666667,79.5,79.79166666666667
2006-08-24T00:00:00Z,77.20833333333333,71.91666666666667,77.41666666666667,77.75,74.83333333333333,75.58333333333333,77.75,70.04166666666667,75.33333333333333,78.16666666666667,76.5,75.04166666666667,76,75.54166666666667,77.66666666666667,76.20833333333333,76.54166666666667,77,76.66666666666667,74.79166666666667,80.125,75.91666666666667,78.125,77.04166666666667
2006-08-25T00:00:00Z,80,71.66666666666667,75.70833333333333,76.375,76.33333333333333,75.66666666666667,76.41666666666667,71,75.41666666666667,78.125,75.875,74.70833333333333,75.625,76.08333333333333,78.41666666666667,76.75,76.20833333333333,75.45833333333333,77.125,73.41666666666667,80.41666666666667,76.375,81.54166666666667,78.95833333333333
2006-08-26T00:00:00Z,81.95833333333333,69.75,75.45833333333333,77.54166666666667,77.58333333333333,76.75,77.54166666666667,70.20833333333333,77.58333333333333,78.5,75.95833333333333,76.08333333333333,74.66666666666667,76.91666666666667,79.75,77.79166666666667,77.45833333333333,74.95833333333333,77.75,71.91666666666667,80.04166666666667,76.95833333333333,81.70833333333333,79.25
2006-08-27T00:00:00Z,81.45833333333333,70.45833333333333,76.91666666666667,77.54166666666667,78.29166666666667,77.41666666666667,77.41666666666667,71.5,76.83333333333333,78.45833333333333,77.16666666666667,76.29166666666667,75.33333333333333,76.79166666666667,82.875,77.75,78.45833333333333,75.41666666666667,80.08333333333333,72.79166666666667,80.625,77.83333333333333,81.25,79.25
2006-08-28T00:00:00Z,84.79166666666667,72.29166666666667,78,80.625,81.20833333333333,80.125,81.20833333333333,72.91666666666667,80.79166666666667,80.04166666666667,79.125,78.625,77.75,81.75,82.25,81.91666666666667,80.45833333333333,77.91666666666667,80.5,75.375,83.375,79.25,85,82.83333333333333
2006-08-29T00:00:00Z,88.45833333333333,75.20833333333333,80.70833333333333,84.25,83.79166666666667,82.75,84.83333333333333,75.91666666666667,84.66666666666667,83.20833333333333,81.125,84,80.33333333333333,82.79166666666667,83.125,83.54166666666667,83.625,81.125,82.91666666666667,78.625,85.375,82.70833333333333,86.79166666666667,85.75
2006-08-30T00:00:00Z,82.83333333333333,71.875,76.54166666666667,83.29166666666667,78.75,79.66666666666667,83.66666666666667,71.04166666666667,79.29166666666667,76.58333333333333,75.29166666666667,76.91666666666667,75.91666666666667,76.29166666666667,82.75,76.08333333333333,83.625,77.29166666666667,83.125,76.04166666666667,81.375,81.95833333333333,77.79166666666667,82.20833333333333
2006-08-31T00:00:00Z,77.375,70.33333333333333,73.33333333333333,75.33333333333333,74.95833333333333,74.75,73.75,65.20833333333333,73.75,71.875,74,72.20833333333333,71.875,71.75,77.375,72,76.375,74.04166666666667,79.16666666666667,70.75,74.20833333333333,75.91666666666667,73.5,76.66666666666667
2006-09-01T00:00:00Z,74.29166666666667,68.75,70.875,71.5,72.83333333333333,71.625,71.375,62.75,68.83333333333333,65.20833333333333,72.95833333333333,66.08333333333333,71.375,62.708333333333336,77.625,64.83333333333333,72.45833333333333,72,73.91666666666667,70.95833333333333,72.04166666666667,71.33333333333333,72.04166666666667,70.54166666666667
2006-09-02T00:00:00Z,72.04166666666667,67.20833333333333,71,71.58333333333333,68.70833333333333,71,71.70833333333333,66.20833333333333,67.375,70.75,73.58333333333333,69.16666666666667,71.04166666666667,68.875,72.20833333333333,70.5,71.25,71.66666666666667,70.45833333333333,71.25,74.20833333333333,70.54166666666667,68.75,72.08333333333333
2006-09-03T00:00:00Z,78.33333333333333,69.25,77.375,76.75,74.33333333333333,75,76.16666666666667,68.66666666666667,74.41666666666667,75.16666666666667,74.91666666666667,73.95833333333333,73.54166666666667,73.20833333333333,77.29166666666667,74.875,75.75,75.58333333333333,75.91666666666667,72.91666666666667,77.375,75.5,74.91666666666667,77.25
2006-09-04T00:00:00Z,79.125,70.125,77.125,78.08333333333333,75.95833333333333,76.66666666666667,78.41666666666667,65.75,77.41666666666667,70.08333333333333,74.20833333333333,74.25,71.83333333333333,70.95833333333333,78.29166666666667,73.54166666666667,77.875,75.83333333333333,77.70833333333333,71.83333333333333,72.45833333333333,77.70833333333333,75.16666666666667,79.5
2006-09-05T00:00:00Z,77.54166666666667,65.33333333333333,73.29166666666667,76.04166666666667,74.91666666666667,76.16666666666667,77.75,63.375,74.33333333333333,70.29166666666667,71.125,71.29166666666667,69.375,69.16666666666667,77.25,72.79166666666667,76.58333333333333,71.75,78.08333333333333,69.20833333333333,73.58333333333333,76.25,74.41666666666667,76.41666666666667
2006-09-06T00:00:00Z,73.08333333333333,67,73.29166666666667,72.58333333333333,69.58333333333333,70.16666666666667,71.54166666666667,63.958333333333336,69.29166666666667,71.125,72.54166666666667,70.08333333333333,71.29166666666667,68.16666666666667,71.91666666666667,69.79166666666667,71.375,72,71.04166666666667,69.875,74,70.66666666666667,70.375,71.25
2006-09-07T00:00:00Z,73.70833333333333,64.83333333333333,70.91666666666667,72.41666666666667,71.83333333333333,72.79166666666667,70.625,62.583333333333336,72.04166666666667,69.54166666666667,70.04166666666667,69.33333333333333,68.79166666666667,70.08333333333333,72.41666666666667,69.95833333333333,72.5,72.08333333333333,72.45833333333333,67.54166666666667,72.375,73.5,72.25,73.04166666666667
2006-09-08T00:00:00Z,74.20833333333333,67.04166666666667,71.66666666666667,74.5,70.04166666666667,71.95833333333333,73.33333333333333,66.08333333333333,72.91666666666667,71.29166666666667,72.41666666666667,71.66666666666667,70.625,71,71.625,71.66666666666667,74.04166666666667,71.95833333333333,71.91666666666667,69.91666666666667,75.625,73.95833333333333,71.66666666666667,73.625
2006-09-09T00:00:00Z,76.70833333333333,65.20833333333333,71.875,72.70833333333333,70.45833333333333,71.33333333333333,71.91666666666667,65.5,73.125,73.25,72.66666666666667,70.83333333333333,71.08333333333333,72.20833333333333,73.625,71.29166666666667,72.58333333333333,71.75,72.70833333333333,68.875,74.41666666666667,73.08333333333333,73.04166666666667,73.70833333333333
2006-09-10T00:00:00Z,77,66.66666666666667,72.66666666666667,74.95833333333333,72.70833333333333,72.91666666666667,74.29166666666667,63.75,73.625,73.16666666666667,74.125,71.5,70.58333333333333,73.875,73.83333333333333,72.04166666666667,73.66666666666667,72.83333333333333,73.08333333333333,69.79166666666667,72.58333333333333,73.91666666666667,73.04166666666667,75.04166666666667
2006-09-11T00:00:00Z,74.125,65.45833333333333,71.375,72.70833333333333,70,70.625,70.95833333333333,62.041666666666664,70.58333333333333,69,71.5,68.75,68.625,71.16666666666667,71.58333333333333,70,71.75,69.79166666666667,70.95833333333333,71.25,71.375,71.75,69.33333333333333,70.08333333333333
2006-09-12T00:00:00Z,69,61.708333333333336,67.625,68.125,65.29166666666667,66,66.41666666666667,58.166666666666664,65.29166666666667,65.04166666666667,67.16666666666667,67.08333333333333,64.375,67.20833333333333,68.83333333333333,65.70833333333333,66.25,66.08333333333333,66.16666666666667,68.5,65.25,66.54166666666667,65.83333333333333,66.16666666666667
2006-09-13T00:00:00Z,69.375,60.083333333333336,63.791666666666664,68.70833333333333,66.375,68.29166666666667,66.66666666666667,57,65.29166666666667,61.791666666666664,63.291666666666664,63.583333333333336,61.333333333333336,63.625,71.83333333333333,62.458333333333336,68.20833333333333,63.291666666666664,69.91666666666667,62.125,62.166666666666664,68.91666666666667,67.375,65.75
2006-09-14T00:00:00Z,77.04166666666667,63.625,69.20833333333333,74.58333333333333,71.75,71.95833333333333,72.375,61.666666666666664,71.79166666666667,67.54166666666667,67.95833333333333,69.45833333333333,67,69.625,73.41666666666667,67.20833333333333,72.58333333333333,69.5,72.875,61.333333333333336,61.791666666666664,72.45833333333333,72,73.79166666666667
2006-09-15T00:00:00Z,75.70833333333333,62.541666666666664,68.5,72.375,71.125,71.66666666666667,71.70833333333333,62.583333333333336,71.66666666666667,68.41666666666667,69.29166666666667,67.75,67.58333333333333,71.54166666666667,72.58333333333333,68.33333333333333,73.29166666666667,69.375,71.75,65.04166666666667,66.91666666666667,72.83333333333333,71.16666666666667,73
2006-09-16T00:00:00Z,74.58333333333333,62.791666666666664,68.625,70.125,68.5,68.79166666666667,69.41666666666667,64.375,69.08333333333333,69.29166666666667,69.83333333333333,69.91666666666667,68.58333333333333,69.91666666666667,71.625,68.08333333333333,70,68.70833333333333,70.5,67.16666666666667,68.41666666666667,69.5,70.29166666666667,70
2006-09-17T00:00:00Z,75.91666666666667,64.125,70.29166666666667,71,70.45833333333333,70.54166666666667,70.91666666666667,66.83333333333333,70.45833333333333,69.75,71.375,70.04166666666667,70.83333333333333,72.20833333333333,72.83333333333333,69.125,70.91666666666667,70.25,71.5,70.54166666666667,69.45833333333333,70.83333333333333,72.375,71.33333333333333
2006-09-18T00:00:00Z,76.75,66.70833333333333,72.70833333333333,74.41666666666667,71.75,72.79166666666667,73.70833333333333,68.41666666666667,73,72.41666666666667,73.04166666666667,73.875,71.79166666666667,74.20833333333333,74.91666666666667,71.25,74.58333333333333,71.79166666666667,74.375,69.5,70.79166666666667,73.91666666666667,73.20833333333333,74.08333333333333
2006-09-19T00:00:00Z,79.41666666666667,66.95833333333333,74.125,77.41666666666667,75.54166666666667,75.70833333333333,76.75,68.20833333333333,75.58333333333333,72.5,72.41666666666667,75.70833333333333,72.79166666666667,75.08333333333333,76.54166666666667,73.41666666666667,76.875,74,77.04166666666667,74.29166666666667,72.95833333333333,77.79166666666667,75.375,76.95833333333333
2006-09-20T00:00:00Z,72.875,57.666666666666664,64.83333333333333,71.25,69.75,70.95833333333333,69.45833333333333,55.083333333333336,68.95833333333333,62.375,64.125,65.5,62.541666666666664,65.91666666666667,72.58333333333333,63.166666666666664,71.70833333333333,63.75,72.70833333333333,63.791666666666664,60.416666666666664,71.54166666666667,70.45833333333333,69.70833333333333
2006-09-21T00:00:00Z,64.75,53.666666666666664,61.166666666666664,64.29166666666667,62.541666666666664,63.75,61.75,51.75,60.666666666666664,58.208333333333336,60.208333333333336,60.583333333333336,57.25,59.5,67.04166666666667,58.208333333333336,64.625,59.5,65.45833333333333,57.166666666666664,56.541666666666664,64.875,62.541666666666664,61.791666666666664
2006-09-22T00:00:00Z,68.20833333333333,60.833333333333336,69.58333333333333,69.04166666666667,63.125,66.70833333333333,67.375,58.875,65.04166666666667,66.25,68.125,69.70833333333333,63.875,67.41666666666667,67.79166666666667,64.75,69.04166666666667,66.91666666666667,68.20833333333333,63.583333333333336,62.083333333333336,68.25,63.666666666666664,67.95833333333333
2006-09-23T00:00:00Z,80.83333333333333,70.625,75.5,78.75,75.625,75.04166666666667,77.29166666666667,65.04166666666667,71.54166666666667,76.29166666666667,74.625,79.25,73.16666666666667,76.5,77.625,75.29166666666667,78.08333333333333,76.33333333333333,77.625,72.29166666666667,65.91666666666667,77.5,76.16666666666667,78.54166666666667
2006-09-24T00:00:00Z,82.66666666666667,67.25,76.20833333333333,79.875,78.41666666666667,78.875,79.375,68.54166666666667,78.125,76.125,74.66666666666667,79.83333333333333,71.95833333333333,81.375,79.08333333333333,77.625,79.45833333333333,75.95833333333333,79.08333333333333,72.375,72.83333333333333,79.41666666666667,79.04166666666667,80.29166666666667
2006-09-25T00:00:00Z,73.04166666666667,61.166666666666664,68.66666666666667,71.33333333333333,68.54166666666667,69.875,70.08333333333333,59.833333333333336,70.125,65.58333333333333,68.04166666666667,69.41666666666667,64.375,68.95833333333333,72.70833333333333,65.58333333333333,72.29166666666667,67.95833333333333,72.54166666666667,63.958333333333336,62.791666666666664,70.58333333333333,68.79166666666667,70.125
2006-09-26T00:00:00Z,69.41666666666667,59.25,65.04166666666667,65.875,66.08333333333333,64.95833333333333,65.20833333333333,58.958333333333336,64.75,62.458333333333336,64.70833333333333,63.333333333333336,63.083333333333336,65.20833333333333,70.875,61.5,66.91666666666667,63.833333333333336,66.95833333333333,62.25,61.75,66.79166666666667,67.54166666666667,66.29166666666667
2006-09-27T00:00:00Z,69.54166666666667,59.791666666666664,63.416666666666664,65.33333333333333,64.08333333333333,65.79166666666667,65.70833333333333,57.625,65.58333333333333,63.916666666666664,63.875,64.66666666666667,63.416666666666664,65.20833333333333,68.375,61.708333333333336,66.54166666666667,63,68.125,62.916666666666664,63.5,66.66666666666667,65.375,65.79166666666667
2006-09-28T00:00:00Z,72.20833333333333,55.958333333333336,66.41666666666667,68.04166666666667,67.25,66.33333333333333,67.66666666666667,58.25,67.79166666666667,65,64.125,70.125,60.666666666666664,68.08333333333333,69.95833333333333,66.41666666666667,68.08333333333333,64.16666666666667,69.375,59.208333333333336,59.166666666666664,67.5,68.66666666666667,69.41666666666667
2006-09-29T00:00:00Z,65.91666666666667,51,57.083333333333336,63.041666666666664,62.791666666666664,63.25,62.041666666666664,50.375,61.208333333333336,57.375,57.791666666666664,58.666666666666664,55.166666666666664,60.333333333333336,68.08333333333333,56.958333333333336,64.45833333333333,55.125,66.375,55.958333333333336,56.125,63.375,63.5,62.666666666666664
2006-09-30T00:00:00Z,65.125,54.583333333333336,59.208333333333336,63,61.125,62,62.458333333333336,54.791666666666664,62,58.375,59.041666666666664,60.25,57.791666666666664,61.458333333333336,66.66666666666667,57.791666666666664,62.833333333333336,57.375,64.16666666666667,56.958333333333336,57.25,62.666666666666664,63.583333333333336,63.666666666666664
2006-10-01T00:00:00Z,69.04166666666667,61.625,65.375,67.08333333333333,64.70833333333333,66.625,66.875,62.25,65.91666666666667,65.58333333333333,67.625,66,65.625,66.875,70.04166666666667,63.708333333333336,68,64.70833333333333,69.25,64.875,63.875,67.33333333333333,65.875,67.20833333333333
2006-10-02T00:00:00Z,67.5,58.25,63.708333333333336,65.91666666666667,63.916666666666664,63.458333333333336,65,62,64.125,63.958333333333336,65.70833333333333,63.583333333333336,62.875,65.25,66.16666666666667,61.666666666666664,66.20833333333333,62.458333333333336,65.95833333333333,60.916666666666664,61.541666666666664,64.375,67.29166666666667,64.54166666666667
2006-10-03T00:00:00Z,68.58333333333333,60.666666666666664,65.20833333333333,64.91666666666667,64.83333333333333,64.83333333333333,65.08333333333333,63.125,65.5,65.5,67.41666666666667,65.79166666666667,65.41666666666667,66.875,66.91666666666667,63.541666666666664,65.66666666666667,64.75,65.29166666666667,63.708333333333336,64.125,64.33333333333333,68,66.54166666666667
2006-10-04T00:00:00Z,74.29166666666667,62.833333333333336,68.79166666666667,67.70833333333333,69.5,68.16666666666667,68.125,67.79166666666667,70.45833333333333,69.54166666666667,70,70.04166666666667,68.29166666666667,71.375,72.125,67.83333333333333,68.45833333333333,66.45833333333333,69.45833333333333,67,68.125,67.75,71.45833333333333,70.70833333333333
2006-10-05T00:00:00Z,74.625,65.29166666666667,70.29166666666667,73.08333333333333,68.70833333333333,72.54166666666667,72.45833333333333,69.25,72.83333333333333,71.29166666666667,72.20833333333333,72.75,70.58333333333333,72.54166666666667,73.54166666666667,71.625,72.20833333333333,69.58333333333333,73.66666666666667,69.04166666666667,67.66666666666667,72.5,69.375,72.66666666666667
2006-10-06T00:00:00Z,67.70833333333333,60.083333333333336,64.25,65.79166666666667,68.08333333333333,68.58333333333333,64.16666666666667,56.916666666666664,64.45833333333333,58.625,68.41666666666667,62.208333333333336,63.708333333333336,60.25,72.41666666666667,59.375,67.66666666666667,64.375,71,64.95833333333333,60.083333333333336,67.66666666666667,66,64.75
2006-10-07T00:00:00Z,65,53,53.541666666666664,56.375,65.83333333333333,58.25,55.291666666666664,51.333333333333336,58.25,51.541666666666664,57.5,54.666666666666664,54.25,57.791666666666664,68.29166666666667,53.083333333333336,59,55.041666666666664,60.583333333333336,55.5,55.625,58.375,63.958333333333336,59.416666666666664
2006-10-08T00:00:00Z,71.91666666666667,56.5,59.125,66,67.66666666666667,69.33333333333333,65.54166666666667,57.125,66.45833333333333,57.5,60.5,60.541666666666664,58.916666666666664,61.833333333333336,71.41666666666667,59.833333333333336,67.375,59.208333333333336,70.29166666666667,60.666666666666664,60.333333333333336,69.29166666666667,65.75,68.66666666666667
2006-10-09T00:00:00Z,70,61.833333333333336,63.25,65.75,67,68.375,64,60.25,64.54166666666667,61.833333333333336,65.58333333333333,64.45833333333333,62.041666666666664,64.33333333333333,71.45833333333333,63.75,67.91666666666667,63.083333333333336,69.08333333333333,61.458333333333336,62.208333333333336,68.5,66.04166666666667,68.16666666666667
2006-10-10T00:00:00Z,70.83333333333333,59.333333333333336,64.41666666666667,70.125,68.25,69.70833333333333,68.75,61.333333333333336,67.79166666666667,65.08333333333333,66.5,64.79166666666667,63.666666666666664,67.08333333333333,71.29166666666667,64.75,70.16666666666667,63.708333333333336,70.25,62.583333333333336,62.25,71.375,68.375,68.54166666666667
2006-10-11T00:00:00Z,70.41666666666667,59.708333333333336,65.125,65.83333333333333,68.54166666666667,66.95833333333333,64.75,60.458333333333336,64.83333333333333,64.16666666666667,67.375,66,64,65.16666666666667,72.375,62.291666666666664,66.625,64.16666666666667,68.04166666666667,63.416666666666664,62.833333333333336,66.625,67.83333333333333,66.66666666666667
2006-10-12T00:00:00Z,72,55.125,63.5,69.75,66.83333333333333,68.91666666666667,68.54166666666667,54.25,67.625,63.375,64.375,65.5,61,67.83333333333333,73.54166666666667,63.833333333333336,71.375,62.875,72.29166666666667,61.875,62.25,70,68.08333333333333,67.375
2006-10-13T00:00:00Z,57,44.5,51.75,57.583333333333336,56.333333333333336,56.5,54.791666666666664,43.708333333333336,52.208333333333336,49.208333333333336,53.916666666666664,50.791666666666664,50.833333333333336,51.083333333333336,65.625,48.25,59.291666666666664,50.041666666666664,62.625,50.75,47.916666666666664,57.5,54.708333333333336,53.791666666666664
2006-10-14T00:00:00Z,52.333333333333336,45.333333333333336,49.583333333333336,51.416666666666664,49.708333333333336,50.833333333333336,51.375,46.958333333333336,49.291666666666664,49.375,50.208333333333336,49.041666666666664,48.875,50.291666666666664,52.875,47.291666666666664,53.041666666666664,46.916666666666664,54.916666666666664,47.791666666666664,48.416666666666664,51,52.083333333333336,49.666666666666664
2006-10-15T00:00:00Z,54.125,47.375,48.583333333333336,52.708333333333336,51.916666666666664,51.375,51.833333333333336,49.458333333333336,50.083333333333336,49.416666666666664,51.208333333333336,48.916666666666664,50.083333333333336,51,55.875,46.625,54.25,47.333333333333336,54.708333333333336,48.291666666666664,47.583333333333336,51.5,51.5,50.666666666666664
2006-10-16T00:00:00Z,59.291666666666664,49.041666666666664,56.375,57.375,56.583333333333336,56.291666666666664,56.583333333333336,48.125,53.791666666666664,53.875,54.5,55.25,52.083333333333336,55.291666666666664,62,51.208333333333336,58.291666666666664,54.083333333333336,60.458333333333336,51.75,52.291666666666664,56.291666666666664,56.958333333333336,57.458333333333336
2006-10-17T00:00:00Z,68.04166666666667,55.083333333333336,60.791666666666664,68.125,65.45833333333333,66.33333333333333,65.54166666666667,53.833333333333336,63.5,59.708333333333336,55.708333333333336,62.916666666666664,53.416666666666664,63.791666666666664,69.33333333333333,60.208333333333336,69.66666666666667,57.875,69.33333333333333,55.208333333333336,53.875,67.625,64.91666666666667,65.95833333333333
2006-10-18T00:00:00Z,76.04166666666667,64.125,67.75,71.66666666666667,68.83333333333333,73.58333333333333,70.79166666666667,64.95833333333333,71.91666666666667,67.83333333333333,66.625,70.25,64.625,70.83333333333333,71.91666666666667,68.58333333333333,72.375,65.70833333333333,72.5,56.541666666666664,64.91666666666667,72.41666666666667,67.83333333333333,74
2006-10-19T00:00:00Z,73.25,61.041666666666664,65.29166666666667,71.20833333333333,67.16666666666667,71.625,70.66666666666667,59.416666666666664,69.875,65.08333333333333,67.41666666666667,67.5,64.16666666666667,69.375,69.79166666666667,65.70833333333333,70.33333333333333,65.75,71.5,66.375,64.33333333333333,71.20833333333333,65.625,73.79166666666667
2006-10-20T00:00:00Z,73.66666666666667,53.958333333333336,66.29166666666667,73.95833333333333,69.875,73.16666666666667,72.70833333333333,53.958333333333336,71.91666666666667,63.208333333333336,64.04166666666667,67.58333333333333,60.625,68.04166666666667,73.58333333333333,65.79166666666667,75.33333333333333,65.58333333333333,73.66666666666667,60.916666666666664,59.875,74.70833333333333,69.33333333333333,72.25
2006-10-21T00:00:00Z,57,46.958333333333336,54.125,60.125,55.375,59.291666666666664,58.041666666666664,47.458333333333336,56.083333333333336,51.375,52.833333333333336,53.916666666666664,49.791666666666664,52.583333333333336,62.083333333333336,50.75,61.083333333333336,50.791666666666664,61.875,48.958333333333336,50.333333333333336,60.75,55.541666666666664,56.5
2006-10-22T00:00:00Z,54.333333333333336,52.375,55.208333333333336,59.541666666666664,55.041666666666664,60.291666666666664,56.625,51.916666666666664,55.791666666666664,52.166666666666664,56.625,54.416666666666664,54,54.375,63.333333333333336,50.625,61.75,54.5,63.208333333333336,55.333333333333336,53.291666666666664,59.958333333333336,54.666666666666664,53.208333333333336
2006-10-23T00:00:00Z,56.916666666666664,39.583333333333336,46.083333333333336,55.25,54.208333333333336,54.958333333333336,54.083333333333336,36.583333333333336,53.083333333333336,46.75,45.875,49.25,44.958333333333336,49.416666666666664,58.708333333333336,47.041666666666664,56.791666666666664,47.5,57.416666666666664,46.625,44.916666666666664,56,54.125,52.458333333333336
2006-10-24T00:00:00Z,48.041666666666664,35.958333333333336,39.791666666666664,44.75,43.625,43.958333333333336,44.333333333333336,34.708333333333336,42.291666666666664,41.791666666666664,40.083333333333336,43.291666666666664,40.416666666666664,43.916666666666664,48.75,40.375,46.166666666666664,39.583333333333336,46.208333333333336,40.833333333333336,41.625,43.958333333333336,46.833333333333336,45.5
2006-10-25T00:00:00Z,46.958333333333336,40.75,42.041666666666664,43.875,42.166666666666664,44.666666666666664,44.041666666666664,39.75,43.583333333333336,43.541666666666664,42.916666666666664,42.875,42.5,45.75,50.833333333333336,42.041666666666664,45,40.666666666666664,47.666666666666664,41.041666666666664,44.375,44.083333333333336,48.541666666666664,46.25
2006-10-26T00:00:00Z,50.625,48.916666666666664,50.125,50.083333333333336,45.833333333333336,47.75,48.708333333333336,44.666666666666664,47,46.583333333333336,51.416666666666664,47.583333333333336,48.416666666666664,49.291666666666664,52.125,44.541666666666664,50.208333333333336,48.458333333333336,51,48.916666666666664,45.875,47.375,50,49.166666666666664
2006-10-27T00:00:00Z,57,48.958333333333336,54.541666666666664,56.291666666666664,54.5,55.083333333333336,53.833333333333336,44.791666666666664,53.416666666666664,51.875,50.875,54.958333333333336,48,54.916666666666664,57.75,50.583333333333336,58.333333333333336,52.791666666666664,58.583333333333336,47.875,47.208333333333336,55.666666666666664,54.791666666666664,56.291666666666664
2006-10-28T00:00:00Z,69.91666666666667,51.833333333333336,59.583333333333336,67.125,64.83333333333333,68.125,66.54166666666667,48.458333333333336,66.66666666666667,58.25,57.041666666666664,63.041666666666664,52.791666666666664,63.791666666666664,68.08333333333333,61.375,68.20833333333333,57,68.08333333333333,49.375,55.083333333333336,67.45833333333333,64.66666666666667,67.54166666666667
2006-10-29T00:00:00Z,59.583333333333336,50.645833333333336,53.354166666666664,55.729166666666664,55.916666666666664,56.916666666666664,55.020833333333336,51.583333333333336,56.583333333333336,53.6875,54.291666666666664,56.375,55.9375,56.041666666666664,61.5,52.833333333333336,56.583333333333336,55.041666666666664,59.208333333333336,55.458333333333336,54.833333333333336,56.041666666666664,55.979166666666664,58.479166666666664
2006-10-30T00:00:00Z,61.958333333333336,51.625,57.291666666666664,58.708333333333336,57.25,57.916666666666664,59.5,55.208333333333336,60.166666666666664,59.291666666666664,58.791666666666664,60.083333333333336,57.458333333333336,61.375,59.875,57.25,59.25,55.5,59.958333333333336,56.041666666666664,57.375,57.208333333333336,57.416666666666664,61.25
2006-10-31T00:00:00Z,64.95833333333333,52.958333333333336,57.75,62.416666666666664,60.458333333333336,62,61.5,58.5,59.75,59.333333333333336,57.333333333333336,60.625,56.541666666666664,62.708333333333336,64.16666666666667,57.958333333333336,63.125,56.125,64.66666666666667,56,56.708333333333336,61.583333333333336,61.541666666666664,62.125
2006-11-01T00:00:00Z,69.41666666666667,57.208333333333336,61.291666666666664,65.45833333333333,65.54166666666667,66.54166666666667,65.25,61.708333333333336,65,62.708333333333336,62.375,65.58333333333333,62.125,66.5,69.33333333333333,62.041666666666664,65.58333333333333,60.583333333333336,67.45833333333333,62.083333333333336,62.416666666666664,65.25,62.375,65.79166666666667
2006-11-02T00:00:00Z,59.916666666666664,45.916666666666664,56,61.583333333333336,54.75,59.083333333333336,61.083333333333336,43.541666666666664,58.458333333333336,54.291666666666664,55.583333333333336,57.541666666666664,52.666666666666664,57.791666666666664,61.541666666666664,55.041666666666664,61.916666666666664,55.583333333333336,61.166666666666664,52.916666666666664,51.583333333333336,60.166666666666664,55.583333333333336,57.75
2006-11-03T00:00:00Z,44.458333333333336,35.791666666666664,41.041666666666664,44.208333333333336,43.375,43.458333333333336,42.708333333333336,33.583333333333336,41.958333333333336,39.958333333333336,42.875,40.916666666666664,40.375,41.833333333333336,49.541666666666664,38.541666666666664,45.083333333333336,39.666666666666664,45.625,40.083333333333336,39.208333333333336,44.208333333333336,44.375,41.833333333333336
2006-11-04T00:00:00Z,42.916666666666664,34.583333333333336,39.416666666666664,40.458333333333336,42.166666666666664,40.375,39.25,35.625,39.083333333333336,37.333333333333336,40.166666666666664,39.833333333333336,37.125,39.75,48.666666666666664,36.916666666666664,41.416666666666664,36.166666666666664,43.083333333333336,36.125,35.916666666666664,40.916666666666664,42.5,39.416666666666664
2006-11-05T00:00:00Z,45.958333333333336,37.083333333333336,40.666666666666664,44.041666666666664,46.416666666666664,46,43.166666666666664,40.041666666666664,42.041666666666664,39.833333333333336,42.791666666666664,40.666666666666664,40.375,42.083333333333336,53.083333333333336,37.666666666666664,46.041666666666664,38.791666666666664,48.625,39.333333333333336,39.041666666666664,46.166666666666664,43.791666666666664,42.833333333333336
2006-11-06T00:00:00Z,52.166666666666664,41.25,47.083333333333336,53.291666666666664,51.125,52.541666666666664,49.875,43.583333333333336,48.708333333333336,45.625,47.5,47.458333333333336,46.125,48.166666666666664,57.791666666666664,44.208333333333336,54.625,44,55.708333333333336,46.083333333333336,45.875,53.625,50.916666666666664,50.125
2006-11-07T00:00:00Z,61.5,47.291666666666664,53.625,61.916666666666664,59.125,59.875,58.708333333333336,48.625,58.333333333333336,50.208333333333336,50.041666666666664,55.5,50.083333333333336,54.416666666666664,65.20833333333333,53.416666666666664,63.5,51.25,62.75,50.208333333333336,51.541666666666664,61.75,58.125,58.666666666666664
2006-11-08T00:00:00Z,70.58333333333333,52.291666666666664,58.041666666666664,59.666666666666664,64.625,63,58.375,54.125,61.958333333333336,57.333333333333336,58.583333333333336,59.041666666666664,56.375,63.083333333333336,65.16666666666667,58.208333333333336,61.583333333333336,57.583333333333336,63.041666666666664,51,58.416666666666664,62.458333333333336,63.5,64.29166666666667
2006-11-09T00:00:00Z,66.70833333333333,55.333333333333336,59.333333333333336,61.583333333333336,61.75,62.583333333333336,61.791666666666664,57.083333333333336,62.083333333333336,59.666666666666664,61,60,60.5,62.375,60.916666666666664,59.583333333333336,62.291666666666664,56.333333333333336,62.833333333333336,57.875,61.25,61.583333333333336,61.875,62.541666666666664
2006-11-10T00:00:00Z,65.375,55.708333333333336,63.416666666666664,63.958333333333336,60.958333333333336,59.666666666666664,63.333333333333336,61.125,63.125,63.916666666666664,63.083333333333336,65.70833333333333,63.333333333333336,66.79166666666667,62.416666666666664,63,63.083333333333336,61.041666666666664,61.541666666666664,60.416666666666664,64.29166666666667,61,60.625,65.16666666666667
2006-11-11T00:00:00Z,69.66666666666667,53.125,63.708333333333336,65.70833333333333,65.16666666666667,64.08333333333333,64.79166666666667,58.875,64,64.95833333333333,61.416666666666664,69.54166666666667,60.916666666666664,68.54166666666667,67.04166666666667,64.54166666666667,66.29166666666667,62.125,66.125,60.333333333333336,61.833333333333336,65.41666666666667,65.20833333333333,67.58333333333333
2006-11-12T00:00:00Z,59.458333333333336,40.75,50.166666666666664,57.916666666666664,56.625,56.125,56.75,39.708333333333336,53.166666666666664,49.5,48.666666666666664,53.125,47.458333333333336,54.291666666666664,60.625,50.375,58.958333333333336,49.583333333333336,58.375,47.833333333333336,48.291666666666664,57.791666666666664,57.291666666666664,56.958333333333336
2006-11-13T00:00:00Z,59.333333333333336,45.833333333333336,53.708333333333336,54.875,53.5,55.125,54.291666666666664,49.375,56.083333333333336,54.208333333333336,53.833333333333336,55.5,54.75,57,55.041666666666664,54.291666666666664,54.958333333333336,52.916666666666664,55.5,49.166666666666664,53.333333333333336,54.625,54.416666666666664,56.375
2006-11-14T00:00:00Z,63.416666666666664,48.5,52.916666666666664,59.5,60.5,60.041666666666664,59.375,50.333333333333336,59.833333333333336,55,54.625,55.833333333333336,52.5,58.25,62.041666666666664,54.958333333333336,59.75,49.583333333333336,60.75,51.708333333333336,53.041666666666664,59.208333333333336,60.75,61.833333333333336
2006-11-15T00:00:00Z,66.91666666666667,48.708333333333336,59.041666666666664,64.375,61.208333333333336,63.291666666666664,63.291666666666664,47.333333333333336,62.333333333333336,56.833333333333336,53.125,61.041666666666664,49.375,59.5,65.70833333333333,57.125,64.79166666666667,52.875,64.70833333333333,49.458333333333336,51.416666666666664,63.333333333333336,61.666666666666664,64.54166666666667
2006-11-16T00:00:00Z,71.875,49.25,56.5,65.91666666666667,67.75,68.125,64.875,51.375,64.54166666666667,58.791666666666664,52.5,61.708333333333336,55,65.08333333333333,69.20833333333333,62.041666666666664,66.95833333333333,56.625,68,56.208333333333336,58.375,67.04166666666667,67.83333333333333,67.08333333333333
2006-11-17T00:00:00Z,56.875,40.875,47.083333333333336,50.833333333333336,51.875,50.5,50.375,39.083333333333336,51.041666666666664,47.25,46.5,49.333333333333336,45,51.458333333333336,55.333333333333336,48.25,51.333333333333336,45.708333333333336,53.166666666666664,45.958333333333336,47.5,50.458333333333336,54.125,52.708333333333336
2006-11-18T00:00:00Z,52.625,42,45.125,47.458333333333336,49.333333333333336,47.958333333333336,46.958333333333336,42.958333333333336,46.833333333333336,44.625,45.583333333333336,45.25,43.416666666666664,46.458333333333336,53.541666666666664,43.958333333333336,48.583333333333336,42,50.875,42.208333333333336,45.083333333333336,47.083333333333336,49.916666666666664,48.333333333333336
2006-11-19T00:00:00Z,48.083333333333336,38.541666666666664,45.166666666666664,47.166666666666664,45.708333333333336,45.625,46.708333333333336,39.833333333333336,45.958333333333336,43.625,45.458333333333336,45.333333333333336,41.875,45.875,51.458333333333336,43.458333333333336,46.708333333333336,43.125,48.166666666666664,42.833333333333336,43.083333333333336,44.833333333333336,48.375,45.75
2006-11-20T00:00:00Z,50.75,35.416666666666664,43.625,48.083333333333336,46.291666666666664,47.25,47.625,34,47.5,42.541666666666664,42.125,46.333333333333336,40.666666666666664,45.666666666666664,51.708333333333336,44.333333333333336,47,43.791666666666664,48.791666666666664,41.708333333333336,41.333333333333336,46.75,47.25,47.75
2006-11-21T00:00:00Z,50.75,36.125,38.791666666666664,41.708333333333336,48.875,47.75,40.75,36.875,42.666666666666664,37.708333333333336,42.166666666666664,40.041666666666664,41.541666666666664,42.375,55.833333333333336,39.416666666666664,45.416666666666664,42.333333333333336,52.75,44.166666666666664,42.458333333333336,46.833333333333336,47.666666666666664,47
2006-11-22T00:00:00Z,49.583333333333336,44.875,44.083333333333336,48,56.791666666666664,55.166666666666664,46.541666666666664,44.541666666666664,48.291666666666664,40.875,50.791666666666664,41.333333333333336,47.666666666666664,42.791666666666664,60.833333333333336,41.291666666666664,52.041666666666664,46.916666666666664,55.916666666666664,50.666666666666664,46.291666666666664,54.041666666666664,54.166666666666664,53.75
2006-11-23T00:00:00Z,44.458333333333336,49.375,51.375,47.125,48.25,46.333333333333336,45.5,49.25,46.166666666666664,49,51.833333333333336,48.583333333333336,52.791666666666664,44.583333333333336,50.625,44.083333333333336,47,52.875,48.083333333333336,51.458333333333336,53.166666666666664,46.75,47.958333333333336,46.583333333333336
2006-11-24T00:00:00Z,51.416666666666664,46.708333333333336,52.791666666666664,50.333333333333336,50.916666666666664,50.75,48.875,53.25,50.25,51.291666666666664,53.625,50.333333333333336,53.708333333333336,46.458333333333336,52.791666666666664,47.666666666666664,52.125,49.625,51.333333333333336,50.125,53.666666666666664,51.958333333333336,51.666666666666664,51.125
2006-11-25T00:00:00Z,51.166666666666664,44.541666666666664,50.833333333333336,48.583333333333336,49.5,49.125,48.666666666666664,51.833333333333336,50.75,48.708333333333336,51.541666666666664,49.458333333333336,50.5,50.666666666666664,55.375,46.958333333333336,49.583333333333336,47.375,51.833333333333336,47.958333333333336,48.166666666666664,50.833333333333336,50.5,47.666666666666664
2006-11-26T00:00:00Z,50.291666666666664,44.666666666666664,49.666666666666664,51.208333333333336,51.166666666666664,51.875,49.125,52.458333333333336,48.041666666666664,50.125,51.291666666666664,50.208333333333336,50,50.791666666666664,56.5,46.708333333333336,54.083333333333336,46.916666666666664,56.625,47.416666666666664,48.833333333333336,53.583333333333336,49.833333333333336,48.125
2006-11-27T00:00:00Z,54.958333333333336,44.958333333333336,50.583333333333336,56.458333333333336,51.208333333333336,54.416666666666664,54.791666666666664,52.375,53.166666666666664,51.625,52.708333333333336,50.916666666666664,50.583333333333336,53.833333333333336,58.041666666666664,48.75,57.416666666666664,48.125,59.666666666666664,48.458333333333336,50.333333333333336,56.833333333333336,49.125,53.791666666666664
2006-11-28T00:00:00Z,61.625,50.333333333333336,57.625,59,55,58.416666666666664,59.166666666666664,54.208333333333336,58.375,55.208333333333336,59.375,57.875,54.458333333333336,58.25,60.791666666666664,54.291666666666664,60.375,53.583333333333336,60.833333333333336,51.625,52.166666666666664,60.25,55.291666666666664,58.291666666666664
2006-11-29T00:00:00Z,65.95833333333333,55.583333333333336,64.70833333333333,63.583333333333336,57.791666666666664,60.25,62.291666666666664,58.416666666666664,61.166666666666664,61.125,61.5,64.04166666666667,60.5,63.291666666666664,62.958333333333336,59.291666666666664,61.541666666666664,60.416666666666664,62.541666666666664,58.583333333333336,57.125,61.458333333333336,58.75,63.291666666666664
2006-11-30T00:00:00Z,71.625,60.583333333333336,66.25,65.5,63.958333333333336,63.75,64.58333333333333,60.25,64.70833333333333,64.20833333333333,65.375,67.79166666666667,63.666666666666664,68.41666666666667,63.625,63.958333333333336,66.83333333333333,65.625,63.625,65.125,63.916666666666664,64.625,65.70833333333333,67.45833333333333
2006-12-01T00:00:00Z,76.75,56.833333333333336,65.95833333333333,72.29166666666667,68.95833333333333,70.29166666666667,70.70833333333333,57.75,70.45833333333333,65.41666666666667,62.875,68.58333333333333,63.583333333333336,70.08333333333333,65.70833333333333,66.83333333333333,71.375,67.91666666666667,67.625,65.75,63.916666666666664,70.83333333333333,70.875,71.41666666666667
2006-12-02T00:00:00Z,53.75,41,47.583333333333336,53.291666666666664,51.708333333333336,53.541666666666664,50.791666666666664,41.333333333333336,49.875,45,47.75,48.083333333333336,44.583333333333336,48.75,56.541666666666664,46.25,53.666666666666664,45.083333333333336,55.291666666666664,45.583333333333336,44.916666666666664,53.958333333333336,51.416666666666664,52.125
2006-12-03T00:00:00Z,51.75,42.791666666666664,47.625,46.458333333333336,51.25,50.041666666666664,43.291666666666664,40.125,44.458333333333336,44.166666666666664,48.916666666666664,47.791666666666664,44.5,44.791666666666664,58.083333333333336,43.625,49.5,46.791666666666664,55.333333333333336,46.375,43.458333333333336,49.875,48.5,47.708333333333336
2006-12-04T00:00:00Z,44.916666666666664,31.25,40.791666666666664,43.125,41.833333333333336,45.041666666666664,41.541666666666664,30.416666666666668,41.375,37.958333333333336,40.625,40.208333333333336,38.541666666666664,39.916666666666664,48.041666666666664,37.375,43.416666666666664,39.166666666666664,45.541666666666664,38.666666666666664,37.25,42.375,40.75,42.416666666666664
2006-12-05T00:00:00Z,40.958333333333336,34.5,39.25,39.75,37.75,44.416666666666664,39.041666666666664,33.791666666666664,38.416666666666664,37.833333333333336,40.583333333333336,37.5,39.416666666666664,39.125,44.75,35.625,39.666666666666664,36.875,42.166666666666664,37.541666666666664,38.333333333333336,37.875,37.541666666666664,40.208333333333336
2006-12-06T00:00:00Z,48.041666666666664,38.708333333333336,44.083333333333336,47.458333333333336,45.5,44.666666666666664,46.166666666666664,41.041666666666664,45.75,42.458333333333336,44.041666666666664,44.916666666666664,42.083333333333336,44.791666666666664,51.291666666666664,41.333333333333336,46.166666666666664,42.25,50.375,41.166666666666664,40.916666666666664,47.5,45.333333333333336,46.916666666666664
2006-12-07T00:00:00Z,56.291666666666664,34.375,45.458333333333336,52.791666666666664,52.708333333333336,55.5,51.791666666666664,31.666666666666668,52.166666666666664,42.875,43.166666666666664,48.25,41,47.083333333333336,57.041666666666664,45.833333333333336,53.958333333333336,44,55.875,40.416666666666664,39.583333333333336,54.833333333333336,51.708333333333336,54.375
2006-12-08T00:00:00Z,33.25,21.125,26.958333333333332,31.166666666666668,28.75,29.916666666666668,30.333333333333332,19.25,29.291666666666668,26.875,28.583333333333332,28.375,26.625,30.291666666666668,34.333333333333336,26.25,31,25.625,32.375,25.625,26.875,30.291666666666668,30.25,31.25
2006-12-09T00:00:00Z,34,28.333333333333332,32.333333333333336,32.541666666666664,31.291666666666668,30.166666666666668,32,33.083333333333336,29.333333333333332,32.583333333333336,34.875,32.083333333333336,32.25,33.25,37.625,30.166666666666668,32.083333333333336,29.791666666666668,32.333333333333336,30.166666666666668,30.958333333333332,30.166666666666668,32.416666666666664,32.375
2006-12-10T00:00:00Z,47.041666666666664,34.333333333333336,39.416666666666664,39.541666666666664,42.041666666666664,38.333333333333336,39.333333333333336,40.875,38.583333333333336,41.25,41,40.75,38.875,43.25,43.916666666666664,40.25,38.25,36.5,39.75,38.083333333333336,39.5,36.5,41.458333333333336,42.291666666666664
2006-12-11T00:00:00Z,46.291666666666664,41.208333333333336,46.666666666666664,44.375,43.416666666666664,41.25,44,49.583333333333336,43.875,46.291666666666664,48.541666666666664,45.458333333333336,46.458333333333336,47.583333333333336,45.458333333333336,45.416666666666664,43.458333333333336,41.583333333333336,43.041666666666664,44.166666666666664,45.625,42.083333333333336,44.333333333333336,45.541666666666664
2006-12-12T00:00:00Z,50.958333333333336,41.25,46.75,47.666666666666664,46.625,48,47.75,44.041666666666664,46.791666666666664,45.125,49.75,46.166666666666664,45.083333333333336,49.583333333333336,55.25,45.291666666666664,49.458333333333336,42.958333333333336,53,43.916666666666664,45.416666666666664,48.916666666666664,47.083333333333336,48.041666666666664
2006-12-13T00:00:00Z,58.458333333333336,48.291666666666664,51.166666666666664,57.083333333333336,52.958333333333336,56.541666666666664,55.375,49,52.791666666666664,48.833333333333336,54.583333333333336,51.625,50.833333333333336,52.166666666666664,61.5,50.416666666666664,57.625,49.791666666666664,58.083333333333336,50.833333333333336,48.25,56.041666666666664,55.041666666666664,54.958333333333336
2006-12-14T00:00:00Z,58.791666666666664,41.25,47.041666666666664,58.291666666666664,53.416666666666664,55.958333333333336,56.666666666666664,49,50.75,49.416666666666664,50,47.75,48.5,52.291666666666664,55,49.833333333333336,57.708333333333336,46.375,56.041666666666664,46.375,47.708333333333336,57.583333333333336,54.375,57.791666666666664
2006-12-15T00:00:00Z,59.333333333333336,45.958333333333336,51.125,57.291666666666664,53.708333333333336,55.583333333333336,56.333333333333336,52.125,56.916666666666664,51.375,54.5,50.5,52.208333333333336,52.833333333333336,56.666666666666664,49.666666666666664,56.291666666666664,50.041666666666664,55.208333333333336,50.833333333333336,51.458333333333336,56.291666666666664,55.5,58.041666666666664
2006-12-16T00:00:00Z,50.208333333333336,46.958333333333336,53.125,53.083333333333336,46.916666666666664,47.333333333333336,51.708333333333336,52.291666666666664,49.083333333333336,53,52.958333333333336,50.958333333333336,53,54.791666666666664,52.333333333333336,50.75,51.375,48.375,52.083333333333336,52.833333333333336,49.666666666666664,49.625,48.041666666666664,50.041666666666664
2006-12-17T00:00:00Z,53.791666666666664,45.916666666666664,52.833333333333336,53.833333333333336,49.083333333333336,48.916666666666664,52.625,55.208333333333336,51.375,53.5,52.875,54.5,51.291666666666664,55.916666666666664,54.416666666666664,51.958333333333336,51.5,48.166666666666664,50.75,49.083333333333336,49.416666666666664,48.791666666666664,50.25,51.875
2006-12-18T00:00:00Z,62.458333333333336,46.833333333333336,55.791666666666664,58.5,58.333333333333336,56.666666666666664,57.541666666666664,53.458333333333336,57.958333333333336,56,59.125,56.208333333333336,55.25,59.833333333333336,61.291666666666664,57.916666666666664,58.333333333333336,50.958333333333336,57.291666666666664,52.916666666666664,54.125,56.208333333333336,59.916666666666664,59.083333333333336
2006-12-19T00:00:00Z,53.291666666666664,46.666666666666664,56.208333333333336,58.708333333333336,49.958333333333336,53.208333333333336,56.291666666666664,50.708333333333336,52.583333333333336,52.916666666666664,58.083333333333336,55.208333333333336,55.125,52.583333333333336,54.583333333333336,51.833333333333336,56.541666666666664,55.041666666666664,55.291666666666664,53.583333333333336,51.958333333333336,54.958333333333336,48.625,51.875
2006-12-20T00:00:00Z,43.375,42.166666666666664,47.25,48.916666666666664,41.75,43.791666666666664,45.25,40.25,41.583333333333336,42.625,48.875,45.5,44.166666666666664,43.125,49.583333333333336,39.666666666666664,46.75,45.25,46.541666666666664,44.625,40,45.916666666666664,42.375,42.208333333333336
2006-12-21T00:00:00Z,49.583333333333336,45.583333333333336,49.583333333333336,54.5,46.083333333333336,50.833333333333336,51.541666666666664,49.75,48.958333333333336,48.666666666666664,48.416666666666664,50.25,47.083333333333336,49.708333333333336,52.5,46.625,52.333333333333336,48.5,53.041666666666664,47.125,46.083333333333336,52.291666666666664,46.916666666666664,49.416666666666664
2006-12-22T00:00:00Z,62.625,52.5,58.041666666666664,64.79166666666667,57.375,60.041666666666664,61.166666666666664,51.916666666666664,60.5,56.041666666666664,56.791666666666664,60,54.458333333333336,59.5,62.333333333333336,55.833333333333336,63.416666666666664,57.125,62.458333333333336,54.25,55.916666666666664,62,56.75,59.5
2006-12-23T00:00:00Z,67.875,50.5,60.125,65.70833333333333,61.958333333333336,64.125,65.25,51.875,62.333333333333336,58.791666666666664,59.791666666666664,60.541666666666664,56.458333333333336,62.166666666666664,63.541666666666664,58.75,64.79166666666667,60.75,62.666666666666664,51.75,55.875,65.33333333333333,61.291666666666664,60.708333333333336
2006-12-24T00:00:00Z,50.625,45.541666666666664,50.041666666666664,57.416666666666664,47.291666666666664,53.25,54.958333333333336,46.958333333333336,50,46.583333333333336,50.708333333333336,50,49.375,50.416666666666664,54,48.125,57.875,48.041666666666664,55.958333333333336,48.041666666666664,49.458333333333336,56.458333333333336,45.833333333333336,49.958333333333336
2006-12-25T00:00:00Z,58.666666666666664,43.916666666666664,45.416666666666664,60.25,56.75,59.958333333333336,57.291666666666664,41.75,55.541666666666664,43.833333333333336,44.541666666666664,49.083333333333336,43.166666666666664,48.333333333333336,63.208333333333336,46.833333333333336,62.916666666666664,45.208333333333336,61.833333333333336,44.75,45,60.791666666666664,56.166666666666664,57.583333333333336
2006-12-26T00:00:00Z,61.125,39.166666666666664,46.75,54.541666666666664,56.416666666666664,56.75,53.791666666666664,38.583333333333336,56.541666666666664,47.208333333333336,45.083333333333336,50.5,44.125,52.916666666666664,59.75,49.083333333333336,56.375,46.541666666666664,57.833333333333336,46.25,45.875,56.666666666666664,57.291666666666664,58.291666666666664
2006-12-27T00:00:00Z,47.875,35.708333333333336,40.583333333333336,44.166666666666664,44.291666666666664,43.833333333333336,43.166666666666664,35.291666666666664,43.875,40.5,40.541666666666664,42.166666666666664,40.75,44.125,48.666666666666664,39.583333333333336,45.083333333333336,40.208333333333336,44.791666666666664,40.875,40.875,43.458333333333336,45.833333333333336,45.875
2006-12-28T00:00:00Z,45.833333333333336,36.708333333333336,41.833333333333336,44.041666666666664,42.583333333333336,42.083333333333336,42.666666666666664,40.25,41.666666666666664,41.75,41.083333333333336,41.5,40.583333333333336,44.166666666666664,48.291666666666664,39.875,44.875,39.333333333333336,45.583333333333336,39.333333333333336,39.666666666666664,43.125,44.083333333333336,43.25
2006-12-29T00:00:00Z,47.625,39.25,47,49.041666666666664,45.458333333333336,46.458333333333336,47.583333333333336,45.5,45.208333333333336,44.916666666666664,48.916666666666664,46.791666666666664,43.916666666666664,48.5,52.125,43.708333333333336,49.791666666666664,42.791666666666664,50.583333333333336,42.416666666666664,44.666666666666664,48.5,45.708333333333336,45
2006-12-30T00:00:00Z,51.083333333333336,44.666666666666664,51.625,55.791666666666664,46.25,48.833333333333336,53.125,48.375,47.333333333333336,48.791666666666664,50.416666666666664,51.625,47.791666666666664,50.416666666666664,53.416666666666664,48.625,53.791666666666664,49.791666666666664,53.25,48.541666666666664,48.541666666666664,51.625,46.541666666666664,48.083333333333336
2006-12-31T00:00:00Z,59.166666666666664,51.166666666666664,56.666666666666664,60.375,52.666666666666664,58.333333333333336,58.875,47.5,52.458333333333336,52.958333333333336,54.458333333333336,58.166666666666664,50.875,58.041666666666664,59.208333333333336,55.5,60.708333333333336,55.208333333333336,60.625,52.5,49.583333333333336,60.333333333333336,49.375,58.75
2007-01-01T00:00:00Z,69.45833333333333,49.708333333333336,56.083333333333336,65.20833333333333,63.625,66,62.791666666666664,49.375,64.45833333333333,58.125,54.333333333333336,60.791666666666664,54,61.916666666666664,65.125,58.666666666666664,65.83333333333333,57.166666666666664,64.25,54.708333333333336,53.166666666666664,65.70833333333333,64.20833333333333,64.875
2007-01-02T00:00:00Z,50.166666666666664,39.375,43,47.958333333333336,47.25,47.291666666666664,46.708333333333336,40.041666666666664,45.958333333333336,43.041666666666664,42.583333333333336,44.333333333333336,42.958333333333336,46.083333333333336,51.333333333333336,42.458333333333336,48.291666666666664,41.458333333333336,48.625,42.5,43.125,47.791666666666664,47.416666666666664,47.833333333333336
2007-01-03T00:00:00Z,49.666666666666664,38.833333333333336,45.083333333333336,51.333333333333336,45.916666666666664,46.375,48.916666666666664,42.333333333333336,45.916666666666664,44.208333333333336,45.625,45.208333333333336,42.875,47.958333333333336,53.208333333333336,43.625,50.375,41.916666666666664,52.833333333333336,41.583333333333336,41.458333333333336,48,45.916666666666664,47.25
2007-01-04T00:00:00Z,64.08333333333333,49.916666666666664,55.791666666666664,60.625,58.375,56.583333333333336,59,52,58.125,54.875,54.791666666666664,56.708333333333336,52.083333333333336,59,59.375,55.25,59.416666666666664,55.458333333333336,60.416666666666664,51.458333333333336,53.416666666666664,56.25,58.125,59
2007-01-05T00:00:00Z,71.58333333333333,57.791666666666664,62.416666666666664,68.45833333333333,64.70833333333333,68.66666666666667,67.08333333333333,58.416666666666664,66.83333333333333,61.75,60.833333333333336,66.16666666666667,59.458333333333336,65.5,66.125,62.416666666666664,69.45833333333333,63.416666666666664,66.41666666666667,60.041666666666664,60.916666666666664,69.04166666666667,64.875,68.125
2007-01-06T00:00:00Z,69.54166666666667,53.625,59.208333333333336,63.5,64.625,64.08333333333333,62.75,55.291666666666664,61.75,59.041666666666664,58.833333333333336,61.208333333333336,57.5,63.25,65.16666666666667,59.791666666666664,65,58.125,63.166666666666664,59.583333333333336,58.833333333333336,63.791666666666664,66.20833333333333,64.75
2007-01-07T00:00:00Z,60.75,46.708333333333336,55,60.166666666666664,56.583333333333336,59,59.208333333333336,48.083333333333336,58.375,51.75,52.375,57.583333333333336,49.333333333333336,57.041666666666664,63.25,53.958333333333336,61.25,51.125,61.5,50.125,50.791666666666664,60.333333333333336,56.5,59.083333333333336
2007-01-08T00:00:00Z,62.875,42.5,50.875,61.041666666666664,58.75,61.25,60.041666666666664,41.708333333333336,59.708333333333336,49.541666666666664,50.666666666666664,55.333333333333336,47.208333333333336,56.083333333333336,63,53.333333333333336,62.041666666666664,51.041666666666664,61.666666666666664,48.166666666666664,47.416666666666664,60.875,59.333333333333336,61.791666666666664
2007-01-09T00:00:00Z,46.375,31.416666666666668,39.541666666666664,45.875,41.791666666666664,44.291666666666664,44.083333333333336,33.333333333333336,43.958333333333336,38.583333333333336,39.375,41.541666666666664,38.75,42.208333333333336,48.5,39.541666666666664,45.958333333333336,37.916666666666664,45.791666666666664,39.125,37.541666666666664,44.958333333333336,43.833333333333336,44.541666666666664
2007-01-10T00:00:00Z,40.416666666666664,30.416666666666668,36.5,39.625,35.125,37.75,38.583333333333336,28.166666666666668,38.083333333333336,34.291666666666664,37.416666666666664,35.166666666666664,35.208333333333336,37.125,41.75,34.166666666666664,40.041666666666664,35.416666666666664,39.5,36.208333333333336,34.333333333333336,37.875,39.125,38.958333333333336
2007-01-11T00:00:00Z,39.625,33.583333333333336,38.791666666666664,40.875,38.75,38.041666666666664,40.041666666666664,32,37.291666666666664,36.208333333333336,39.416666666666664,34.625,35.791666666666664,38.041666666666664,45.916666666666664,34.666666666666664,41.541666666666664,35.5,41.625,35.25,34.875,39.416666666666664,40.083333333333336,38.416666666666664
2007-01-12T00:00:00Z,55.083333333333336,48.75,49.708333333333336,52.916666666666664,53,51.583333333333336,52.041666666666664,45.541666666666664,51.791666666666664,48.833333333333336,48.166666666666664,47.708333333333336,48.333333333333336,44.583333333333336,57.625,48.875,53.833333333333336,48.5,54.541666666666664,47.875,45.75,52.791666666666664,51.458333333333336,52.458333333333336
2007-01-13T00:00:00Z,62.333333333333336,54.833333333333336,55.916666666666664,59.416666666666664,58.416666666666664,58.083333333333336,59.75,55.083333333333336,57,56.375,57.333333333333336,56.5,56.375,58.833333333333336,61.833333333333336,56.708333333333336,58.916666666666664,54.166666666666664,60.458333333333336,54.791666666666664,52.75,58.958333333333336,58.916666666666664,58.083333333333336
2007-01-14T00:00:00Z,63.833333333333336,53.166666666666664,58.958333333333336,61.958333333333336,60.75,62.75,61.25,56.083333333333336,59.916666666666664,59.75,60.208333333333336,60.666666666666664,56.541666666666664,60.916666666666664,63.041666666666664,59.958333333333336,60.416666666666664,59,60.625,57.208333333333336,55.833333333333336,61.916666666666664,61.791666666666664,62.333333333333336
2007-01-15T00:00:00Z,67.79166666666667,58.708333333333336,62.166666666666664,63.541666666666664,63.458333333333336,63.875,63.458333333333336,56.833333333333336,62.125,61.291666666666664,62.5,63.666666666666664,61.541666666666664,62.291666666666664,64.54166666666667,63.291666666666664,64.16666666666667,61.833333333333336,63.375,59.416666666666664,60.083333333333336,64.70833333333333,64.66666666666667,65.83333333333333
2007-01-16T00:00:00Z,59.541666666666664,38.375,52.75,59.458333333333336,53.791666666666664,57.166666666666664,58.833333333333336,44.541666666666664,56.125,50.166666666666664,49.416666666666664,52.666666666666664,48.25,51.625,58.083333333333336,52.791666666666664,59.708333333333336,51.791666666666664,57.5,56.125,45.708333333333336,57.916666666666664,53.708333333333336,57.666666666666664
2007-01-17T00:00:00Z,35,29.791666666666668,35.125,39.333333333333336,34.25,36.916666666666664,36.916666666666664,26.5,35.333333333333336,32.375,34.416666666666664,33.666666666666664,32.5,32.375,40.875,33.208333333333336,39.541666666666664,34.833333333333336,38.583333333333336,31.958333333333332,30.75,38.041666666666664,33.083333333333336,36.916666666666664
2007-01-18T00:00:00Z,35.291666666666664,31.666666666666668,31.958333333333332,36.791666666666664,40.166666666666664,38.458333333333336,34.958333333333336,29,34.291666666666664,29.875,33.708333333333336,30.125,30.958333333333332,31.708333333333332,44.291666666666664,31.5,39.125,32.75,44.333333333333336,30.25,28.25,38.375,39.916666666666664,35.666666666666664
2007-01-19T00:00:00Z,45.208333333333336,37.375,41.458333333333336,42.166666666666664,43.625,44.75,41,33.416666666666664,43.208333333333336,40.375,43.041666666666664,40,40.833333333333336,40.666666666666664,47.75,41.166666666666664,44.791666666666664,42.5,46.083333333333336,40.458333333333336,38.458333333333336,44.708333333333336,44.625,45.833333333333336
2007-01-20T00:00:00Z,38.25,33.625,39.875,39.875,35.25,37.083333333333336,38.166666666666664,29.291666666666668,37.583333333333336,37.166666666666664,41.416666666666664,36.875,39,36.291666666666664,41.333333333333336,35.791666666666664,39.166666666666664,39.666666666666664,38.791666666666664,38.125,35.5,37.625,38.166666666666664,38.875
2007-01-21T00:00:00Z,31.458333333333332,35,37.041666666666664,43.125,34.5,36.75,39.25,31.083333333333332,34.916666666666664,32.833333333333336,38.083333333333336,33.083333333333336,34.5,32.75,42.5,32.166666666666664,42.041666666666664,36.125,41.375,34.333333333333336,31.333333333333332,39.708333333333336,33.875,35.041666666666664
2007-01-22T00:00:00Z,36.666666666666664,39.083333333333336,38.958333333333336,43.166666666666664,41.625,42.041666666666664,40.083333333333336,40.875,38.541666666666664,36.5,41.791666666666664,35.916666666666664,37.458333333333336,35.541666666666664,45.333333333333336,36.416666666666664,44.208333333333336,40.166666666666664,45.666666666666664,37.166666666666664,35.833333333333336,43,41.291666666666664,40.833333333333336
2007-01-23T00:00:00Z,39.916666666666664,33.375,39.541666666666664,44.75,38.666666666666664,41.875,42.5,30.916666666666668,41.291666666666664,40.333333333333336,41.041666666666664,38.041666666666664,37.625,38.708333333333336,42.541666666666664,38.625,44.375,38.166666666666664,43.958333333333336,35.875,37.458333333333336,42.208333333333336,38.416666666666664,43.5
2007-01-24T00:00:00Z,37.708333333333336,34.125,39.166666666666664,43.041666666666664,37.416666666666664,39.708333333333336,40.708333333333336,31.791666666666668,38.25,38.458333333333336,39.541666666666664,35.666666666666664,37.833333333333336,37.375,42.208333333333336,36.875,43.791666666666664,36.625,42.541666666666664,35.708333333333336,36.916666666666664,41.25,36.291666666666664,39.541666666666664
2007-01-25T00:00:00Z,38.916666666666664,31.791666666666668,37.541666666666664,44.291666666666664,36.125,40.083333333333336,41.708333333333336,26.791666666666668,40,36.958333333333336,38.916666666666664,35.75,36.708333333333336,36.375,42.166666666666664,37.208333333333336,43.166666666666664,36.291666666666664,41.958333333333336,35.333333333333336,34.541666666666664,40.791666666666664,36.666666666666664,41.083333333333336
2007-01-26T00:00:00Z,34.75,32.166666666666664,36.875,39,31.125,35.25,38.291666666666664,29.583333333333332,36.916666666666664,34.708333333333336,37.958333333333336,34.416666666666664,37.458333333333336,33.958333333333336,34.75,34.583333333333336,39,35.25,37.416666666666664,36.375,33.458333333333336,36.333333333333336,30.5,37.125
2007-01-27T00:00:00Z,49.958333333333336,40.833333333333336,48.458333333333336,49.583333333333336,47.125,49.75,48.458333333333336,43,50.291666666666664,46.875,48.25,47.583333333333336,46.333333333333336,45.583333333333336,52.583333333333336,48.5,50.708333333333336,45.791666666666664,52.583333333333336,45.375,44.25,49.541666666666664,48.541666666666664,51.666666666666664
2007-01-28T00:00:00Z,50.375,32.291666666666664,44.583333333333336,50.166666666666664,45.458333333333336,48.666666666666664,49.083333333333336,39.625,47.5,43.166666666666664,42.541666666666664,45.166666666666664,40,45.833333333333336,48.958333333333336,46.625,50.166666666666664,43.458333333333336,49.041666666666664,38.458333333333336,37.833333333333336,49.208333333333336,46.083333333333336,49.166666666666664
2007-01-29T00:00:00Z,31.666666666666668,20.375,27.916666666666668,32.708333333333336,27.708333333333332,30.416666666666668,31.541666666666668,19.75,30,25.416666666666668,28.458333333333332,26.458333333333332,26.041666666666668,27.916666666666668,33.708333333333336,26.416666666666668,32.458333333333336,26.666666666666668,32.666666666666664,25.041666666666668,23.375,30.708333333333332,30.416666666666668,31.25
2007-01-30T00:00:00Z,36.583333333333336,31.416666666666668,37.708333333333336,39.5,34.708333333333336,37.541666666666664,38.791666666666664,29.458333333333332,37.208333333333336,35.541666666666664,39.416666666666664,36,35.958333333333336,34.541666666666664,42,34.291666666666664,40.083333333333336,36.458333333333336,42.291666666666664,33.708333333333336,32.833333333333336,38.541666666666664,36.208333333333336,38.666666666666664
2007-01-31T00:00:00Z,33.458333333333336,25.916666666666668,31.541666666666668,36.083333333333336,32.458333333333336,33.125,34.25,21.375,32.75,29.458333333333332,31.708333333333332,29.916666666666668,29.25,30.708333333333332,35.125,30.25,36.125,31.041666666666668,35.416666666666664,28.166666666666668,26.375,34.125,31.708333333333332,34.083333333333336
2007-02-01T00:00:00Z,35,31.25,32.541666666666664,37.041666666666664,34.666666666666664,34.541666666666664,34.208333333333336,28.458333333333332,33.083333333333336,31.958333333333332,32.375,31.458333333333332,31.791666666666668,33.333333333333336,38.083333333333336,31.708333333333332,37.75,33.333333333333336,37.666666666666664,31.083333333333332,29.208333333333332,35.791666666666664,35,35.625
2007-02-02T00:00:00Z,43.208333333333336,35.375,38.208333333333336,44.25,43.458333333333336,43.583333333333336,41.458333333333336,34.083333333333336,42.291666666666664,36.791666666666664,37.666666666666664,37.333333333333336,36,38.625,46.25,38.708333333333336,45.375,38.625,45.458333333333336,35.5,34.625,43.916666666666664,41.458333333333336,43.041666666666664
2007-02-03T00:00:00Z,40,27.708333333333332,34.083333333333336,42.083333333333336,38.875,41.666666666666664,40.208333333333336,23.541666666666668,40.583333333333336,32.791666666666664,33.583333333333336,34.541666666666664,32.958333333333336,35.583333333333336,42.375,35.416666666666664,42.541666666666664,33.375,43.791666666666664,32.875,30.583333333333332,41.75,38.416666666666664,42.208333333333336
2007-02-04T00:00:00Z,42.833333333333336,29,37.125,43.25,40.083333333333336,41.833333333333336,42.375,24.416666666666668,41.083333333333336,33.625,36.166666666666664,36.75,34.083333333333336,36.5,45.166666666666664,36.5,44.583333333333336,33.958333333333336,43.833333333333336,33.833333333333336,30.833333333333332,42.5,41.291666666666664,43.375
2007-02-05T00:00:00Z,31.833333333333332,23.75,31.25,36.833333333333336,29.291666666666668,33.583333333333336,35.041666666666664,17.708333333333332,33.208333333333336,28,32.25,30.583333333333332,29.375,27.916666666666668,34.583333333333336,28.75,36.208333333333336,31.375,35.083333333333336,28.666666666666668,24.291666666666668,34.375,28.25,33.291666666666664
2007-02-06T00:00:00Z,27.25,29.708333333333332,32.208333333333336,33,24.666666666666668,28.708333333333332,30.5,23.166666666666668,27.833333333333332,27.375,34.291666666666664,27.75,31.416666666666668,26.333333333333332,28.791666666666668,26.333333333333332,31.25,32.208333333333336,30.541666666666668,30.458333333333332,26.291666666666668,29.666666666666668,23.541666666666668,29.25
2007-02-07T00:00:00Z,40.333333333333336,43.25,49.25,46.75,36.125,44.25,46.208333333333336,36.5,44.291666666666664,42.125,51.083333333333336,44.041666666666664,47.041666666666664,38.041666666666664,42.25,42.458333333333336,50.291666666666664,49.625,46.375,48.083333333333336,37.291666666666664,46.75,33.083333333333336,44.125
2007-02-08T00:00:00Z,35.791666666666664,33.5,41.083333333333336,41.666666666666664,31.583333333333332,35.666666666666664,38.708333333333336,28.708333333333332,35.916666666666664,35.916666666666664,42.791666666666664,35.25,38.708333333333336,34.708333333333336,37.083333333333336,33.833333333333336,41.166666666666664,38.25,38.166666666666664,38.375,32.708333333333336,38.083333333333336,31.458333333333332,36.041666666666664
2007-02-09T00:00:00Z,33.208333333333336,29.791666666666668,36.5,39.625,31.541666666666668,35.875,37.625,24.833333333333332,35.125,31.333333333333332,39.208333333333336,31.541666666666668,34.958333333333336,31.125,35.541666666666664,30.083333333333332,39.291666666666664,34.375,37.166666666666664,33.5,30.791666666666668,37.291666666666664,30.916666666666668,33.75
2007-02-10T00:00:00Z,34.958333333333336,28.458333333333332,36.375,38.625,32.75,36.375,37.083333333333336,25.083333333333332,35.958333333333336,34.583333333333336,37.375,33,34.25,33.666666666666664,37.625,33,39.25,34.291666666666664,38.625,32.125,31.333333333333332,37,32.625,36.958333333333336
2007-02-11T00:00:00Z,32.541666666666664,32.208333333333336,37.833333333333336,38.375,32.416666666666664,34.916666666666664,36.833333333333336,32.125,34.708333333333336,34.541666666666664,38.416666666666664,32.458333333333336,35.666666666666664,33.333333333333336,37.125,32.958333333333336,37.041666666666664,33.75,36.916666666666664,32.25,30.708333333333332,35.333333333333336,30.875,33.958333333333336
2007-02-12T00:00:00Z,45.125,43.291666666666664,46.166666666666664,48,42.083333333333336,44.791666666666664,47.333333333333336,41.125,45.541666666666664,44.041666666666664,47.833333333333336,42.333333333333336,43,42.875,48,43.125,46.458333333333336,42.416666666666664,46.583333333333336,39.583333333333336,39.833333333333336,44.166666666666664,38.958333333333336,46.75
2007-02-13T00:00:00Z,48.916666666666664,43.083333333333336,45.125,59.083333333333336,48.125,58.75,58.416666666666664,37.666666666666664,50.708333333333336,39.041666666666664,46.333333333333336,41.875,39.041666666666664,39.583333333333336,62.625,42.208333333333336,58.375,39.916666666666664,60.041666666666664,39.375,37.958333333333336,57.375,43.541666666666664,52.666666666666664
2007-02-14T00:00:00Z,42.583333333333336,30.333333333333332,39.833333333333336,46.583333333333336,43.625,47.541666666666664,44,31.208333333333332,41.958333333333336,35,38.375,36.666666666666664,37.416666666666664,35.833333333333336,50.291666666666664,36.208333333333336,48.708333333333336,39.041666666666664,48.5,35.708333333333336,34.416666666666664,46.833333333333336,39.333333333333336,45.041666666666664
2007-02-15T00:00:00Z,32.75,24.208333333333332,30.208333333333332,34.166666666666664,30.625,32.166666666666664,32.25,19.958333333333332,32,27.583333333333332,31.541666666666668,27.541666666666668,28.958333333333332,29,33.166666666666664,28.208333333333332,34.875,30.25,32.875,26.791666666666668,26.458333333333332,33,29.166666666666668,32.916666666666664
2007-02-16T00:00:00Z,30.958333333333332,24.166666666666668,32.666666666666664,34.875,29.041666666666668,30.916666666666668,33.25,19.75,31.666666666666668,28.875,34,28.916666666666668,30.5,29,34.041666666666664,28.25,33.958333333333336,31.458333333333332,32.583333333333336,28.375,26.583333333333332,32.041666666666664,28.458333333333332,32.25
2007-02-17T00:00:00Z,36.583333333333336,27.291666666666668,34.333333333333336,38.791666666666664,35.541666666666664,36.666666666666664,37.791666666666664,25.5,30.541666666666668,31.833333333333332,34.625,32.458333333333336,30.916666666666668,33.916666666666664,41.25,32.25,38.708333333333336,32.125,38.541666666666664,29.208333333333332,28.208333333333332,37.208333333333336,35.791666666666664,38.458333333333336
2007-02-18T00:00:00Z,38.916666666666664,28.375,36.458333333333336,41.666666666666664,36.416666666666664,40.041666666666664,40.291666666666664,24.208333333333332,34.458333333333336,32.75,37.708333333333336,34,34.166666666666664,33.75,41.041666666666664,34.125,42.625,35.625,41.708333333333336,33.458333333333336,29.916666666666668,39.791666666666664,35.916666666666664,39.875
2007-02-19T00:00:00Z,36.375,36.125,38.083333333333336,38.583333333333336,31.833333333333332,35.291666666666664,37.166666666666664,29.541666666666668,33.75,34.958333333333336,40.791666666666664,34.583333333333336,38.166666666666664,34.458333333333336,34.958333333333336,34.708333333333336,37.166666666666664,38.166666666666664,36.208333333333336,36.666666666666664,33.791666666666664,36,32.458333333333336,36.875
2007-02-20T00:00:00Z,55.166666666666664,45,49,51.083333333333336,49.875,53.708333333333336,51.666666666666664,47.333333333333336,52.875,49.208333333333336,48.166666666666664,49.791666666666664,48.416666666666664,45.791666666666664,54.208333333333336,51.416666666666664,54.125,50.666666666666664,52.333333333333336,46.416666666666664,44.166666666666664,53.75,50.958333333333336,54.5
2007-02-21T00:00:00Z,56.291666666666664,52.583333333333336,58.291666666666664,58.541666666666664,51.5,58.583333333333336,57.208333333333336,52.5,58.291666666666664,57.125,58.416666666666664,57.791666666666664,56.833333333333336,55.291666666666664,54.375,58.291666666666664,57.916666666666664,59.708333333333336,53.375,56.625,52.75,59.333333333333336,50.083333333333336,59.291666666666664
2007-02-22T00:00:00Z,57.291666666666664,49.916666666666664,57.625,62.75,53.75,58.916666666666664,60.291666666666664,47.291666666666664,61.083333333333336,55.625,58.5,55.625,55.5,53.875,54.291666666666664,55.791666666666664,60.833333333333336,57.791666666666664,54.791666666666664,56.791666666666664,51.416666666666664,61.291666666666664,52.25,60.75
2007-02-23T00:00:00Z,45.625,41.541666666666664,46.166666666666664,48.875,42.041666666666664,44.916666666666664,47.333333333333336,36.416666666666664,47.166666666666664,44.708333333333336,49.5,44.583333333333336,46.833333333333336,42.75,45.166666666666664,44.125,47.958333333333336,46.708333333333336,46.458333333333336,44.625,40.75,45.75,41.25,45.833333333333336
2007-02-24T00:00:00Z,40.666666666666664,42.083333333333336,47.25,44.375,38.166666666666664,39.916666666666664,43.125,41.708333333333336,42.166666666666664,45.208333333333336,48.75,44.166666666666664,45.166666666666664,42.541666666666664,39.791666666666664,44.875,41,45.041666666666664,41.083333333333336,43.208333333333336,43,40.541666666666664,37.5,41.875
2007-02-25T00:00:00Z,48.5,43.708333333333336,45.708333333333336,57.708333333333336,46.083333333333336,52.291666666666664,55.583333333333336,37.25,51.291666666666664,40.666666666666664,45.083333333333336,43.958333333333336,41.5,41.5,51.333333333333336,44.041666666666664,55.416666666666664,43.833333333333336,53.166666666666664,39.791666666666664,38,54.5,43.333333333333336,52.5
2007-02-26T00:00:00Z,49.458333333333336,44.583333333333336,47.958333333333336,57.833333333333336,48.166666666666664,55.791666666666664,55.291666666666664,43.291666666666664,53.666666666666664,44.916666666666664,49.291666666666664,46.375,45.958333333333336,42.75,52.458333333333336,46.25,58.25,47.5,53.708333333333336,40.833333333333336,37.75,56.875,43.041666666666664,53.333333333333336
2007-02-27T00:00:00Z,48.458333333333336,44.291666666666664,52.208333333333336,52.125,46.541666666666664,50.583333333333336,50.458333333333336,43.958333333333336,50.791666666666664,49.166666666666664,53.083333333333336,48.416666666666664,49.541666666666664,48.208333333333336,49.666666666666664,48.75,51.25,47.875,51,46.041666666666664,45.541666666666664,51.166666666666664,44.583333333333336,50.791666666666664
2007-02-28T00:00:00Z,48.041666666666664,44.708333333333336,51.416666666666664,52.625,44.916666666666664,47.5,50.666666666666664,44.041666666666664,49.041666666666664,47.208333333333336,51.458333333333336,48.416666666666664,49.375,45.916666666666664,45.5,47.291666666666664,49.791666666666664,46.541666666666664,48.666666666666664,45.875,45.666666666666664,49.25,42.458333333333336,48.541666666666664
2007-03-01T00:00:00Z,57.208333333333336,46.541666666666664,54.375,59.958333333333336,52.291666666666664,57.416666666666664,57.833333333333336,44.875,56.458333333333336,51.25,50.541666666666664,53.541666666666664,46.833333333333336,52.916666666666664,56.291666666666664,52.75,60.875,50.083333333333336,58.458333333333336,42.833333333333336,45.666666666666664,59.291666666666664,50.625,57.666666666666664
2007-03-02T00:00:00Z,64.04166666666667,48.166666666666664,58.291666666666664,63.666666666666664,61.5,64.125,61.875,45.75,63.125,55.916666666666664,55.458333333333336,57.75,53.333333333333336,57.958333333333336,62.333333333333336,57.625,65.04166666666667,58.166666666666664,62.25,49.833333333333336,51.75,64.04166666666667,62.291666666666664,63.958333333333336
2007-03-03T00:00:00Z,56.75,45.166666666666664,53.666666666666664,57.916666666666664,54.875,55.916666666666664,56.208333333333336,43.291666666666664,57.291666666666664,51.916666666666664,52.166666666666664,54.125,51.666666666666664,52.333333333333336,56.458333333333336,53.125,55.666666666666664,53.791666666666664,54.208333333333336,48.25,47.416666666666664,55.541666666666664,55.791666666666664,59.666666666666664
2007-03-04T00:00:00Z,44.791666666666664,30.541666666666668,40.791666666666664,47.916666666666664,42.25,45.708333333333336,45.916666666666664,25.416666666666668,44.041666666666664,37.625,40.458333333333336,39.5,37.333333333333336,38.166666666666664,49,38.75,48.666666666666664,40.5,48.625,35.083333333333336,34.041666666666664,45.833333333333336,43.041666666666664,46.375
2007-03-05T00:00:00Z,47.75,41.791666666666664,47.541666666666664,47.833333333333336,44.208333333333336,46.375,46.708333333333336,41.75,46.208333333333336,44.875,45.416666666666664,45.916666666666664,46.25,40.416666666666664,46.833333333333336,46.291666666666664,47.541666666666664,45.958333333333336,46.25,43.291666666666664,43.833333333333336,46,44.791666666666664,49.083333333333336
2007-03-06T00:00:00Z,38.083333333333336,46.791666666666664,51.625,49.458333333333336,36.083333333333336,43.166666666666664,48.291666666666664,40.916666666666664,43.833333333333336,46.625,51.375,46.083333333333336,51.416666666666664,42,39.541666666666664,45.5,48,52.541666666666664,43.5,50.125,45.5,45.041666666666664,33.375,44.125
2007-03-07T00:00:00Z,45.625,49.125,53.458333333333336,55.166666666666664,45.25,53.083333333333336,53.166666666666664,48.125,50.875,51.5,54.958333333333336,50.25,51.833333333333336,45.458333333333336,51.666666666666664,50.541666666666664,56.416666666666664,51.291666666666664,53.791666666666664,50.875,48.041666666666664,53.708333333333336,37.416666666666664,52.458333333333336
2007-03-08T00:00:00Z,38.916666666666664,48.166666666666664,50.416666666666664,48.5,36.5,42,46.083333333333336,46.25,41.166666666666664,43.25,54.166666666666664,44.541666666666664,49.083333333333336,39.5,40.708333333333336,40.125,46.583333333333336,49.458333333333336,43.125,48.291666666666664,44,44.833333333333336,34.625,41.958333333333336
2007-03-09T00:00:00Z,40.5,44.291666666666664,49.166666666666664,49.5,41.583333333333336,46.166666666666664,46.833333333333336,40.5,45.666666666666664,44.416666666666664,49.291666666666664,44.25,44.541666666666664,42.458333333333336,45.75,42.916666666666664,47.958333333333336,46.875,47.666666666666664,43.583333333333336,41.625,47.916666666666664,40.541666666666664,45.625
2007-03-10T00:00:00Z,53.708333333333336,51.916666666666664,54.708333333333336,55.958333333333336,51.708333333333336,53.5,53.791666666666664,51.291666666666664,54.375,54.541666666666664,55.75,53.791666666666664,54.541666666666664,52.708333333333336,56.541666666666664,52.416666666666664,54.333333333333336,54.666666666666664,55.291666666666664,51.875,52.458333333333336,54.416666666666664,53.958333333333336,54.958333333333336
2007-03-11T00:00:00Z,59.130434782608695,55.08695652173913,60.52173913043478,58.91304347826087,52.869565217391305,53.65217391304348,58.130434782608695,50.78260869565217,57.26086956521739,58.95652173913044,60.73913043478261,57.130434782608695,59.26086956521739,56.391304347826086,52.56521739130435,55.52173913043478,55.56521739130435,59.04347826086956,54,56.08695652173913,55.130434782608695,54.69565217391305,50.82608695652174,58.08695652173913
2007-03-12T00:00:00Z,49.208333333333336,49.625,54.125,55.25,44.458333333333336,50.625,52.916666666666664,48.791666666666664,52.333333333333336,52.5,56.208333333333336,51.958333333333336,52.125,50.125,48,51.5,51.166666666666664,54.25,51.291666666666664,50.208333333333336,50.5,52.166666666666664,44.041666666666664,51.416666666666664
2007-03-13T00:00:00Z,60.625,54.958333333333336,61.166666666666664,59.041666666666664,54.333333333333336,58.041666666666664,58.666666666666664,60.625,59,62.125,61.833333333333336,60.708333333333336,61.291666666666664,59.208333333333336,57.708333333333336,59.958333333333336,58.416666666666664,60.5,58.208333333333336,58.208333333333336,55.541666666666664,57.541666666666664,56.875,60.083333333333336
2007-03-14T00:00:00Z,68,61,66.58333333333333,64.83333333333333,65.25,64.08333333333333,65.625,63.166666666666664,66.91666666666667,67.54166666666667,67.66666666666667,67.875,65.91666666666667,67.08333333333333,63.166666666666664,67.625,67.25,66.29166666666667,61.666666666666664,64.83333333333333,64.5,63.541666666666664,67.54166666666667,68.375
2007-03-15T00:00:00Z,66.875,58.291666666666664,66.66666666666667,67.125,66.54166666666667,66.70833333333333,67.91666666666667,57.833333333333336,68.91666666666667,66.95833333333333,65.08333333333333,67.75,66.125,68.16666666666667,64.95833333333333,67.58333333333333,68.75,67.5,63.708333333333336,64.33333333333333,62.375,66.75,66.45833333333333,70.54166666666667
2007-03-16T00:00:00Z,48.666666666666664,47.25,49.708333333333336,59.333333333333336,50.416666666666664,60,57.666666666666664,43.208333333333336,52.125,43.791666666666664,53.666666666666664,46.541666666666664,47.583333333333336,42.541666666666664,62.125,45.375,60.916666666666664,49.125,60.875,47.375,41.958333333333336,59.75,44.416666666666664,52.541666666666664
2007-03-17T00:00:00Z,38.083333333333336,33.583333333333336,39.916666666666664,44.875,38.333333333333336,41.583333333333336,43.958333333333336,30.375,41.375,37.958333333333336,41.5,38.166666666666664,37.875,38,43.083333333333336,38.708333333333336,44.666666666666664,39.625,43.291666666666664,37.166666666666664,35.083333333333336,42.333333333333336,38.125,42.333333333333336
2007-03-18T00:00:00Z,36.833333333333336,35.583333333333336,40.083333333333336,40.916666666666664,37.041666666666664,39.208333333333336,39.458333333333336,30.958333333333332,40,38.083333333333336,41,35.458333333333336,39.625,37.541666666666664,42.791666666666664,36.708333333333336,41.541666666666664,38.583333333333336,41.875,38.541666666666664,35.208333333333336,38.875,39.625,41.333333333333336
2007-03-19T00:00:00Z,43.041666666666664,43.541666666666664,49.791666666666664,45.916666666666664,43.958333333333336,44,46.791666666666664,40,45.625,47.291666666666664,50.041666666666664,47.208333333333336,45.416666666666664,45.25,48.833333333333336,44.541666666666664,46.291666666666664,47.458333333333336,45.166666666666664,44,42.458333333333336,44.416666666666664,45.083333333333336,47.041666666666664
2007-03-20T00:00:00Z,63.708333333333336,55.458333333333336,62.458333333333336,59.5,58.166666666666664,60.375,60.791666666666664,56.75,62.333333333333336,61.458333333333336,63.458333333333336,62.083333333333336,61.208333333333336,60.458333333333336,60.208333333333336,60.958333333333336,61.125,64,58.583333333333336,59.833333333333336,57.75,60.5,56.291666666666664,63.541666666666664
2007-03-21T00:00:00Z,53.666666666666664,54.208333333333336,62.791666666666664,61.166666666666664,49.291666666666664,55.291666666666664,60.5,47.541666666666664,57.208333333333336,53.333333333333336,62.375,57.541666666666664,54.916666666666664,49.125,60.625,55,60.166666666666664,59.75,56.041666666666664,54.416666666666664,50.5,58.583333333333336,45.958333333333336,56.208333333333336
2007-03-22T00:00:00Z,61.083333333333336,59.5,61.541666666666664,63.166666666666664,60.958333333333336,58.5,61.875,56.25,60.541666666666664,59.291666666666664,62.375,60.291666666666664,60.458333333333336,54.208333333333336,64.58333333333333,58.375,62.708333333333336,60.916666666666664,59.916666666666664,59.333333333333336,56.75,61.083333333333336,59.916666666666664,61.708333333333336
2007-03-23T00:00:00Z,69.83333333333333,59.291666666666664,66.66666666666667,65.25,66.25,63,64.91666666666667,63,67.5,67.41666666666667,67,67.83333333333333,65.41666666666667,68.20833333333333,64.33333333333333,67.41666666666667,64.58333333333333,65.5,62.083333333333336,63.125,62.666666666666664,62.958333333333336,68.79166666666667,69.125
2007-03-24T00:00:00Z,72.25,62,70.25,70,63.208333333333336,69.25,69.08333333333333,66.16666666666667,70.875,71.16666666666667,69.95833333333333,71.29166666666667,68.95833333333333,68.41666666666667,64.20833333333333,69.375,69.95833333333333,69.875,63.583333333333336,66.20833333333333,66.04166666666667,69.20833333333333,54.041666666666664,70.41666666666667
2007-03-25T00:00:00Z,60.708333333333336,65.08333333333333,72.875,69.79166666666667,52.625,61,68.66666666666667,67.5,65.66666666666667,71.70833333333333,72.95833333333333,69.875,72.20833333333333,64.70833333333333,57.458333333333336,68.08333333333333,64.5,70.83333333333333,59.958333333333336,68.91666666666667,69,64.5,50.083333333333336,63.375
2007-03-26T00:00:00Z,59.583333333333336,63.75,64.29166666666667,60.291666666666664,56.916666666666664,58.291666666666664,59.5,62.208333333333336,58.958333333333336,62.5,65.875,61.291666666666664,65.875,55.166666666666664,59.541666666666664,58.458333333333336,59,66.04166666666667,59.791666666666664,65.75,62.958333333333336,58.375,56.708333333333336,59.333333333333336
2007-03-27T00:00:00Z,72.5,65.16666666666667,70.16666666666667,68,69.04166666666667,68.20833333333333,67.79166666666667,67.66666666666667,70.875,71,69.875,70.33333333333333,69.41666666666667,69.70833333333333,63.833333333333336,69.875,68.45833333333333,71.66666666666667,64.29166666666667,67.45833333333333,67.04166666666667,68.45833333333333,71.875,71.58333333333333
2007-03-28T00:00:00Z,68.08333333333333,64.08333333333333,71.66666666666667,70.33333333333333,62.75,68.875,70.75,61.75,70.83333333333333,70.625,71.33333333333333,72,70.29166666666667,70,63.541666666666664,71,70.625,73.08333333333333,66.04166666666667,67.04166666666667,66.33333333333333,69.875,60,69.20833333333333
2007-03-29T00:00:00Z,55.166666666666664,53.625,56.041666666666664,55.208333333333336,51.291666666666664,53.375,52.291666666666664,47.583333333333336,52.708333333333336,51.375,57.041666666666664,51.291666666666664,52.5,51.916666666666664,53.291666666666664,50.416666666666664,54.541666666666664,55.125,54.833333333333336,51.75,48.583333333333336,54,50.541666666666664,54.208333333333336
2007-03-30T00:00:00Z,51.708333333333336,53.375,57.416666666666664,55.375,48.375,50.625,53.833333333333336,51.541666666666664,51.791666666666664,55,56.458333333333336,53.958333333333336,55.958333333333336,50.875,49.833333333333336,51.458333333333336,51.375,57.875,51.416666666666664,54.166666666666664,51.458333333333336,50.166666666666664,49.5,51.583333333333336
2007-03-31T00:00:00Z,63.291666666666664,60.25,63.958333333333336,60.791666666666664,59.666666666666664,57.541666666666664,61.541666666666664,59.5,62.583333333333336,63.166666666666664,64.91666666666667,63.333333333333336,62.375,57.625,53.208333333333336,61.875,60,65.04166666666667,55.791666666666664,59.958333333333336,58.458333333333336,57.875,55.958333333333336,64.08333333333333
2007-04-01T00:00:00Z,67.83333333333333,61.541666666666664,64.66666666666667,67.375,67.58333333333333,66.41666666666667,67.91666666666667,59.291666666666664,68.91666666666667,64.75,64.58333333333333,65.20833333333333,64.25,63.708333333333336,61.916666666666664,65.95833333333333,68.20833333333333,66.25,64,63.708333333333336,63.166666666666664,66.79166666666667,59.791666666666664,70
2007-04-02T00:00:00Z,73.33333333333333,63.666666666666664,68.91666666666667,72.83333333333333,70.83333333333333,69.66666666666667,71.375,63.416666666666664,70.91666666666667,69.125,69.29166666666667,68.375,68.25,67.125,62.541666666666664,68.5,72.33333333333333,68.58333333333333,65.25,65.83333333333333,64.875,71,71.625,72.125
2007-04-03T00:00:00Z,69.54166666666667,61.875,69,71.125,65.33333333333333,68.875,71.5,62.416666666666664,71.45833333333333,69.625,69.25,68.25,67.20833333333333,66.95833333333333,65.91666666666667,69.45833333333333,69.58333333333333,66.58333333333333,69.25,63.583333333333336,64.83333333333333,69.45833333333333,61.958333333333336,70.66666666666667
2007-04-04T00:00:00Z,71.875,57.375,68.875,73.16666666666667,67.91666666666667,72.54166666666667,72.29166666666667,54.583333333333336,72.5,68.16666666666667,65.54166666666667,69.33333333333333,65.625,66.20833333333333,63.875,69.29166666666667,74.16666666666667,67.5,67.375,63.125,63.458333333333336,73.16666666666667,62.333333333333336,73.79166666666667
2007-04-05T00:00:00Z,52.375,40.916666666666664,50.083333333333336,56.416666666666664,51.833333333333336,55.791666666666664,55.25,35.333333333333336,54.708333333333336,47.541666666666664,50.375,48.666666666666664,46.875,47.416666666666664,53.875,48.208333333333336,58.375,49.416666666666664,57.5,45.791666666666664,42.666666666666664,57.208333333333336,51.291666666666664,54.333333333333336
2007-04-06T00:00:00Z,44.875,37.583333333333336,44.833333333333336,48.458333333333336,44.75,47.083333333333336,45.958333333333336,32.25,46.583333333333336,42.916666666666664,45.125,42.875,42.625,42.666666666666664,48.791666666666664,43.041666666666664,48.208333333333336,45,47.75,41.875,39.833333333333336,47.75,43.916666666666664,47.458333333333336
2007-04-07T00:00:00Z,40.916666666666664,28.75,37.166666666666664,43.625,39.666666666666664,42.666666666666664,41.916666666666664,23.25,42.25,35.875,36.958333333333336,36.5,34.125,40.416666666666664,45.166666666666664,37.083333333333336,44.5,37.5,45.958333333333336,33.083333333333336,32.125,43.541666666666664,39.291666666666664,42.875
2007-04-08T00:00:00Z,41.125,34.25,39.25,42.375,40.25,42.125,41.875,26.708333333333332,41.041666666666664,40,39.791666666666664,38.041666666666664,39.333333333333336,36.833333333333336,44.958333333333336,39.666666666666664,42.916666666666664,39.75,44.25,36.916666666666664,37.375,41.541666666666664,41.958333333333336,43.75
2007-04-09T00:00:00Z,43.75,39.666666666666664,43.416666666666664,45.041666666666664,44.125,44.791666666666664,43.958333333333336,36.541666666666664,44.875,43.083333333333336,45.291666666666664,42.041666666666664,43.25,40.875,47.208333333333336,42.166666666666664,46.041666666666664,43.166666666666664,48.5,42.791666666666664,41.541666666666664,44.708333333333336,44.625,45.041666666666664
2007-04-10T00:00:00Z,47.458333333333336,42.958333333333336,49.25,48.833333333333336,45.583333333333336,47.583333333333336,48.666666666666664,41.5,47.708333333333336,48.625,48.541666666666664,48.125,47.5,44.125,48.708333333333336,48.083333333333336,49.208333333333336,47.916666666666664,48.25,45.708333333333336,45.458333333333336,47.708333333333336,44.416666666666664,48.708333333333336
2007-04-11T00:00:00Z,54.166666666666664,45.291666666666664,49.416666666666664,58.541666666666664,52.958333333333336,57.125,56.166666666666664,41.375,55.166666666666664,47.916666666666664,48.333333333333336,49.833333333333336,46.375,49.5,59.5,49.541666666666664,61.166666666666664,48.333333333333336,59.958333333333336,46.708333333333336,44.333333333333336,58.541666666666664,50.791666666666664,55.458333333333336
2007-04-12T00:00:00Z,68.375,53.583333333333336,58.625,70.04166666666667,65.95833333333333,68.875,68.70833333333333,51.5,67.91666666666667,57.458333333333336,59.125,60.833333333333336,56.333333333333336,55.083333333333336,66,62.208333333333336,70.875,59.166666666666664,66,45.25,46.541666666666664,69.08333333333333,64.45833333333333,68.5
2007-04-13T00:00:00Z,55.625,49.166666666666664,57.083333333333336,59.083333333333336,53.708333333333336,56.916666666666664,58.75,46.333333333333336,57.125,54.625,57.5,54.208333333333336,56.5,57.666666666666664,56.291666666666664,53.416666666666664,60.875,57.25,59.291666666666664,57.25,52.208333333333336,58.083333333333336,54.25,57.541666666666664
2007-04-14T00:00:00Z,54.208333333333336,54.083333333333336,62.083333333333336,62.166666666666664,52.833333333333336,58.583333333333336,62.666666666666664,48.083333333333336,59.791666666666664,56.041666666666664,61.333333333333336,58.708333333333336,57.625,56.416666666666664,57.208333333333336,58.25,61.375,60.083333333333336,59.458333333333336,57.791666666666664,52.333333333333336,59.875,52.375,58.166666666666664
2007-04-15T00:00:00Z,64.16666666666667,49.041666666666664,58.791666666666664,64.5,62.625,65.95833333333333,66.625,48.458333333333336,65.33333333333333,54.375,56.541666666666664,58.958333333333336,52.333333333333336,57.916666666666664,66.70833333333333,58.291666666666664,66.375,57.708333333333336,64.91666666666667,52.208333333333336,48.583333333333336,66,59.125,65.5
2007-04-16T00:00:00Z,53.166666666666664,49.958333333333336,54.833333333333336,52.416666666666664,49.625,52.083333333333336,53.416666666666664,42.208333333333336,52.416666666666664,50.458333333333336,57.708333333333336,51.625,53.25,50.791666666666664,53.125,50.416666666666664,54.291666666666664,54.75,52.25,53.458333333333336,48.458333333333336,52.041666666666664,49.416666666666664,53.625
2007-04-17T00:00:00Z,58.958333333333336,55.875,60.458333333333336,56.333333333333336,54.583333333333336,58.041666666666664,59.625,49.916666666666664,60.166666666666664,60.208333333333336,64.75,60.125,61.291666666666664,54.916666666666664,56.25,59.666666666666664,61.208333333333336,62.708333333333336,58.166666666666664,58.583333333333336,57.125,59.5,52.625,60.916666666666664
2007-04-18T00:00:00Z,51.208333333333336,55,57.875,54.375,49.083333333333336,52.541666666666664,54,55.75,53.416666666666664,59.416666666666664,61.958333333333336,56.208333333333336,60.416666666666664,56.458333333333336,50.541666666666664,54.208333333333336,55.208333333333336,58.583333333333336,52.5,60.916666666666664,60.125,54.083333333333336,48.916666666666664,54.166666666666664
2007-04-19T00:00:00Z,50.083333333333336,50.375,53.875,52.75,49.166666666666664,51.416666666666664,52.458333333333336,46.583333333333336,52.458333333333336,50.916666666666664,56.583333333333336,51.75,51.125,54.625,48.5,50.791666666666664,52.625,54.041666666666664,51.166666666666664,60.291666666666664,48.958333333333336,52.583333333333336,49.291666666666664,53.416666666666664
2007-04-20T00:00:00Z,54.291666666666664,54.25,55.666666666666664,55.541666666666664,54.625,54.041666666666664,56.125,50.958333333333336,56.5,56.208333333333336,56.208333333333336,54.75,56.75,53.083333333333336,52.5,55.125,56.166666666666664,55.833333333333336,53.208333333333336,55.083333333333336,51.958333333333336,55.291666666666664,53.375,56.958333333333336
2007-04-21T00:00:00Z,55.083333333333336,56.25,59.666666666666664,56.875,56.416666666666664,56.583333333333336,58.541666666666664,58.291666666666664,60.166666666666664,61.416666666666664,61,58.625,61,58.875,54.875,58.625,58.791666666666664,59.083333333333336,57.5,59,58.416666666666664,57.041666666666664,58.125,60.541666666666664
2007-04-22T00:00:00Z,61.75,58.958333333333336,63.875,59.916666666666664,61.958333333333336,61.458333333333336,62.458333333333336,61.875,66,65.75,64.66666666666667,64.33333333333333,65,64.16666666666667,58.166666666666664,64.04166666666667,62.833333333333336,62.625,60,63.125,62.166666666666664,62.083333333333336,64.04166666666667,67.375
2007-04-23T00:00:00Z,66.54166666666667,60.333333333333336,66.95833333333333,63.25,67.25,64.33333333333333,64.83333333333333,64.66666666666667,68.70833333333333,67.91666666666667,66.625,68.875,66.45833333333333,67,62.541666666666664,67.08333333333333,66.5,66.33333333333333,64.125,64.70833333333333,64.04166666666667,65.08333333333333,70.33333333333333,70.5
2007-04-24T00:00:00Z,69.33333333333333,62.416666666666664,66.41666666666667,66.66666666666667,70.25,69.375,68.45833333333333,65.625,71.29166666666667,69.41666666666667,69.45833333333333,69.875,69.08333333333333,69.20833333333333,63.333333333333336,69.375,69.08333333333333,69.66666666666667,65.66666666666667,69.75,65.75,69,70.625,72.875
2007-04-25T00:00:00Z,72.83333333333333,66.25,72.41666666666667,71.08333333333333,72.375,72.125,72.08333333333333,69.04166666666667,74.875,72.625,72.16666666666667,73.45833333333333,71.54166666666667,72.20833333333333,66.20833333333333,72.33333333333333,72.75,73.20833333333333,67.33333333333333,71.375,69.20833333333333,72.08333333333333,75.29166666666667,75.125
2007-04-26T00:00:00Z,65.75,63.416666666666664,72.45833333333333,70.16666666666667,62.416666666666664,72.83333333333333,71.54166666666667,63.125,74.875,73.70833333333333,68.20833333333333,74.79166666666667,69,66.83333333333333,68.58333333333333,72.91666666666667,74,72.79166666666667,69.16666666666667,66.54166666666667,67.375,72.75,54.291666666666664,76.41666666666667
2007-04-27T00:00:00Z,71.58333333333333,63.333333333333336,69.79166666666667,72.33333333333333,73.33333333333333,74.66666666666667,72.54166666666667,62.083333333333336,74.79166666666667,70.83333333333333,68.83333333333333,72,68.45833333333333,70.83333333333333,70.41666666666667,71.58333333333333,75.41666666666667,70.29166666666667,70.33333333333333,67.875,66.41666666666667,74.16666666666667,70.79166666666667,76.54166666666667
2007-04-28T00:00:00Z,64.66666666666667,57.041666666666664,62.916666666666664,66.75,67.29166666666667,69.83333333333333,68.875,54.791666666666664,69.5,64.70833333333333,64.20833333333333,65.125,62.416666666666664,65.79166666666667,67.375,65.20833333333333,71.875,63.625,69.20833333333333,63.416666666666664,60.75,70.875,63.791666666666664,71.125
2007-04-29T00:00:00Z,62.25,61.291666666666664,67.375,65.79166666666667,64.20833333333333,66.125,67.41666666666667,62,67.91666666666667,67.33333333333333,68.125,64.66666666666667,68,66.58333333333333,66.58333333333333,66.16666666666667,69.45833333333333,68,67.25,67.83333333333333,63.958333333333336,66.91666666666667,64.83333333333333,68.75
2007-04-30T00:00:00Z,66.58333333333333,64.45833333333333,70.45833333333333,67.95833333333333,69.95833333333333,70.04166666666667,69.58333333333333,69.66666666666667,71.83333333333333,71,71.625,68.08333333333333,70.95833333333333,70.25,70.08333333333333,69.58333333333333,71.08333333333333,68.125,70.08333333333333,68.08333333333333,66.58333333333333,70.95833333333333,72,72.25
2007-05-01T00:00:00Z,72.58333333333333,68.04166666666667,74.375,72.45833333333333,70.33333333333333,75.16666666666667,74.33333333333333,73.20833333333333,76.95833333333333,76.25,74.91666666666667,75.91666666666667,74.58333333333333,73.70833333333333,70.41666666666667,75.41666666666667,75.16666666666667,73.79166666666667,70.70833333333333,72.41666666666667,72.04166666666667,74.16666666666667,69.29166666666667,78.25
2007-05-02T00:00:00Z,74.125,67.58333333333333,74,71.45833333333333,74.66666666666667,74.08333333333333,73.125,72.25,77.25,75.75,75.41666666666667,75.41666666666667,75.25,74.66666666666667,70,75.5,73.83333333333333,74.75,70.79166666666667,73.08333333333333,71.54166666666667,72.83333333333333,74.75,78.16666666666667
2007-05-03T00:00:00Z,59.291666666666664,63.5,68.875,69.70833333333333,59.208333333333336,65.58333333333333,68.66666666666667,58.416666666666664,66.08333333333333,61.708333333333336,70.66666666666667,65.20833333333333,65,61.416666666666664,66.375,62.75,71.83333333333333,66.66666666666667,69.58333333333333,65.08333333333333,59.416666666666664,69.45833333333333,57.041666666666664,65.875
2007-05-04T00:00:00Z,55.458333333333336,56.291666666666664,55.375,58.375,57.666666666666664,60.541666666666664,56.291666666666664,50.625,56.875,52.166666666666664,56.791666666666664,54.166666666666664,53.625,56.583333333333336,63.291666666666664,53.916666666666664,62.583333333333336,55.083333333333336,65.58333333333333,54.333333333333336,51,60.458333333333336,57.791666666666664,60
2007-05-05T00:00:00Z,59.5,55.333333333333336,57.375,61.916666666666664,65.375,66.79166666666667,62.083333333333336,53.416666666666664,63.875,57.416666666666664,56.333333333333336,56,55.125,58.833333333333336,68.58333333333333,57.458333333333336,66.25,57.375,67.16666666666667,55.583333333333336,55.625,66,59.666666666666664,65.95833333333333
2007-05-06T00:00:00Z,54.625,60.916666666666664,62.291666666666664,60.333333333333336,54.666666666666664,58.875,59.5,55.875,59.375,59.375,62.666666666666664,58.916666666666664,60.916666666666664,57.125,58.083333333333336,59.041666666666664,62.625,61.875,60.666666666666664,57.25,58.5,60.916666666666664,55.166666666666664,60.041666666666664
2007-05-07T00:00:00Z,52.666666666666664,54.625,57.041666666666664,56.875,52.083333333333336,55.458333333333336,56.25,52,56.291666666666664,56.125,58.583333333333336,56.125,55.833333333333336,54.291666666666664,52.708333333333336,55.791666666666664,57.791666666666664,56.458333333333336,56,55.375,54.458333333333336,57.041666666666664,51.958333333333336,56.291666666666664
2007-05-08T00:00:00Z,56.875,59.125,62,60.416666666666664,58.125,61.166666666666664,59.916666666666664,56.708333333333336,60.166666666666664,60.083333333333336,64.29166666666667,59.166666666666664,61.166666666666664,56.541666666666664,63.958333333333336,58.75,64.54166666666667,63,64.04166666666667,60.791666666666664,60.083333333333336,62.333333333333336,55.458333333333336,60.625
2007-05-09T00:00:00Z,65.83333333333333,66.20833333333333,67.79166666666667,67.25,66.66666666666667,68.20833333333333,68.04166666666667,62.791666666666664,68.29166666666667,65.95833333333333,69.33333333333333,66.83333333333333,67.875,65.25,67.70833333333333,66.58333333333333,70.08333333333333,68.95833333333333,70.83333333333333,68.08333333333333,66.54166666666667,70.66666666666667,62.5,69.04166666666667
2007-05-10T00:00:00Z,68.875,65.79166666666667,69.41666666666667,69.20833333333333,67.95833333333333,68.5,69.29166666666667,64.66666666666667,69.79166666666667,70.125,70.66666666666667,70,69.58333333333333,66.95833333333333,69.375,68.45833333333333,70.75,69.375,69.70833333333333,68.75,68.25,69.375,67.79166666666667,73
2007-05-11T00:00:00Z,71.08333333333333,68.41666666666667,73.41666666666667,70,71.91666666666667,71.125,70.95833333333333,68.29166666666667,73.41666666666667,72.125,73.625,70.83333333333333,73.04166666666667,72.375,69.95833333333333,70.91666666666667,71.75,73.375,69.95833333333333,71.45833333333333,71.08333333333333,70.66666666666667,70.5,75.04166666666667
2007-05-12T00:00:00Z,67.79166666666667,66.54166666666667,69.75,70.04166666666667,71.79166666666667,71.375,69.95833333333333,66,72.29166666666667,71.91666666666667,69.29166666666667,69.66666666666667,69.375,69.625,72.33333333333333,68.5,73.08333333333333,69.875,73.08333333333333,67.16666666666667,68.95833333333333,72.08333333333333,67.25,72.08333333333333
2007-05-13T00:00:00Z,60.75,68.75,69.16666666666667,65,59.666666666666664,64.41666666666667,64.54166666666667,63.875,64.58333333333333,65.66666666666667,71.95833333333333,66.91666666666667,70.29166666666667,64.41666666666667,63,64.83333333333333,68,69.66666666666667,66.79166666666667,69.25,65.625,65.70833333333333,57.875,64.625
2007-05-14T00:00:00Z,57.125,62,63.541666666666664,61.833333333333336,58.208333333333336,61.625,61.25,57.833333333333336,61.625,61,65.41666666666667,59.916666666666664,63,60.291666666666664,61.583333333333336,58.791666666666664,62.5,61.75,62.708333333333336,61.875,58.791666666666664,62.416666666666664,58.416666666666664,62.083333333333336
2007-05-15T00:00:00Z,65.33333333333333,64.70833333333333,66.79166666666667,63.791666666666664,67.875,65.95833333333333,64.83333333333333,64.25,67.91666666666667,68,67.54166666666667,67.58333333333333,68.25,67.16666666666667,65.45833333333333,66.41666666666667,66.79166666666667,67.5,67.16666666666667,65.83333333333333,65.45833333333333,65.83333333333333,69.33333333333333,69.20833333333333
2007-05-16T00:00:00Z,71.25,63.083333333333336,69.70833333333333,68.58333333333333,71.875,70.58333333333333,69.45833333333333,62.541666666666664,72.29166666666667,69.95833333333333,68.20833333333333,70.95833333333333,68.58333333333333,70.54166666666667,69.91666666666667,70.45833333333333,71.54166666666667,70,72.04166666666667,67.75,64.95833333333333,71.125,73.29166666666667,73.5
2007-05-17T00:00:00Z,61.541666666666664,59.041666666666664,66.29166666666667,64.04166666666667,62.916666666666664,64.875,63.166666666666664,54.25,64.33333333333333,62.291666666666664,66.66666666666667,64,62.875,61.5,68.33333333333333,62.041666666666664,67.45833333333333,63.833333333333336,69.29166666666667,61.625,60.291666666666664,65.70833333333333,61.708333333333336,64.91666666666667
2007-05-18T00:00:00Z,55.333333333333336,53.375,60.75,63.208333333333336,56.708333333333336,61.166666666666664,62.875,48.125,62.458333333333336,57.458333333333336,61.75,57.916666666666664,57.541666666666664,56.416666666666664,58.75,58.541666666666664,65.25,58.666666666666664,60.875,57.666666666666664,54.708333333333336,63.5,56.416666666666664,62.333333333333336
2007-05-19T00:00:00Z,56.333333333333336,56.5,60.208333333333336,58.833333333333336,59.375,59.666666666666664,59.291666666666664,54.458333333333336,59.583333333333336,60.083333333333336,61.291666666666664,57,60.583333333333336,57.125,59.833333333333336,57.583333333333336,61.833333333333336,60.208333333333336,59.791666666666664,59.166666666666664,58.333333333333336,60.75,61.208333333333336,61.625
2007-05-20T00:00:00Z,62.625,61.666666666666664,66.5,65.75,66.16666666666667,66.41666666666667,66.66666666666667,63.75,67.66666666666667,68.79166666666667,68.75,64.58333333333333,67.875,66.5,67.79166666666667,64.83333333333333,69.125,64.66666666666667,68.875,63.625,64.70833333333333,67.41666666666667,68.95833333333333,68
2007-05-21T00:00:00Z,66.29166666666667,62.666666666666664,69.79166666666667,70.08333333333333,65,70.08333333333333,71.45833333333333,67.54166666666667,73.04166666666667,72.5,70.33333333333333,68.04166666666667,70.125,72.79166666666667,68.04166666666667,70.04166666666667,73.45833333333333,67.54166666666667,71.25,65.91666666666667,69.70833333333333,71.125,64.875,73.08333333333333
2007-05-22T00:00:00Z,64.45833333333333,64.79166666666667,72.45833333333333,68.75,63.25,68.45833333333333,69.45833333333333,66,69.29166666666667,70.83333333333333,71.79166666666667,69.95833333333333,70.66666666666667,67.66666666666667,65.66666666666667,69.625,70.83333333333333,69.29166666666667,69.75,69.04166666666667,70.20833333333333,70.04166666666667,62.541666666666664,69.375
2007-05-23T00:00:00Z,64.29166666666667,65.16666666666667,71.95833333333333,67.625,65.125,67.95833333333333,67.70833333333333,64.41666666666667,68.58333333333333,69.5,71.66666666666667,69,69.25,67.5,67.95833333333333,68.20833333333333,69.16666666666667,68.95833333333333,68.875,69.58333333333333,67.875,69.20833333333333,65,68.875
2007-05-24T00:00:00Z,63.333333333333336,65.79166666666667,69.375,67.33333333333333,65.91666666666667,68.16666666666667,66.375,63.5,68.45833333333333,69.375,69.66666666666667,66.54166666666667,68.95833333333333,66.45833333333333,67.83333333333333,67.04166666666667,68.75,67.16666666666667,68.79166666666667,66.75,67.54166666666667,68.75,66.20833333333333,69.58333333333333
2007-05-25T00:00:00Z,66.5,65.41666666666667,70.58333333333333,66.16666666666667,68.45833333333333,67.58333333333333,67.41666666666667,63.958333333333336,70.29166666666667,71.375,70.95833333333333,69.54166666666667,70.54166666666667,71,69.5,68.79166666666667,68.41666666666667,69.16666666666667,68,68.625,67.91666666666667,67.33333333333333,70.58333333333333,70.95833333333333
2007-05-26T00:00:00Z,71.70833333333333,68.91666666666667,73.125,67.66666666666667,73.08333333333333,69.45833333333333,69.875,65.70833333333333,73.58333333333333,75,73.375,72.83333333333333,73.625,74.04166666666667,72.29166666666667,72.66666666666667,69.41666666666667,71.41666666666667,70.41666666666667,71.41666666666667,69.875,68.04166666666667,76.5,74.54166666666667
2007-05-27T00:00:00Z,73.83333333333333,68.25,73.70833333333333,68.375,74.41666666666667,70.66666666666667,70.20833333333333,68.83333333333333,73.875,75.95833333333333,74.25,74.58333333333333,74.79166666666667,75.45833333333333,73.45833333333333,73.875,70.625,73.45833333333333,72.58333333333333,71.79166666666667,72.29166666666667,69.45833333333333,78.20833333333333,75.875
2007-05-28T00:00:00Z,74.08333333333333,68.5,73.16666666666667,70.125,75.45833333333333,74.25,71.25,67.66666666666667,74.20833333333333,75.25,73,73.91666666666667,74.79166666666667,75,74.54166666666667,73.70833333333333,72.75,73.25,73.91666666666667,72.58333333333333,72.25,72.125,79.08333333333333,76
2007-05-29T00:00:00Z,73.16666666666667,68.08333333333333,73.79166666666667,71.45833333333333,73.5,76.66666666666667,74.41666666666667,68.95833333333333,77.875,76.79166666666667,74.375,74.29166666666667,74.58333333333333,75.125,74.875,75.625,74.75,72.58333333333333,75.83333333333333,71.79166666666667,73.375,74.79166666666667,72.25,78.375
2007-05-30T00:00:00Z,69.79166666666667,68.125,76.79166666666667,73.58333333333333,70.25,74.08333333333333,74.41666666666667,70.33333333333333,77,75.91666666666667,76.29166666666667,73.625,76,75.20833333333333,72.45833333333333,75.75,73.29166666666667,75.79166666666667,74.45833333333333,72.70833333333333,74.41666666666667,73.625,71.45833333333333,76.375
2007-05-31T00:00:00Z,69.75,69.70833333333333,78.66666666666667,70.16666666666667,71.41666666666667,70.5,70.83333333333333,69.54166666666667,73.25,76.83333333333333,77.91666666666667,75.625,77.54166666666667,75.29166666666667,73.70833333333333,75.16666666666667,70.875,77.45833333333333,71.29166666666667,75.41666666666667,73.125,70.54166666666667,73.45833333333333,74.58333333333333
2007-06-01T00:00:00Z,71.25,68.66666666666667,76.45833333333333,69.625,72.91666666666667,70.66666666666667,71.125,67.125,73.875,76.75,76.20833333333333,74.70833333333333,76.375,74.875,74.70833333333333,74.41666666666667,71.25,76.125,72.58333333333333,73.83333333333333,73.16666666666667,70.79166666666667,75.58333333333333,74.66666666666667
2007-06-02T00:00:00Z,71.25,65.75,69.33333333333333,65.79166666666667,73.5,70.25,66.91666666666667,65.375,71.70833333333333,72.5,69.45833333333333,70.125,71.45833333333333,72.25,75.16666666666667,71.20833333333333,70.125,71,73.20833333333333,69.95833333333333,71.08333333333333,70.33333333333333,75.54166666666667,74.16666666666667
2007-06-03T00:00:00Z,70.33333333333333,66.45833333333333,66.29166666666667,70.16666666666667,72.66666666666667,72.33333333333333,70.41666666666667,60.416666666666664,73.33333333333333,64.54166666666667,70.25,64.29166666666667,66.16666666666667,67,73.875,66.625,73.58333333333333,66.95833333333333,73.91666666666667,66.66666666666667,63.041666666666664,73.29166666666667,70.91666666666667,74.91666666666667
2007-06-04T00:00:00Z,74.41666666666667,70.5,75.83333333333333,76.29166666666667,76.875,77,75.45833333333333,68.45833333333333,78.08333333333333,71.625,76.45833333333333,74.20833333333333,74.875,68.25,75.16666666666667,73.33333333333333,78.66666666666667,75.45833333333333,75.70833333333333,74.25,64.66666666666667,76.91666666666667,75.83333333333333,79.29166666666667
2007-06-05T00:00:00Z,75.25,71.125,76,76.16666666666667,78.75,79.625,77.08333333333333,65.91666666666667,79.95833333333333,74.54166666666667,75.20833333333333,74.16666666666667,76.375,73.66666666666667,77.125,74.04166666666667,79.95833333333333,74.95833333333333,77.5,76.5,71.58333333333333,78.375,77.70833333333333,80.54166666666667
2007-06-06T00:00:00Z,69.375,69.70833333333333,75.125,73.58333333333333,70.66666666666667,74.79166666666667,74.95833333333333,65.58333333333333,75.625,71.33333333333333,76.20833333333333,71.25,75.08333333333333,70.08333333333333,74.41666666666667,70.04166666666667,76.625,74.54166666666667,77.20833333333333,73,68.125,74.95833333333333,71.08333333333333,74.83333333333333
2007-06-07T00:00:00Z,74.95833333333333,72.45833333333333,79.54166666666667,76.16666666666667,76.91666666666667,76.375,77.5,70.375,77.75,77.79166666666667,80.125,78.625,77.04166666666667,76.41666666666667,76.33333333333333,76.125,78.83333333333333,78.08333333333333,76.75,76.08333333333333,73.41666666666667,76.75,76.95833333333333,80.54166666666667
2007-06-08T00:00:00Z,80.625,75.45833333333333,80.45833333333333,79.91666666666667,82.25,80.45833333333333,80.875,75.375,83.5,81,80.625,81.33333333333333,79.5,82.125,77.66666666666667,81.75,82.08333333333333,80.04166666666667,78.45833333333333,77.54166666666667,78,79.83333333333333,84.66666666666667,84.375
2007-06-09T00:00:00Z,77.66666666666667,72.66666666666667,80.95833333333333,80.95833333333333,79,79.33333333333333,81.625,71.75,82.54166666666667,81,82.58333333333333,79.29166666666667,80.5,78.79166666666667,78.29166666666667,79.79166666666667,82.625,80.875,78.66666666666667,77.16666666666667,77.66666666666667,80.20833333333333,77.83333333333333,83.04166666666667
2007-06-10T00:00:00Z,70,73.70833333333333,78.875,73.875,70.58333333333333,73.75,74.625,69.20833333333333,77.08333333333333,75.79166666666667,80.20833333333333,74.54166666666667,77.20833333333333,74.20833333333333,71.54166666666667,75.08333333333333,76.08333333333333,77.5,74.125,75.5,73.75,76.375,68.83333333333333,75.29166666666667
2007-06-11T00:00:00Z,67.875,69.04166666666667,71.20833333333333,70,69.66666666666667,69.5,69.91666666666667,68,71.625,70.875,72.91666666666667,69.45833333333333,70.20833333333333,69.08333333333333,69.79166666666667,69.70833333333333,72.79166666666667,69.91666666666667,70.08333333333333,75.54166666666667,68.625,70.20833333333333,72.20833333333333,72.54166666666667
2007-06-12T00:00:00Z,71.70833333333333,66.16666666666667,69,70.58333333333333,73.625,70.375,70.125,64.5,71.54166666666667,71.83333333333333,68.125,67.95833333333333,69.04166666666667,71.54166666666667,73.75,72.08333333333333,73.75,68.83333333333333,72.41666666666667,71.16666666666667,70.375,70.20833333333333,74.20833333333333,75.70833333333333
2007-06-13T00:00:00Z,69.66666666666667,64.875,70.04166666666667,67.25,70.29166666666667,71.375,68.25,63.583333333333336,72.83333333333333,69.66666666666667,69.83333333333333,66.41666666666667,68.375,70.5,69.66666666666667,69.29166666666667,71.58333333333333,69.33333333333333,71.41666666666667,69.79166666666667,68.375,71.79166666666667,69.66666666666667,73.875
2007-06-14T00:00:00Z,62.125,64.83333333333333,67.54166666666667,65.70833333333333,63.833333333333336,65.66666666666667,65.5,60.791666666666664,65.20833333333333,63.541666666666664,68.41666666666667,63.083333333333336,67.20833333333333,62.291666666666664,65.125,64,67.625,68.08333333333333,66.83333333333333,68.875,63.083333333333336,66.70833333333333,62.916666666666664,65.79166666666667
2007-06-15T00:00:00Z,61.791666666666664,64.25,65.83333333333333,63.375,63.083333333333336,65.20833333333333,64.625,58.333333333333336,66.54166666666667,63.708333333333336,67,63.166666666666664,64.66666666666667,62.083333333333336,65.20833333333333,64.45833333333333,66.04166666666667,66.08333333333333,66.08333333333333,65,60.541666666666664,65.75,64.25,66.83333333333333
2007-06-16T00:00:00Z,66.45833333333333,69.45833333333333,70.95833333333333,69,66.58333333333333,69.75,70.875,66.91666666666667,72.33333333333333,69.20833333333333,73,69.83333333333333,71.08333333333333,68.66666666666667,68.83333333333333,68.54166666666667,71.29166666666667,71.625,70.16666666666667,69.16666666666667,66.29166666666667,71.04166666666667,67.79166666666667,72.95833333333333
2007-06-17T00:00:00Z,73.16666666666667,71.41666666666667,76.75,75.58333333333333,74,75.83333333333333,76.54166666666667,70.70833333333333,78.25,75.83333333333333,77.58333333333333,73.45833333333333,76.33333333333333,74.125,74.75,74.25,78.95833333333333,75.83333333333333,77,73.79166666666667,72.20833333333333,77.125,75.45833333333333,78.41666666666667
2007-06-18T00:00:00Z,78.125,69.375,79.79166666666667,78.875,80.91666666666667,79.54166666666667,80,73.5,82.54166666666667,81.08333333333333,79.33333333333333,77.5,79.79166666666667,79.54166666666667,76.54166666666667,79.04166666666667,81.54166666666667,78.04166666666667,78.08333333333333,76,76.625,79.08333333333333,83.25,82.29166666666667
2007-06-19T00:00:00Z,81.75,72.29166666666667,78.875,78.625,82.66666666666667,80.625,79.91666666666667,72.95833333333333,84.91666666666667,80.70833333333333,78.875,79.41666666666667,77.375,82.75,77.79166666666667,80.25,81.875,78.875,78.66666666666667,77.91666666666667,74.75,80.16666666666667,84.33333333333333,85.75
2007-06-20T00:00:00Z,72.625,72.33333333333333,76.54166666666667,72.95833333333333,74.875,75.66666666666667,73.33333333333333,69.20833333333333,75.04166666666667,76.66666666666667,78.41666666666667,72.875,76.66666666666667,74.45833333333333,76.25,73.75,76.16666666666667,77.25,76.70833333333333,76.04166666666667,73.41666666666667,76.08333333333333,75.95833333333333,76.125
2007-06-21T00:00:00Z,70.79166666666667,69.83333333333333,75.66666666666667,71.04166666666667,73.20833333333333,73.54166666666667,73.125,68.875,75.95833333333333,74.875,76.16666666666667,71.54166666666667,74.70833333333333,72.25,75.41666666666667,73.5,74.625,73.08333333333333,75.625,69.91666666666667,70.875,74.70833333333333,76.08333333333333,75.70833333333333
2007-06-22T00:00:00Z,72.875,70.375,77.875,75.75,75.16666666666667,78.04166666666667,78.04166666666667,71.33333333333333,80.04166666666667,76.45833333333333,78.5,74.375,77.45833333333333,74.33333333333333,78,74.66666666666667,78.45833333333333,76.41666666666667,78.29166666666667,72.70833333333333,72.375,77.79166666666667,77.125,79.875
2007-06-23T00:00:00Z,71.04166666666667,72,80.29166666666667,77.04166666666667,71.04166666666667,75.70833333333333,76.08333333333333,71.04166666666667,76.20833333333333,75.5,79.33333333333333,73,78.66666666666667,72.16666666666667,76,73.70833333333333,77.75,79.08333333333333,77.5,77.20833333333333,73.29166666666667,76.91666666666667,71.125,78.125
2007-06-24T00:00:00Z,74.95833333333333,72.375,78.625,75.41666666666667,75,76.375,75.33333333333333,67.66666666666667,77.70833333333333,77.16666666666667,78.58333333333333,75.875,75.91666666666667,77.375,77.95833333333333,76.70833333333333,78.16666666666667,76.70833333333333,77.70833333333333,73.83333333333333,72.875,78.375,75.375,79.25
2007-06-25T00:00:00Z,77.29166666666667,69.79166666666667,76.45833333333333,76.58333333333333,78.41666666666667,77.625,78.625,68.125,78.125,76.54166666666667,74.75,75.41666666666667,74.16666666666667,76.83333333333333,79.41666666666667,77.70833333333333,77.625,76.25,79.08333333333333,75.91666666666667,71.75,77.95833333333333,80,79.66666666666667
2007-06-26T00:00:00Z,80.625,70.66666666666667,78.41666666666667,77.29166666666667,79.83333333333333,78.45833333333333,78.08333333333333,71.70833333333333,80.08333333333333,80.04166666666667,76.33333333333333,76.91666666666667,77.625,81.125,79.95833333333333,80.04166666666667,78.66666666666667,78.70833333333333,79.75,77.41666666666667,75.29166666666667,78.66666666666667,78.41666666666667,82.79166666666667
2007-06-27T00:00:00Z,79.54166666666667,73.375,79.75,76.79166666666667,81.29166666666667,78.375,78.58333333333333,71.83333333333333,80.79166666666667,80.41666666666667,79.25,79.54166666666667,76.58333333333333,78.79166666666667,79.83333333333333,79,78.33333333333333,78.625,79.625,77.58333333333333,76.08333333333333,78.33333333333333,83.04166666666667,82.83333333333333
2007-06-28T00:00:00Z,80.875,71.91666666666667,81.25,77.83333333333333,83.25,79.95833333333333,79.70833333333333,72.83333333333333,82.45833333333333,79.375,80.375,80.875,76.70833333333333,80.66666666666667,80.16666666666667,77.95833333333333,80,80.66666666666667,80.75,78.04166666666667,72.08333333333333,79.58333333333333,83.58333333333333,84.08333333333333
2007-06-29T00:00:00Z,79.45833333333333,73.75,80.79166666666667,80,80.375,78.70833333333333,79.25,72.66666666666667,79.25,78.08333333333333,80.125,77.625,77.875,79.79166666666667,79.20833333333333,78.25,82.04166666666667,78.08333333333333,80.95833333333333,77.04166666666667,72.83333333333333,79.625,79.91666666666667,79.20833333333333
2007-06-30T00:00:00Z,77.25,74.5,76.54166666666667,74.29166666666667,77.25,78.16666666666667,76.04166666666667,69.45833333333333,77.54166666666667,75.625,78.5,76.08333333333333,74.66666666666667,76.29166666666667,79.20833333333333,76.70833333333333,78.16666666666667,76.83333333333333,80.79166666666667,75.66666666666667,71.625,77.58333333333333,76.29166666666667,78.375
2007-07-01T00:00:00Z,74.625,72.33333333333333,76.79166666666667,75.58333333333333,73.95833333333333,76.20833333333333,75.5,67.25,76.70833333333333,74.79166666666667,78.58333333333333,73.95833333333333,75.25,74.125,76.16666666666667,75.125,77.375,76.5,78,74.33333333333333,70.875,76.83333333333333,74.625,77.83333333333333
2007-07-02T00:00:00Z,67.70833333333333,66.08333333333333,72.66666666666667,71.375,70.54166666666667,72.33333333333333,72.16666666666667,63.625,72.91666666666667,72.625,69.04166666666667,72.625,70.29166666666667,71.83333333333333,72.625,72.125,73.41666666666667,71.33333333333333,74.20833333333333,73.58333333333333,68.25,72.41666666666667,70.20833333333333,73.375
2007-07-03T00:00:00Z,70.20833333333333,68,72.91666666666667,70.66666666666667,69.54166666666667,70.91666666666667,71.5,64.875,73.29166666666667,73.5,72.25,71.41666666666667,71.375,72.66666666666667,72.25,73.04166666666667,71.70833333333333,72.625,72.58333333333333,69.75,69.04166666666667,73.375,70.66666666666667,74.29166666666667
2007-07-04T00:00:00Z,74.66666666666667,70.33333333333333,74.83333333333333,70.75,74.75,72.70833333333333,72.125,68.79166666666667,75.41666666666667,76.16666666666667,74.125,74.95833333333333,75.125,75.75,77.33333333333333,75.70833333333333,72.58333333333333,75.125,74.79166666666667,71.875,72.58333333333333,72.70833333333333,76.79166666666667,77.54166666666667
2007-07-05T00:00:00Z,78.75,73.16666666666667,77.125,74.75,78.66666666666667,76.16666666666667,75.66666666666667,73,78.41666666666667,77.83333333333333,77.41666666666667,77.875,78.29166666666667,78.41666666666667,79.04166666666667,77.83333333333333,76.875,78,79.83333333333333,74.91666666666667,72.45833333333333,76.08333333333333,80.58333333333333,80.08333333333333
2007-07-06T00:00:00Z,80.45833333333333,72.625,78.54166666666667,78.5,80,78.875,80.45833333333333,74.45833333333333,82.45833333333333,78.54166666666667,77.66666666666667,78.875,78.33333333333333,78.375,80.08333333333333,79.375,81.91666666666667,79.75,80.95833333333333,77.79166666666667,74.95833333333333,80.08333333333333,80.45833333333333,83.20833333333333
2007-07-07T00:00:00Z,77.45833333333333,71.95833333333333,78.29166666666667,76.625,78.16666666666667,75.66666666666667,75.75,71.95833333333333,77.875,80.04166666666667,77.70833333333333,78.95833333333333,78.625,78.5,80.54166666666667,78.875,77.66666666666667,78.70833333333333,80.16666666666667,76.54166666666667,74.83333333333333,77.5,80,78.58333333333333
2007-07-08T00:00:00Z,79.83333333333333,74.08333333333333,79.33333333333333,74.33333333333333,79.625,77.66666666666667,75.5,72.70833333333333,79.33333333333333,81.04166666666667,78,79.45833333333333,79.875,82.16666666666667,80.125,79.16666666666667,77.20833333333333,79.95833333333333,79.29166666666667,77.83333333333333,76.91666666666667,77.79166666666667,82.54166666666667,81.29166666666667
2007-07-09T00:00:00Z,82.125,73.375,78.08333333333333,76.70833333333333,82.33333333333333,79.20833333333333,78.16666666666667,74.875,80.75,81.375,77.66666666666667,79.66666666666667,79.08333333333333,83.70833333333333,80.625,80.875,79.70833333333333,78.41666666666667,80.45833333333333,77.41666666666667,78.91666666666667,78.875,86.41666666666667,85.45833333333333
2007-07-10T00:00:00Z,81.08333333333333,72.33333333333333,79.70833333333333,82.75,80.33333333333333,78.29166666666667,82.83333333333333,75.5,79.58333333333333,78.875,77.75,78.875,78.25,80,78.08333333333333,77,84.16666666666667,77.75,79.20833333333333,78.41666666666667,76,81.66666666666667,82.08333333333333,81.95833333333333
2007-07-11T00:00:00Z,79.5,72.125,78.95833333333333,80.41666666666667,80.79166666666667,80.91666666666667,82.08333333333333,72,80.16666666666667,78.125,78.79166666666667,77.79166666666667,77.58333333333333,77.29166666666667,81.29166666666667,77.125,83.375,78.875,82.54166666666667,76.08333333333333,75.125,81.91666666666667,82.54166666666667,84.08333333333333
2007-07-12T00:00:00Z,78.08333333333333,72.08333333333333,78.33333333333333,80.29166666666667,78.08333333333333,78.79166666666667,80.08333333333333,69.20833333333333,78.58333333333333,78.625,78.58333333333333,76.875,77.16666666666667,76.58333333333333,80.20833333333333,77.04166666666667,79.33333333333333,78.625,79.5,73.58333333333333,73.54166666666667,79,78.75,82.75
2007-07-13T00:00:00Z,74.125,65.33333333333333,72.54166666666667,80.29166666666667,76.375,77.125,79.33333333333333,63.958333333333336,76.75,73.25,73.375,71.29166666666667,70.20833333333333,73,78.45833333333333,72.25,82.625,70.375,79.25,72.33333333333333,67.58333333333333,79.16666666666667,76.79166666666667,79.625
2007-07-14T00:00:00Z,76.29166666666667,66.75,70.95833333333333,74.58333333333333,74.83333333333333,77.45833333333333,74.95833333333333,67.91666666666667,77.08333333333333,73.25,72.41666666666667,70.45833333333333,71.29166666666667,73.91666666666667,79.54166666666667,72.625,76.25,70.33333333333333,78.20833333333333,69.41666666666667,69.45833333333333,77.33333333333333,79.08333333333333,80.375
2007-07-15T00:00:00Z,78.79166666666667,69.625,71.79166666666667,77.875,79.91666666666667,78.04166666666667,78,71.375,80.45833333333333,76.20833333333333,72.54166666666667,73.375,74.20833333333333,77.33333333333333,78.75,75.41666666666667,79.41666666666667,72.75,79.41666666666667,71.66666666666667,73.20833333333333,77.16666666666667,83.41666666666667,84.04166666666667
2007-07-16T00:00:00Z,80.83333333333333,71.29166666666667,76.70833333333333,81.58333333333333,81.70833333333333,79.58333333333333,80.79166666666667,71.20833333333333,81.125,77.08333333333333,77.75,76.66666666666667,76.95833333333333,80.375,80.20833333333333,78.125,83.29166666666667,77.91666666666667,81.58333333333333,76.91666666666667,71.95833333333333,79.75,83.5,82.75
2007-07-17T00:00:00Z,77.41666666666667,71.875,79.58333333333333,83,78.70833333333333,81.04166666666667,83.375,69.54166666666667,80.91666666666667,77.20833333333333,77.79166666666667,79.16666666666667,77.70833333333333,78.33333333333333,80.625,78.625,84.41666666666667,79.41666666666667,82.70833333333333,76.33333333333333,72.29166666666667,81.75,80.5,82.125
2007-07-18T00:00:00Z,79.20833333333333,71.375,77.08333333333333,84.5,79.875,81.625,84.91666666666667,68.95833333333333,80.70833333333333,79.625,78.29166666666667,78.08333333333333,79.04166666666667,79.08333333333333,79.625,78.41666666666667,86.04166666666667,79.5,81.83333333333333,77.625,76.75,83.125,81.66666666666667,80.79166666666667
2007-07-19T00:00:00Z,83.375,72.16666666666667,82,84.66666666666667,82.79166666666667,83.75,85.16666666666667,74.45833333333333,84.25,81,81.83333333333333,82.625,81.33333333333333,83.375,81.20833333333333,81.54166666666667,85.75,81.08333333333333,83.25,79.08333333333333,79.54166666666667,84.20833333333333,83.91666666666667,85.75
2007-07-20T00:00:00Z,75.875,71.95833333333333,78.04166666666667,80.375,78.54166666666667,77.95833333333333,82,68.70833333333333,79.75,77.83333333333333,78.95833333333333,77.70833333333333,75.83333333333333,77.375,79.58333333333333,77.25,80.41666666666667,76.75,80.08333333333333,76.25,75.08333333333333,78.79166666666667,78.66666666666667,81.5
2007-07-21T00:00:00Z,70.41666666666667,68.75,75.33333333333333,76.04166666666667,74.08333333333333,74.04166666666667,76.25,64.04166666666667,74.95833333333333,72.91666666666667,75.75,74.25,72.375,71.79166666666667,76.5,72.91666666666667,75.125,73.83333333333333,74.625,70.45833333333333,70.08333333333333,74.91666666666667,74.5,75.33333333333333
2007-07-22T00:00:00Z,69.95833333333333,66.33333333333333,74.16666666666667,72.125,73.16666666666667,72.25,72.875,64.08333333333333,73.125,72.54166666666667,74.33333333333333,71.625,72,70.70833333333333,74.58333333333333,71.08333333333333,72.20833333333333,71.54166666666667,72.5,70.41666666666667,69.75,72.54166666666667,75.375,73
2007-07-23T00:00:00Z,73.45833333333333,64.08333333333333,72.75,74.08333333333333,73.33333333333333,73.625,74.25,61.666666666666664,73.95833333333333,72.29166666666667,73.70833333333333,73.25,69.20833333333333,71.45833333333333,75.08333333333333,73.20833333333333,75,70.125,73.79166666666667,68.20833333333333,68,74.08333333333333,75.75,74.79166666666667
2007-07-24T00:00:00Z,73.5,66.29166666666667,73.75,74.66666666666667,73.29166666666667,74.125,76.625,59.666666666666664,75.04166666666667,71.33333333333333,75.83333333333333,73.375,69.125,71.70833333333333,75.375,72.04166666666667,74.75,71.54166666666667,74.04166666666667,68.66666666666667,64.66666666666667,73.91666666666667,76,78.79166666666667
2007-07-25T00:00:00Z,74.75,68,76.66666666666667,75.45833333333333,75.25,74.08333333333333,76.375,59.833333333333336,75.91666666666667,72.875,76.70833333333333,75.29166666666667,70.75,73.04166666666667,77.79166666666667,74.79166666666667,74.95833333333333,74.33333333333333,75.33333333333333,68.91666666666667,68.45833333333333,74.625,77.45833333333333,78.04166666666667
2007-07-26T00:00:00Z,75.625,70.29166666666667,78.08333333333333,78.875,77.83333333333333,77.875,78.83333333333333,65.70833333333333,79.75,75.41666666666667,77.875,76.58333333333333,75.54166666666667,75.54166666666667,78.08333333333333,75.41666666666667,78.625,76.08333333333333,77.5,73.75,74.79166666666667,78.33333333333333,78.41666666666667,81.25
2007-07-27T00:00:00Z,74.83333333333333,68.375,77.70833333333333,78.375,77.91666666666667,77.54166666666667,77,68.04166666666667,77.54166666666667,78.29166666666667,80.04166666666667,78.70833333333333,77.375,74.33333333333333,79.95833333333333,76.45833333333333,78.08333333333333,77.41666666666667,78.70833333333333,73.875,74.70833333333333,77.33333333333333,78.91666666666667,79.95833333333333
2007-07-28T00:00:00Z,74.58333333333333,68.58333333333333,74.95833333333333,78,76.79166666666667,75.70833333333333,75.41666666666667,67.83333333333333,78.91666666666667,75.625,73.29166666666667,78,74.91666666666667,74.04166666666667,81.04166666666667,75.54166666666667,74.33333333333333,75.375,79.91666666666667,73.45833333333333,75.29166666666667,76.58333333333333,77.70833333333333,81.125
2007-07-29T00:00:00Z,77.45833333333333,72.70833333333333,76.04166666666667,77.625,79.20833333333333,76.75,76.75,66.875,77.16666666666667,76.625,75.08333333333333,76.95833333333333,74.75,75.91666666666667,81.5,76.875,76.54166666666667,76.08333333333333,79.33333333333333,74,74.625,78.20833333333333,78.25,81.58333333333333
2007-07-30T00:00:00Z,77.5,70.95833333333333,76.66666666666667,76.20833333333333,75.41666666666667,76.08333333333333,76.5,68.08333333333333,75.41666666666667,75.79166666666667,76.16666666666667,75,75.41666666666667,73.45833333333333,79.875,76.58333333333333,76.91666666666667,76.66666666666667,77.29166666666667,75,76.29166666666667,77.54166666666667,76.875,77.625
2007-07-31T00:00:00Z,78.95833333333333,73.29166666666667,78.875,78.95833333333333,78.25,78.83333333333333,78.625,69.75,79.125,78.5,78.91666666666667,77.25,78.33333333333333,75.58333333333333,79.75,77.625,77.91666666666667,78.70833333333333,77.70833333333333,76.54166666666667,77.58333333333333,78.83333333333333,78.91666666666667,80.41666666666667
2007-08-01T00:00:00Z,80.33333333333333,74,81.29166666666667,79.83333333333333,78,78.20833333333333,80.25,68.33333333333333,79.95833333333333,80.58333333333333,80.04166666666667,79.41666666666667,78.16666666666667,77.375,79.41666666666667,79.29166666666667,78.66666666666667,79,77.5,77.20833333333333,78.33333333333333,79.125,79.91666666666667,80.29166666666667
2007-08-02T00:00:00Z,80.5,73.5,81.45833333333333,79.20833333333333,76.16666666666667,77.04166666666667,79.875,69.66666666666667,79.875,80.75,81.20833333333333,79.875,80.54166666666667,77.70833333333333,80.25,78.41666666666667,77.95833333333333,77.95833333333333,78.29166666666667,78.79166666666667,77.58333333333333,77.66666666666667,79.75,81.04166666666667
2007-08-03T00:00:00Z,81.375,73.33333333333333,80.875,77.75,77.83333333333333,77.75,78.45833333333333,69.25,79.70833333333333,79.20833333333333,80.875,81.45833333333333,78.45833333333333,79.08333333333333,80.16666666666667,80.54166666666667,78.29166666666667,78.91666666666667,78.16666666666667,74.66666666666667,76.25,78,80.20833333333333,81.33333333333333
2007-08-04T00:00:00Z,84,74.625,81.54166666666667,79.20833333333333,81.83333333333333,79.83333333333333,79.79166666666667,72.58333333333333,82.04166666666667,81.375,82.20833333333333,81.54166666666667,80.16666666666667,81.04166666666667,81.29166666666667,82.25,78.625,80.20833333333333,78.79166666666667,77.20833333333333,79.125,78.5,83.375,84.54166666666667
2007-08-05T00:00:00Z,85.125,73.29166666666667,83.79166666666667,83.95833333333333,80.79166666666667,81.58333333333333,84,71.33333333333333,84.54166666666667,83.75,82.04166666666667,80.375,80.95833333333333,80.125,82.29166666666667,82.16666666666667,81.79166666666667,81.70833333333333,81.125,78.16666666666667,78.5,81.20833333333333,81.25,86.5
2007-08-06T00:00:00Z,85.16666666666667,76.875,83.625,85,81.54166666666667,81.70833333333333,83.75,76.45833333333333,84.54166666666667,85.58333333333333,84.375,83.75,84.70833333333333,81.45833333333333,82.04166666666667,84.41666666666667,83,82.75,80.29166666666667,81.79166666666667,82.125,81.625,82.91666666666667,83.58333333333333
2007-08-07T00:00:00Z,88.41666666666667,77.91666666666667,86.83333333333333,85,85.04166666666667,85.375,85.29166666666667,77.25,86.58333333333333,86.875,87.5,85.625,86.41666666666667,83.91666666666667,84.33333333333333,85.83333333333333,84.33333333333333,85.91666666666667,83.25,83.04166666666667,81.75,84.45833333333333,86.125,88.41666666666667
2007-08-08T00:00:00Z,90.83333333333333,78.29166666666667,88.29166666666667,89.04166666666667,88.29166666666667,86.875,87,77.58333333333333,87.29166666666667,89.95833333333333,89,87.95833333333333,87.375,86.625,84.66666666666667,88.79166666666667,87.83333333333333,86.95833333333333,84.16666666666667,83.33333333333333,85.66666666666667,86.75,89.20833333333333,90.33333333333333
2007-08-09T00:00:00Z,87.875,79.20833333333333,90.04166666666667,87,84.625,86.54166666666667,88.33333333333333,78.95833333333333,88.58333333333333,90.625,89.79166666666667,88.58333333333333,88.54166666666667,87.91666666666667,84.25,89.66666666666667,87.91666666666667,88.54166666666667,84.41666666666667,85,87.70833333333333,86.58333333333333,86.45833333333333,86.25
2007-08-10T00:00:00Z,82.25,79.16666666666667,89.16666666666667,86.45833333333333,80.16666666666667,84.08333333333333,86.5,78.08333333333333,84.66666666666667,87.45833333333333,90.375,86,87.375,82.08333333333333,82.54166666666667,87.29166666666667,85.83333333333333,87.66666666666667,81.58333333333333,84.5,85.16666666666667,84.625,81.45833333333333,85.66666666666667
2007-08-11T00:00:00Z,78.20833333333333,79.04166666666667,86.04166666666667,80.20833333333333,75.70833333333333,76.91666666666667,78.58333333333333,73.5,77.125,80.875,88.54166666666667,81.83333333333333,84,75.83333333333333,78.66666666666667,79.16666666666667,79.5,85,78.33333333333333,82.625,81.58333333333333,78.29166666666667,74.58333333333333,78.5
2007-08-12T00:00:00Z,75.41666666666667,76.70833333333333,82.91666666666667,77.625,73.29166666666667,74.58333333333333,77.5,72.25,76.16666666666667,81.20833333333333,81.08333333333333,80.66666666666667,81.70833333333333,75.95833333333333,76.58333333333333,79.16666666666667,77.25,82.95833333333333,75.33333333333333,80.79166666666667,79.5,76.45833333333333,74.16666666666667,77.08333333333333
2007-08-13T00:00:00Z,77.75,76.79166666666667,84.5,79.625,76.625,78.41666666666667,81.66666666666667,73.625,80.04166666666667,83.75,84.83333333333333,83.79166666666667,83.5,79.375,77.79166666666667,82.29166666666667,79.5,83.875,78.16666666666667,80.20833333333333,81.33333333333333,78,78.125,81.33333333333333
2007-08-14T00:00:00Z,78.375,74.875,82.70833333333333,80.25,76.20833333333333,80.33333333333333,81.41666666666667,70.91666666666667,79.125,80.125,83.66666666666667,80.29166666666667,81.41666666666667,76.5,80.45833333333333,80.08333333333333,81.41666666666667,80.79166666666667,82.41666666666667,77.95833333333333,77.91666666666667,80.08333333333333,77.20833333333333,80.04166666666667
2007-08-15T00:00:00Z,79.91666666666667,75.70833333333333,83.54166666666667,80.95833333333333,76.66666666666667,79.83333333333333,81.66666666666667,72.16666666666667,81.875,83.04166666666667,85.125,81.75,83.16666666666667,80.125,80.125,80.66666666666667,81.29166666666667,80.79166666666667,82.875,79.91666666666667,79.16666666666667,80.29166666666667,79.33333333333333,82.375
2007-08-16T00:00:00Z,85.58333333333333,75.95833333333333,86.70833333333333,82.20833333333333,82.79166666666667,81.58333333333333,83,76.25,83.45833333333333,86.66666666666667,87.33333333333333,87.25,85.375,84.875,83.20833333333333,86.25,82.75,82.33333333333333,84.70833333333333,81.25,83.16666666666667,81.91666666666667,85.45833333333333,85.125
2007-08-17T00:00:00Z,81.54166666666667,77.04166666666667,84.91666666666667,83.33333333333333,79.79166666666667,81.875,84,74.29166666666667,82.79166666666667,84.45833333333333,86.45833333333333,84.41666666666667,84.66666666666667,80.875,82.29166666666667,83.58333333333333,82.91666666666667,83.16666666666667,84.70833333333333,82,83.16666666666667,82.33333333333333,80.04166666666667,83.79166666666667
2007-08-18T00:00:00Z,78.20833333333333,75.08333333333333,82.58333333333333,82.33333333333333,77.5,80.45833333333333,81.83333333333333,73.04166666666667,79.375,79.41666666666667,83.5,79.54166666666667,81,76.625,80.33333333333333,81.16666666666667,82.25,77.58333333333333,83.20833333333333,79.41666666666667,80,81.375,78.16666666666667,80.95833333333333
2007-08-19T00:00:00Z,79.33333333333333,75.70833333333333,83.58333333333333,80.125,77.91666666666667,80.25,80.79166666666667,72.66666666666667,79.125,82.33333333333333,82.95833333333333,83.45833333333333,81.20833333333333,78.125,79.66666666666667,81.16666666666667,80.58333333333333,80.70833333333333,82.83333333333333,79.08333333333333,79.66666666666667,79.5,77.33333333333333,81.20833333333333
2007-08-20T00:00:00Z,85.41666666666667,77.04166666666667,85.875,83.375,81.91666666666667,83.45833333333333,85.04166666666667,76.29166666666667,85.29166666666667,86.125,85.25,87.25,84.70833333333333,83.58333333333333,82.5,85.70833333333333,84.125,85.875,84.625,82.5,83.54166666666667,82.875,77.91666666666667,87.58333333333333
2007-08-21T00:00:00Z,84.25,75.08333333333333,82.66666666666667,86.45833333333333,83.66666666666667,85.125,87.375,77.20833333333333,86.33333333333333,82.375,86.5,82.625,81.33333333333333,79.29166666666667,83.20833333333333,84.08333333333333,86.25,82.41666666666667,85.375,79.625,76.91666666666667,85.45833333333333,80.91666666666667,88.04166666666667
2007-08-22T00:00:00Z,79.08333333333333,77.79166666666667,84.125,84.125,76.16666666666667,79.5,82.25,76.58333333333333,80.33333333333333,80.70833333333333,86.70833333333333,80.375,82.125,77.45833333333333,79.20833333333333,80.66666666666667,81.95833333333333,81.70833333333333,83.08333333333333,82.125,77.875,80.08333333333333,75,80.125
2007-08-23T00:00:00Z,78.25,76.41666666666667,81.625,77.91666666666667,75.91666666666667,79.29166666666667,78.625,71.29166666666667,79.66666666666667,80.66666666666667,83.29166666666667,78.33333333333333,80.41666666666667,76.58333333333333,78.79166666666667,80.04166666666667,79.41666666666667,82.54166666666667,81.41666666666667,79.83333333333333,79.375,79.625,75.04166666666667,79.375
2007-08-24T00:00:00Z,81.625,72.125,83,79.79166666666667,77.16666666666667,80.08333333333333,80.41666666666667,74.125,82.25,82.875,78.70833333333333,81.58333333333333,80.04166666666667,81.875,78.625,82.33333333333333,80.08333333333333,82.58333333333333,80.75,78.375,80.75,80,78.66666666666667,83.33333333333333
2007-08-25T00:00:00Z,85.04166666666667,74.625,82.66666666666667,80.95833333333333,82,81.66666666666667,82.04166666666667,72.16666666666667,83.41666666666667,84.95833333333333,80.20833333333333,84.875,81.29166666666667,83.70833333333333,82.5,84.16666666666667,80.95833333333333,82.58333333333333,83.70833333333333,78.45833333333333,82.375,80.625,84.125,85.54166666666667
2007-08-26T00:00:00Z,79.79166666666667,71.70833333333333,78.08333333333333,81.16666666666667,78.625,77.91666666666667,78.54166666666667,70.5,80.66666666666667,79.45833333333333,77.25,79.625,76.95833333333333,77,83,78.75,81.5,78.25,83.875,75.20833333333333,77.58333333333333,81.08333333333333,78.625,81.79166666666667
2007-08-27T00:00:00Z,78.58333333333333,72.29166666666667,78.08333333333333,76,77.58333333333333,77.45833333333333,76.66666666666667,68.91666666666667,76.95833333333333,78.41666666666667,77.33333333333333,78.125,77.45833333333333,75.66666666666667,78.45833333333333,77.91666666666667,77.04166666666667,77.91666666666667,80.54166666666667,75.625,77.625,78.91666666666667,77.875,79
2007-08-28T00:00:00Z,79.625,73.25,81.79166666666667,79.33333333333333,76.95833333333333,79.54166666666667,79.83333333333333,69.79166666666667,79.29166666666667,81.29166666666667,81.625,80.08333333333333,76.16666666666667,77.33333333333333,78.875,80.45833333333333,78.70833333333333,79.33333333333333,80.16666666666667,75,78.75,80,76.66666666666667,81
2007-08-29T00:00:00Z,77.33333333333333,71.91666666666667,81.33333333333333,78.5,74.41666666666667,77.5,79.5,72.91666666666667,78.79166666666667,82.58333333333333,79.41666666666667,79.91666666666667,78.625,77.45833333333333,78.04166666666667,79.83333333333333,76.875,79.375,78.79166666666667,77.66666666666667,78.41666666666667,78.66666666666667,75,79.29166666666667
2007-08-30T00:00:00Z,76.16666666666667,72.91666666666667,79.20833333333333,77.625,72.45833333333333,76.08333333333333,78.125,70.375,78.16666666666667,78.79166666666667,75.58333333333333,78.79166666666667,77.875,75.79166666666667,77.33333333333333,78.66666666666667,77.45833333333333,78.875,78.04166666666667,75.33333333333333,74,77.70833333333333,74.20833333333333,77.79166666666667
2007-08-31T00:00:00Z,77.45833333333333,71,78.16666666666667,75.91666666666667,73.20833333333333,76.25,77.375,68.41666666666667,78.91666666666667,78.91666666666667,76.45833333333333,77.54166666666667,77.16666666666667,75.29166666666667,77.04166666666667,77.875,76.625,77.625,78.58333333333333,75.91666666666667,77.5,76.91666666666667,76.70833333333333,78.08333333333333
2007-09-01T00:00:00Z,77.125,70.125,75.375,75.375,73.875,75.54166666666667,77.04166666666667,63.75,76.70833333333333,73.875,76.45833333333333,75.5,74.91666666666667,73.33333333333333,77.20833333333333,74.33333333333333,75.70833333333333,76.45833333333333,78.29166666666667,73.625,71.33333333333333,76.375,75,76.66666666666667
2007-09-02T00:00:00Z,71.54166666666667,70.04166666666667,76.29166666666667,75.375,71.33333333333333,74.29166666666667,76.41666666666667,64.20833333333333,74.33333333333333,74.375,75.375,75,73.25,70.41666666666667,76.83333333333333,73.95833333333333,74.5,75.25,69.125,73.20833333333333,73.58333333333333,75.875,72.875,73.125
2007-09-03T00:00:00Z,73.08333333333333,70.41666666666667,76.29166666666667,76.16666666666667,74.08333333333333,76.20833333333333,76.25,67.875,75.54166666666667,76.91666666666667,76.33333333333333,74.95833333333333,73.875,72.91666666666667,78.75,73.625,75.875,74.29166666666667,76.33333333333333,73.25,73.79166666666667,77,74.08333333333333,75.33333333333333
2007-09-04T00:00:00Z,76.70833333333333,72.25,80.66666666666667,75.875,73.33333333333333,74.91666666666667,77.33333333333333,70.5,77.79166666666667,79.5,80.79166666666667,77.20833333333333,79.83333333333333,75.95833333333333,77.41666666666667,77.375,75.16666666666667,78.04166666666667,78.29166666666667,75.375,76.41666666666667,75.875,75.58333333333333,77.5
2007-09-05T00:00:00Z,79.5,70.20833333333333,79.25,76.70833333333333,74.83333333333333,77.125,78.625,69.66666666666667,79.29166666666667,80.20833333333333,80.16666666666667,77.125,78.54166666666667,77.70833333333333,78.08333333333333,78.75,76.20833333333333,76.70833333333333,79.45833333333333,74.5,77.04166666666667,76.33333333333333,77.29166666666667,79.66666666666667
2007-09-06T00:00:00Z,79.41666666666667,71.04166666666667,79.58333333333333,77.375,75.83333333333333,77.79166666666667,78.95833333333333,69.70833333333333,79.375,80.91666666666667,80.16666666666667,80.29166666666667,79,78.95833333333333,79.16666666666667,80.29166666666667,77.33333333333333,77.625,79.875,74.875,77.875,78.58333333333333,77.5,79.66666666666667
2007-09-07T00:00:00Z,76.75,71.375,79.08333333333333,76.33333333333333,74.33333333333333,76.08333333333333,77.54166666666667,69.875,77.33333333333333,79.83333333333333,79.20833333333333,78.875,79.29166666666667,77.04166666666667,77.29166666666667,79.375,76.79166666666667,78.54166666666667,77.75,75.41666666666667,77.95833333333333,77.75,76.41666666666667,78.16666666666667
2007-09-08T00:00:00Z,75.41666666666667,70.95833333333333,78.41666666666667,74.04166666666667,72.79166666666667,75.125,75.54166666666667,69.125,75.375,79.5,79.16666666666667,77.375,77.75,74.75,78.25,76.20833333333333,75.04166666666667,76.625,77.875,74.25,77.29166666666667,76.08333333333333,74.66666666666667,76
2007-09-09T00:00:00Z,77.45833333333333,71.75,79.70833333333333,78.58333333333333,77.20833333333333,75.91666666666667,79.5,70.41666666666667,79.125,79,79.5,76.20833333333333,78.66666666666667,74.45833333333333,77.83333333333333,75.83333333333333,77.83333333333333,77.20833333333333,78.125,75.75,76.20833333333333,76.125,78.29166666666667,77.54166666666667
2007-09-10T00:00:00Z,82.16666666666667,74.04166666666667,81.70833333333333,80.625,79.66666666666667,78.79166666666667,81.95833333333333,70.5,81.45833333333333,81.29166666666667,82.29166666666667,82.125,80.75,79.83333333333333,80.5,79.70833333333333,80.875,79.95833333333333,81.54166666666667,77.125,78.625,79.875,80.41666666666667,82.20833333333333
2007-09-11T00:00:00Z,85.5,71.29166666666667,82.58333333333333,82.29166666666667,82.08333333333333,81.5,82.70833333333333,73.125,84.66666666666667,80.95833333333333,80.91666666666667,83.5,79.41666666666667,80.875,81.95833333333333,82.125,81.625,81.70833333333333,82.66666666666667,77.20833333333333,76.91666666666667,81.33333333333333,84.25,85.625
2007-09-12T00:00:00Z,79.20833333333333,71.70833333333333,77.5,74.95833333333333,75.79166666666667,76.16666666666667,74.16666666666667,65.45833333333333,76.16666666666667,75.875,78.5,76.29166666666667,75.58333333333333,75,78.875,76.5,76.29166666666667,76.41666666666667,78.375,75,73.41666666666667,77.45833333333333,77.66666666666667,79.91666666666667
2007-09-13T00:00:00Z,75.79166666666667,69.16666666666667,75.375,76.16666666666667,74.75,76.45833333333333,76.08333333333333,63.583333333333336,77.45833333333333,73.45833333333333,73.95833333333333,74.54166666666667,74.54166666666667,73.95833333333333,76.54166666666667,74.70833333333333,76.41666666666667,74.375,77.33333333333333,74.29166666666667,71.79166666666667,76.95833333333333,75.125,78.08333333333333
2007-09-14T00:00:00Z,76,67.58333333333333,74.125,77.70833333333333,74.33333333333333,77.20833333333333,76.33333333333333,63.208333333333336,75.375,72.66666666666667,73.5,73.91666666666667,71.33333333333333,71.66666666666667,78.5,72.58333333333333,77.45833333333333,73.66666666666667,79.25,70.08333333333333,71.375,77.04166666666667,75.66666666666667,76.875
2007-09-15T00:00:00Z,73,64.95833333333333,71.91666666666667,76.625,71.33333333333333,74.45833333333333,75.66666666666667,58.375,74.5,69,72.70833333333333,71.25,68.95833333333333,68.08333333333333,74.58333333333333,70.83333333333333,76.875,70.16666666666667,75.83333333333333,65.5,64.70833333333333,76.125,71.625,74.125
2007-09-16T00:00:00Z,64.08333333333333,58.125,64.79166666666667,67.625,64.91666666666667,66.79166666666667,67.29166666666667,51.708333333333336,65.125,61.583333333333336,65.75,63.916666666666664,61.333333333333336,59.916666666666664,69.95833333333333,62.375,68.5,63.291666666666664,69.16666666666667,59.75,59.541666666666664,67.83333333333333,66.33333333333333,65.66666666666667
2007-09-17T00:00:00Z,64.375,60.458333333333336,65.79166666666667,65.45833333333333,65.41666666666667,66.54166666666667,65.20833333333333,55.25,65.79166666666667,62.333333333333336,66.95833333333333,63.375,62.916666666666664,59.875,70.54166666666667,62.958333333333336,67.20833333333333,63.25,68.375,61.458333333333336,61.75,67.125,67.375,66.33333333333333
2007-09-18T00:00:00Z,66.54166666666667,60.458333333333336,66.45833333333333,67.70833333333333,67.125,67.95833333333333,66.66666666666667,57.208333333333336,66.79166666666667,63.666666666666664,66.66666666666667,65.08333333333333,64.54166666666667,61.375,71.25,64.54166666666667,69.16666666666667,64.5,69.33333333333333,63.25,62.625,68.54166666666667,68.41666666666667,67.375
2007-09-19T00:00:00Z,70.70833333333333,62.666666666666664,68.75,68.5,70.75,70.95833333333333,67.875,57.458333333333336,68.625,65.79166666666667,69.08333333333333,66.20833333333333,65.79166666666667,63.625,74.375,64.41666666666667,71.16666666666667,67.66666666666667,74.45833333333333,64.83333333333333,64.33333333333333,71.66666666666667,70,70.83333333333333
2007-09-20T00:00:00Z,67.16666666666667,62.833333333333336,71.45833333333333,70.5,70.70833333333333,71.5,69.91666666666667,59.75,69.375,69.625,71.20833333333333,69.75,69.25,65.91666666666667,74.625,67.375,71.20833333333333,71.33333333333333,73.45833333333333,67.95833333333333,68.66666666666667,71.5,70.45833333333333,71.66666666666667
2007-09-21T00:00:00Z,72.29166666666667,67.08333333333333,72.5,75.04166666666667,73.95833333333333,74.5,74.33333333333333,61.208333333333336,74.33333333333333,68.625,72.16666666666667,71.25,69.91666666666667,67.91666666666667,73.29166666666667,70.08333333333333,75.04166666666667,72.625,73.75,69.375,68.58333333333333,75.16666666666667,73.5,76.625
2007-09-22T00:00:00Z,78.16666666666667,71.58333333333333,77.16666666666667,76.625,74.08333333333333,76.5,77.58333333333333,66.375,77.33333333333333,76.83333333333333,77.20833333333333,76.5,75.91666666666667,76.125,77.66666666666667,76.375,76.91666666666667,76.54166666666667,75.375,74.875,73,76.41666666666667,76.58333333333333,78.75
2007-09-23T00:00:00Z,79.83333333333333,70.91666666666667,79.875,78.875,73.375,79,80.08333333333333,68.83333333333333,79.20833333333333,78.875,79.33333333333333,76.875,77.25,76.29166666666667,77.625,78.04166666666667,78.58333333333333,76.91666666666667,79,74.16666666666667,75.79166666666667,78.41666666666667,73.33333333333333,80.875
2007-09-24T00:00:00Z,72.20833333333333,70.25,78.5,74.875,68.83333333333333,73.20833333333333,75.29166666666667,66.20833333333333,73.75,76.08333333333333,78.5,75.79166666666667,75.79166666666667,71.58333333333333,73.16666666666667,75.375,74.58333333333333,76.125,73.25,74.16666666666667,74.70833333333333,75.58333333333333,70.58333333333333,74.45833333333333
2007-09-25T00:00:00Z,71.04166666666667,69.70833333333333,76.08333333333333,70.58333333333333,69.45833333333333,69.95833333333333,70.91666666666667,67.375,71.20833333333333,76.125,76.375,73.58333333333333,74.875,72.125,74.75,72.5,71.625,73.54166666666667,73.54166666666667,71.66666666666667,74.45833333333333,71,71.70833333333333,71.375
2007-09-26T00:00:00Z,75.16666666666667,67.58333333333333,75.125,73.83333333333333,74.125,73.75,73.95833333333333,67.91666666666667,73.08333333333333,76.58333333333333,74.83333333333333,74.58333333333333,74.79166666666667,74.08333333333333,77.16666666666667,74.625,75.16666666666667,72.75,75.75,71.5,74.45833333333333,75.25,76.04166666666667,73.375
2007-09-27T00:00:00Z,75.41666666666667,65.66666666666667,76.625,74.91666666666667,73.125,75.875,75.45833333333333,66.875,75.375,76.66666666666667,74.91666666666667,75.625,73.41666666666667,73.54166666666667,73.875,74.625,75.54166666666667,73.5,76.45833333333333,69.79166666666667,73.58333333333333,76.33333333333333,73.95833333333333,75.875
2007-09-28T00:00:00Z,76.41666666666667,66.29166666666667,73.08333333333333,77,74.20833333333333,75.75,76.54166666666667,61.375,76.625,73.5,74.5,71.83333333333333,71.04166666666667,72.58333333333333,76.79166666666667,74.08333333333333,77.66666666666667,71.66666666666667,79.08333333333333,69.875,70.875,77.16666666666667,74.16666666666667,73
2007-09-29T00:00:00Z,64.91666666666667,57.708333333333336,67.29166666666667,67.875,66.04166666666667,67.70833333333333,67,57.375,68,66.70833333333333,69.25,65.25,64.45833333333333,64.125,71.25,67.41666666666667,69.08333333333333,64.41666666666667,69.375,62.458333333333336,63,69.45833333333333,68.125,64.04166666666667
2007-09-30T00:00:00Z,66.58333333333333,55.625,65.25,66.875,66.33333333333333,67.83333333333333,66.58333333333333,54.708333333333336,66.29166666666667,64.20833333333333,66.58333333333333,63.541666666666664,61.791666666666664,62.375,71.83333333333333,64.25,68.75,62.041666666666664,70.58333333333333,59.25,61.166666666666664,68.58333333333333,66.75,67.25
2007-10-01T00:00:00Z,68.70833333333333,56.5,67.58333333333333,70.16666666666667,69.20833333333333,70.16666666666667,69.66666666666667,54.583333333333336,69.16666666666667,65.66666666666667,68.08333333333333,65.70833333333333,63,63.958333333333336,73.08333333333333,65.41666666666667,70.91666666666667,63.375,73.20833333333333,59.833333333333336,62.583333333333336,71.66666666666667,69.41666666666667,68.95833333333333
2007-10-02T00:00:00Z,73.70833333333333,60.625,70.54166666666667,71.45833333333333,73.125,73.5,70.25,57.375,72.04166666666667,66.375,71.04166666666667,68.79166666666667,65.83333333333333,67.95833333333333,75.41666666666667,69.70833333333333,73.08333333333333,67.625,74.91666666666667,64.41666666666667,66,73.45833333333333,72.25,71.70833333333333
2007-10-03T00:00:00Z,78.66666666666667,67.33333333333333,75.79166666666667,72.54166666666667,75.625,76.29166666666667,71,63.541666666666664,73.29166666666667,71.79166666666667,74.5,71.625,73.33333333333333,69.66666666666667,76.54166666666667,69.95833333333333,75.875,74.58333333333333,77.58333333333333,72.45833333333333,73.04166666666667,76.875,75.08333333333333,75.125
2007-10-04T00:00:00Z,77.375,67.45833333333333,75.20833333333333,75.33333333333333,74.66666666666667,75.83333333333333,75.75,64.5,76.125,75.66666666666667,72.125,74.66666666666667,73.83333333333333,73.41666666666667,75.75,74.91666666666667,76.16666666666667,74.58333333333333,76.5,72.83333333333333,74.375,76,74.66666666666667,76.08333333333333
2007-10-05T00:00:00Z,76.625,68.66666666666667,75.95833333333333,74.75,76.16666666666667,76.70833333333333,74.45833333333333,65.16666666666667,73.25,74.70833333333333,74.875,74.125,73.58333333333333,69.83333333333333,77.58333333333333,71.04166666666667,76.04166666666667,75.08333333333333,77.45833333333333,73.16666666666667,74.5,76.29166666666667,74,75.29166666666667
2007-10-06T00:00:00Z,75.58333333333333,67.70833333333333,74.25,74.75,75.75,74.5,73.54166666666667,64.875,73.125,74.08333333333333,73.75,74.58333333333333,72.625,70.91666666666667,77.95833333333333,71.70833333333333,74.79166666666667,72.125,75.83333333333333,71.875,72.79166666666667,75.625,74.625,75.04166666666667
2007-10-07T00:00:00Z,76.20833333333333,67.29166666666667,74.25,75.75,75.58333333333333,75.75,75.25,66.25,75.04166666666667,74.375,74,73.41666666666667,72.25,72.5,76.375,73.25,75.04166666666667,72.08333333333333,76.16666666666667,70.16666666666667,71.33333333333333,75.75,77.16666666666667,75.16666666666667
2007-10-08T00:00:00Z,77.66666666666667,67.08333333333333,76.20833333333333,76,75.79166666666667,77.66666666666667,77.45833333333333,69.25,77.83333333333333,77.20833333333333,75.54166666666667,75.125,73.95833333333333,75.75,77.41666666666667,75.875,77.25,73.75,78.25,70,74.70833333333333,77.54166666666667,76.625,78.29166666666667
2007-10-09T00:00:00Z,80.5,67.29166666666667,76.41666666666667,78.54166666666667,79.70833333333333,78.95833333333333,78.875,69.58333333333333,79.79166666666667,77.33333333333333,75.08333333333333,76.91666666666667,74.66666666666667,75.5,79.16666666666667,77.125,78.83333333333333,74.875,79,71.66666666666667,74.04166666666667,78.16666666666667,79,79.58333333333333
2007-10-10T00:00:00Z,75.375,65.75,73.33333333333333,75.04166666666667,74.125,74.20833333333333,74.625,66.83333333333333,75.04166666666667,73.625,73.33333333333333,74.70833333333333,71.125,71.70833333333333,77.375,74.29166666666667,75.83333333333333,70.58333333333333,77.41666666666667,71.04166666666667,70.33333333333333,74.95833333333333,74.45833333333333,75.29166666666667
2007-10-11T00:00:00Z,65,51.166666666666664,58.958333333333336,65.29166666666667,65.33333333333333,67.04166666666667,64.70833333333333,57,65.125,57.125,60.041666666666664,58.166666666666664,57.541666666666664,58,72.75,59.833333333333336,67.625,57.833333333333336,71.125,56,55.541666666666664,66.79166666666667,65.5,65.33333333333333
2007-10-12T00:00:00Z,58.833333333333336,51.833333333333336,56.958333333333336,57.333333333333336,58.041666666666664,59.041666666666664,58.5,47.541666666666664,58.416666666666664,55.958333333333336,59.625,54.875,55.958333333333336,55.25,62.666666666666664,57.333333333333336,59.625,55.375,61.833333333333336,53,56.458333333333336,58.375,59.583333333333336,58.875
2007-10-13T00:00:00Z,59.166666666666664,52,58.458333333333336,58.666666666666664,60.208333333333336,59.208333333333336,58.833333333333336,50.458333333333336,59.208333333333336,56.958333333333336,59.5,55.833333333333336,56.75,55.166666666666664,66.04166666666667,56.333333333333336,60.208333333333336,55.25,62.875,52.875,54.666666666666664,58.625,58.208333333333336,57.791666666666664
2007-10-14T00:00:00Z,59.916666666666664,55.916666666666664,63.541666666666664,61.083333333333336,58.291666666666664,60.916666666666664,62.708333333333336,56.375,61.208333333333336,61.416666666666664,63.666666666666664,60.666666666666664,62,57.25,63.958333333333336,60.416666666666664,62.875,60.25,63.458333333333336,58.458333333333336,59.583333333333336,60.708333333333336,58.416666666666664,59.125
2007-10-15T00:00:00Z,62.041666666666664,58.375,67.66666666666667,63.458333333333336,59.75,63.416666666666664,64.16666666666667,56.791666666666664,63.791666666666664,65.16666666666667,66.08333333333333,64.41666666666667,63.916666666666664,60.291666666666664,66.29166666666667,61.666666666666664,63.791666666666664,62.083333333333336,66.29166666666667,61.125,61.375,63.208333333333336,61.666666666666664,62.625
2007-10-16T00:00:00Z,64.875,58.75,65.91666666666667,65.91666666666667,63.5,63.916666666666664,66.83333333333333,57.833333333333336,64.08333333333333,67,64.29166666666667,64.375,63.5,62.875,72.25,63.791666666666664,67,61.791666666666664,69.125,60.083333333333336,61.708333333333336,64.20833333333333,65.58333333333333,62.916666666666664
2007-10-17T00:00:00Z,68.91666666666667,62.333333333333336,71,71.16666666666667,69.125,71,71.41666666666667,60.75,69.45833333333333,70.91666666666667,69.29166666666667,68.875,67.5,66.33333333333333,75.33333333333333,66.875,73.66666666666667,68.625,74,65.41666666666667,67.25,72.54166666666667,69.75,69.66666666666667
2007-10-18T00:00:00Z,72.83333333333333,66.125,73.58333333333333,74,73.33333333333333,73.83333333333333,74.45833333333333,62.5,73.5,73.625,71.25,72.29166666666667,71.33333333333333,69.45833333333333,78.5,70.5,76.41666666666667,72.79166666666667,77.91666666666667,70.66666666666667,70.70833333333333,74.5,73.04166666666667,72.83333333333333
2007-10-19T00:00:00Z,77.95833333333333,65.75,70.70833333333333,76.58333333333333,76.75,76.04166666666667,77.20833333333333,61.5,77.25,73,70.04166666666667,73.79166666666667,70.125,73.25,77.75,74,78.04166666666667,71.33333333333333,78.66666666666667,69.58333333333333,68.95833333333333,77.16666666666667,77.625,77.58333333333333
2007-10-20T00:00:00Z,70.33333333333333,55.166666666666664,64.70833333333333,69.125,70.125,70.79166666666667,69.875,55.625,70,64.95833333333333,62.958333333333336,64.875,63.625,63.916666666666664,72.375,64.875,71.66666666666667,62.5,74.16666666666667,59.041666666666664,59.833333333333336,70.66666666666667,71,70.08333333333333
2007-10-21T00:00:00Z,62.833333333333336,53.416666666666664,63.166666666666664,63.125,64.16666666666667,62.875,64.04166666666667,54.25,62.083333333333336,63.916666666666664,62.333333333333336,61.125,61.208333333333336,60.25,67.91666666666667,60.208333333333336,63.875,59.916666666666664,67.125,55.791666666666664,57.083333333333336,62.875,66.25,62.083333333333336
2007-10-22T00:00:00Z,68.41666666666667,55.916666666666664,69.91666666666667,69.91666666666667,68.58333333333333,68.375,70.375,56,68.91666666666667,69.125,61.875,68.91666666666667,58.75,66.125,74.29166666666667,67.29166666666667,70.29166666666667,63.541666666666664,72.25,56.291666666666664,60.25,70.58333333333333,70.66666666666667,68.16666666666667
2007-10-23T00:00:00Z,75.16666666666667,68.08333333333333,73.08333333333333,72.91666666666667,74.95833333333333,73.75,73.5,62.541666666666664,73.58333333333333,71.875,70.79166666666667,71.875,69.16666666666667,69.79166666666667,77.95833333333333,71.29166666666667,74.83333333333333,72.75,77.375,62.375,69.95833333333333,74.91666666666667,75.70833333333333,74.5
2007-10-24T00:00:00Z,75.66666666666667,59.625,66.625,75.875,77.45833333333333,77,76.625,59.25,76.16666666666667,71.91666666666667,63.125,71.91666666666667,65.29166666666667,71.58333333333333,78.79166666666667,72.16666666666667,79.08333333333333,67.08333333333333,78.66666666666667,65.66666666666667,70,77.70833333333333,74.625,77.41666666666667
2007-10-25T00:00:00Z,69.41666666666667,58,61.25,71.125,72.5,73.45833333333333,71.58333333333333,53.625,70,57.666666666666664,61.583333333333336,60.375,58.416666666666664,57.333333333333336,74.54166666666667,59,75.625,60.833333333333336,74.95833333333333,59.083333333333336,57.416666666666664,74.375,69.75,70.625
2007-10-26T00:00:00Z,72.91666666666667,57.375,57.75,72.33333333333333,73.04166666666667,72.33333333333333,71.54166666666667,52.75,69.91666666666667,57.5,59.833333333333336,59.083333333333336,56.833333333333336,60.958333333333336,75.66666666666667,61,73.375,57.708333333333336,74.04166666666667,56.541666666666664,57.916666666666664,72.95833333333333,72.45833333333333,71.79166666666667
2007-10-27T00:00:00Z,70.58333333333333,53.75,61,66.08333333333333,68.875,69.54166666666667,66.58333333333333,51.291666666666664,68.20833333333333,62.083333333333336,61.708333333333336,61.291666666666664,59.333333333333336,63.083333333333336,74.25,62.041666666666664,69.29166666666667,61.041666666666664,71.79166666666667,58.25,59.375,69.08333333333333,69.66666666666667,69
2007-10-28T00:00:00Z,57.708333333333336,52.833333333333336,56.041666666666664,59.708333333333336,59.166666666666664,60.25,58.75,46.541666666666664,58.416666666666664,56.041666666666664,58,54.291666666666664,53.375,53,65,54.333333333333336,61.208333333333336,54.708333333333336,62.666666666666664,52.458333333333336,55.416666666666664,60.583333333333336,60.25,56.625
2007-10-29T00:00:00Z,49.458333333333336,43.625,49.166666666666664,52.958333333333336,52.583333333333336,53.583333333333336,51.125,41.166666666666664,51.333333333333336,48.125,50.791666666666664,47.291666666666664,46.541666666666664,45.125,58.875,47.333333333333336,54.166666666666664,47.541666666666664,56.166666666666664,44.291666666666664,44.791666666666664,54.125,52,49.625
2007-10-30T00:00:00Z,49.458333333333336,43.416666666666664,48.875,52.666666666666664,50.458333333333336,53.833333333333336,52.041666666666664,43.375,50.125,49.833333333333336,49.666666666666664,46.458333333333336,48,46.666666666666664,56.583333333333336,45.833333333333336,54.875,46.291666666666664,57.625,44.666666666666664,47.916666666666664,55.416666666666664,51.291666666666664,48.625
2007-10-31T00:00:00Z,55.916666666666664,46,54.291666666666664,62.333333333333336,57.5,61.541666666666664,60.208333333333336,46.75,58.791666666666664,54.208333333333336,55.416666666666664,52.166666666666664,51.958333333333336,52.625,67.45833333333333,52.25,62.708333333333336,51.708333333333336,64.70833333333333,47.583333333333336,50.25,62.666666666666664,58,57.833333333333336
2007-11-01T00:00:00Z,63.75,53.375,62.708333333333336,65.58333333333333,64.95833333333333,65.95833333333333,63.875,50.75,63.666666666666664,62.708333333333336,63.041666666666664,62.541666666666664,58.916666666666664,61,69.75,62.291666666666664,67.29166666666667,60.833333333333336,69.125,56.958333333333336,57.833333333333336,66.79166666666667,65.58333333333333,62.458333333333336
2007-11-02T00:00:00Z,57.375,51.875,54.208333333333336,59.25,59.708333333333336,59.625,58.208333333333336,44.25,57.833333333333336,52.291666666666664,56.541666666666664,53.708333333333336,51.916666666666664,51.958333333333336,64.41666666666667,54.125,61.125,54,62.125,50.375,49.958333333333336,59.791666666666664,57.833333333333336,57.208333333333336
2007-11-03T00:00:00Z,54.666666666666664,47.791666666666664,50.833333333333336,52.25,55.375,54.875,52.208333333333336,47.5,53.041666666666664,52.458333333333336,53.041666666666664,48.875,49.75,49.125,60.375,51,54.666666666666664,49.708333333333336,57.75,47.833333333333336,48.916666666666664,54.75,54.75,53.291666666666664
2007-11-04T00:00:00Z,48.5,47.9375,52.1875,50.875,49.958333333333336,50.291666666666664,53.333333333333336,44.958333333333336,50.1875,51.958333333333336,55.020833333333336,48.666666666666664,53.75,50.166666666666664,53.3125,50.625,52.9375,48.416666666666664,53.666666666666664,52.583333333333336,45.9375,50.541666666666664,50.625,48.958333333333336
2007-11-05T00:00:00Z,51.375,51.5,52.791666666666664,53.416666666666664,49.958333333333336,52.083333333333336,53.208333333333336,48.833333333333336,52.791666666666664,54.75,57.208333333333336,52.458333333333336,55.583333333333336,51.25,56.041666666666664,53,53.75,52.75,56.458333333333336,52.875,45.5,53.125,52.875,51.541666666666664
2007-11-06T00:00:00Z,55,45.041666666666664,54.958333333333336,58.5,52.75,57.625,57.708333333333336,37.833333333333336,56.583333333333336,51.458333333333336,54.75,53.125,51.041666666666664,51.041666666666664,64.29166666666667,53.208333333333336,60.125,53.708333333333336,64.375,50.291666666666664,41.125,59.833333333333336,52.583333333333336,55.75
2007-11-07T00:00:00Z,43.708333333333336,37.333333333333336,42,43.208333333333336,43.791666666666664,44.75,44.75,32.625,45.166666666666664,42.541666666666664,43.25,39.625,42.083333333333336,42,51.458333333333336,42.166666666666664,45.791666666666664,40.958333333333336,47.291666666666664,39.916666666666664,41.416666666666664,45.125,48.416666666666664,42.916666666666664
2007-11-08T00:00:00Z,39.875,37.041666666666664,42.583333333333336,42.541666666666664,45.041666666666664,43.541666666666664,42.791666666666664,32.708333333333336,42,40.5,43.75,39.541666666666664,40.25,37.666666666666664,52.041666666666664,39.291666666666664,44.291666666666664,39.875,47.5,38.166666666666664,38,43.75,46.833333333333336,40.583333333333336
2007-11-09T00:00:00Z,46.041666666666664,44.708333333333336,48.166666666666664,47.375,45.458333333333336,46.083333333333336,47.166666666666664,43.708333333333336,46.125,48.041666666666664,50.916666666666664,47.541666666666664,46.083333333333336,44.041666666666664,51,45.916666666666664,48.208333333333336,44.583333333333336,48.416666666666664,45.125,46.083333333333336,47.166666666666664,48.666666666666664,45.333333333333336
2007-11-10T00:00:00Z,46.166666666666664,43.958333333333336,48.125,49.125,46.375,47.958333333333336,48.791666666666664,37,48.458333333333336,47.541666666666664,52.541666666666664,46.5,47.625,42.541666666666664,50.625,46.458333333333336,49.458333333333336,45.708333333333336,49.791666666666664,46.333333333333336,46.291666666666664,49.25,47.5,45.541666666666664
2007-11-11T00:00:00Z,42.75,39.833333333333336,44,42.625,43.5,43.083333333333336,43.208333333333336,37.166666666666664,43.375,43.333333333333336,45.666666666666664,41.75,42.416666666666664,40.541666666666664,50.291666666666664,41.458333333333336,44.875,41.625,46.083333333333336,39.916666666666664,38.791666666666664,43.708333333333336,45.333333333333336,41.833333333333336
2007-11-12T00:00:00Z,52.333333333333336,48.5,50.25,49,50.833333333333336,48.416666666666664,49.875,51.791666666666664,49.208333333333336,52.416666666666664,54.125,50.791666666666664,52.958333333333336,49.458333333333336,54.25,49.166666666666664,50.791666666666664,51.125,51.041666666666664,50.75,46.083333333333336,49.083333333333336,53.75,49.583333333333336
2007-11-13T00:00:00Z,60.833333333333336,52.416666666666664,60,58.958333333333336,59.5,58.375,59.208333333333336,51.916666666666664,59.708333333333336,58.416666666666664,61.833333333333336,60,57.458333333333336,58.708333333333336,61.208333333333336,57.833333333333336,59.75,58.75,60,56.166666666666664,52.791666666666664,59,59.333333333333336,58.458333333333336
2007-11-14T00:00:00Z,63.708333333333336,58.875,63.625,63.375,61.75,62.708333333333336,64.25,55.166666666666664,64.66666666666667,61.666666666666664,66.66666666666667,62.625,60.666666666666664,62.791666666666664,63.458333333333336,61.916666666666664,63.5,62.5,63.208333333333336,60.875,57.958333333333336,63.208333333333336,64.29166666666667,64.29166666666667
2007-11-15T00:00:00Z,55.25,42.541666666666664,51.875,55.416666666666664,52.583333333333336,54.5,55.166666666666664,40.416666666666664,53.875,51.25,52.5,52.708333333333336,48.916666666666664,54.458333333333336,59.416666666666664,51.958333333333336,55.916666666666664,51.708333333333336,58.208333333333336,48.791666666666664,48.458333333333336,54.291666666666664,53.958333333333336,53.875
2007-11-16T00:00:00Z,42.166666666666664,35.666666666666664,40.791666666666664,41.291666666666664,41.041666666666664,41.416666666666664,41.583333333333336,32.833333333333336,41.166666666666664,41.666666666666664,41.833333333333336,40.041666666666664,39.166666666666664,41.791666666666664,47.291666666666664,40.166666666666664,42.75,39.25,44.708333333333336,38.916666666666664,40.208333333333336,39.833333333333336,44.541666666666664,40.625
2007-11-17T00:00:00Z,43.75,38.625,42.833333333333336,46.25,44.208333333333336,45.416666666666664,46.875,40.041666666666664,45.416666666666664,43.916666666666664,45.791666666666664,43.375,40.708333333333336,44.5,51.541666666666664,42.75,47.791666666666664,40.291666666666664,49.541666666666664,37.416666666666664,41.041666666666664,46,45.333333333333336,44.625
2007-11-18T00:00:00Z,49.416666666666664,47.208333333333336,52.833333333333336,53.666666666666664,50.833333333333336,52.458333333333336,53.333333333333336,49.916666666666664,52.416666666666664,51.708333333333336,55.958333333333336,51.666666666666664,50.416666666666664,52.125,54.083333333333336,50.458333333333336,55.958333333333336,49.5,55.708333333333336,46.083333333333336,46.5,53.541666666666664,48.875,50.666666666666664
2007-11-19T00:00:00Z,52.458333333333336,50.416666666666664,58.791666666666664,59.166666666666664,51.666666666666664,54.666666666666664,57.875,51,53.916666666666664,52.708333333333336,59.5,54.625,55.416666666666664,48.625,55,50.083333333333336,58.5,55.208333333333336,56.875,52.75,53.375,56.708333333333336,50.875,52.125
2007-11-20T00:00:00Z,57,51.958333333333336,58.25,57.791666666666664,53.125,55.083333333333336,54.708333333333336,55.708333333333336,53,54.208333333333336,60.5,56.416666666666664,57.041666666666664,52.541666666666664,56.916666666666664,51.583333333333336,59.166666666666664,55.458333333333336,56.083333333333336,53.75,49.666666666666664,55.291666666666664,54.791666666666664,53.291666666666664
2007-11-21T00:00:00Z,62.666666666666664,52.125,61.625,64.375,59.458333333333336,62.208333333333336,64.70833333333333,58.375,62.583333333333336,61.125,62.833333333333336,63.583333333333336,59.375,60.083333333333336,61.875,59.666666666666664,64.29166666666667,60.166666666666664,63.041666666666664,57.416666666666664,58.875,63.625,61.208333333333336,61.666666666666664
2007-11-22T00:00:00Z,69.08333333333333,50.458333333333336,61.916666666666664,68.16666666666667,65.91666666666667,67.16666666666667,67.5,50.333333333333336,66.58333333333333,61,59.75,64.875,58.416666666666664,64.125,66.875,62.916666666666664,67.95833333333333,61.416666666666664,66.70833333333333,57.625,57.333333333333336,67.875,65.66666666666667,67.66666666666667
2007-11-23T00:00:00Z,46.291666666666664,34.5,42.791666666666664,48.75,46.416666666666664,48.375,46.5,32.833333333333336,47.166666666666664,41.666666666666664,43.166666666666664,44.625,39.25,43.458333333333336,49.583333333333336,43.041666666666664,49.416666666666664,41.166666666666664,49.625,37.083333333333336,40.041666666666664,49.083333333333336,45.041666666666664,45.375
2007-11-24T00:00:00Z,39.25,32,38.916666666666664,43.666666666666664,42.875,43.958333333333336,41.5,31.125,40.458333333333336,37.333333333333336,39.375,37.791666666666664,35.416666666666664,37.125,49.958333333333336,36.5,44.125,36.541666666666664,46.416666666666664,33.75,34.291666666666664,44,42.083333333333336,38.916666666666664
2007-11-25T00:00:00Z,47.083333333333336,40.5,45.291666666666664,49.25,48.25,49.208333333333336,47.958333333333336,42.041666666666664,45.916666666666664,44.916666666666664,44.583333333333336,45.416666666666664,42.75,44.416666666666664,55.25,42.958333333333336,50.625,44.541666666666664,52.166666666666664,42,38.75,50.708333333333336,48.541666666666664,45.125
2007-11-26T00:00:00Z,63.833333333333336,51.5,51.166666666666664,63.041666666666664,63.333333333333336,66.375,49.458333333333336,55.208333333333336,62.375,51.875,48.833333333333336,54.833333333333336,47.375,46.333333333333336,66.75,51.916666666666664,66.83333333333333,49.625,66.95833333333333,46.625,44.166666666666664,67.04166666666667,62.791666666666664,62.625
2007-11-27T00:00:00Z,61.375,45.208333333333336,54.291666666666664,60.5,59.333333333333336,62.625,56.583333333333336,43.416666666666664,59.958333333333336,54.458333333333336,51.333333333333336,55.625,50.666666666666664,53.166666666666664,62.833333333333336,55.666666666666664,63.791666666666664,51.5,63.041666666666664,49.125,49.958333333333336,63.208333333333336,58.75,59.666666666666664
2007-11-28T00:00:00Z,43.458333333333336,40.666666666666664,45.166666666666664,48.625,43.875,47.833333333333336,48.208333333333336,42.458333333333336,45.708333333333336,45.833333333333336,45.833333333333336,44.541666666666664,43.166666666666664,44.958333333333336,52.833333333333336,43.708333333333336,50.416666666666664,40.833333333333336,50.958333333333336,40.208333333333336,41.041666666666664,48.958333333333336,45.541666666666664,44.291666666666664
2007-11-29T00:00:00Z,48.083333333333336,41.708333333333336,47.333333333333336,52.5,47.666666666666664,50.25,51.5,43.958333333333336,49.625,46.833333333333336,49.041666666666664,46.416666666666664,44.291666666666664,47.166666666666664,51.416666666666664,44.25,54.375,44.25,55.875,42.583333333333336,39.708333333333336,52.708333333333336,48.666666666666664,48.416666666666664
2007-11-30T00:00:00Z,43.125,41.541666666666664,46.541666666666664,48.75,44.583333333333336,46.791666666666664,47.5,42.125,46.458333333333336,44.083333333333336,47.291666666666664,45,42.166666666666664,43.5,52.333333333333336,42.875,51.583333333333336,43.833333333333336,50.75,39.916666666666664,43.125,48.541666666666664,44.625,43.333333333333336
2007-12-01T00:00:00Z,40.416666666666664,45.041666666666664,47.833333333333336,45.875,40.958333333333336,42.958333333333336,45.916666666666664,47.166666666666664,43.875,44.958333333333336,50.125,45.166666666666664,45.958333333333336,45.083333333333336,50.166666666666664,42.833333333333336,47.5,43.458333333333336,47.5,44,41.416666666666664,44.541666666666664,42,40.958333333333336
2007-12-02T00:00:00Z,48.875,50.625,48.25,49.875,49.75,52.541666666666664,46.833333333333336,46.458333333333336,47.666666666666664,47.125,51,49.375,47.625,46.375,58.583333333333336,44.625,54.375,47.666666666666664,57.333333333333336,47.541666666666664,43.208333333333336,54.166666666666664,50.041666666666664,47.375
2007-12-03T00:00:00Z,54.166666666666664,42.416666666666664,50.833333333333336,61.125,54.666666666666664,59.625,59.5,39.583333333333336,56.541666666666664,46.541666666666664,51.375,50.583333333333336,46.833333333333336,49,58.875,48.333333333333336,61.916666666666664,49.875,59.583333333333336,47.75,49.25,60.125,52.916666666666664,55.875
2007-12-04T00:00:00Z,40,34.041666666666664,43.416666666666664,40.125,38.458333333333336,40.416666666666664,40.625,32.166666666666664,41.083333333333336,38.25,43.625,39.708333333333336,40.416666666666664,37.958333333333336,43.166666666666664,38.416666666666664,41.791666666666664,40.5,42.708333333333336,39.25,41.291666666666664,39.708333333333336,39.75,40.458333333333336
2007-12-05T00:00:00Z,40.25,39.875,47.166666666666664,48.125,39.708333333333336,45.541666666666664,45.875,37.166666666666664,44.041666666666664,43.5,47.041666666666664,45.625,43.791666666666664,40.916666666666664,50.333333333333336,42.791666666666664,49.666666666666664,44.75,50.333333333333336,43.291666666666664,35.625,46.666666666666664,40.833333333333336,43.208333333333336
2007-12-06T00:00:00Z,35.833333333333336,31.583333333333332,37.458333333333336,39.5,36.166666666666664,38.083333333333336,38.041666666666664,27,36.208333333333336,33.666666666666664,37.625,35.125,32.708333333333336,32.708333333333336,43.916666666666664,32.958333333333336,40.333333333333336,34.333333333333336,41.166666666666664,31.25,34.708333333333336,39.666666666666664,33.875,36.166666666666664
2007-12-07T00:00:00Z,40.833333333333336,39.458333333333336,40.125,44.125,42.625,41.583333333333336,40.541666666666664,35.708333333333336,39.416666666666664,38.708333333333336,42.291666666666664,40.625,37.833333333333336,38.958333333333336,48.583333333333336,37.916666666666664,45.875,38.75,45.666666666666664,36.208333333333336,32.166666666666664,43.208333333333336,42.291666666666664,38.916666666666664
2007-12-08T00:00:00Z,54.458333333333336,50.25,55.875,50.625,50.958333333333336,51.916666666666664,51.208333333333336,49.916666666666664,53.416666666666664,54.416666666666664,57.708333333333336,56.958333333333336,49.333333333333336,53.708333333333336,53.875,54.291666666666664,55.166666666666664,53,53.291666666666664,40.041666666666664,54.666666666666664,52.375,48.541666666666664,54.708333333333336
2007-12-09T00:00:00Z,58.958333333333336,52.291666666666664,60.291666666666664,57.791666666666664,55.541666666666664,59.083333333333336,59.333333333333336,54.5,59.5,59.875,61.833333333333336,64.16666666666667,54.916666666666664,58.5,61.666666666666664,59.166666666666664,58.666666666666664,57.208333333333336,59.958333333333336,51.375,57.708333333333336,58.666666666666664,54.583333333333336,57.916666666666664
2007-12-10T00:00:00Z,67.45833333333333,57.291666666666664,64.91666666666667,63.083333333333336,64.66666666666667,64.58333333333333,64.54166666666667,61.708333333333336,66.45833333333333,63.333333333333336,65.66666666666667,68.25,60.125,65.20833333333333,62.833333333333336,64.25,62.291666666666664,63.666666666666664,61.833333333333336,54.041666666666664,59.458333333333336,62.833333333333336,63.916666666666664,66.33333333333333
2007-12-11T00:00:00Z,55.625,55.208333333333336,63.708333333333336,64.91666666666667,54.958333333333336,60.375,65.79166666666667,63.041666666666664,64.70833333333333,64.33333333333333,65.54166666666667,66.54166666666667,63.375,58.083333333333336,57.583333333333336,61.166666666666664,65.41666666666667,62.458333333333336,61.666666666666664,60.958333333333336,63.583333333333336,64.58333333333333,51.666666666666664,58.541666666666664
2007-12-12T00:00:00Z,66.45833333333333,56.333333333333336,66.16666666666667,65,63.166666666666664,65.66666666666667,65.79166666666667,60.583333333333336,66.75,64.79166666666667,66.58333333333333,68.45833333333333,63.083333333333336,65.58333333333333,65.875,65.20833333333333,67.20833333333333,66.20833333333333,63.5,60.125,62.708333333333336,66.58333333333333,62.375,65.95833333333333
2007-12-13T00:00:00Z,60.958333333333336,53.833333333333336,64.54166666666667,64.45833333333333,59.958333333333336,63.583333333333336,65.125,55.416666666666664,65.25,60.291666666666664,64.25,65.91666666666667,57.541666666666664,58.875,63.833333333333336,60.666666666666664,65.25,60.083333333333336,62.041666666666664,54.875,55.333333333333336,64.79166666666667,55,63.375
2007-12-14T00:00:00Z,56.208333333333336,47.583333333333336,58.25,64.08333333333333,53.791666666666664,58.958333333333336,62.708333333333336,47.166666666666664,60.291666666666664,53.625,56.5,56.958333333333336,52.25,54.416666666666664,57.75,54.791666666666664,62.791666666666664,52.5,60.458333333333336,49.916666666666664,50.375,60.75,49.25,58.416666666666664
2007-12-15T00:00:00Z,46.375,38.916666666666664,43.416666666666664,50.958333333333336,49.375,50.875,48.791666666666664,35.791666666666664,45.375,38.625,44,42.375,38.416666666666664,40.166666666666664,56.5,39.791666666666664,53.291666666666664,41.5,56.291666666666664,38.166666666666664,37.166666666666664,51.916666666666664,45.125,45.458333333333336
2007-12-16T00:00:00Z,46.75,35.208333333333336,39.458333333333336,50.833333333333336,55.166666666666664,56.458333333333336,48.125,31.875,46.458333333333336,37.958333333333336,41,40.458333333333336,37.5,38.833333333333336,59.083333333333336,38.916666666666664,57.208333333333336,38.916666666666664,59.333333333333336,36.916666666666664,38.083333333333336,56.208333333333336,51.916666666666664,47.791666666666664
2007-12-17T00:00:00Z,36.291666666666664,29.083333333333332,34.916666666666664,36.041666666666664,35.583333333333336,36.541666666666664,36.208333333333336,26.166666666666668,36.25,34,34.666666666666664,35.208333333333336,33.875,35.958333333333336,40.708333333333336,33.625,37.5,32.25,39.375,34.375,32.291666666666664,36.083333333333336,37.041666666666664,36.083333333333336
2007-12-18T00:00:00Z,34.291666666666664,30.041666666666668,35.458333333333336,33.875,36.166666666666664,34.625,34.666666666666664,31.333333333333332,34.625,35.083333333333336,36.083333333333336,33.958333333333336,33.166666666666664,35.125,41.125,31.916666666666668,35.666666666666664,31.666666666666668,39.041666666666664,30.041666666666668,33.666666666666664,34.333333333333336,37.541666666666664,34.041666666666664
2007-12-19T00:00:00Z,40.166666666666664,38.75,44.083333333333336,41.708333333333336,40.583333333333336,40,42.333333333333336,36.916666666666664,39.75,40.625,44.541666666666664,42.666666666666664,41.25,37.833333333333336,47.125,36.958333333333336,45.833333333333336,41.916666666666664,45.291666666666664,40.208333333333336,39.458333333333336,41.125,41.208333333333336,39
2007-12-20T00:00:00Z,40.375,35.708333333333336,44.625,45.291666666666664,40.75,41.416666666666664,44.416666666666664,40.041666666666664,42.625,44.875,43.875,45.958333333333336,41.166666666666664,44.208333333333336,46.083333333333336,43.166666666666664,45.458333333333336,41.291666666666664,46.458333333333336,39.125,42.583333333333336,42.916666666666664,38.791666666666664,40.125
2007-12-21T00:00:00Z,46.791666666666664,40.708333333333336,43.291666666666664,47.416666666666664,47.833333333333336,46.75,45.708333333333336,37.333333333333336,45.958333333333336,40.833333333333336,44.291666666666664,44.458333333333336,41.333333333333336,42.333333333333336,51.291666666666664,42.583333333333336,48.708333333333336,43.208333333333336,49.958333333333336,37.791666666666664,39.5,47.125,46.458333333333336,46.291666666666664
2007-12-22T00:00:00Z,55,42.333333333333336,46.916666666666664,54.041666666666664,52.541666666666664,55,50.916666666666664,38.208333333333336,53.916666666666664,43.833333333333336,46.75,47.583333333333336,43.541666666666664,46.875,53.875,45.916666666666664,56.583333333333336,46.083333333333336,56.083333333333336,40.208333333333336,43.958333333333336,55.75,49.541666666666664,54.291666666666664
2007-12-23T00:00:00Z,61.875,45.75,53.458333333333336,59.333333333333336,60.708333333333336,60.958333333333336,59.25,44.25,59.75,51.5,49.208333333333336,54.75,47.75,49.375,59.666666666666664,53.958333333333336,61,52,62.583333333333336,45.458333333333336,47.083333333333336,62.125,59.916666666666664,60.208333333333336
2007-12-24T00:00:00Z,46.375,38.791666666666664,43.375,45.625,47.708333333333336,49.083333333333336,46.375,38.291666666666664,46.875,43.541666666666664,44,42.291666666666664,44,45.625,51.833333333333336,41.541666666666664,48.958333333333336,43.375,52.375,47.333333333333336,41.708333333333336,48.375,47.958333333333336,47.333333333333336
2007-12-25T00:00:00Z,43.583333333333336,41.5,45.25,45.583333333333336,45,45.375,45.875,40.25,45.666666666666664,43.541666666666664,45.916666666666664,44.083333333333336,42.708333333333336,43.041666666666664,51.208333333333336,42.25,47.041666666666664,43.125,49.041666666666664,44.125,45.25,45.958333333333336,44.375,43.666666666666664
2007-12-26T00:00:00Z,42.875,40.625,42.375,43.333333333333336,45.291666666666664,45.125,42.166666666666664,39.791666666666664,41.833333333333336,40.958333333333336,44.5,41.25,41.416666666666664,39.583333333333336,48.833333333333336,38.5,45.083333333333336,43.041666666666664,48.958333333333336,42.333333333333336,39.875,44.458333333333336,43.75,42.166666666666664
2007-12-27T00:00:00Z,44.416666666666664,47.5,48.583333333333336,44.875,44.041666666666664,45.208333333333336,45.5,44.458333333333336,43.166666666666664,45.75,49.75,46.125,47.208333333333336,41.75,44.083333333333336,43.291666666666664,46.416666666666664,47.291666666666664,45.833333333333336,43.791666666666664,43.041666666666664,43.125,46.208333333333336,43.208333333333336
2007-12-28T00:00:00Z,50.083333333333336,47,52.291666666666664,56.625,49.375,54.541666666666664,56.708333333333336,45.291666666666664,55.333333333333336,48.25,50.083333333333336,52.5,46.541666666666664,51.125,56.291666666666664,50.916666666666664,56.125,48.958333333333336,58.25,47.958333333333336,44.75,55,49.291666666666664,52.833333333333336
2007-12-29T00:00:00Z,66.95833333333333,49.708333333333336,59.625,68.33333333333333,63.458333333333336,69.33333333333333,68.29166666666667,52.333333333333336,68.79166666666667,52.791666666666664,55.5,66.66666666666667,50.916666666666664,58.458333333333336,65.33333333333333,63.75,68.75,55.25,65.20833333333333,50.333333333333336,50.208333333333336,68.54166666666667,58.708333333333336,68.625
2007-12-30T00:00:00Z,52.291666666666664,42.291666666666664,51.583333333333336,63.291666666666664,50.791666666666664,58.791666666666664,63.541666666666664,43.916666666666664,60.416666666666664,48.041666666666664,48,53.958333333333336,47.125,48.791666666666664,58.416666666666664,50.458333333333336,62.833333333333336,48.666666666666664,61.708333333333336,45.75,46.958333333333336,61.333333333333336,47.541666666666664,54.375
2007-12-31T00:00:00Z,45.25,37.708333333333336,45.458333333333336,53.125,48.583333333333336,50.875,52.708333333333336,39.375,49.666666666666664,44.166666666666664,45.041666666666664,47,44.458333333333336,45.583333333333336,53.125,45.833333333333336,54.416666666666664,42.791666666666664,54.416666666666664,41.75,43.25,53.166666666666664,46.791666666666664,49.333333333333336
2008-01-01T00:00:00Z,45,33.333333333333336,40.916666666666664,48,46.458333333333336,47.791666666666664,46.083333333333336,32.875,44.916666666666664,40.25,40.958333333333336,44.958333333333336,38.708333333333336,43.125,50.791666666666664,42.958333333333336,50.416666666666664,40.5,52.5,36.666666666666664,37.708333333333336,48.25,47.625,45.708333333333336
2008-01-02T00:00:00Z,34.5,17.416666666666668,28.083333333333332,33.125,32.375,32.833333333333336,32.875,14.333333333333334,32.125,26.833333333333332,27.333333333333332,29.583333333333332,24.541666666666668,29.958333333333332,35.958333333333336,27.708333333333332,33.708333333333336,27.625,34.875,24.708333333333332,24.5,32.208333333333336,33.25,32.333333333333336
2008-01-03T00:00:00Z,28.75,20.708333333333332,26.375,28.541666666666668,27.833333333333332,28.583333333333332,28.666666666666668,18.208333333333332,28.208333333333332,25.375,27.791666666666668,26.166666666666668,25.666666666666668,26.541666666666668,31.625,24.25,28.75,25.083333333333332,30.5,25.125,25.166666666666668,28.625,28.75,27.333333333333332
2008-01-04T00:00:00Z,29.666666666666668,27.291666666666668,30.625,29.291666666666668,29.291666666666668,27.833333333333332,29.416666666666668,28.333333333333332,28.541666666666668,30.958333333333332,33.583333333333336,30.416666666666668,29.75,30.333333333333332,34.583333333333336,28.541666666666668,29.5,28.833333333333332,31.875,27.041666666666668,28.208333333333332,27.375,31.5,29.166666666666668
2008-01-05T00:00:00Z,40.625,37.958333333333336,39.458333333333336,39.166666666666664,39.875,38.833333333333336,39.958333333333336,40.791666666666664,38.916666666666664,39,42.5,43,38.958333333333336,39.541666666666664,45.625,38.791666666666664,40.125,38.416666666666664,41.583333333333336,36.958333333333336,34.666666666666664,39,39.541666666666664,40.25
2008-01-06T00:00:00Z,53.916666666666664,46.958333333333336,51.333333333333336,52.25,53.25,52.583333333333336,52.875,48.041666666666664,53.25,52.458333333333336,52.916666666666664,54.333333333333336,50.041666666666664,50.666666666666664,54.791666666666664,51.291666666666664,53.208333333333336,51.875,54.166666666666664,46.25,45.541666666666664,51.458333333333336,51.916666666666664,53.541666666666664
2008-01-07T00:00:00Z,58.25,48.75,55.208333333333336,55.5,57.416666666666664,54.708333333333336,56.5,53,57.208333333333336,55.833333333333336,56.458333333333336,57.875,52.791666666666664,57.708333333333336,57.125,54.75,54.916666666666664,51.25,55.625,49.416666666666664,51.291666666666664,53.625,58.166666666666664,55.916666666666664
2008-01-08T00:00:00Z,62.75,55.75,56.583333333333336,60.666666666666664,60.625,59.041666666666664,60.708333333333336,55.666666666666664,60.583333333333336,56.291666666666664,57.958333333333336,60.5,55.458333333333336,59.5,58.208333333333336,58.875,58.875,54.875,60.75,54.416666666666664,54.083333333333336,57.916666666666664,61.125,61.541666666666664
2008-01-09T00:00:00Z,63.875,53.458333333333336,62.833333333333336,63.083333333333336,62.041666666666664,63.291666666666664,63.125,52.916666666666664,61.958333333333336,62.875,62.916666666666664,63.083333333333336,61.75,62.541666666666664,61.583333333333336,60.291666666666664,64.58333333333333,63.75,62.125,61,58.541666666666664,63.75,61.208333333333336,62.083333333333336
2008-01-10T00:00:00Z,55.458333333333336,44.125,48.958333333333336,63.708333333333336,54.333333333333336,59.833333333333336,61.5,41.583333333333336,57.5,45.291666666666664,48.291666666666664,49.583333333333336,44.666666666666664,46.833333333333336,61.333333333333336,48.625,62.75,47.958333333333336,62.416666666666664,43.958333333333336,43.291666666666664,60.083333333333336,49.833333333333336,56.541666666666664
2008-01-11T00:00:00Z,66.45833333333333,49.583333333333336,56.875,65.58333333333333,64.41666666666667,65.29166666666667,65.54166666666667,46.166666666666664,65.66666666666667,56.541666666666664,56,61.333333333333336,54,60.875,64.29166666666667,59.083333333333336,66.58333333333333,55.291666666666664,65.54166666666667,45.083333333333336,48.166666666666664,65.08333333333333,65.375,66.95833333333333
2008-01-12T00:00:00Z,50.083333333333336,40.166666666666664,48.708333333333336,57.333333333333336,50.458333333333336,54.291666666666664,56.166666666666664,40,52.625,46.875,46.833333333333336,50.333333333333336,43.083333333333336,46.541666666666664,55.5,48.25,57.833333333333336,46.5,55.25,40.208333333333336,44.875,55.958333333333336,47.25,51.583333333333336
2008-01-13T00:00:00Z,45.666666666666664,37.666666666666664,44.25,49.041666666666664,48.791666666666664,49.708333333333336,47.25,37.958333333333336,45.958333333333336,41,44.5,45.083333333333336,42.791666666666664,42.083333333333336,53.208333333333336,42.25,50.541666666666664,42.625,52.083333333333336,41.041666666666664,40.958333333333336,50.083333333333336,45.875,45.25
2008-01-14T00:00:00Z,43.666666666666664,33.291666666666664,39.333333333333336,42.125,41.875,44.5,42.375,30.916666666666668,43.958333333333336,37.625,40.791666666666664,40.041666666666664,37.708333333333336,38.875,48.125,38.791666666666664,45.958333333333336,38.625,48.125,37.875,36.666666666666664,44.833333333333336,43.375,42.458333333333336
2008-01-15T00:00:00Z,35.166666666666664,28.5,34.083333333333336,37,33.666666666666664,36.458333333333336,37,26.083333333333332,35,32.25,35.791666666666664,32.25,33.375,34.458333333333336,40.458333333333336,31.958333333333332,38.458333333333336,31.541666666666668,39.75,34.125,32.75,36.458333333333336,35.791666666666664,34.666666666666664
2008-01-16T00:00:00Z,35.791666666666664,29.583333333333332,34.791666666666664,35.958333333333336,34.416666666666664,36.5,35.875,31.208333333333332,36.958333333333336,33.583333333333336,34.5,35.166666666666664,33.375,35.25,39.166666666666664,33.125,37.041666666666664,33.583333333333336,38.416666666666664,32.333333333333336,33.916666666666664,36.583333333333336,35.708333333333336,34.416666666666664
2008-01-17T00:00:00Z,40.083333333333336,32.25,33.291666666666664,38.958333333333336,44.541666666666664,43.75,37.541666666666664,30.875,39.333333333333336,33.166666666666664,34.5,35.5,32.416666666666664,35.333333333333336,49.916666666666664,34.041666666666664,42.583333333333336,33.916666666666664,49.75,32.5,33.625,43.666666666666664,43.541666666666664,40.083333333333336
2008-01-18T00:00:00Z,42.625,40.166666666666664,37.708333333333336,39.333333333333336,42.333333333333336,41.416666666666664,39.25,38.833333333333336,38.583333333333336,37.208333333333336,41.208333333333336,38.833333333333336,35.791666666666664,35.25,43.625,38,41.458333333333336,37.833333333333336,45.041666666666664,35.791666666666664,35.791666666666664,41.375,42.708333333333336,38.916666666666664
2008-01-19T00:00:00Z,38.791666666666664,32.416666666666664,37.583333333333336,38.291666666666664,39.291666666666664,40.5,38.458333333333336,31.875,38.916666666666664,35.875,37.333333333333336,37.791666666666664,35.666666666666664,37.958333333333336,44.75,36.375,40.333333333333336,37.5,43.041666666666664,35.833333333333336,36.375,40.458333333333336,38.166666666666664,39.208333333333336
2008-01-20T00:00:00Z,32.208333333333336,17.916666666666668,27.875,32.708333333333336,29.25,32.208333333333336,32.166666666666664,14.375,31.75,25.625,28.541666666666668,27.791666666666668,24.666666666666668,27.875,35.166666666666664,25.541666666666668,34.125,27.375,34.625,23.375,24.041666666666668,32.583333333333336,30.083333333333332,30.958333333333332
2008-01-21T00:00:00Z,25.875,21.875,27.541666666666668,29.333333333333332,26.875,28.916666666666668,27.541666666666668,16.333333333333332,26.916666666666668,25.25,30.25,26.625,24.708333333333332,26.083333333333332,33.375,24.166666666666668,29.916666666666668,24.375,32.875,23.208333333333332,24.625,29.291666666666668,27.083333333333332,26.041666666666668
2008-01-22T00:00:00Z,39.125,37.083333333333336,34.25,44.041666666666664,45.333333333333336,46.166666666666664,38.541666666666664,37.875,40.875,31.5,35.166666666666664,33.5,31.666666666666668,34.458333333333336,50.458333333333336,32.708333333333336,46,32.916666666666664,49,31.875,31.458333333333332,45.583333333333336,41.916666666666664,42.333333333333336
2008-01-23T00:00:00Z,43.833333333333336,39.458333333333336,38.041666666666664,46.916666666666664,43.125,48.458333333333336,46.166666666666664,36.75,44.833333333333336,40,40.458333333333336,41,38.333333333333336,41.25,46.25,41,50.416666666666664,39.25,51.333333333333336,37.125,38.333333333333336,49.333333333333336,42.083333333333336,45.208333333333336
2008-01-24T00:00:00Z,37.958333333333336,28.875,38.75,43.458333333333336,38.916666666666664,42.333333333333336,41.125,26.625,41.291666666666664,35.583333333333336,40.208333333333336,38.083333333333336,35.25,36.041666666666664,44.625,36.125,45.75,38.166666666666664,45.666666666666664,33.958333333333336,32.041666666666664,43.541666666666664,36.416666666666664,39.041666666666664
2008-01-25T00:00:00Z,31.125,25.25,27.541666666666668,32.166666666666664,29.458333333333332,31.375,31.625,22.5,30.208333333333332,26.583333333333332,30.041666666666668,28.291666666666668,26.125,28.916666666666668,31.666666666666668,27.333333333333332,32.875,27.791666666666668,33.291666666666664,25.083333333333332,26.833333333333332,31.75,29.166666666666668,29.791666666666668
2008-01-26T00:00:00Z,35.625,35.625,37.916666666666664,36.625,33.208333333333336,35,36.458333333333336,34.625,35.708333333333336,36.208333333333336,40.041666666666664,38.041666666666664,36.333333333333336,37.166666666666664,36.625,36.416666666666664,38.041666666666664,36.333333333333336,38.166666666666664,35.666666666666664,35.625,36.125,34.958333333333336,34.583333333333336
2008-01-27T00:00:00Z,36.916666666666664,36.208333333333336,39.416666666666664,41.916666666666664,35.833333333333336,37.625,41.125,35.416666666666664,38.041666666666664,39.666666666666664,43.041666666666664,39.083333333333336,38.458333333333336,39.083333333333336,39.833333333333336,37.833333333333336,42.166666666666664,36.333333333333336,41.125,37,38.375,38.708333333333336,37.833333333333336,35.541666666666664
2008-01-28T00:00:00Z,36.791666666666664,42.125,42.75,40.083333333333336,36.458333333333336,36.458333333333336,39.458333333333336,41.083333333333336,38.333333333333336,41.958333333333336,48.583333333333336,41.666666666666664,43.75,39.041666666666664,38.291666666666664,38.208333333333336,39.5,40.25,41.666666666666664,41.666666666666664,41.791666666666664,37.875,36.416666666666664,36.25
2008-01-29T00:00:00Z,51.541666666666664,49.625,53.541666666666664,52.875,53.333333333333336,51.166666666666664,52.458333333333336,47.583333333333336,52.25,53.75,54.5,56,52.833333333333336,51.083333333333336,47.375,52.208333333333336,52.666666666666664,55.291666666666664,52.208333333333336,50.958333333333336,50.5,52.666666666666664,47.083333333333336,51.416666666666664
2008-01-30T00:00:00Z,52.291666666666664,35.666666666666664,46.833333333333336,55.791666666666664,51.083333333333336,56.291666666666664,54.5,33.625,52.958333333333336,44.291666666666664,45.875,47.291666666666664,42.166666666666664,47.916666666666664,52.666666666666664,46.541666666666664,58.291666666666664,44.833333333333336,56.541666666666664,41.541666666666664,41.125,57.875,51.166666666666664,52
2008-01-31T00:00:00Z,41.083333333333336,31.25,41.208333333333336,44.333333333333336,39.458333333333336,42.208333333333336,41.958333333333336,30.916666666666668,41.375,37.791666666666664,38.541666666666664,42.041666666666664,34.416666666666664,38.916666666666664,48,39.208333333333336,45,38.5,46.708333333333336,34.041666666666664,36.458333333333336,43.791666666666664,38.833333333333336,38.791666666666664
2008-02-01T00:00:00Z,53.041666666666664,36.458333333333336,41.708333333333336,53.333333333333336,57.75,58.791666666666664,51.666666666666664,34.25,51.958333333333336,37.5,40.875,43.708333333333336,38,42.166666666666664,55.958333333333336,41.25,57.833333333333336,39.5,59.583333333333336,37.375,37.125,57.458333333333336,55.916666666666664,54.791666666666664
2008-02-02T00:00:00Z,44.416666666666664,40.666666666666664,42.875,46.208333333333336,44.625,45.375,47,42.458333333333336,47.041666666666664,42.375,43.458333333333336,44.208333333333336,42.083333333333336,45.458333333333336,46.708333333333336,42.541666666666664,46.875,40.083333333333336,47.375,38.75,40.75,45.583333333333336,43.583333333333336,46.125
2008-02-03T00:00:00Z,49.833333333333336,44.5,50.833333333333336,49.083333333333336,47.583333333333336,49.416666666666664,50.166666666666664,47.791666666666664,50.041666666666664,48.708333333333336,51.541666666666664,50.458333333333336,47.041666666666664,50.625,48,49.333333333333336,50.083333333333336,47.416666666666664,50.166666666666664,44.875,47.25,49.583333333333336,44.333333333333336,50.625
2008-02-04T00:00:00Z,55.75,47.958333333333336,50.125,59.666666666666664,53.583333333333336,57.625,57.291666666666664,50,57.166666666666664,49.208333333333336,51.791666666666664,51.083333333333336,45.375,53.375,55.25,52.291666666666664,59.208333333333336,47,57.625,44,48.25,56.75,54.958333333333336,56.291666666666664
2008-02-05T00:00:00Z,64.25,60.625,59.333333333333336,66.375,61.541666666666664,65.20833333333333,65.66666666666667,58.791666666666664,64.33333333333333,59.125,60.166666666666664,60.166666666666664,57.541666666666664,60.541666666666664,54.75,59.625,66.20833333333333,59.291666666666664,59.458333333333336,46.291666666666664,56.791666666666664,66.29166666666667,62.791666666666664,63.5
2008-02-06T00:00:00Z,73.125,57.333333333333336,62.375,69.41666666666667,67.79166666666667,69.83333333333333,69.25,56.458333333333336,69.79166666666667,64.33333333333333,60.416666666666664,67.75,60.416666666666664,68,57.541666666666664,66.83333333333333,69.58333333333333,62.708333333333336,62.541666666666664,61.875,61.375,70.45833333333333,70.20833333333333,70.95833333333333
2008-02-07T00:00:00Z,60.833333333333336,41.5,51.375,57.375,59.791666666666664,59.416666666666664,56.75,40.166666666666664,57.166666666666664,50.291666666666664,49.916666666666664,53.833333333333336,48.958333333333336,53.5,56.958333333333336,52.875,60.875,49,59.041666666666664,47.708333333333336,47.875,59.833333333333336,57.166666666666664,57.875
2008-02-08T00:00:00Z,46.333333333333336,42.791666666666664,47.375,48.75,48.833333333333336,49,48.791666666666664,41.583333333333336,45.333333333333336,44.833333333333336,48.125,46.375,44.791666666666664,44.583333333333336,52.25,43,52.083333333333336,44.666666666666664,53.583333333333336,44.333333333333336,44.416666666666664,49.416666666666664,44.708333333333336,43.625
2008-02-09T00:00:00Z,52.791666666666664,44.541666666666664,52.25,53.5,53,54.708333333333336,53.541666666666664,45.666666666666664,52.625,51.458333333333336,51.875,55.416666666666664,49.375,53.25,52.458333333333336,51.208333333333336,54.25,50.166666666666664,56.416666666666664,47.166666666666664,48.25,54.166666666666664,52.5,53.708333333333336
2008-02-10T00:00:00Z,53.666666666666664,44.333333333333336,52.125,55.208333333333336,52.5,55,53.833333333333336,36.625,54.541666666666664,47,51.541666666666664,52.166666666666664,48,49.416666666666664,54.958333333333336,50.125,55.958333333333336,51.125,56,48.25,45.166666666666664,54.5,51.625,54.583333333333336
2008-02-11T00:00:00Z,34.833333333333336,36.291666666666664,41.666666666666664,42.75,33.166666666666664,38.208333333333336,41,32.416666666666664,37.291666666666664,35.375,44.125,38.375,38.291666666666664,34.125,38.333333333333336,34.625,41.333333333333336,37.708333333333336,40.5,37.291666666666664,34.5,39.541666666666664,30.875,36.083333333333336
2008-02-12T00:00:00Z,50.541666666666664,40.125,44.041666666666664,53.375,48.958333333333336,54.166666666666664,44.166666666666664,38.041666666666664,51.291666666666664,36.208333333333336,45.666666666666664,42.166666666666664,37.416666666666664,39.166666666666664,52.666666666666664,39.958333333333336,54.791666666666664,41.916666666666664,56.125,35.916666666666664,35.541666666666664,55.291666666666664,46.666666666666664,51.041666666666664
2008-02-13T00:00:00Z,58.041666666666664,36.25,42.166666666666664,57.041666666666664,58.875,62.333333333333336,58.375,37.708333333333336,58.791666666666664,37.916666666666664,43.583333333333336,42.708333333333336,39.833333333333336,39.75,58.416666666666664,41.666666666666664,61.625,41.666666666666664,60.958333333333336,39.5,38.583333333333336,62.083333333333336,55.041666666666664,59.416666666666664
2008-02-14T00:00:00Z,39.875,34.125,38.375,41.041666666666664,38,41.625,41,33.75,39.875,34.75,39.833333333333336,38.041666666666664,37.25,36.125,41.375,35.958333333333336,43.375,37.458333333333336,44.583333333333336,35.25,36.75,42.958333333333336,36.5,40.375
2008-02-15T00:00:00Z,48.458333333333336,44.416666666666664,46.833333333333336,46.5,48.208333333333336,46.833333333333336,46.708333333333336,45.041666666666664,47.916666666666664,46.791666666666664,49.541666666666664,48.166666666666664,45.041666666666664,40.208333333333336,50.541666666666664,46.458333333333336,47,43.583333333333336,48.916666666666664,41.25,43.916666666666664,47.25,48.75,47.583333333333336
2008-02-16T00:00:00Z,47.291666666666664,51.166666666666664,53.833333333333336,52.75,43.291666666666664,47.833333333333336,52.291666666666664,46.708333333333336,48.083333333333336,50.125,56.583333333333336,52.291666666666664,50.416666666666664,48,49.25,50.25,51.458333333333336,51.541666666666664,49.458333333333336,50.416666666666664,51.583333333333336,49.666666666666664,41.208333333333336,46.833333333333336
2008-02-17T00:00:00Z,54.791666666666664,46.333333333333336,54.208333333333336,58.458333333333336,54.041666666666664,56.333333333333336,55.5,43.333333333333336,54.166666666666664,50.375,49.708333333333336,54.041666666666664,44.041666666666664,50.791666666666664,57.291666666666664,50.666666666666664,57.75,48.916666666666664,58.125,44.25,45.208333333333336,57.666666666666664,51.708333333333336,54.375
2008-02-18T00:00:00Z,65.375,45.416666666666664,58.666666666666664,64.70833333333333,63.083333333333336,66.16666666666667,64.41666666666667,47.583333333333336,63.083333333333336,57.666666666666664,55.708333333333336,60.666666666666664,52.875,61.875,60.75,61.083333333333336,64.91666666666667,57.875,62.583333333333336,49.916666666666664,50.708333333333336,65.5,62.125,64.25
2008-02-19T00:00:00Z,45.833333333333336,37.375,43.708333333333336,48.125,45.583333333333336,47.166666666666664,46.75,33.708333333333336,47.375,42.583333333333336,44.25,44.541666666666664,41.833333333333336,43.541666666666664,51.708333333333336,41.333333333333336,49.708333333333336,41.375,51.041666666666664,41.833333333333336,40.458333333333336,48,47.083333333333336,46.666666666666664
2008-02-20T00:00:00Z,46.791666666666664,42.75,49.333333333333336,51.458333333333336,46.041666666666664,49.333333333333336,50.833333333333336,43.416666666666664,48.916666666666664,46.958333333333336,49.916666666666664,50.083333333333336,46.916666666666664,45.5,52.791666666666664,46.583333333333336,52.416666666666664,46.583333333333336,52.041666666666664,47.541666666666664,43.916666666666664,49.833333333333336,45.125,48.583333333333336
2008-02-21T00:00:00Z,36.083333333333336,35.25,39.625,44,34.25,39.041666666666664,41.416666666666664,33.333333333333336,37.666666666666664,36.208333333333336,41.166666666666664,38.291666666666664,37.875,35,40.416666666666664,36,43.625,39.041666666666664,41.708333333333336,38.166666666666664,36.125,41.208333333333336,32.166666666666664,36.458333333333336
2008-02-22T00:00:00Z,37.541666666666664,40.458333333333336,37.583333333333336,41.291666666666664,43.041666666666664,43.791666666666664,40.708333333333336,33.666666666666664,39.291666666666664,35.375,39.458333333333336,38.416666666666664,36.5,36.541666666666664,54.541666666666664,35.5,45.083333333333336,38.416666666666664,51.5,37.25,37.041666666666664,44.5,39.541666666666664,39.625
2008-02-23T00:00:00Z,44.583333333333336,43.458333333333336,50.958333333333336,53.375,43.25,52.458333333333336,51.791666666666664,40.708333333333336,50.291666666666664,47.875,53.291666666666664,50.541666666666664,47.208333333333336,43.75,51.291666666666664,48.625,56.416666666666664,50.5,55.458333333333336,40.291666666666664,42.333333333333336,54.833333333333336,40.75,48.375
2008-02-24T00:00:00Z,40.458333333333336,38.125,44.458333333333336,47.666666666666664,39.875,44.25,46.333333333333336,35.708333333333336,44.5,39.666666666666664,44.416666666666664,42.958333333333336,40.416666666666664,40.833333333333336,44.083333333333336,40.375,47.708333333333336,43.583333333333336,45.125,39.083333333333336,38.208333333333336,46.875,38.666666666666664,42.958333333333336
2008-02-25T00:00:00Z,43.958333333333336,47.333333333333336,48.5,47.916666666666664,43.208333333333336,46.708333333333336,47.541666666666664,42.541666666666664,47.041666666666664,46.916666666666664,50.208333333333336,47.625,47.041666666666664,45.041666666666664,45.958333333333336,45.625,47.833333333333336,47.333333333333336,46.958333333333336,45.75,45.75,46.958333333333336,41.666666666666664,45.708333333333336
2008-02-26T00:00:00Z,52.458333333333336,45.75,51.25,56.708333333333336,53.458333333333336,55.583333333333336,55.833333333333336,43.041666666666664,55.458333333333336,49.583333333333336,50.416666666666664,53.291666666666664,46.791666666666664,51.458333333333336,53.833333333333336,50.25,56.458333333333336,49.708333333333336,56.666666666666664,46.583333333333336,47.083333333333336,56.5,53.166666666666664,55.25
2008-02-27T00:00:00Z,42.083333333333336,26.166666666666668,35.958333333333336,43.583333333333336,42.791666666666664,45.166666666666664,43.25,22.666666666666668,42.666666666666664,34.875,36.083333333333336,37.416666666666664,32.041666666666664,37.791666666666664,47.916666666666664,36.75,46.166666666666664,34.75,46.916666666666664,32.666666666666664,33.125,44.875,43.25,43.208333333333336
2008-02-28T00:00:00Z,31.208333333333332,27.5,32.833333333333336,35.208333333333336,31.041666666666668,33.708333333333336,34.541666666666664,23.125,33.5,31.041666666666668,32.916666666666664,32.5,31.291666666666668,32.25,35.916666666666664,30.458333333333332,35.666666666666664,32.041666666666664,38.625,30.333333333333332,31.416666666666668,33.791666666666664,32.416666666666664,33.166666666666664
2008-02-29T00:00:00Z,40.916666666666664,37.666666666666664,45.125,43.083333333333336,39.791666666666664,40.666666666666664,43.041666666666664,32.625,41.666666666666664,42.375,45.541666666666664,44.25,40.916666666666664,42.25,42.291666666666664,41.416666666666664,42.416666666666664,43.833333333333336,44.333333333333336,40,39.791666666666664,40.958333333333336,41.666666666666664,41.791666666666664
2008-03-01T00:00:00Z,52.375,44.083333333333336,53.958333333333336,56.166666666666664,50.916666666666664,54.083333333333336,56,42.416666666666664,54.583333333333336,52.083333333333336,54.916666666666664,54.625,51.791666666666664,52,53.875,52.291666666666664,57.125,53.75,56.041666666666664,49.333333333333336,49,54.791666666666664,49.875,52.833333333333336
2008-03-02T00:00:00Z,44.25,43.833333333333336,51.5,51.041666666666664,42.166666666666664,46.25,49.75,47.958333333333336,48.875,49.583333333333336,51.75,51.583333333333336,49.583333333333336,48.5,45.291666666666664,49.125,47.458333333333336,47.375,49.166666666666664,47.75,49.25,47.041666666666664,41.875,46.708333333333336
2008-03-03T00:00:00Z,54.958333333333336,49.541666666666664,57.208333333333336,57.166666666666664,53.75,55.5,55.666666666666664,52.916666666666664,56,56.291666666666664,57.208333333333336,58.625,54.625,56.208333333333336,54.166666666666664,56.208333333333336,58,54.125,57.708333333333336,52.75,54.791666666666664,56.666666666666664,54.333333333333336,55.958333333333336
2008-03-04T00:00:00Z,66.41666666666667,56.291666666666664,62.875,66.54166666666667,64.875,67,64.91666666666667,54.166666666666664,66.66666666666667,63,60.791666666666664,66.20833333333333,60.708333333333336,64.16666666666667,62.083333333333336,62.833333333333336,68.04166666666667,62.583333333333336,66.29166666666667,61.041666666666664,60.458333333333336,67.91666666666667,65.16666666666667,66.75
2008-03-05T00:00:00Z,55.875,39.541666666666664,51.916666666666664,57.25,58.666666666666664,60,56.958333333333336,35.916666666666664,57.166666666666664,49.875,49.958333333333336,53.833333333333336,49.291666666666664,53.916666666666664,60.166666666666664,52.375,60.416666666666664,51.75,59.791666666666664,48.833333333333336,45.25,59.75,57.75,57.541666666666664
2008-03-06T00:00:00Z,52.333333333333336,45.083333333333336,52.791666666666664,55.833333333333336,50.708333333333336,55.375,55.083333333333336,47.25,54.708333333333336,49.083333333333336,53.208333333333336,52.25,49.208333333333336,49.041666666666664,56.916666666666664,50,55.833333333333336,49.166666666666664,57.833333333333336,47.75,48.375,56.333333333333336,46.916666666666664,53.291666666666664
2008-03-07T00:00:00Z,56.875,46.333333333333336,52.041666666666664,59.5,59,60.166666666666664,57.916666666666664,44.958333333333336,57.208333333333336,46.583333333333336,50.625,51.958333333333336,46.75,47.125,61.875,48.041666666666664,60.833333333333336,48.833333333333336,61.708333333333336,45.75,47.25,60.333333333333336,57.333333333333336,58.125
2008-03-08T00:00:00Z,61.458333333333336,38.416666666666664,47.375,56.375,60.041666666666664,60.333333333333336,57,42.083333333333336,57.833333333333336,46.25,43.875,51.375,41.791666666666664,52.458333333333336,60.958333333333336,50.291666666666664,58.833333333333336,45.166666666666664,59.958333333333336,41.166666666666664,44.291666666666664,59.458333333333336,60.75,58.875
2008-03-09T00:00:00Z,39.91304347826087,35.130434782608695,39.391304347826086,41.91304347826087,40.30434782608695,41.34782608695652,41.78260869565217,33.82608695652174,41.26086956521739,38.30434782608695,40.08695652173913,38.65217391304348,38.869565217391305,38.91304347826087,44.26086956521739,37.91304347826087,43.82608695652174,37.78260869565217,43.56521739130435,38.17391304347826,38.95652173913044,41.56521739130435,39.95652173913044,41.08695652173913
2008-03-10T00:00:00Z,43.75,42.791666666666664,49.166666666666664,47.291666666666664,44.208333333333336,44.5,47.458333333333336,43.75,47,46.791666666666664,49.333333333333336,48.958333333333336,46.291666666666664,46.458333333333336,49.958333333333336,45.958333333333336,46.791666666666664,46.375,47.625,44.291666666666664,46.833333333333336,44.708333333333336,45.125,46.375
2008-03-11T00:00:00Z,50.666666666666664,44.458333333333336,51.958333333333336,52.625,50.291666666666664,54.125,52.791666666666664,45.125,54.208333333333336,51.208333333333336,52.125,54.333333333333336,50.166666666666664,52.5,53.75,51.416666666666664,53.583333333333336,51,55.416666666666664,47.541666666666664,50.875,53.166666666666664,48.5,53.583333333333336
2008-03-12T00:00:00Z,53.416666666666664,48.458333333333336,54.875,56.375,54.041666666666664,55.833333333333336,56.125,47,55.833333333333336,53.125,53.875,55.708333333333336,53.541666666666664,53.375,57.125,53.125,58.291666666666664,52,58.833333333333336,52,52.666666666666664,55.416666666666664,52.333333333333336,55.791666666666664
2008-03-13T00:00:00Z,56.666666666666664,51.75,58.5,57.583333333333336,55.458333333333336,55.708333333333336,58.333333333333336,54.416666666666664,57.5,56.791666666666664,60.333333333333336,58.541666666666664,57.708333333333336,56.166666666666664,58.041666666666664,56.25,59.125,57.333333333333336,58.708333333333336,55.583333333333336,54.375,57.583333333333336,55.5,57.291666666666664
2008-03-14T00:00:00Z,62.666666666666664,50.25,59.5,59.041666666666664,60.5,61.041666666666664,60.833333333333336,55.041666666666664,61.833333333333336,60.083333333333336,59.5,64.54166666666667,58.041666666666664,61.5,61.75,61.416666666666664,61.708333333333336,59.958333333333336,62.5,55.291666666666664,56.875,61.125,62.125,62.583333333333336
2008-03-15T00:00:00Z,58.25,49.375,54.666666666666664,60.083333333333336,57.083333333333336,61.416666666666664,60.208333333333336,48.125,60.083333333333336,54.583333333333336,55.125,56.916666666666664,51.833333333333336,57.625,60.333333333333336,56.75,61.916666666666664,52.875,62.291666666666664,52.375,53.666666666666664,61.083333333333336,56.416666666666664,61.041666666666664
2008-03-16T00:00:00Z,50.75,46.5,53.208333333333336,56.833333333333336,49.625,52.75,56.458333333333336,41.583333333333336,54,52.458333333333336,54.083333333333336,55.5,50.333333333333336,52.791666666666664,53.25,53.25,56.083333333333336,53.166666666666664,55.458333333333336,50.333333333333336,50.75,54.625,48.083333333333336,51.666666666666664
2008-03-17T00:00:00Z,44.125,42.666666666666664,48.166666666666664,49.083333333333336,42.458333333333336,46.291666666666664,48.125,41.416666666666664,45.916666666666664,46.166666666666664,49.041666666666664,48.75,45.75,44.5,45.833333333333336,44.5,48.416666666666664,47.333333333333336,47.5,44.5,46.166666666666664,48,43,44.583333333333336
2008-03-18T00:00:00Z,45.916666666666664,44.416666666666664,51.166666666666664,53.791666666666664,45.458333333333336,51,51.041666666666664,44,50.458333333333336,47.916666666666664,50.958333333333336,51.708333333333336,46.583333333333336,47.041666666666664,52,46.708333333333336,52.458333333333336,46.958333333333336,53.708333333333336,45.625,47,52.666666666666664,48.041666666666664,49.541666666666664
2008-03-19T00:00:00Z,65.95833333333333,56.041666666666664,63.291666666666664,67.08333333333333,64.70833333333333,67.20833333333333,64.29166666666667,55.041666666666664,66.91666666666667,63.541666666666664,61.5,66.625,59.666666666666664,59.5,61.416666666666664,64.29166666666667,68.58333333333333,63.625,66.04166666666667,57.5,56.541666666666664,67.625,66.45833333333333,67.20833333333333
2008-03-20T00:00:00Z,57.25,43.041666666666664,53.875,58.833333333333336,58.208333333333336,58.625,59.041666666666664,40.416666666666664,59,51.666666666666664,53.333333333333336,55.333333333333336,50,53.25,60.5,53.166666666666664,60.708333333333336,53.083333333333336,60.125,49.583333333333336,50.125,59.083333333333336,57.541666666666664,58.666666666666664
2008-03-21T00:00:00Z,48.5,46.75,52.5,51.583333333333336,49.833333333333336,50.25,53.333333333333336,47,53.208333333333336,51.125,55.208333333333336,52.625,51.916666666666664,51.875,54.375,50.125,52.708333333333336,51.625,53.625,49.708333333333336,50.666666666666664,50.791666666666664,51.416666666666664,52.416666666666664
2008-03-22T00:00:00Z,59.625,53.166666666666664,60.125,61.708333333333336,57.458333333333336,61.875,61.833333333333336,53.375,61.458333333333336,60,60.083333333333336,63.041666666666664,59.291666666666664,60.875,60.666666666666664,60.041666666666664,63.083333333333336,61.625,62.583333333333336,58.916666666666664,56.333333333333336,62.916666666666664,53.791666666666664,61.625
2008-03-23T00:00:00Z,46.458333333333336,40.916666666666664,50.541666666666664,52.625,45.458333333333336,48.875,51.666666666666664,38.5,49.458333333333336,47.5,50.458333333333336,50.958333333333336,46.166666666666664,46.041666666666664,49.416666666666664,47.333333333333336,52.166666666666664,50.125,50.833333333333336,45.625,46.125,51.25,44.375,47.458333333333336
2008-03-24T00:00:00Z,44.75,34.125,43.875,47.291666666666664,45.583333333333336,46.083333333333336,46.416666666666664,32.083333333333336,45.666666666666664,39.333333333333336,41.583333333333336,41.416666666666664,40,40.833333333333336,48.833333333333336,41.208333333333336,47.666666666666664,43.333333333333336,49.125,38.791666666666664,41.041666666666664,47.75,45.916666666666664,44.833333333333336
2008-03-25T00:00:00Z,44.708333333333336,38.916666666666664,43.708333333333336,45.25,43.958333333333336,46,45.333333333333336,36.916666666666664,45.958333333333336,43.166666666666664,44.625,44.625,42.375,43.833333333333336,48.333333333333336,44.041666666666664,46,42.666666666666664,47.875,40.75,43.416666666666664,46.291666666666664,45.625,45.5
2008-03-26T00:00:00Z,58.291666666666664,49.833333333333336,56.416666666666664,54.208333333333336,55.666666666666664,54.083333333333336,55.25,53.333333333333336,56.375,55.833333333333336,56.708333333333336,59.083333333333336,56.5,55.625,55.875,56.125,55.083333333333336,57.875,57.5,54.166666666666664,53.416666666666664,54.416666666666664,58.125,56.958333333333336
2008-03-27T00:00:00Z,63.375,55.958333333333336,61.791666666666664,61.625,60.458333333333336,61.916666666666664,62.208333333333336,58.041666666666664,62.833333333333336,60.916666666666664,62.291666666666664,64.91666666666667,59.958333333333336,61.666666666666664,60.666666666666664,61.75,62.958333333333336,63.541666666666664,61.958333333333336,58.333333333333336,58.541666666666664,61.791666666666664,63.416666666666664,63.083333333333336
2008-03-28T00:00:00Z,68.25,60.083333333333336,67.125,67.45833333333333,66.375,67.54166666666667,68.75,59.583333333333336,68.75,66.25,66.08333333333333,69.08333333333333,65.45833333333333,68.58333333333333,63.416666666666664,66.20833333333333,67.33333333333333,67.08333333333333,64.70833333333333,63.875,64.33333333333333,68,67.20833333333333,69.79166666666667
2008-03-29T00:00:00Z,47.916666666666664,49.041666666666664,51.541666666666664,54.75,46.041666666666664,51,53.791666666666664,42.458333333333336,50.583333333333336,47.333333333333336,52.916666666666664,51.25,48.541666666666664,46.666666666666664,49.916666666666664,48,56.291666666666664,50.083333333333336,52.125,48.958333333333336,46.875,53.791666666666664,45.791666666666664,48.916666666666664
2008-03-30T00:00:00Z,45.416666666666664,39.083333333333336,43.333333333333336,44.458333333333336,46,46.916666666666664,43.833333333333336,35.708333333333336,44.333333333333336,41.041666666666664,43.291666666666664,43.5,41.25,42,49.791666666666664,41.75,46.416666666666664,43.5,49.75,41.416666666666664,40.833333333333336,47.166666666666664,45.208333333333336,45.333333333333336
2008-03-31T00:00:00Z,57.75,46.5,45.75,58.458333333333336,57.958333333333336,61.041666666666664,46.958333333333336,38.625,58.333333333333336,44.458333333333336,48.916666666666664,47.708333333333336,45.25,47.416666666666664,59.041666666666664,46.541666666666664,61.916666666666664,46.375,63.666666666666664,46.333333333333336,45.041666666666664,61.75,58.5,58.625
2008-04-01T00:00:00Z,68.70833333333333,61.75,59.416666666666664,67.54166666666667,65.125,67.04166666666667,63.958333333333336,55.208333333333336,68.70833333333333,59.083333333333336,60.875,62.666666666666664,60.083333333333336,64.70833333333333,61.458333333333336,64.29166666666667,68.70833333333333,60.708333333333336,65.875,54.375,51.041666666666664,67.16666666666667,67.83333333333333,68.625
2008-04-02T00:00:00Z,57.666666666666664,57.75,61.958333333333336,64.54166666666667,54.541666666666664,59.208333333333336,64.95833333333333,54,61.875,57.125,64.70833333333333,60.5,60.916666666666664,57.958333333333336,55.5,58.458333333333336,62.875,60.916666666666664,59.041666666666664,62.583333333333336,57.458333333333336,60.916666666666664,53.291666666666664,60.5
2008-04-03T00:00:00Z,50.666666666666664,46.041666666666664,47.25,52.125,52.958333333333336,55.125,50.625,40.916666666666664,51.833333333333336,46.208333333333336,48.833333333333336,48.958333333333336,46.708333333333336,48.791666666666664,55.75,47.166666666666664,56,49.083333333333336,56.75,47.916666666666664,45.291666666666664,55.083333333333336,50.583333333333336,52.708333333333336
2008-04-04T00:00:00Z,59.958333333333336,54.083333333333336,51.208333333333336,62.416666666666664,64.83333333333333,67.29166666666667,57.791666666666664,41.083333333333336,61.375,49.916666666666664,50.333333333333336,54.541666666666664,49.25,47.625,62.25,54.083333333333336,67.79166666666667,51.583333333333336,64.5,48.625,46.583333333333336,67.25,63.416666666666664,61.625
2008-04-05T00:00:00Z,64.25,55,60.833333333333336,66.625,63.291666666666664,66.16666666666667,64.20833333333333,50.75,63.916666666666664,58.458333333333336,59.125,63,57.208333333333336,57.916666666666664,63.708333333333336,60.791666666666664,70.54166666666667,60.583333333333336,66.54166666666667,57.041666666666664,55.958333333333336,67.41666666666667,61.125,64.25
2008-04-06T00:00:00Z,53.041666666666664,55.583333333333336,57.125,63.041666666666664,52.625,60.041666666666664,61,50.041666666666664,56.333333333333336,50.708333333333336,61.083333333333336,55.5,55.875,51.041666666666664,59.208333333333336,52.208333333333336,65.83333333333333,57.25,63.291666666666664,56.708333333333336,52.5,64.125,50.875,55.375
2008-04-07T00:00:00Z,48.75,54,53.625,55.125,48.208333333333336,51.125,54.083333333333336,47.708333333333336,50.75,50,56.375,52.708333333333336,53.208333333333336,48.125,53.25,49.791666666666664,55.5,54.833333333333336,53.083333333333336,53.625,50.875,53.708333333333336,46.666666666666664,50.083333333333336
2008-04-08T00:00:00Z,50.583333333333336,51.208333333333336,56.083333333333336,57,47.958333333333336,53.208333333333336,56.5,47.541666666666664,53.708333333333336,52.708333333333336,54.875,55.25,52.333333333333336,51,51.458333333333336,52.833333333333336,57.291666666666664,54.958333333333336,53.833333333333336,53.125,53.041666666666664,55.083333333333336,47.958333333333336,52.083333333333336
2008-04-09T00:00:00Z,56.666666666666664,58.291666666666664,59.333333333333336,59.333333333333336,51.5,56.5,59.333333333333336,55.458333333333336,58.75,58.208333333333336,60.333333333333336,58.791666666666664,58.625,57.583333333333336,53.208333333333336,57.5,60.5,58.375,56.708333333333336,58.083333333333336,57.791666666666664,59.041666666666664,50.541666666666664,57.333333333333336
2008-04-10T00:00:00Z,63.416666666666664,58.791666666666664,64.16666666666667,62.041666666666664,58.791666666666664,63.166666666666664,61.916666666666664,60.666666666666664,64.08333333333333,64.08333333333333,63.833333333333336,65.79166666666667,63.25,64.45833333333333,55.833333333333336,62.916666666666664,63.916666666666664,62.75,62.5,62.375,63.541666666666664,62.958333333333336,56.166666666666664,66.04166666666667
2008-04-11T00:00:00Z,69.375,65.29166666666667,68.45833333333333,69.45833333333333,66.83333333333333,68.79166666666667,69.91666666666667,65.41666666666667,70.54166666666667,69.20833333333333,69.5,72.04166666666667,68.875,70.20833333333333,62,69.20833333333333,68.45833333333333,70.41666666666667,67.375,68.5,68.375,68.70833333333333,67.875,70.45833333333333
2008-04-12T00:00:00Z,70.79166666666667,62.916666666666664,64.16666666666667,71.5,70.83333333333333,72.58333333333333,70.33333333333333,60.625,71,67.125,63.916666666666664,67.875,65,68.70833333333333,64.33333333333333,66.625,73.125,65.83333333333333,68.875,68.08333333333333,67.66666666666667,73.375,70.45833333333333,71.16666666666667
2008-04-13T00:00:00Z,58.125,46,52.666666666666664,62.708333333333336,59.666666666666664,63.166666666666664,61.916666666666664,40.041666666666664,62.083333333333336,52.541666666666664,54.291666666666664,56.416666666666664,51,55.125,61.291666666666664,54.375,64.5,52.208333333333336,63.333333333333336,50.833333333333336,50.208333333333336,64.29166666666667,57.25,61.875
2008-04-14T00:00:00Z,47.583333333333336,38.666666666666664,44.25,51.458333333333336,48.208333333333336,50.208333333333336,49.625,36.583333333333336,50.541666666666664,44.666666666666664,45.458333333333336,45.958333333333336,43.958333333333336,47.375,52.125,45.291666666666664,52.083333333333336,43.583333333333336,51.875,43.291666666666664,44.208333333333336,51.5,47.791666666666664,49.541666666666664
2008-04-15T00:00:00Z,47.541666666666664,45.166666666666664,50.125,51.666666666666664,50.208333333333336,50.166666666666664,51.333333333333336,42.208333333333336,51.208333333333336,49.833333333333336,51.375,49.583333333333336,50.583333333333336,49.291666666666664,50.708333333333336,48.916666666666664,52.833333333333336,50.5,51.958333333333336,48.916666666666664,49.583333333333336,52.083333333333336,49.916666666666664,49.625
2008-04-16T00:00:00Z,49.458333333333336,48.583333333333336,51.291666666666664,51.041666666666664,52.166666666666664,51.666666666666664,51.25,49.916666666666664,51.916666666666664,52.458333333333336,54.208333333333336,52.041666666666664,52.041666666666664,51.791666666666664,53.25,49.875,53,50.083333333333336,53.041666666666664,50.375,51.25,52.708333333333336,51.916666666666664,50.041666666666664
2008-04-17T00:00:00Z,55.291666666666664,55.958333333333336,59.458333333333336,57.041666666666664,55,55.75,59.583333333333336,59.375,58.125,61.833333333333336,60.875,60.291666666666664,60,60.5,54.416666666666664,57.5,58.583333333333336,57,57.375,56.875,59.458333333333336,56.541666666666664,55.416666666666664,56.166666666666664
2008-04-18T00:00:00Z,64.70833333333333,60.375,66.125,66.45833333333333,64.45833333333333,65.58333333333333,66.75,63.291666666666664,67.5,67.5,66.75,68.125,65.54166666666667,68.04166666666667,58.333333333333336,67.375,67.33333333333333,63.291666666666664,64.95833333333333,63.916666666666664,65.33333333333333,66.08333333333333,65.375,66.16666666666667
2008-04-19T00:00:00Z,67.08333333333333,57.458333333333336,61.458333333333336,65.58333333333333,66.16666666666667,66.45833333333333,66.41666666666667,56.708333333333336,68.95833333333333,63.125,61.75,66.83333333333333,60.083333333333336,67.45833333333333,62.625,65.33333333333333,68.5,63.291666666666664,66.45833333333333,58.958333333333336,60.166666666666664,66.5,67.83333333333333,69.04166666666667
2008-04-20T00:00:00Z,63.916666666666664,51.166666666666664,58.083333333333336,66.91666666666667,64.5,66.16666666666667,66.5,50.583333333333336,66.54166666666667,55.583333333333336,59.666666666666664,57.583333333333336,54.458333333333336,58.791666666666664,61.666666666666664,56.791666666666664,68.70833333333333,55.25,65.29166666666667,54,53.958333333333336,68.375,65.45833333333333,64.95833333333333
2008-04-21T00:00:00Z,56.875,56,57.958333333333336,58.833333333333336,58.25,60.166666666666664,56.5,53.25,59,55.583333333333336,61.5,56.666666666666664,58.875,56.375,58.25,54.458333333333336,60.75,58.125,62.208333333333336,57.291666666666664,58.208333333333336,60.666666666666664,57.541666666666664,57.625
2008-04-22T00:00:00Z,62.208333333333336,59.458333333333336,61.916666666666664,61.083333333333336,62.833333333333336,63.041666666666664,61.708333333333336,56.208333333333336,63.75,60.375,63.208333333333336,63.583333333333336,61.541666666666664,62.041666666666664,60.541666666666664,60.958333333333336,63.75,62.833333333333336,62.541666666666664,61.666666666666664,61.291666666666664,63.041666666666664,59.5,62.833333333333336
2008-04-23T00:00:00Z,64.91666666666667,63.041666666666664,63.583333333333336,64.58333333333333,64.75,66.04166666666667,64.04166666666667,59.083333333333336,65.45833333333333,62.5,66.20833333333333,64.70833333333333,64.41666666666667,63.958333333333336,62.5,63.375,65.95833333333333,64.25,66.33333333333333,65.16666666666667,65.5,66.83333333333333,59.958333333333336,66.04166666666667
2008-04-24T00:00:00Z,63.666666666666664,62.583333333333336,66.08333333333333,66.04166666666667,65.29166666666667,65.58333333333333,66.29166666666667,61.666666666666664,65.5,65.625,67.79166666666667,66.08333333333333,65.70833333333333,65.79166666666667,63.958333333333336,63.541666666666664,65.75,65.5,67.375,64.20833333333333,66.04166666666667,65.33333333333333,64.79166666666667,65.54166666666667
2008-04-25T00:00:00Z,67.25,62.458333333333336,68.625,66.58333333333333,67.875,66.29166666666667,67.375,65.625,68.20833333333333,68.45833333333333,70.25,70.79166666666667,68.70833333333333,66.79166666666667,63.708333333333336,66.41666666666667,67.375,68.54166666666667,66.83333333333333,67.16666666666667,68.91666666666667,66.33333333333333,68.58333333333333,68.95833333333333
2008-04-26T00:00:00Z,72.16666666666667,61.166666666666664,68.70833333333333,69.16666666666667,71.375,69.66666666666667,70.75,65.79166666666667,72.29166666666667,69.91666666666667,67.875,72.33333333333333,67.91666666666667,72.16666666666667,66.625,70.83333333333333,70.41666666666667,69.66666666666667,69.54166666666667,66.33333333333333,67.16666666666667,69.25,72.125,72.54166666666667
2008-04-27T00:00:00Z,66.20833333333333,59.125,66.375,69.66666666666667,65.08333333333333,68.29166666666667,69.70833333333333,58.541666666666664,68.875,65.91666666666667,65.41666666666667,67.41666666666667,63.75,65.54166666666667,65.08333333333333,66.75,70.66666666666667,65.41666666666667,69.33333333333333,68.45833333333333,63.291666666666664,67.91666666666667,60.625,68
2008-04-28T00:00:00Z,64.45833333333333,56.541666666666664,63.083333333333336,68.375,68.08333333333333,68.375,67.25,54.5,67.45833333333333,61.416666666666664,64.375,63.458333333333336,62.166666666666664,62.791666666666664,64.58333333333333,60.916666666666664,69.5,63.5,69.375,62.541666666666664,61.041666666666664,68.20833333333333,64.16666666666667,67.375
2008-04-29T00:00:00Z,57.125,44.541666666666664,52.208333333333336,57.916666666666664,58.958333333333336,58.958333333333336,57.583333333333336,41.041666666666664,57.958333333333336,51.458333333333336,53.75,53.458333333333336,50.25,53.541666666666664,60.75,52.25,60.458333333333336,52.208333333333336,63.041666666666664,53.958333333333336,49.291666666666664,59.041666666666664,58.125,57.75
2008-04-30T00:00:00Z,53.125,50.583333333333336,54,53.875,55.666666666666664,55.041666666666664,54.791666666666664,43.541666666666664,54.291666666666664,52.208333333333336,55.416666666666664,51.666666666666664,52.666666666666664,52.833333333333336,57.041666666666664,51.5,55.833333333333336,52.291666666666664,57.583333333333336,51.25,51.625,55.208333333333336,54.708333333333336,54.291666666666664
2008-05-01T00:00:00Z,61.333333333333336,58.791666666666664,62.916666666666664,60.375,61.5,61,61.75,60.083333333333336,62.416666666666664,63.166666666666664,63.5,65.41666666666667,61.625,58.333333333333336,58.875,62.333333333333336,61.375,62.125,62.625,53.708333333333336,61.375,60.166666666666664,61.291666666666664,63.541666666666664
2008-05-02T00:00:00Z,68.58333333333333,65.29166666666667,68.5,67.41666666666667,69.41666666666667,67.5,68.33333333333333,64.91666666666667,70,68.95833333333333,67.75,71.45833333333333,68.04166666666667,69.625,65.79166666666667,68.25,67.625,69.25,68.70833333333333,60.5,68.33333333333333,67.41666666666667,69.875,69.70833333333333
2008-05-03T00:00:00Z,70.91666666666667,61.166666666666664,67.875,69.16666666666667,70.79166666666667,69.95833333333333,70.45833333333333,61.291666666666664,71.45833333333333,68.20833333333333,66.41666666666667,70.875,65.83333333333333,70.25,67.75,69,70.95833333333333,67.79166666666667,70.45833333333333,68.29166666666667,66.95833333333333,70,71.45833333333333,71.75
2008-05-04T00:00:00Z,71.875,62.166666666666664,68.625,71.25,69.45833333333333,70.04166666666667,71.625,61.375,72.16666666666667,67.95833333333333,68.83333333333333,70.45833333333333,67.54166666666667,69.58333333333333,68.125,68.91666666666667,71.125,67.70833333333333,69.625,66.75,65.25,70,67.70833333333333,71.29166666666667
2008-05-05T00:00:00Z,65.25,62.458333333333336,67.75,66.04166666666667,64.08333333333333,67.95833333333333,66.33333333333333,59.166666666666664,67.25,62.583333333333336,68.125,66.70833333333333,65.75,61.25,64.29166666666667,61.416666666666664,66.70833333333333,67.08333333333333,68.5,67.70833333333333,63.166666666666664,66.625,61.625,67.41666666666667
2008-05-06T00:00:00Z,63.916666666666664,61.583333333333336,66.83333333333333,64.79166666666667,63,64.70833333333333,65.41666666666667,60.791666666666664,65,65.95833333333333,67.66666666666667,65.16666666666667,65.29166666666667,64.41666666666667,62.291666666666664,63.041666666666664,66.45833333333333,65.29166666666667,66.5,62.5,63.416666666666664,65.20833333333333,63.916666666666664,65.79166666666667
2008-05-07T00:00:00Z,68.83333333333333,64.08333333333333,69.75,67.95833333333333,68.875,67.29166666666667,69.29166666666667,64.54166666666667,68.875,68.70833333333333,69.875,68.95833333333333,67.33333333333333,68.95833333333333,66.125,66.875,69.08333333333333,68.04166666666667,68,63.666666666666664,66.79166666666667,67.41666666666667,70.08333333333333,69.91666666666667
2008-05-08T00:00:00Z,70.08333333333333,67.5,72.29166666666667,72.08333333333333,69.66666666666667,71.45833333333333,71.5,64.83333333333333,71.25,70.04166666666667,73.33333333333333,72.5,70.375,69.54166666666667,70.54166666666667,68.95833333333333,73.70833333333333,73.625,72.29166666666667,67.45833333333333,68.70833333333333,72.20833333333333,69.25,70.375
2008-05-09T00:00:00Z,73.04166666666667,66.91666666666667,73.25,76.33333333333333,73.20833333333333,76.625,76.83333333333333,64.29166666666667,75.5,71.91666666666667,73.08333333333333,73.33333333333333,71.25,73.20833333333333,71.66666666666667,71.04166666666667,77.58333333333333,72.08333333333333,73.75,71.125,69.54166666666667,76.79166666666667,70.70833333333333,75
2008-05-10T00:00:00Z,62.333333333333336,65.20833333333333,73.08333333333333,75.25,61.125,69.83333333333333,74.33333333333333,62.958333333333336,69.70833333333333,67.875,72,70.04166666666667,70.75,65,62.666666666666664,65.75,75.66666666666667,71.79166666666667,69.58333333333333,71.20833333333333,67.58333333333333,71.33333333333333,58.791666666666664,67.16666666666667
2008-05-11T00:00:00Z,55.916666666666664,57.5,61.833333333333336,67.66666666666667,58.958333333333336,62.875,64.375,50.708333333333336,61.166666666666664,56.166666666666664,62.875,59.583333333333336,57.125,55.25,62.75,56,68.625,60.666666666666664,65.66666666666667,67.58333333333333,55.041666666666664,64.25,57.166666666666664,59.416666666666664
2008-05-12T00:00:00Z,53.75,55.833333333333336,61.666666666666664,64.58333333333333,53.125,59.375,63.541666666666664,48.583333333333336,58.375,58.208333333333336,63.791666666666664,59.375,59.625,55.541666666666664,57.833333333333336,56.583333333333336,64.25,60.833333333333336,60.916666666666664,58.25,57.083333333333336,60.833333333333336,52.375,57.416666666666664
2008-05-13T00:00:00Z,57.166666666666664,56.916666666666664,60.541666666666664,59.416666666666664,55.416666666666664,58.25,59.166666666666664,54.458333333333336,58.833333333333336,59.208333333333336,61.541666666666664,60.083333333333336,60.083333333333336,57.333333333333336,55.125,56.75,59.916666666666664,58.833333333333336,58.791666666666664,55.916666666666664,59.583333333333336,59.625,56.125,58.333333333333336
2008-05-14T00:00:00Z,61.041666666666664,57.541666666666664,62.583333333333336,62.166666666666664,60.875,62.375,63.291666666666664,57.541666666666664,63.25,61.375,61.916666666666664,62.666666666666664,60.875,60.875,59.5,59.791666666666664,63.75,60.375,62.541666666666664,59.958333333333336,59.375,62.166666666666664,61.791666666666664,63.041666666666664
2008-05-15T00:00:00Z,69.45833333333333,60.25,66.16666666666667,69.95833333333333,69.75,68.875,69.875,60.083333333333336,69.16666666666667,66.08333333333333,64.33333333333333,69,64,67.83333333333333,66.54166666666667,66.29166666666667,71.16666666666667,66.29166666666667,69.91666666666667,60.583333333333336,63.583333333333336,68.91666666666667,67.83333333333333,69.375
2008-05-16T00:00:00Z,69.95833333333333,60.541666666666664,69.375,75.45833333333333,70.45833333333333,73.75,74.83333333333333,58.916666666666664,72.79166666666667,67.41666666666667,68.66666666666667,68.625,65.45833333333333,69.41666666666667,68.79166666666667,67.66666666666667,75.66666666666667,67.66666666666667,72.04166666666667,64.20833333333333,64.08333333333333,74.83333333333333,69.29166666666667,71.33333333333333
2008-05-17T00:00:00Z,63,58.708333333333336,62.75,64.41666666666667,63.791666666666664,65.33333333333333,65.70833333333333,56.25,65.375,61.916666666666664,62.875,62.833333333333336,61.708333333333336,63.041666666666664,63.291666666666664,61.083333333333336,65.29166666666667,61.958333333333336,65.70833333333333,61.958333333333336,62.5,65.29166666666667,64.58333333333333,64.95833333333333
2008-05-18T00:00:00Z,64.08333333333333,56.5,63.125,68.875,67.58333333333333,67.70833333333333,68.04166666666667,58.166666666666664,67.66666666666667,62.25,64.125,64.58333333333333,62.458333333333336,63.333333333333336,68.16666666666667,62.416666666666664,69.70833333333333,62.125,69.91666666666667,62.541666666666664,60.666666666666664,68.25,66.66666666666667,67.91666666666667
2008-05-19T00:00:00Z,63.958333333333336,60.625,66,70.08333333333333,64.70833333333333,67.45833333333333,69.08333333333333,57.958333333333336,66.875,63.291666666666664,67.83333333333333,64.625,65.16666666666667,63.291666666666664,66.625,61.375,71.83333333333333,64.16666666666667,68.91666666666667,62.75,61.333333333333336,68.5,64.20833333333333,65.75
2008-05-20T00:00:00Z,67.66666666666667,65.91666666666667,70.25,74.33333333333333,69.04166666666667,72.5,73.45833333333333,63.125,71.58333333333333,69.70833333333333,70.70833333333333,71.5,68.33333333333333,67.625,69.29166666666667,65.66666666666667,75.08333333333333,69.70833333333333,71.70833333333333,66.79166666666667,65.58333333333333,73.58333333333333,66.45833333333333,70.875
2008-05-21T00:00:00Z,62.291666666666664,59.333333333333336,65.58333333333333,68.20833333333333,62.041666666666664,67.45833333333333,68,56.791666666666664,66,64.04166666666667,65.54166666666667,63.833333333333336,65.04166666666667,61.75,63.875,61.166666666666664,68.91666666666667,63.791666666666664,67.83333333333333,67.58333333333333,61.708333333333336,67.41666666666667,62.5,65.41666666666667
2008-05-22T00:00:00Z,62.25,60.666666666666664,66.08333333333333,66.91666666666667,63.916666666666664,66.875,68.41666666666667,61.75,66.79166666666667,66.45833333333333,67.20833333333333,63.958333333333336,67.08333333333333,63.541666666666664,66.66666666666667,62.291666666666664,69.16666666666667,64.25,68.45833333333333,62.375,62.333333333333336,67.45833333333333,65.58333333333333,64.875
2008-05-23T00:00:00Z,62.583333333333336,66.5,70.91666666666667,71.625,64.41666666666667,64.95833333333333,70.625,64.75,65.91666666666667,67.79166666666667,72.58333333333333,68.83333333333333,70.25,62.458333333333336,63.25,63.583333333333336,71.66666666666667,68.54166666666667,69.5,69.41666666666667,67.25,68.79166666666667,63.583333333333336,63.166666666666664
2008-05-24T00:00:00Z,63.375,65.33333333333333,67,64.08333333333333,63.041666666666664,64,63.708333333333336,62.5,64.125,64.58333333333333,69.66666666666667,66.25,67.08333333333333,63.333333333333336,62.041666666666664,62.791666666666664,65.66666666666667,66.33333333333333,65.66666666666667,66.54166666666667,65.75,64.95833333333333,64,64.375
2008-05-25T00:00:00Z,65.33333333333333,63.5,67.58333333333333,64.375,64.04166666666667,64.75,65.95833333333333,62.125,66.5,66.58333333333333,68.625,67.29166666666667,66.875,65.29166666666667,63.833333333333336,64.5,66.16666666666667,66.33333333333333,66.08333333333333,64.70833333333333,65.375,65.5,64.54166666666667,65.29166666666667
2008-05-26T00:00:00Z,69.29166666666667,68.20833333333333,71.58333333333333,67,69.16666666666667,67.25,69.5,67.79166666666667,70,71.5,72.54166666666667,73.25,72.33333333333333,70.25,66.66666666666667,70.20833333333333,67.91666666666667,72.125,69.125,70.25,70.91666666666667,66.79166666666667,70.75,69.83333333333333
2008-05-27T00:00:00Z,75.08333333333333,68.375,75.29166666666667,71.83333333333333,74.91666666666667,72.375,73.04166666666667,69.29166666666667,74.625,74.33333333333333,76.04166666666667,76.875,73,74.125,71.58333333333333,73.66666666666667,72.625,75.875,73.125,70.83333333333333,71.375,72.20833333333333,76.125,74.54166666666667
2008-05-28T00:00:00Z,60.875,63.625,65.33333333333333,66.79166666666667,61.5,63.291666666666664,65.95833333333333,61.083333333333336,63,62.458333333333336,68.83333333333333,64.875,63.041666666666664,63.166666666666664,64.25,62,68.95833333333333,64.41666666666667,67.33333333333333,62.666666666666664,61.666666666666664,64.83333333333333,60.958333333333336,61.625
2008-05-29T00:00:00Z,60.375,63.125,64.08333333333333,65.04166666666667,60.125,63.416666666666664,64.79166666666667,61.583333333333336,64.83333333333333,65.08333333333333,65.375,64.5,63.791666666666664,61.916666666666664,62.75,64.16666666666667,65.125,63.416666666666664,65.375,64.16666666666667,64.25,65.125,59.791666666666664,64.08333333333333
2008-05-30T00:00:00Z,68.83333333333333,69.83333333333333,71.375,72.20833333333333,67.79166666666667,69.33333333333333,71.70833333333333,69.5,70.83333333333333,72.75,72.875,73.66666666666667,71.58333333333333,70.54166666666667,69.08333333333333,69.58333333333333,71.29166666666667,72.08333333333333,70.95833333333333,71.33333333333333,72.83333333333333,70.33333333333333,68.875,70.58333333333333
2008-05-31T00:00:00Z,78.25,75.75,78.41666666666667,75.95833333333333,77.625,75.875,77.16666666666667,73.70833333333333,78.20833333333333,76.29166666666667,80,78.875,79.66666666666667,76.04166666666667,73.16666666666667,75.125,76.54166666666667,79.25,74.79166666666667,78.04166666666667,78.29166666666667,75.66666666666667,78.875,78.75
2008-06-01T00:00:00Z,77.29166666666667,68.91666666666667,77.70833333333333,77.91666666666667,78.125,79.125,77.16666666666667,70.45833333333333,79.75,78.29166666666667,76.83333333333333,78.375,77.83333333333333,76.25,74.54166666666667,74.54166666666667,79.58333333333333,77.04166666666667,76.375,75.75,74.33333333333333,77.625,79.33333333333333,79.70833333333333
2008-06-02T00:00:00Z,71.54166666666667,69.79166666666667,76.66666666666667,74.375,70.20833333333333,73.875,74.16666666666667,69.66666666666667,75.04166666666667,74.54166666666667,77.625,75.75,74.75,72.66666666666667,69.625,72.25,74.25,75.25,73.54166666666667,72.45833333333333,73.16666666666667,74.375,69.375,73.95833333333333
2008-06-03T00:00:00Z,71.04166666666667,70.45833333333333,76.91666666666667,74.16666666666667,69.83333333333333,72.08333333333333,73.91666666666667,68.54166666666667,73.70833333333333,75.875,78.20833333333333,77.29166666666667,74.125,74.125,69,72.95833333333333,75,73.83333333333333,73.33333333333333,72.58333333333333,70.70833333333333,73.125,71.83333333333333,73.875
2008-06-04T00:00:00Z,81.91666666666667,77.91666666666667,81.95833333333333,80.875,80.5,79.375,80.45833333333333,75.95833333333333,81.875,80.91666666666667,83.5,82.29166666666667,81.91666666666667,82.08333333333333,75.33333333333333,79.25,80.66666666666667,82.41666666666667,77.58333333333333,81.25,79.29166666666667,79.45833333333333,82.04166666666667,81.95833333333333
2008-06-05T00:00:00Z,84.29166666666667,76.08333333333333,84.25,83.08333333333333,81.04166666666667,84,83.79166666666667,78.29166666666667,85.66666666666667,83.66666666666667,84.29166666666667,84.70833333333333,82.70833333333333,85.58333333333333,75.58333333333333,81.66666666666667,83.70833333333333,83,79.16666666666667,80.08333333333333,80.95833333333333,82.45833333333333,76.83333333333333,86.04166666666667
2008-06-06T00:00:00Z,82.20833333333333,76.875,84.41666666666667,82.58333333333333,80.04166666666667,83.20833333333333,83.95833333333333,78.625,86.91666666666667,85.29166666666667,84.75,86.95833333333333,83.70833333333333,86.20833333333333,74.33333333333333,82.625,83.16666666666667,82.58333333333333,79.33333333333333,80.25,82.29166666666667,82.04166666666667,74.91666666666667,85.875
2008-06-07T00:00:00Z,84.70833333333333,75.04166666666667,84.54166666666667,82.75,86.16666666666667,85.33333333333333,84.33333333333333,79.54166666666667,87.20833333333333,85.70833333333333,84.70833333333333,86.83333333333333,83.375,86.54166666666667,78.875,82.83333333333333,84,83.5,81.75,79.16666666666667,80.45833333333333,83,86.66666666666667,87.79166666666667
2008-06-08T00:00:00Z,84.375,77.83333333333333,84.83333333333333,84.83333333333333,86.75,85.5,85.66666666666667,79.375,87.54166666666667,85.83333333333333,86.33333333333333,82.25,84.375,85.83333333333333,78.95833333333333,83.5,85.375,83.625,81.54166666666667,80.58333333333333,82.5,83.70833333333333,86.66666666666667,87.125
2008-06-09T00:00:00Z,85.04166666666667,78.95833333333333,85.04166666666667,85.33333333333333,85.75,84.83333333333333,86.54166666666667,77.45833333333333,88.33333333333333,86.66666666666667,86.04166666666667,83.875,83.95833333333333,86.79166666666667,78.125,84.54166666666667,85.875,84.16666666666667,81.33333333333333,80.45833333333333,82.375,83.125,86.5,88.625
2008-06-10T00:00:00Z,84.91666666666667,73.33333333333333,83.33333333333333,82.20833333333333,84.375,83.54166666666667,83.45833333333333,73.58333333333333,87.20833333333333,85.08333333333333,83.33333333333333,84.79166666666667,78.29166666666667,86.625,77.20833333333333,84.08333333333333,83.45833333333333,80.25,80.45833333333333,74.5,80.70833333333333,81.66666666666667,87.75,86.70833333333333
2008-06-11T00:00:00Z,82.04166666666667,74.33333333333333,79.125,80.875,79.25,80,80.75,72.625,80.625,81.5,81.125,82,79.29166666666667,81.33333333333333,76.75,81.04166666666667,82.33333333333333,79.375,80.16666666666667,77.25,79.66666666666667,79.70833333333333,79.45833333333333,82.04166666666667
2008-06-12T00:00:00Z,79,75.16666666666667,79.08333333333333,79.41666666666667,77.125,78.95833333333333,79.91666666666667,73.25,79.70833333333333,77.5,80.33333333333333,79.875,78.66666666666667,80.625,75.125,78.70833333333333,80,77.45833333333333,78.375,77.91666666666667,75.95833333333333,80.33333333333333,78.70833333333333,80.875
2008-06-13T00:00:00Z,76.29166666666667,75,80.79166666666667,76.95833333333333,74.20833333333333,77.04166666666667,77.79166666666667,71.70833333333333,78.33333333333333,79.54166666666667,80.5,80.54166666666667,79.625,80.33333333333333,75.91666666666667,78.875,77.29166666666667,78.45833333333333,77.58333333333333,76.54166666666667,76.70833333333333,77.33333333333333,78.20833333333333,77.25
2008-06-14T00:00:00Z,78.125,69,78.375,77.33333333333333,76.66666666666667,76.5,78.95833333333333,68.75,78.5,77.625,79.20833333333333,80.5,76.04166666666667,79.16666666666667,75.29166666666667,77.625,78.20833333333333,77.45833333333333,76.375,72.91666666666667,73.58333333333333,75.95833333333333,80.08333333333333,78.79166666666667
2008-06-15T00:00:00Z,76.25,72.79166666666667,78.16666666666667,75.54166666666667,76.125,74.91666666666667,74.83333333333333,71.20833333333333,75.5,77.79166666666667,78.75,79.70833333333333,77.20833333333333,78.70833333333333,76.29166666666667,76.29166666666667,75.91666666666667,77.41666666666667,77.16666666666667,74.75,76.125,75.54166666666667,77.25,76.16666666666667
2008-06-16T00:00:00Z,80.58333333333333,71.29166666666667,80.20833333333333,77.95833333333333,79.75,79.45833333333333,78.70833333333333,73,80.375,80.45833333333333,80.04166666666667,81.91666666666667,79,81.20833333333333,78.04166666666667,79.5,79.16666666666667,79.5,78.54166666666667,75.54166666666667,77,78.08333333333333,79.5,81.375
2008-06-17T00:00:00Z,76.20833333333333,72.45833333333333,79.41666666666667,78.54166666666667,77.20833333333333,81.25,80.33333333333333,68.625,81.41666666666667,77.66666666666667,80.79166666666667,80.33333333333333,78.04166666666667,76.75,77.125,76.33333333333333,82.45833333333333,78.83333333333333,80.5,75.375,75.04166666666667,80,74.75,79.95833333333333
2008-06-18T00:00:00Z,69.5,66.54166666666667,73.45833333333333,73.45833333333333,73.125,75.58333333333333,74.25,64.58333333333333,74.58333333333333,71.33333333333333,74.66666666666667,72.33333333333333,70.375,71.625,72.41666666666667,69.70833333333333,74.83333333333333,70.16666666666667,73.95833333333333,67.29166666666667,68.41666666666667,74.625,74.125,72.95833333333333
2008-06-19T00:00:00Z,71.41666666666667,67.5,74.875,71.08333333333333,71.45833333333333,74.29166666666667,72.91666666666667,67.04166666666667,74,73.16666666666667,76.5,73.5,72.54166666666667,71.875,73.625,70.83333333333333,74.375,71.79166666666667,74.58333333333333,69.79166666666667,69.75,73.16666666666667,72.41666666666667,74.375
2008-06-20T00:00:00Z,74.375,66.41666666666667,73.54166666666667,68.54166666666667,74.45833333333333,73.20833333333333,70.33333333333333,67.04166666666667,74.375,74.08333333333333,75.83333333333333,73.70833333333333,73.20833333333333,73.45833333333333,76.16666666666667,72.04166666666667,70.875,72.75,77.75,70.16666666666667,71.54166666666667,71.29166666666667,73.79166666666667,74.625
2008-06-21T00:00:00Z,71.29166666666667,68.25,75.04166666666667,70.54166666666667,70.625,71.16666666666667,70.625,68.375,71.79166666666667,73.79166666666667,75.25,74.375,74.08333333333333,71.58333333333333,76,72.125,71.08333333333333,74.125,76.20833333333333,69.95833333333333,74.54166666666667,70.58333333333333,74.91666666666667,72.83333333333333
2008-06-22T00:00:00Z,74.83333333333333,68.125,75.33333333333333,72.29166666666667,75.04166666666667,75.375,73.45833333333333,65.33333333333333,76.75,72.91666666666667,76.29166666666667,75.75,72.45833333333333,72.91666666666667,77.45833333333333,70.58333333333333,75.625,72.70833333333333,77.41666666666667,72.66666666666667,71.91666666666667,75.375,76.79166666666667,77.5
2008-06-23T00:00:00Z,77.20833333333333,70.125,73,73.25,75.45833333333333,74.75,74.25,70.25,77.41666666666667,74.25,77,75.08333333333333,74.70833333333333,77,74.20833333333333,70.70833333333333,76.54166666666667,73.20833333333333,75.54166666666667,74.08333333333333,74.16666666666667,76.04166666666667,77.83333333333333,77.75
2008-06-24T00:00:00Z,75.75,70.625,78,77.41666666666667,74.29166666666667,76.91666666666667,78.58333333333333,70.33333333333333,79.75,77.375,80.08333333333333,75.95833333333333,77,76.375,77,75.5,78.20833333333333,75.95833333333333,78.125,72.95833333333333,74.20833333333333,76.83333333333333,76.29166666666667,79
2008-06-25T00:00:00Z,78.625,72.125,80.95833333333333,77.66666666666667,78.95833333333333,78.79166666666667,79.79166666666667,71.91666666666667,81.29166666666667,79.54166666666667,81.375,80.29166666666667,78.75,79.66666666666667,79.95833333333333,77.08333333333333,80.45833333333333,77.33333333333333,80,73.45833333333333,77.20833333333333,79.20833333333333,78.41666666666667,80.58333333333333
2008-06-26T00:00:00Z,83.08333333333333,70.66666666666667,80.41666666666667,79.04166666666667,83.54166666666667,81.66666666666667,80.66666666666667,71.83333333333333,84.875,80.875,82.375,84.58333333333333,77.54166666666667,83.91666666666667,81.29166666666667,83.625,82.41666666666667,76.5,80.95833333333333,75.125,76.08333333333333,81.66666666666667,85.25,85.54166666666667
2008-06-27T00:00:00Z,80.45833333333333,70.125,79.20833333333333,77.70833333333333,83.08333333333333,82.75,79.625,71.125,84.16666666666667,79.75,80.79166666666667,81.08333333333333,75.83333333333333,83.20833333333333,80.95833333333333,79.125,82.41666666666667,77.08333333333333,81.25,75.83333333333333,76.125,81.70833333333333,83,85.20833333333333
2008-06-28T00:00:00Z,83.625,71.66666666666667,78.91666666666667,82.04166666666667,84.875,83.08333333333333,83.20833333333333,74.79166666666667,85.625,80.20833333333333,82.04166666666667,81.75,74.70833333333333,84.66666666666667,81.33333333333333,82.20833333333333,83.58333333333333,76.875,81.625,77.41666666666667,77.25,82.625,85.58333333333333,86.625
2008-06-29T00:00:00Z,83.45833333333333,72.45833333333333,81.5,78.625,82.875,80.95833333333333,79.91666666666667,71.16666666666667,82.29166666666667,77.125,80.25,79.25,75.58333333333333,81.91666666666667,81.25,78.375,81.91666666666667,77.70833333333333,80.95833333333333,79.08333333333333,73.45833333333333,80.70833333333333,84.58333333333333,83.75
2008-06-30T00:00:00Z,77.375,67.75,77.16666666666667,79.375,76.25,79.5,80.16666666666667,67.70833333333333,81.08333333333333,75.04166666666667,76.54166666666667,77.41666666666667,73.95833333333333,77.08333333333333,80.04166666666667,75.83333333333333,80.79166666666667,76.45833333333333,79.41666666666667,74.91666666666667,70.375,79.875,78.83333333333333,79.45833333333333
2008-07-01T00:00:00Z,74.54166666666667,64.83333333333333,72.45833333333333,74.91666666666667,74.41666666666667,76.54166666666667,75.625,61.333333333333336,76.54166666666667,70.75,74.45833333333333,73.20833333333333,71,71.83333333333333,79.25,69.625,77.29166666666667,70.29166666666667,78.16666666666667,70.04166666666667,70.08333333333333,75.625,76.375,75.91666666666667
2008-07-02T00:00:00Z,73.83333333333333,66.70833333333333,74.875,74.125,74.875,74.75,75.79166666666667,63.291666666666664,76.83333333333333,73.33333333333333,75.95833333333333,74.375,71.91666666666667,74.16666666666667,77.41666666666667,71.95833333333333,76.04166666666667,71.29166666666667,77,68.20833333333333,70.79166666666667,74.29166666666667,76.54166666666667,75.79166666666667
2008-07-03T00:00:00Z,78.54166666666667,68.70833333333333,79.16666666666667,75.83333333333333,77.95833333333333,76.58333333333333,78.33333333333333,67.04166666666667,80.16666666666667,77.41666666666667,79.25,80.79166666666667,75.83333333333333,78.375,79.75,76.125,77.625,76.25,77.875,70.79166666666667,73.20833333333333,76.04166666666667,79.875,79.83333333333333
2008-07-04T00:00:00Z,82.16666666666667,68.29166666666667,78.83333333333333,79.41666666666667,81.33333333333333,80.125,80.83333333333333,67.29166666666667,82.29166666666667,77,81.83333333333333,82.125,76.45833333333333,80.70833333333333,80.16666666666667,78.45833333333333,81.375,76.20833333333333,79.875,72.83333333333333,72.16666666666667,79.66666666666667,82.16666666666667,82.375
2008-07-05T00:00:00Z,75.375,70.54166666666667,75.625,77.91666666666667,77.45833333333333,77.58333333333333,79.375,64.91666666666667,78.95833333333333,73.45833333333333,76.625,75.625,73.125,74.625,80.70833333333333,72.5,81.25,73.66666666666667,80.04166666666667,78.29166666666667,72.70833333333333,79.25,75,79.45833333333333
2008-07-06T00:00:00Z,77.20833333333333,68.54166666666667,73.16666666666667,78.08333333333333,75.29166666666667,77.83333333333333,78.79166666666667,63.583333333333336,77.70833333333333,74.08333333333333,75.20833333333333,75.125,72.25,75.29166666666667,76.79166666666667,72.29166666666667,81.25,74.25,77.79166666666667,73.875,72.54166666666667,78.75,74.58333333333333,76.91666666666667
2008-07-07T00:00:00Z,76.79166666666667,71.25,74.25,74.66666666666667,77.58333333333333,76.875,75.29166666666667,68.75,76.66666666666667,75.41666666666667,75.91666666666667,77.70833333333333,73.58333333333333,77.41666666666667,78.79166666666667,74.20833333333333,76.04166666666667,74.5,78.25,74.79166666666667,73.625,74.75,78.58333333333333,77.5
2008-07-08T00:00:00Z,74.70833333333333,70.5,76.20833333333333,78.54166666666667,77.125,76.45833333333333,78.70833333333333,67.66666666666667,79.58333333333333,75.5,78.625,78.20833333333333,73,77.75,80.20833333333333,76.04166666666667,80.625,75.95833333333333,80,75.45833333333333,73.95833333333333,78.79166666666667,77.58333333333333,77.875
2008-07-09T00:00:00Z,75.54166666666667,71.20833333333333,75.16666666666667,79.33333333333333,74.54166666666667,77.83333333333333,78.04166666666667,70.25,77.54166666666667,74.70833333333333,77.70833333333333,77.25,72.66666666666667,77.125,77.66666666666667,74.04166666666667,80.20833333333333,75.625,79.95833333333333,75.95833333333333,75.29166666666667,78.5,74.91666666666667,78.70833333333333
2008-07-10T00:00:00Z,76.83333333333333,70.5,75.83333333333333,76.79166666666667,75.75,78.04166666666667,76.375,67.83333333333333,78.45833333333333,75.95833333333333,76.91666666666667,78.04166666666667,73.45833333333333,79.04166666666667,78.70833333333333,75.625,77.08333333333333,75.04166666666667,79.5,77.375,76.125,77.75,76.16666666666667,78.91666666666667
2008-07-11T00:00:00Z,76.29166666666667,75.25,79,76.625,74.83333333333333,75.79166666666667,75.33333333333333,70.91666666666667,76.58333333333333,78.33333333333333,80.08333333333333,79.95833333333333,78.04166666666667,78.875,77.79166666666667,76.5,77.625,78.29166666666667,77.625,74.95833333333333,76.58333333333333,76.25,77.41666666666667,75.54166666666667
2008-07-12T00:00:00Z,76,74.375,79.83333333333333,78.20833333333333,75.66666666666667,76.95833333333333,77.83333333333333,70.875,77.54166666666667,79.625,81.875,80.70833333333333,78.625,79.125,78.45833333333333,76.95833333333333,78.25,79.20833333333333,77.58333333333333,76.20833333333333,78.29166666666667,78.125,76.58333333333333,76.54166666666667
2008-07-13T00:00:00Z,75.375,71.45833333333333,77.5,77,76.54166666666667,75.70833333333333,77.91666666666667,68.95833333333333,78.29166666666667,77.95833333333333,76.83333333333333,79.91666666666667,75.125,78.70833333333333,79.79166666666667,77.79166666666667,77.79166666666667,76.70833333333333,76.45833333333333,77.83333333333333,75.29166666666667,76.25,78.45833333333333,78.08333333333333
2008-07-14T00:00:00Z,73.33333333333333,72.91666666666667,78.375,75.83333333333333,77.08333333333333,78.75,75.70833333333333,67.625,75.625,76.16666666666667,79.08333333333333,76.95833333333333,76.54166666666667,72.29166666666667,80.375,71.91666666666667,79.125,77,79.83333333333333,76.375,76,78.16666666666667,75.45833333333333,76.5
2008-07-15T00:00:00Z,77.20833333333333,72,77.91666666666667,75.16666666666667,75.70833333333333,77.66666666666667,76.375,67.41666666666667,78.25,76,79.375,77.08333333333333,75.20833333333333,74.70833333333333,79.625,73.83333333333333,76.20833333333333,74.875,77.91666666666667,72.79166666666667,74.70833333333333,76.95833333333333,76.125,77.66666666666667
2008-07-16T00:00:00Z,75.25,70.91666666666667,77.29166666666667,77.45833333333333,76.04166666666667,77.75,77.45833333333333,67.29166666666667,78.125,77.125,78.5,76.70833333333333,74.70833333333333,76.33333333333333,80.41666666666667,74.58333333333333,78.20833333333333,75.04166666666667,78.625,72.625,75.66666666666667,78.5,77.08333333333333,75.83333333333333
2008-07-17T00:00:00Z,76.08333333333333,70.91666666666667,77.75,78.33333333333333,76.08333333333333,78.29166666666667,77.66666666666667,68.125,78.70833333333333,77.16666666666667,78.75,77.5,75.83333333333333,76.83333333333333,79.58333333333333,75.625,77.83333333333333,75.125,79,72.54166666666667,74.875,79.04166666666667,77.83333333333333,77.08333333333333
2008-07-18T00:00:00Z,76.33333333333333,71.5,79.75,76.33333333333333,77.08333333333333,78.91666666666667,75.04166666666667,68.41666666666667,78.79166666666667,78.25,79.79166666666667,78.45833333333333,76.04166666666667,77.375,82.16666666666667,75.79166666666667,78.45833333333333,75.95833333333333,79.70833333333333,72.5,75.83333333333333,78.70833333333333,78.33333333333333,76.20833333333333
2008-07-19T00:00:00Z,79.125,74.375,79.875,75.91666666666667,79.66666666666667,78.91666666666667,75.29166666666667,70.66666666666667,78,77.70833333333333,81,78.66666666666667,77.875,77.875,83,76,75.83333333333333,78.58333333333333,80.54166666666667,73.33333333333333,78.16666666666667,79.875,80.54166666666667,78.20833333333333
2008-07-20T00:00:00Z,80.20833333333333,75.08333333333333,81.83333333333333,81.875,81.20833333333333,78.625,81.66666666666667,73.625,81.79166666666667,83.29166666666667,83.5,82.20833333333333,80.625,81.375,80.875,79.375,81.79166666666667,82.91666666666667,79.45833333333333,76.625,82,80.04166666666667,80.91666666666667,81.16666666666667
2008-07-21T00:00:00Z,82.20833333333333,79.33333333333333,83.91666666666667,84.70833333333333,80.625,83.08333333333333,84.625,76.41666666666667,85.125,85.91666666666667,84.375,85,83.625,84.70833333333333,82.25,82.29166666666667,85.66666666666667,85.75,82.125,78.29166666666667,82.75,81.79166666666667,82.54166666666667,83.79166666666667
2008-07-22T00:00:00Z,80.29166666666667,75.91666666666667,81.83333333333333,82.875,80.375,80.41666666666667,82.20833333333333,73.625,80.79166666666667,83.16666666666667,83.58333333333333,81.45833333333333,81.25,84.08333333333333,83.125,81.58333333333333,85.08333333333333,82.625,82.66666666666667,81.66666666666667,81.58333333333333,81.66666666666667,84.29166666666667,80.83333333333333
2008-07-23T00:00:00Z,76.04166666666667,73.20833333333333,76.16666666666667,74.875,77.29166666666667,80.33333333333333,75.08333333333333,67.875,74.66666666666667,74.45833333333333,80.54166666666667,76.29166666666667,74.29166666666667,76.75,81.41666666666667,75.375,80.16666666666667,78.25,81.66666666666667,79,73.95833333333333,78.95833333333333,77.25,74.91666666666667
2008-07-24T00:00:00Z,75.41666666666667,70.79166666666667,75.875,75.83333333333333,74.41666666666667,76.91666666666667,76.83333333333333,66.125,77,74.5,77.83333333333333,75.20833333333333,73.20833333333333,74,77.875,72.95833333333333,77.375,75.25,78.875,73.375,72.79166666666667,77,74.54166666666667,76.29166666666667
2008-07-25T00:00:00Z,75.79166666666667,70.08333333333333,75.75,75.45833333333333,75.20833333333333,76.79166666666667,75.95833333333333,66.5,76.08333333333333,75.25,77,74.375,73.70833333333333,73.45833333333333,78.5,71.29166666666667,78.25,73.875,78.83333333333333,72.75,73.5,77.125,75.91666666666667,74.75
2008-07-26T00:00:00Z,76.83333333333333,71.75,75.79166666666667,76.45833333333333,75.5,76.875,76.66666666666667,69.45833333333333,77.125,77.75,76.16666666666667,78.125,75.29166666666667,77.5,79.29166666666667,74.91666666666667,76.04166666666667,74.25,78.45833333333333,73.625,77.33333333333333,76.41666666666667,76.95833333333333,77.83333333333333
2008-07-27T00:00:00Z,80.41666666666667,76.41666666666667,81.33333333333333,79.58333333333333,79.29166666666667,78.45833333333333,80.25,73.45833333333333,79.54166666666667,81.25,81.58333333333333,81.29166666666667,79.875,79.5,81.58333333333333,76.95833333333333,79.58333333333333,78.625,81.29166666666667,74.66666666666667,79.91666666666667,78,80.04166666666667,80.58333333333333
2008-07-28T00:00:00Z,78.75,73.125,81.54166666666667,82.66666666666667,78.29166666666667,81.75,83.29166666666667,73.20833333333333,82.29166666666667,81.29166666666667,83.125,80.79166666666667,77.45833333333333,80.29166666666667,80.25,78.70833333333333,84.125,80.08333333333333,82.33333333333333,78.20833333333333,76.5,81.875,79.08333333333333,80.08333333333333
2008-07-29T00:00:00Z,81,73.66666666666667,79.20833333333333,80.33333333333333,80.83333333333333,81.91666666666667,80.25,72.79166666666667,83.58333333333333,80.95833333333333,79.75,81.29166666666667,77.25,82.625,82.08333333333333,81.58333333333333,82.625,79.58333333333333,82.5,78.29166666666667,77.58333333333333,81.41666666666667,80.75,82.58333333333333
2008-07-30T00:00:00Z,80.625,77.66666666666667,81.70833333333333,80,83.41666666666667,82,78.91666666666667,73.45833333333333,82.41666666666667,82.625,82.70833333333333,82.08333333333333,79,81.16666666666667,81.5,81,83,81.66666666666667,81.79166666666667,79.25,79.08333333333333,81.375,84.16666666666667,83.125
2008-07-31T00:00:00Z,79.58333333333333,76.04166666666667,79.20833333333333,82.16666666666667,81.91666666666667,81.54166666666667,80.875,72.625,81.375,79.375,81.33333333333333,81.25,77.29166666666667,78.29166666666667,81.20833333333333,81.20833333333333,83.08333333333333,79.54166666666667,81.16666666666667,80.95833333333333,76.95833333333333,81.75,80.45833333333333,80.75
2008-08-01T00:00:00Z,79.29166666666667,77.29166666666667,81.16666666666667,79.83333333333333,80.375,79.16666666666667,80.91666666666667,73.375,83.04166666666667,81.08333333333333,82.75,82.08333333333333,79.70833333333333,80.04166666666667,80.41666666666667,82.04166666666667,80.25,80.875,79,78.625,79.625,79.875,81.375,81.20833333333333
2008-08-02T00:00:00Z,80.5,76.45833333333333,80.70833333333333,82.25,82.95833333333333,83.08333333333333,83.45833333333333,73.25,84.625,77.375,81.54166666666667,80.54166666666667,78.45833333333333,80.25,80.79166666666667,81.79166666666667,84.20833333333333,78.20833333333333,81.58333333333333,77.58333333333333,75.41666666666667,83.33333333333333,81.33333333333333,82.875
2008-08-03T00:00:00Z,78.75,76,80.75,78.54166666666667,79.04166666666667,79.45833333333333,80.04166666666667,70.70833333333333,81.41666666666667,79.25,80.375,79.41666666666667,78.20833333333333,78.33333333333333,79.20833333333333,80.625,81.25,76.91666666666667,79.625,78.91666666666667,76.75,80.33333333333333,78.66666666666667,78.95833333333333
2008-08-04T00:00:00Z,79.66666666666667,76.45833333333333,82.95833333333333,81.95833333333333,78.79166666666667,79.25,83.29166666666667,71.29166666666667,82.95833333333333,80.83333333333333,83.04166666666667,80.29166666666667,79.16666666666667,78.33333333333333,81.125,80.54166666666667,83.375,81.5,80.375,77.83333333333333,77,80.75,79,80.625
2008-08-05T00:00:00Z,81.66666666666667,78.16666666666667,83.41666666666667,84.20833333333333,81.70833333333333,84.25,85.16666666666667,76.04166666666667,86.66666666666667,83.08333333333333,84,83.5,80.83333333333333,80.5,82.33333333333333,83.125,85.75,82.875,82.66666666666667,78.875,79.66666666666667,84.5,81.33333333333333,83.54166666666667
2008-08-06T00:00:00Z,81.66666666666667,80.16666666666667,85.83333333333333,85.83333333333333,82.29166666666667,85.45833333333333,86.66666666666667,74.25,87.91666666666667,82.95833333333333,87.04166666666667,84.66666666666667,83.66666666666667,83.875,84.16666666666667,84.70833333333333,87.66666666666667,84.16666666666667,83.66666666666667,80.41666666666667,80.25,86.25,82.41666666666667,82.45833333333333
2008-08-07T00:00:00Z,78.66666666666667,75.375,81.91666666666667,81.25,80.875,81.79166666666667,81.79166666666667,71.41666666666667,81.58333333333333,80.33333333333333,81.5,81.25,80.41666666666667,80.83333333333333,84,82.91666666666667,83.45833333333333,81.58333333333333,82.83333333333333,80.58333333333333,75.54166666666667,81.875,82,81.33333333333333
2008-08-08T00:00:00Z,78.125,72.5,78,76.45833333333333,76.83333333333333,76.33333333333333,77.875,65.875,79,77.08333333333333,79.875,78.33333333333333,75.5,77.79166666666667,77.45833333333333,79.41666666666667,78.25,76.83333333333333,77.45833333333333,75.08333333333333,73.58333333333333,76.95833333333333,78.29166666666667,77.20833333333333
2008-08-09T00:00:00Z,75.25,68.25,76.54166666666667,75.95833333333333,74.66666666666667,75.83333333333333,77.29166666666667,64.75,76.41666666666667,75,77.29166666666667,74.66666666666667,72.75,74.29166666666667,78.70833333333333,77.08333333333333,77.125,70.08333333333333,78.16666666666667,70.125,71.75,76,75.75,75.16666666666667
2008-08-10T00:00:00Z,72.875,70.75,78.54166666666667,75.33333333333333,75.125,75.70833333333333,76.375,66.91666666666667,76.91666666666667,76.79166666666667,78.83333333333333,77.33333333333333,75.91666666666667,71.54166666666667,79.70833333333333,74.54166666666667,77.20833333333333,75,79.625,71.04166666666667,74.91666666666667,75.25,74.45833333333333,75.91666666666667
2008-08-11T00:00:00Z,72.875,70.875,77.41666666666667,74.25,73.83333333333333,74.91666666666667,74.75,64.16666666666667,74.79166666666667,73.91666666666667,79.66666666666667,75.66666666666667,73.95833333333333,72.70833333333333,77.29166666666667,75.33333333333333,76.79166666666667,77.33333333333333,77.25,71.75,71.79166666666667,74.79166666666667,73.125,72.54166666666667
2008-08-12T00:00:00Z,70.58333333333333,67.45833333333333,75.16666666666667,73.75,71.75,73.20833333333333,74.33333333333333,63.166666666666664,74.625,73.25,75.79166666666667,74,71.79166666666667,72.41666666666667,76.54166666666667,74.54166666666667,74.625,74,75.16666666666667,70.875,69.625,73.95833333333333,74.83333333333333,71.33333333333333
2008-08-13T00:00:00Z,69.83333333333333,67.83333333333333,68.83333333333333,68.625,71.04166666666667,69.875,68.83333333333333,64.04166666666667,69.125,69.125,71.29166666666667,70.41666666666667,69.54166666666667,70.33333333333333,73.20833333333333,71,69.75,70.83333333333333,71.5,70.25,70.16666666666667,69.95833333333333,73.125,69.83333333333333
2008-08-14T00:00:00Z,71.41666666666667,69.95833333333333,71.08333333333333,70.91666666666667,72.83333333333333,71.625,70.75,65.75,72.04166666666667,71.16666666666667,71.5,71.70833333333333,69.45833333333333,71.58333333333333,76.58333333333333,72,71.5,70.45833333333333,73.04166666666667,69.91666666666667,69.29166666666667,70.91666666666667,76.58333333333333,70.70833333333333
2008-08-15T00:00:00Z,74.08333333333333,69.75,75.33333333333333,73.66666666666667,74.54166666666667,74.375,75.5,65.58333333333333,75.54166666666667,74.70833333333333,76.29166666666667,77.29166666666667,72.25,72.20833333333333,79.75,74.91666666666667,75.54166666666667,75.375,76.58333333333333,71,70.125,74.45833333333333,74.45833333333333,74.5
2008-08-16T00:00:00Z,74.58333333333333,68.25,75.16666666666667,74.16666666666667,73.5,75.5,75.08333333333333,66.66666666666667,75.5,75.625,76.08333333333333,77.20833333333333,74.54166666666667,73.91666666666667,77.75,75.875,76.04166666666667,75.20833333333333,76.79166666666667,73,72.41666666666667,75.375,74.79166666666667,74.45833333333333
2008-08-17T00:00:00Z,74.54166666666667,69.70833333333333,72.29166666666667,71.79166666666667,73.54166666666667,75.91666666666667,73.20833333333333,66,74.5,72.875,74,73.41666666666667,70.875,74.29166666666667,78.08333333333333,74.375,74.25,72.79166666666667,76.33333333333333,73.16666666666667,72.66666666666667,74.83333333333333,78.25,74.83333333333333
2008-08-18T00:00:00Z,75.54166666666667,71.33333333333333,74.625,74.20833333333333,75.20833333333333,76.29166666666667,75.33333333333333,66.29166666666667,76.08333333333333,75.66666666666667,75.75,76.25,72.75,75.58333333333333,77.83333333333333,76.16666666666667,75.625,74.625,76.91666666666667,71,73.83333333333333,75.29166666666667,78.45833333333333,75.33333333333333
2008-08-19T00:00:00Z,77.79166666666667,73.83333333333333,77.91666666666667,76.08333333333333,77.04166666666667,76.04166666666667,78.08333333333333,69.125,78.5,79.58333333333333,79.83333333333333,79.54166666666667,76,78.45833333333333,78.08333333333333,79.79166666666667,76.70833333333333,76.54166666666667,76.54166666666667,72.54166666666667,76.41666666666667,76.08333333333333,79.20833333333333,78
2008-08-20T00:00:00Z,76.54166666666667,72.58333333333333,79.875,76.33333333333333,76.70833333333333,77.66666666666667,77.79166666666667,69.16666666666667,79.16666666666667,77.91666666666667,79.54166666666667,80.375,76.875,77.04166666666667,80.125,78.75,77.5,76.25,78.125,75.45833333333333,76.70833333333333,78.04166666666667,75.5,77.125
2008-08-21T00:00:00Z,75.375,70.29166666666667,78.04166666666667,76.25,75.91666666666667,77.625,77.20833333333333,68.25,77.45833333333333,76.95833333333333,78.04166666666667,79.25,76.125,76.25,78.75,78.41666666666667,77.66666666666667,75.91666666666667,78.41666666666667,75.54166666666667,76.20833333333333,77.95833333333333,74.70833333333333,75.54166666666667
2008-08-22T00:00:00Z,74.04166666666667,72.29166666666667,76.33333333333333,74.375,76.08333333333333,76.33333333333333,75.83333333333333,66.08333333333333,75.125,72.95833333333333,74.70833333333333,77,73.54166666666667,73.375,79.20833333333333,75.875,76.29166666666667,75.20833333333333,79.125,75.5,73.54166666666667,76.79166666666667,75.04166666666667,74.95833333333333
2008-08-23T00:00:00Z,76.125,71.70833333333333,77.33333333333333,75.54166666666667,76.54166666666667,77.58333333333333,76.29166666666667,65.95833333333333,76.54166666666667,74.58333333333333,78.16666666666667,77,75.08333333333333,75.08333333333333,77,77.45833333333333,75.75,76.29166666666667,78.33333333333333,73.54166666666667,74.625,77.20833333333333,76.125,75.91666666666667
2008-08-24T00:00:00Z,75.75,70.66666666666667,77.16666666666667,76.20833333333333,77.125,76.375,75.91666666666667,66.45833333333333,76.875,76.91666666666667,78.04166666666667,78.125,73.58333333333333,76.54166666666667,78.41666666666667,77.875,76.33333333333333,74.45833333333333,77.625,72.08333333333333,73.33333333333333,76.33333333333333,76.5,76.66666666666667
2008-08-25T00:00:00Z,79.66666666666667,70.04166666666667,75.25,74.91666666666667,79.5,77.08333333333333,76,66.5,78.25,73.875,75.75,75.875,71.95833333333333,77.83333333333333,80.875,76.70833333333333,77.125,73.95833333333333,77.875,71.66666666666667,72.875,76.625,81.04166666666667,79.33333333333333
2008-08-26T00:00:00Z,76.95833333333333,68.375,71.875,74.41666666666667,77.08333333333333,77.125,73.875,63.208333333333336,75.83333333333333,70.75,72.45833333333333,73.58333333333333,70.20833333333333,73.45833333333333,81.5,75.375,77.08333333333333,72.25,79.625,70.79166666666667,69.375,77.375,74.70833333333333,76.45833333333333
2008-08-27T00:00:00Z,73.16666666666667,71.375,75.58333333333333,79.375,76.20833333333333,76.625,78.29166666666667,64.20833333333333,76.125,69.75,73.95833333333333,77.5,71.70833333333333,70.54166666666667,80.16666666666667,75.29166666666667,79.66666666666667,74.875,80.45833333333333,72.375,67.08333333333333,77.875,74.16666666666667,75.375
2008-08-28T00:00:00Z,78.83333333333333,71.25,75.25,80.41666666666667,77.91666666666667,77.79166666666667,81.29166666666667,64.5,79.33333333333333,69.79166666666667,74.75,75.875,69.20833333333333,76.33333333333333,78.79166666666667,79.91666666666667,80.25,71.54166666666667,80.04166666666667,69.58333333333333,69.54166666666667,78.66666666666667,76.29166666666667,77.54166666666667
2008-08-29T00:00:00Z,79.29166666666667,71.75,77.79166666666667,78,80.33333333333333,79.41666666666667,79,69.04166666666667,76.25,76.25,78.04166666666667,77.95833333333333,75.25,77.5,80.25,78.75,80.29166666666667,76.625,80.79166666666667,72.375,75.875,79.29166666666667,80.08333333333333,78.54166666666667
2008-08-30T00:00:00Z,77.875,71.70833333333333,79.25,78.33333333333333,77.83333333333333,79.25,79.83333333333333,69.25,78.875,77.70833333333333,78.91666666666667,78.75,76.45833333333333,77.29166666666667,82.33333333333333,79,79.91666666666667,77.75,81.25,73.66666666666667,77.125,79.25,78.41666666666667,78.16666666666667
2008-08-31T00:00:00Z,75.70833333333333,73.20833333333333,79,77.04166666666667,76.125,77.83333333333333,78.75,69.16666666666667,77.95833333333333,77.625,78.08333333333333,80.625,77.83333333333333,77.16666666666667,80.79166666666667,78.54166666666667,80,79.54166666666667,80.41666666666667,76.95833333333333,77.29166666666667,80,75.70833333333333,77.54166666666667
2008-09-01T00:00:00Z,72.58333333333333,70.20833333333333,77.625,75.66666666666667,74.45833333333333,76.66666666666667,76.125,67.33333333333333,75.5,76,76.41666666666667,77.04166666666667,75.16666666666667,74.04166666666667,77.375,76.91666666666667,77.04166666666667,76.625,78.04166666666667,74.125,75.95833333333333,77.54166666666667,74.625,74.625
2008-09-02T00:00:00Z,71.66666666666667,70.16666666666667,73.58333333333333,72.125,72.45833333333333,72.875,73.54166666666667,65.83333333333333,73.83333333333333,74.20833333333333,75.29166666666667,73.41666666666667,73,72.875,74.95833333333333,74.20833333333333,73.45833333333333,71.79166666666667,75.20833333333333,71.25,72.54166666666667,73.33333333333333,75.5,71.83333333333333
2008-09-03T00:00:00Z,74.66666666666667,68.625,73.125,73.5,76.58333333333333,75.875,76.08333333333333,66.45833333333333,75.45833333333333,75.45833333333333,74.375,74.5,72.91666666666667,75.16666666666667,77.83333333333333,75.625,75.29166666666667,72.5,76.66666666666667,70.08333333333333,73.58333333333333,74.54166666666667,78.75,75.16666666666667
2008-09-04T00:00:00Z,76.125,67.375,75.70833333333333,74.04166666666667,78.04166666666667,76.54166666666667,75.70833333333333,65.95833333333333,76.91666666666667,76.20833333333333,73.83333333333333,76.45833333333333,73.04166666666667,76.95833333333333,80.70833333333333,77.375,76.20833333333333,72.70833333333333,78.41666666666667,69.83333333333333,73.83333333333333,76.08333333333333,79.70833333333333,77.70833333333333
2008-09-05T00:00:00Z,72.91666666666667,71.20833333333333,73.75,74.25,77.70833333333333,77.04166666666667,74.625,67.58333333333333,73.33333333333333,72.33333333333333,74.66666666666667,73.41666666666667,72.75,72.66666666666667,81.54166666666667,74.04166666666667,77.58333333333333,72.25,81.08333333333333,72.125,73.33333333333333,77.83333333333333,76.58333333333333,72.79166666666667
2008-09-06T00:00:00Z,74.45833333333333,72.125,79,79.29166666666667,78.66666666666667,80.04166666666667,79.95833333333333,67.83333333333333,78.125,76.625,79.16666666666667,78.875,77.75,76.66666666666667,83.08333333333333,77.16666666666667,80.875,79,81.45833333333333,76.875,77.625,80.25,77.08333333333333,77.83333333333333
2008-09-07T00:00:00Z,78.875,71.66666666666667,79.625,78.83333333333333,77.41666666666667,80.625,80.625,68.91666666666667,79.91666666666667,77.25,79.29166666666667,78.25,75.83333333333333,77,82.79166666666667,78.41666666666667,82,77.08333333333333,81.66666666666667,74,74.875,80.54166666666667,75.95833333333333,79.375
2008-09-08T00:00:00Z,78.25,72.04166666666667,80.45833333333333,77.33333333333333,77.70833333333333,77.5,77.75,68.20833333333333,78.83333333333333,78.875,79.95833333333333,80.33333333333333,77,77.875,81.66666666666667,78.91666666666667,79.91666666666667,77.29166666666667,81.375,75.625,75.625,79.45833333333333,77.45833333333333,79.16666666666667
2008-09-09T00:00:00Z,78.91666666666667,71.20833333333333,76.91666666666667,76.625,79.79166666666667,77.375,77.54166666666667,64.625,75.66666666666667,75.16666666666667,77.79166666666667,78.29166666666667,73.66666666666667,77.04166666666667,82.70833333333333,78.29166666666667,78.79166666666667,75.75,80.08333333333333,71.375,70.375,77.45833333333333,79.25,77.83333333333333
2008-09-10T00:00:00Z,72.25,68.625,72.79166666666667,74.83333333333333,73.45833333333333,75.66666666666667,74.41666666666667,62.041666666666664,73.04166666666667,68.16666666666667,75.91666666666667,71.41666666666667,68.75,68.70833333333333,77.83333333333333,72,76.25,71.08333333333333,77.83333333333333,69.125,67.20833333333333,76.66666666666667,73.04166666666667,73.58333333333333
2008-09-11T00:00:00Z,74.75,67.29166666666667,68.79166666666667,74.66666666666667,75.04166666666667,76.79166666666667,75.08333333333333,60.625,74.33333333333333,66.33333333333333,69.625,70.75,65.625,70.70833333333333,78.125,71.95833333333333,76.75,67.91666666666667,78.41666666666667,66.08333333333333,66.83333333333333,76.79166666666667,72.41666666666667,74.41666666666667
2008-09-12T00:00:00Z,76.08333333333333,70.58333333333333,74.875,75.58333333333333,76.875,77.75,77.45833333333333,67,76.95833333333333,72.75,74.58333333333333,75.79166666666667,72.375,74.91666666666667,79.95833333333333,76.375,78.04166666666667,73.91666666666667,78.5,70.95833333333333,71.79166666666667,77.16666666666667,75.66666666666667,76.58333333333333
2008-09-13T00:00:00Z,80.95833333333333,73.29166666666667,78.08333333333333,79.04166666666667,81.375,80.5,80.29166666666667,69.625,80.66666666666667,78.66666666666667,78.25,80.75,76.70833333333333,80,82.20833333333333,80.79166666666667,80.5,77.75,81.125,75.70833333333333,76.66666666666667,79.83333333333333,79.79166666666667,80.625
2008-09-14T00:00:00Z,82.70833333333333,74.04166666666667,78.70833333333333,79.91666666666667,82.58333333333333,80.875,81.20833333333333,71.16666666666667,81.66666666666667,79.58333333333333,79.125,82.83333333333333,77.29166666666667,80.54166666666667,83,82.29166666666667,81.75,79.5,82.20833333333333,76.875,77.375,80.5,83.54166666666667,81.66666666666667
2008-09-15T00:00:00Z,82.125,69.58333333333333,78.08333333333333,80.5,81.04166666666667,81.45833333333333,81.20833333333333,65.83333333333333,80.16666666666667,76.79166666666667,78.125,79.08333333333333,75.70833333333333,78.04166666666667,82.75,79.125,83.45833333333333,78.16666666666667,82.58333333333333,75.83333333333333,75.20833333333333,82.04166666666667,80.29166666666667,79.70833333333333
2008-09-16T00:00:00Z,69.83333333333333,62.5,64.04166666666667,73.75,73,73.625,73.41666666666667,56.666666666666664,70.45833333333333,63.666666666666664,64.75,67.5,62.916666666666664,67.125,77.33333333333333,67.91666666666667,75.875,63.375,76.04166666666667,64.04166666666667,64.375,74.70833333333333,72.95833333333333,69.79166666666667
2008-09-17T00:00:00Z,65.875,62.708333333333336,65.5,68.41666666666667,67.91666666666667,69.16666666666667,68.29166666666667,60,67.75,66.04166666666667,65.70833333333333,67.04166666666667,65.79166666666667,66.16666666666667,72.125,67.5,71,65.91666666666667,71.375,62.875,67.41666666666667,70,69.54166666666667,66.91666666666667
2008-09-18T00:00:00Z,65.75,63.583333333333336,67.08333333333333,68.875,68.625,69.25,69.25,61.25,69.20833333333333,68.16666666666667,69.58333333333333,68.41666666666667,67.33333333333333,67.66666666666667,71.66666666666667,69.45833333333333,69.79166666666667,66.54166666666667,70.04166666666667,62.916666666666664,67.45833333333333,70.08333333333333,70.25,67.79166666666667
2008-09-19T00:00:00Z,65.375,61.041666666666664,66.58333333333333,68.20833333333333,69.125,68.33333333333333,67.625,57.5,67.29166666666667,64.33333333333333,68.08333333333333,66.45833333333333,64.79166666666667,64.41666666666667,72.45833333333333,67.625,69.54166666666667,65.54166666666667,71.41666666666667,64.20833333333333,65.5,69.125,68.20833333333333,65.875
2008-09-20T00:00:00Z,65.16666666666667,61.541666666666664,63.625,65.79166666666667,68.91666666666667,67.375,65.54166666666667,57.166666666666664,65.45833333333333,60.916666666666664,65.5,63.875,62.083333333333336,62.125,73.125,63.833333333333336,66.125,61.625,70.83333333333333,61.375,63,66.33333333333333,67.70833333333333,64.625
2008-09-21T00:00:00Z,67.70833333333333,59.583333333333336,66.75,67.95833333333333,68.41666666666667,69.41666666666667,68.125,57.125,67.875,64.41666666666667,65.66666666666667,65.5,63.083333333333336,63.916666666666664,73.125,66.66666666666667,70.125,64.875,72.29166666666667,61.875,62.5,70.125,68.125,66.75
2008-09-22T00:00:00Z,68.25,62.083333333333336,70.20833333333333,68.04166666666667,69.04166666666667,68.75,68.45833333333333,60.625,68.16666666666667,68.625,69.25,69.625,66.875,68.83333333333333,71.70833333333333,70.20833333333333,69.08333333333333,68.125,70.29166666666667,64.875,67.125,69.20833333333333,68.91666666666667,66.875
2008-09-23T00:00:00Z,65.66666666666667,60.25,65.45833333333333,67.5,67.66666666666667,67.54166666666667,67.41666666666667,58.625,66.41666666666667,64.66666666666667,67.54166666666667,66.20833333333333,64.20833333333333,65.54166666666667,71.58333333333333,67.875,69.16666666666667,64.95833333333333,70.375,64,65.79166666666667,68.33333333333333,67.25,66.33333333333333
2008-09-24T00:00:00Z,63.208333333333336,59.708333333333336,63.375,63.208333333333336,66.29166666666667,64.54166666666667,63.5,56.583333333333336,63.583333333333336,61.958333333333336,65.04166666666667,63.5,62.375,61.625,69,63.5,64.91666666666667,63.25,67.375,59.625,64.16666666666667,64.5,65,63.291666666666664
2008-09-25T00:00:00Z,64.75,59.208333333333336,62.25,62.916666666666664,68.875,68.08333333333333,63.125,55.583333333333336,63.291666666666664,58.958333333333336,66,62.291666666666664,62.333333333333336,60.083333333333336,74,61.875,66.33333333333333,63.083333333333336,71.04166666666667,60,64.25,67.08333333333333,66.54166666666667,65.20833333333333
2008-09-26T00:00:00Z,74.79166666666667,60.208333333333336,63.166666666666664,69.16666666666667,74.45833333333333,74.75,71.25,56.083333333333336,73.04166666666667,63.5,64.79166666666667,66.29166666666667,62.916666666666664,68.29166666666667,75.29166666666667,71.41666666666667,73,63.583333333333336,75.70833333333333,63.583333333333336,64.16666666666667,74.5,72.875,75.33333333333333
2008-09-27T00:00:00Z,73.66666666666667,64.29166666666667,67.29166666666667,71.41666666666667,74.875,73.20833333333333,71.45833333333333,58.916666666666664,71.41666666666667,66.91666666666667,67.91666666666667,70,66.20833333333333,72,75.70833333333333,71.83333333333333,72.83333333333333,67.41666666666667,74.54166666666667,66.41666666666667,65.16666666666667,71.70833333333333,73.33333333333333,73.08333333333333
2008-09-28T00:00:00Z,70.58333333333333,67.375,70.29166666666667,72.45833333333333,72.54166666666667,72.29166666666667,73.54166666666667,63.041666666666664,71.66666666666667,70.25,72.45833333333333,71.08333333333333,69.95833333333333,73.75,74.91666666666667,72.16666666666667,73.79166666666667,70.625,75.41666666666667,69.33333333333333,69.66666666666667,72.95833333333333,71.91666666666667,71.54166666666667
2008-09-29T00:00:00Z,70.70833333333333,63.833333333333336,71.125,72.25,71.625,72.08333333333333,73.33333333333333,61.041666666666664,72.58333333333333,69.58333333333333,70.875,69.95833333333333,68.125,70.70833333333333,73.5,72,73.75,69.08333333333333,74.04166666666667,65.875,68,72.625,70.33333333333333,71.875
2008-09-30T00:00:00Z,69.375,61.458333333333336,70.33333333333333,70.83333333333333,70.25,69.25,72.20833333333333,58.333333333333336,70.54166666666667,69,69.125,69.95833333333333,67.83333333333333,67,70.58333333333333,68.91666666666667,71.83333333333333,69.54166666666667,71.625,66.58333333333333,66.29166666666667,70.95833333333333,68.58333333333333,70.25
2008-10-01T00:00:00Z,66.33333333333333,57.666666666666664,64.20833333333333,71.25,66.75,69.33333333333333,70.08333333333333,52.875,68.375,61.958333333333336,64.79166666666667,64.25,61.75,63.333333333333336,72.58333333333333,64.875,72.08333333333333,63.541666666666664,70.91666666666667,61.583333333333336,60.25,69.95833333333333,66.20833333333333,67.16666666666667
2008-10-02T00:00:00Z,57.25,51.875,56.958333333333336,60.291666666666664,58.541666666666664,59.833333333333336,61.291666666666664,49.666666666666664,60,56.583333333333336,58.458333333333336,56.708333333333336,56.25,57.041666666666664,63.875,58,61.791666666666664,56.166666666666664,62.25,54.416666666666664,55.333333333333336,60.208333333333336,60.875,58.791666666666664
2008-10-03T00:00:00Z,58.375,52.625,59.166666666666664,60.25,59.833333333333336,60.166666666666664,59,52.208333333333336,61,59.75,60.625,59.333333333333336,57.791666666666664,59.208333333333336,62.958333333333336,59.916666666666664,61.666666666666664,57.625,61.791666666666664,54.5,56.333333333333336,60.166666666666664,61.583333333333336,59.833333333333336
2008-10-04T00:00:00Z,61.25,56.583333333333336,63.5,64.41666666666667,63.5,62.291666666666664,60.541666666666664,54.333333333333336,64.16666666666667,63.25,64.625,63.416666666666664,61.625,62.083333333333336,66.33333333333333,63,64.41666666666667,60.583333333333336,63.958333333333336,58.458333333333336,60,62.416666666666664,64.20833333333333,62.958333333333336
2008-10-05T00:00:00Z,64.79166666666667,59.416666666666664,66.5,64.83333333333333,64.20833333333333,63.041666666666664,63.541666666666664,58.583333333333336,65.16666666666667,67.125,66.58333333333333,65.75,64.66666666666667,62.916666666666664,68.33333333333333,66.125,65.20833333333333,64.16666666666667,65.95833333333333,61.291666666666664,63.791666666666664,63.791666666666664,66.20833333333333,64.125
2008-10-06T00:00:00Z,66.25,59.875,67.5,64.83333333333333,66,66.25,63.541666666666664,60.541666666666664,67.125,67.08333333333333,67.04166666666667,67.375,66.04166666666667,62.291666666666664,70.91666666666667,68.58333333333333,65.58333333333333,65.08333333333333,69.04166666666667,63.791666666666664,66,65.08333333333333,65.625,66.08333333333333
2008-10-07T00:00:00Z,61.166666666666664,55.833333333333336,64.58333333333333,64.125,61.916666666666664,63.791666666666664,64.54166666666667,54.333333333333336,63.208333333333336,62.791666666666664,63.166666666666664,65.04166666666667,61.5,56.916666666666664,66.33333333333333,63.416666666666664,65.29166666666667,62.083333333333336,65.79166666666667,61,62.916666666666664,65.66666666666667,61.041666666666664,61.083333333333336
2008-10-08T00:00:00Z,62.541666666666664,57.333333333333336,63.083333333333336,65.54166666666667,61.541666666666664,63.416666666666664,65.125,54.041666666666664,63.666666666666664,60.791666666666664,61.333333333333336,64,59,59.833333333333336,70.125,63.541666666666664,66.20833333333333,60.166666666666664,67.5,59.333333333333336,60.083333333333336,64.625,61.625,63.083333333333336
2008-10-09T00:00:00Z,72.08333333333333,63.041666666666664,67.54166666666667,69.54166666666667,71.54166666666667,69.04166666666667,70.375,57.666666666666664,70.45833333333333,65.79166666666667,65.875,68.25,64.33333333333333,65.125,74.29166666666667,69.75,71.70833333333333,65.875,73.04166666666667,64.04166666666667,64.41666666666667,70,71.16666666666667,70.83333333333333
2008-10-10T00:00:00Z,70.33333333333333,63.416666666666664,70,69.54166666666667,69.625,69.45833333333333,70.375,59.25,69.875,67.66666666666667,69.375,70.04166666666667,65.875,65.08333333333333,70.16666666666667,70.91666666666667,71.20833333333333,69.41666666666667,70.875,64.5,65.75,70.375,69.08333333333333,69.25
2008-10-11T00:00:00Z,68.66666666666667,64.91666666666667,67.91666666666667,68.66666666666667,68.875,69.20833333333333,68.16666666666667,58.958333333333336,68.875,65,69.75,68.33333333333333,67,60.375,70.95833333333333,66.625,70.04166666666667,68.29166666666667,70.25,66.08333333333333,66.58333333333333,69.25,67.41666666666667,68.5
2008-10-12T00:00:00Z,66.58333333333333,62.583333333333336,67.25,68.70833333333333,67.79166666666667,69,68.75,56.958333333333336,67.625,63.041666666666664,67.70833333333333,67.29166666666667,64.20833333333333,60.875,71.54166666666667,67.08333333333333,69.45833333333333,66.75,70.875,63.666666666666664,64.95833333333333,69.25,66.66666666666667,67.25
2008-10-13T00:00:00Z,63.166666666666664,61.75,65.20833333333333,66.41666666666667,66.125,66.54166666666667,67.45833333333333,58.875,65.95833333333333,63.083333333333336,66.58333333333333,63.833333333333336,63.125,59.041666666666664,67.75,64.875,67.75,62.708333333333336,68.58333333333333,61.041666666666664,61,67.70833333333333,65.54166666666667,63.583333333333336
2008-10-14T00:00:00Z,65.79166666666667,60.208333333333336,64.375,65.66666666666667,64.45833333333333,64.5,67.54166666666667,60.625,66,66.95833333333333,65.29166666666667,65.04166666666667,63.75,63.208333333333336,68.83333333333333,66.375,67.08333333333333,62.458333333333336,66.91666666666667,60.166666666666664,63.5,65.58333333333333,67.41666666666667,63.833333333333336
2008-10-15T00:00:00Z,68.70833333333333,61.916666666666664,65.75,67,67.79166666666667,68.25,68.70833333333333,63.75,67.95833333333333,69.58333333333333,67.375,66.70833333333333,67.25,65.625,68.45833333333333,70.91666666666667,68.875,64.625,69.16666666666667,64.41666666666667,67.95833333333333,68.45833333333333,68.5,67.08333333333333
2008-10-16T00:00:00Z,72.625,63.625,68.66666666666667,68.875,71.79166666666667,70.58333333333333,71.5,64.125,71.54166666666667,70.29166666666667,70.125,69.83333333333333,68.20833333333333,67.79166666666667,72.79166666666667,71.45833333333333,71.58333333333333,67.16666666666667,72.04166666666667,65.66666666666667,69.29166666666667,70.20833333333333,73.5,70.66666666666667
2008-10-17T00:00:00Z,63.541666666666664,60.583333333333336,64.20833333333333,69.91666666666667,63.375,66.75,68.66666666666667,56.833333333333336,65.04166666666667,58.375,67.125,62.25,60.958333333333336,55.666666666666664,70.16666666666667,61.791666666666664,72,62.333333333333336,70.04166666666667,61.416666666666664,59.5,68.79166666666667,61.541666666666664,64.58333333333333
2008-10-18T00:00:00Z,55.291666666666664,50,54.125,55.541666666666664,56.083333333333336,54.166666666666664,54.833333333333336,44.5,53.416666666666664,51.875,56.25,55.583333333333336,52.666666666666664,50.791666666666664,62.875,55.833333333333336,55.333333333333336,54,57.541666666666664,52.625,50.541666666666664,53.875,57.625,52.958333333333336
2008-10-19T00:00:00Z,52.375,46.791666666666664,50.291666666666664,53.791666666666664,54.916666666666664,53.625,53.416666666666664,44,53.291666666666664,48.958333333333336,51.125,50.708333333333336,49.166666666666664,45.333333333333336,61.166666666666664,51.5,54.166666666666664,48.833333333333336,55.791666666666664,47.333333333333336,49.166666666666664,53.625,54.833333333333336,51.666666666666664
2008-10-20T00:00:00Z,48.666666666666664,46.958333333333336,48.666666666666664,50.166666666666664,49.166666666666664,50.75,50.708333333333336,47.791666666666664,50.083333333333336,50.25,52.041666666666664,49.833333333333336,50.125,46.833333333333336,54.041666666666664,50.333333333333336,51.833333333333336,48.541666666666664,52.833333333333336,46.958333333333336,48.958333333333336,50.958333333333336,48.5,47.5
2008-10-21T00:00:00Z,57.208333333333336,52.333333333333336,56.208333333333336,55.333333333333336,57.5,56.125,56.416666666666664,51.25,57.75,56.375,58.75,56.75,54.75,52.875,60.875,58.166666666666664,56.25,54.833333333333336,59.666666666666664,53.416666666666664,53.5,56.541666666666664,56.833333333333336,55.916666666666664
2008-10-22T00:00:00Z,48.125,48,52.291666666666664,52.333333333333336,50.416666666666664,52.25,52.458333333333336,43.583333333333336,51.375,48.958333333333336,54,49.958333333333336,49.041666666666664,44.916666666666664,55.208333333333336,49.875,52.958333333333336,49.875,53.541666666666664,46.833333333333336,48.75,52.458333333333336,52.375,47.291666666666664
2008-10-23T00:00:00Z,49.125,43.916666666666664,49.958333333333336,51.708333333333336,53.083333333333336,53.333333333333336,50.458333333333336,39.416666666666664,50.208333333333336,45.833333333333336,50.125,47.416666666666664,45.541666666666664,43.541666666666664,58.958333333333336,49.583333333333336,52.916666666666664,46.208333333333336,55.416666666666664,45.208333333333336,48,52.916666666666664,53.5,48.833333333333336
2008-10-24T00:00:00Z,56.666666666666664,47.166666666666664,54.375,58.958333333333336,59.333333333333336,60.666666666666664,58.666666666666664,42.458333333333336,56.708333333333336,52.583333333333336,51,56.541666666666664,49.541666666666664,51.041666666666664,64.16666666666667,56.458333333333336,63.083333333333336,52.75,64.20833333333333,47.291666666666664,50.291666666666664,59.958333333333336,59.125,56.041666666666664
2008-10-25T00:00:00Z,67.54166666666667,51.916666666666664,61.458333333333336,68.91666666666667,67.625,69.125,69.58333333333333,51.083333333333336,68,60.875,59.041666666666664,63.875,56.916666666666664,60.291666666666664,69.375,65.33333333333333,70.04166666666667,60.083333333333336,69.75,53.916666666666664,58,69.125,66.54166666666667,68.20833333333333
2008-10-26T00:00:00Z,57.541666666666664,49.791666666666664,53.166666666666664,58.708333333333336,58.583333333333336,60.25,59.166666666666664,50.666666666666664,58.583333333333336,53.541666666666664,54.333333333333336,55.25,53.291666666666664,52.625,60.083333333333336,56.25,62.25,51.5,61.833333333333336,50.125,53.333333333333336,61.416666666666664,58.541666666666664,57.833333333333336
2008-10-27T00:00:00Z,50.916666666666664,42.458333333333336,49.416666666666664,53.041666666666664,53.041666666666664,54.333333333333336,52.375,41.833333333333336,51.541666666666664,48.208333333333336,50.416666666666664,50.333333333333336,47.625,42.916666666666664,57.125,47.125,56.083333333333336,46.833333333333336,57.958333333333336,46.375,47.041666666666664,54.666666666666664,50.416666666666664,51.375
2008-10-28T00:00:00Z,45.375,37.25,41.791666666666664,45.208333333333336,45.875,45.5,45.791666666666664,32.333333333333336,45.291666666666664,42.208333333333336,43.041666666666664,44.5,41.25,41.291666666666664,49.708333333333336,45.375,46.833333333333336,41.541666666666664,47.458333333333336,42.166666666666664,44,45.291666666666664,47.541666666666664,45.041666666666664
2008-10-29T00:00:00Z,44.875,41.833333333333336,45.083333333333336,45.208333333333336,44.041666666666664,45.041666666666664,46.5,37.333333333333336,45.75,43.166666666666664,44.416666666666664,46.875,45.166666666666664,40.958333333333336,50.083333333333336,44.625,46.833333333333336,46.708333333333336,48.541666666666664,41.75,45.916666666666664,45,45.666666666666664,44.75
2008-10-30T00:00:00Z,42.083333333333336,43.958333333333336,48.625,44.791666666666664,43.083333333333336,43.666666666666664,46.708333333333336,44.583333333333336,44.333333333333336,45.458333333333336,50.416666666666664,44.791666666666664,47.75,40.208333333333336,48.041666666666664,44.041666666666664,45.875,44.541666666666664,47,45.666666666666664,46.041666666666664,44.708333333333336,46.291666666666664,41.458333333333336
2008-10-31T00:00:00Z,46.208333333333336,45.708333333333336,48.583333333333336,44.375,45.333333333333336,44.416666666666664,46.416666666666664,48.333333333333336,46.291666666666664,49.625,50.791666666666664,48.5,48.833333333333336,45.625,45.333333333333336,47.375,47.458333333333336,46.791666666666664,48.25,45.333333333333336,48.208333333333336,44.833333333333336,47.875,44.625
2008-11-01T00:00:00Z,53.75,47.625,53.375,50.166666666666664,54.291666666666664,50.708333333333336,51.416666666666664,52.833333333333336,52.458333333333336,55.333333333333336,54.458333333333336,52.875,53.833333333333336,51.708333333333336,54.375,54.666666666666664,52.625,50.375,52.458333333333336,49.833333333333336,54.5,49.333333333333336,53.75,52
2008-11-02T00:00:00Z,57.166666666666664,48.416666666666664,57.5,55.708333333333336,56,55.666666666666664,56.8125,52.5625,56.541666666666664,57.958333333333336,57.458333333333336,57.5,56.166666666666664,54.708333333333336,59.8125,58.166666666666664,56.916666666666664,54.166666666666664,58.604166666666664,52.229166666666664,58.5,56.458333333333336,54.9375,57.166666666666664
2008-11-03T00:00:00Z,60.958333333333336,49.583333333333336,55.041666666666664,59.166666666666664,61.875,62.125,58.833333333333336,50.083333333333336,59.5,55.416666666666664,56.791666666666664,58.208333333333336,52.75,53.458333333333336,64.41666666666667,57.083333333333336,60.541666666666664,55.666666666666664,61.375,54.083333333333336,56.333333333333336,61,58.25,61.208333333333336
2008-11-04T00:00:00Z,62.541666666666664,53.375,58.625,61.125,62.625,62.916666666666664,61.125,51.875,60.833333333333336,56.375,59.625,59.375,57.25,54.166666666666664,63.541666666666664,58.625,63.25,59.25,64.54166666666667,59.125,58.833333333333336,63.333333333333336,59.5,62
2008-11-05T00:00:00Z,63.333333333333336,53.625,60.041666666666664,59.75,60.708333333333336,63.125,60.75,54.625,62.125,60.083333333333336,61.458333333333336,60.833333333333336,60.833333333333336,56.916666666666664,60.333333333333336,60.458333333333336,62.416666666666664,60.25,63.208333333333336,59.166666666666664,60.291666666666664,62.625,58.833333333333336,62.541666666666664
2008-11-06T00:00:00Z,65.16666666666667,52.75,60.166666666666664,62,60.208333333333336,63.791666666666664,62.666666666666664,55.75,62.666666666666664,61.416666666666664,62.375,59.541666666666664,60.5,60.5,61.333333333333336,61.333333333333336,63.041666666666664,57.416666666666664,64.04166666666667,56.916666666666664,58.416666666666664,62.25,60.083333333333336,64.33333333333333
2008-11-07T00:00:00Z,61.791666666666664,54.208333333333336,59.458333333333336,61.583333333333336,61.958333333333336,62.416666666666664,61.625,53.875,62.5,60.583333333333336,61.625,61.708333333333336,59.583333333333336,58.583333333333336,59.916666666666664,61.416666666666664,62.666666666666664,59.208333333333336,63.208333333333336,56.75,59.916666666666664,60.75,62,61.791666666666664
2008-11-08T00:00:00Z,58.958333333333336,49.583333333333336,57.625,59.916666666666664,61.166666666666664,61.416666666666664,60.333333333333336,45.75,60.333333333333336,58.375,55.375,62.083333333333336,55.875,56.25,66.125,60.833333333333336,63.166666666666664,57.791666666666664,65.16666666666667,54.875,55.5,62.458333333333336,59,59.875
2008-11-09T00:00:00Z,50.833333333333336,41.25,48.75,52.333333333333336,52.708333333333336,52.5,52.791666666666664,39.416666666666664,51.791666666666664,48.5,48.833333333333336,49.5,46.125,46.791666666666664,61,49.375,55.125,46.166666666666664,57.708333333333336,43.5,46.083333333333336,52.958333333333336,53.083333333333336,51.291666666666664
2008-11-10T00:00:00Z,45.083333333333336,42.083333333333336,44.916666666666664,48.25,47.416666666666664,48.208333333333336,48.333333333333336,40.458333333333336,47.5,45.166666666666664,47.375,45.208333333333336,44.75,42.208333333333336,53.291666666666664,43.833333333333336,49.833333333333336,42.333333333333336,51.375,42.625,46.416666666666664,48.625,49.666666666666664,45.666666666666664
2008-11-11T00:00:00Z,45.333333333333336,40.541666666666664,48.916666666666664,46.208333333333336,47.916666666666664,47.083333333333336,46.666666666666664,38.333333333333336,45.375,44.875,48.791666666666664,47.083333333333336,42.791666666666664,41.208333333333336,51.625,46.291666666666664,48.375,44.166666666666664,51.375,41.5,44.458333333333336,47.833333333333336,47.583333333333336,44.041666666666664
2008-11-12T00:00:00Z,50.791666666666664,46.625,51.25,51.791666666666664,51.708333333333336,52.375,50.916666666666664,40.625,50.875,48.708333333333336,51.125,51.875,49.458333333333336,44.916666666666664,56.5,50.166666666666664,53.291666666666664,50.041666666666664,55.583333333333336,48.75,48.083333333333336,52.5,50.708333333333336,50.208333333333336
2008-11-13T00:00:00Z,59.166666666666664,50.041666666666664,51.458333333333336,65.16666666666667,59.666666666666664,64.25,63.875,47.916666666666664,59.583333333333336,49.666666666666664,52.875,53.333333333333336,50.041666666666664,51.125,64.125,54.333333333333336,68.58333333333333,51.458333333333336,66.41666666666667,50.041666666666664,50.875,65.75,57.208333333333336,58.625
2008-11-14T00:00:00Z,61.375,55.583333333333336,57.333333333333336,64.375,61.916666666666664,66.41666666666667,63.125,53.083333333333336,60.791666666666664,55.625,56.75,59.125,55.291666666666664,55.416666666666664,66.125,58.958333333333336,69.25,57,68.58333333333333,55.541666666666664,55.5,66.91666666666667,60.625,60.875
2008-11-15T00:00:00Z,68.66666666666667,51.625,61.25,67.70833333333333,69.08333333333333,70.08333333333333,67.20833333333333,51.583333333333336,68.25,61.166666666666664,58.125,66.58333333333333,56.416666666666664,61.875,67.20833333333333,67.04166666666667,69.25,61.291666666666664,68.54166666666667,55.541666666666664,55.916666666666664,69.41666666666667,68.66666666666667,68.375
2008-11-16T00:00:00Z,47.916666666666664,35.625,44.25,48.208333333333336,48.5,48.291666666666664,48.833333333333336,36.916666666666664,47.958333333333336,42.916666666666664,42.458333333333336,46.333333333333336,41.916666666666664,42.083333333333336,53.708333333333336,46.333333333333336,50.25,43.375,51.208333333333336,40.5,41.625,48.958333333333336,49.583333333333336,47.875
2008-11-17T00:00:00Z,41.458333333333336,36.958333333333336,40.916666666666664,44.708333333333336,41.791666666666664,43.041666666666664,44.916666666666664,30.916666666666668,43.458333333333336,39.541666666666664,42.583333333333336,41.25,39.458333333333336,38.333333333333336,49.333333333333336,42.833333333333336,46.166666666666664,40.166666666666664,46.541666666666664,37.583333333333336,37.666666666666664,44.416666666666664,44.291666666666664,41.083333333333336
2008-11-18T00:00:00Z,37.25,28.5,34.5,39.041666666666664,38.25,39.166666666666664,39.75,21.541666666666668,39.333333333333336,34.125,35.333333333333336,36.666666666666664,33.083333333333336,33.875,44,37.625,39.416666666666664,34.583333333333336,40.875,32.833333333333336,33.083333333333336,39.041666666666664,38.75,37.833333333333336
2008-11-19T00:00:00Z,34.791666666666664,30.833333333333332,32.916666666666664,34.958333333333336,34.5,34.75,34.833333333333336,28.375,35.083333333333336,32.166666666666664,34.625,33.75,32.541666666666664,32.666666666666664,38.708333333333336,35.708333333333336,35.208333333333336,30.541666666666668,36.625,30.041666666666668,32.25,33.458333333333336,35.416666666666664,34.416666666666664
2008-11-20T00:00:00Z,44.458333333333336,41.083333333333336,43.625,41.791666666666664,42.458333333333336,42.416666666666664,42.75,35.916666666666664,44.791666666666664,42,45.125,43.375,43.75,40.416666666666664,45.875,44.416666666666664,44.291666666666664,42,46.458333333333336,38.5,41.5,42.125,43.25,43.083333333333336
2008-11-21T00:00:00Z,37.916666666666664,27.041666666666668,36.5,39.75,37.416666666666664,38.5,39.125,22.041666666666668,38.291666666666664,33.375,35.666666666666664,37.25,33.708333333333336,32.916666666666664,41.375,37.083333333333336,39.5,35.708333333333336,39.708333333333336,41.875,33.458333333333336,38.583333333333336,37.375,37.166666666666664
2008-11-22T00:00:00Z,32.666666666666664,29.083333333333332,32.416666666666664,34.666666666666664,31.541666666666668,32.166666666666664,34.958333333333336,26.083333333333332,33.083333333333336,31.291666666666668,34,32.5,32.333333333333336,30.25,36.791666666666664,33.375,33.916666666666664,30.291666666666668,34.375,31.416666666666668,29.5,32.666666666666664,33.541666666666664,32.708333333333336
2008-11-23T00:00:00Z,36.583333333333336,36.208333333333336,40.291666666666664,39.208333333333336,35.916666666666664,36.375,40.666666666666664,34.916666666666664,38.041666666666664,38.666666666666664,42.25,41.458333333333336,39,34.916666666666664,39.333333333333336,39.25,39.083333333333336,37.416666666666664,37.541666666666664,30.291666666666668,36.791666666666664,36.583333333333336,34.791666666666664,36.916666666666664
2008-11-24T00:00:00Z,44.708333333333336,39.125,41.125,44.791666666666664,44.791666666666664,43.708333333333336,45.25,36.666666666666664,44.291666666666664,40.25,43.791666666666664,43.625,39.041666666666664,40.208333333333336,50.375,43,45.625,39.291666666666664,47.5,37.75,35.666666666666664,43.583333333333336,44.625,44.333333333333336
2008-11-25T00:00:00Z,47.791666666666664,35.083333333333336,42.083333333333336,48.208333333333336,46.958333333333336,48.291666666666664,48.708333333333336,30.875,47.875,40.916666666666664,41.875,43.166666666666664,40.125,40.166666666666664,51.5,44.166666666666664,50.708333333333336,40.666666666666664,51.5,37.041666666666664,39.625,48.5,47.541666666666664,47.25
2008-11-26T00:00:00Z,39.416666666666664,35.291666666666664,38.791666666666664,38.375,39.208333333333336,37.791666666666664,39.041666666666664,33.625,38.666666666666664,39.041666666666664,39.958333333333336,38.375,40.666666666666664,35.958333333333336,42.333333333333336,40.25,38.916666666666664,36.958333333333336,42.333333333333336,37.75,38.416666666666664,37.541666666666664,41.291666666666664,39.208333333333336
2008-11-27T00:00:00Z,40.041666666666664,38.041666666666664,44.166666666666664,44.708333333333336,40.875,41.458333333333336,44.25,43.375,42.666666666666664,45.458333333333336,48.666666666666664,45.583333333333336,43.791666666666664,40.916666666666664,45.208333333333336,44.875,45.75,41.458333333333336,45.416666666666664,41.416666666666664,41.625,43.875,40.291666666666664,41.25
2008-11-28T00:00:00Z,48.708333333333336,44.125,50.083333333333336,52.125,48.583333333333336,49.25,51.708333333333336,45.208333333333336,50,49,52.5,48.75,51.458333333333336,46.625,53.666666666666664,50.375,53.916666666666664,45.916666666666664,51.666666666666664,48,45.625,51.291666666666664,47.958333333333336,48.083333333333336
2008-11-29T00:00:00Z,43.875,41.875,44.958333333333336,48.875,47.25,47.375,47.541666666666664,35.833333333333336,45.208333333333336,43.541666666666664,44.916666666666664,46.833333333333336,43.666666666666664,40.208333333333336,52.041666666666664,46.166666666666664,51.166666666666664,45.791666666666664,49.5,43.583333333333336,43.541666666666664,48.458333333333336,45.625,45.166666666666664
2008-11-30T00:00:00Z,53.208333333333336,37.458333333333336,39.875,56.791666666666664,56.583333333333336,57.375,54.625,34.083333333333336,51.708333333333336,38.375,40.25,40.791666666666664,38.166666666666664,39.416666666666664,62.583333333333336,43.5,59.666666666666664,39.416666666666664,59.583333333333336,38.166666666666664,38,57.916666666666664,54.125,52.791666666666664
2008-12-01T00:00:00Z,50.416666666666664,34.625,41.208333333333336,47.833333333333336,52.541666666666664,51.333333333333336,48.208333333333336,31.666666666666668,48.916666666666664,41.5,39.666666666666664,44.25,39.625,40.458333333333336,56.833333333333336,44.541666666666664,50.75,41.625,53.833333333333336,38.333333333333336,39.458333333333336,50.75,52.375,50.083333333333336
2008-12-02T00:00:00Z,37.416666666666664,32.291666666666664,35.333333333333336,40.625,39.625,38.5,40.25,27.875,39.5,35.375,36.583333333333336,36.333333333333336,36,34.125,44.5,37.125,40.75,33.208333333333336,40.958333333333336,34.625,33.791666666666664,38.458333333333336,41.041666666666664,39.083333333333336
2008-12-03T00:00:00Z,37.208333333333336,32.458333333333336,36.458333333333336,39.166666666666664,38.333333333333336,36.458333333333336,38.916666666666664,30.541666666666668,39.208333333333336,37.25,37.666666666666664,38.666666666666664,35.666666666666664,35.166666666666664,42.833333333333336,38.958333333333336,38.916666666666664,33.375,39.291666666666664,30.041666666666668,35.333333333333336,36.666666666666664,38.833333333333336,37.708333333333336
2008-12-04T00:00:00Z,46.166666666666664,39.583333333333336,45,46.166666666666664,47.041666666666664,43.666666666666664,45.708333333333336,40.083333333333336,45.333333333333336,46.208333333333336,43.166666666666664,49.625,41.708333333333336,44.791666666666664,51.875,49.041666666666664,46.625,43.25,46.5,40.291666666666664,41.333333333333336,45.208333333333336,46.625,45
2008-12-05T00:00:00Z,42.708333333333336,31.458333333333332,44.166666666666664,46.166666666666664,43.791666666666664,44.416666666666664,45.625,27.625,43.791666666666664,39.541666666666664,42.625,42.583333333333336,37.791666666666664,36.291666666666664,48.791666666666664,42.916666666666664,48.916666666666664,41.583333333333336,46.5,36.416666666666664,37,47.041666666666664,41.333333333333336,43.875
2008-12-06T00:00:00Z,39.833333333333336,28.75,37.708333333333336,44.458333333333336,41.708333333333336,41.875,42.958333333333336,27.25,39.958333333333336,35.375,36.375,37.25,33.625,32.833333333333336,49.416666666666664,38.083333333333336,46.541666666666664,35.5,46.083333333333336,33.083333333333336,32.375,45,40.958333333333336,39.583333333333336
2008-12-07T00:00:00Z,35.791666666666664,29.75,36.125,39.458333333333336,36.291666666666664,37.916666666666664,39.291666666666664,22.708333333333332,37.833333333333336,33.458333333333336,35.791666666666664,34.666666666666664,35.041666666666664,32.083333333333336,43,35.916666666666664,40.208333333333336,35.708333333333336,40.875,34.625,33.291666666666664,37.916666666666664,38.083333333333336,36.791666666666664
2008-12-08T00:00:00Z,31.75,32.25,37.208333333333336,39.458333333333336,34.625,33.916666666666664,37.458333333333336,28.375,34.333333333333336,32.125,38.125,34.541666666666664,32.875,28.833333333333332,39.5,33.958333333333336,37.458333333333336,32.5,37.833333333333336,31.25,29.583333333333332,35.416666666666664,34.25,31.75
2008-12-09T00:00:00Z,51.291666666666664,46.416666666666664,50.625,55.875,51.333333333333336,50.458333333333336,57.416666666666664,43,53.125,50.458333333333336,46.333333333333336,56.583333333333336,41.333333333333336,38.916666666666664,53.708333333333336,45.416666666666664,57.416666666666664,45.083333333333336,53.583333333333336,39.958333333333336,42.375,52.333333333333336,52.208333333333336,50.875
2008-12-10T00:00:00Z,69.41666666666667,56.125,61.875,66.70833333333333,65.20833333333333,66.20833333333333,67.29166666666667,52.875,67.08333333333333,61.333333333333336,59.375,66.45833333333333,55.291666666666664,57.083333333333336,66.33333333333333,64.45833333333333,67.29166666666667,59.75,63.416666666666664,54.041666666666664,56.791666666666664,66.125,65.29166666666667,66.125
2008-12-11T00:00:00Z,66.58333333333333,54.458333333333336,60.583333333333336,66.625,66.875,67.5,67,51.458333333333336,66.70833333333333,60.75,59,64.04166666666667,58.041666666666664,60.25,68.08333333333333,64.5,67.83333333333333,60.375,65.75,56.833333333333336,59.041666666666664,67.25,66,66.58333333333333
2008-12-12T00:00:00Z,51.791666666666664,34.791666666666664,45,51.458333333333336,51.291666666666664,52,51.416666666666664,31.666666666666668,51.291666666666664,42.958333333333336,44.416666666666664,47.208333333333336,40.833333333333336,41.791666666666664,54.625,47.625,52.291666666666664,43.625,52.791666666666664,41.208333333333336,41.416666666666664,52.916666666666664,50.083333333333336,50.791666666666664
2008-12-13T00:00:00Z,36.541666666666664,34.5,37.25,37.833333333333336,38.666666666666664,38.25,38.125,30.541666666666668,37.25,36.625,38.25,37.166666666666664,36.5,33.708333333333336,43.625,36.125,38.916666666666664,35.375,39.333333333333336,35.625,37.291666666666664,39.25,36.583333333333336,36.5
2008-12-14T00:00:00Z,45.5,36.666666666666664,39.291666666666664,50.041666666666664,47.708333333333336,49.958333333333336,48.875,36,48.25,39.625,38.25,41.25,36.833333333333336,40.166666666666664,56.208333333333336,43.166666666666664,51.416666666666664,37.041666666666664,53.291666666666664,34.916666666666664,38.666666666666664,50.708333333333336,46.416666666666664,47.833333333333336
2008-12-15T00:00:00Z,62.583333333333336,50.708333333333336,54.125,62.416666666666664,62.708333333333336,62.208333333333336,63.083333333333336,52.166666666666664,62.875,52.833333333333336,49.875,58.583333333333336,45.708333333333336,55.541666666666664,64.5,60.541666666666664,63.416666666666664,51.125,63.25,41,48.625,61.75,62.333333333333336,63.958333333333336
2008-12-16T00:00:00Z,50.916666666666664,53.208333333333336,53.958333333333336,57.791666666666664,51.291666666666664,54.166666666666664,56.541666666666664,43.458333333333336,52.083333333333336,47.166666666666664,55.5,54.083333333333336,47.958333333333336,49.875,58.458333333333336,51.25,59.833333333333336,50.041666666666664,57.666666666666664,48.416666666666664,44.208333333333336,55.583333333333336,48.291666666666664,50.708333333333336
2008-12-17T00:00:00Z,53.25,55.833333333333336,49.166666666666664,60.125,55.208333333333336,58.833333333333336,59.958333333333336,52.458333333333336,55.791666666666664,46.458333333333336,52.458333333333336,50.666666666666664,46.166666666666664,47.458333333333336,58.583333333333336,51.833333333333336,60.25,48.833333333333336,56.833333333333336,48.125,44.75,59.541666666666664,51.833333333333336,54.833333333333336
2008-12-18T00:00:00Z,54.708333333333336,54.5,57.125,63.625,51.583333333333336,56.625,63.166666666666664,54.791666666666664,56.875,49.666666666666664,63.375,57,50.458333333333336,48.375,55.333333333333336,53.541666666666664,58.833333333333336,54.541666666666664,54.708333333333336,47.375,48.166666666666664,57.958333333333336,47.208333333333336,55.666666666666664
2008-12-19T00:00:00Z,60.583333333333336,57.583333333333336,61.375,65.41666666666667,57.416666666666664,60.666666666666664,65.58333333333333,56.083333333333336,62.291666666666664,59.708333333333336,60.5,63.625,57.708333333333336,56.166666666666664,58.541666666666664,62.458333333333336,63.666666666666664,60.75,58.25,55.541666666666664,53.916666666666664,60.708333333333336,55.958333333333336,60.875
2008-12-20T00:00:00Z,53.833333333333336,52.833333333333336,61.916666666666664,65.41666666666667,52.875,60.125,64,50.916666666666664,59.416666666666664,53.791666666666664,60.875,59.666666666666664,55.333333333333336,52.416666666666664,57.708333333333336,56.458333333333336,64,60.916666666666664,58.541666666666664,55,52.791666666666664,62.166666666666664,47.916666666666664,57
2008-12-21T00:00:00Z,48,38.875,50.875,58.625,49.333333333333336,53.083333333333336,58.041666666666664,41.708333333333336,52.666666666666664,42.25,49.958333333333336,49.958333333333336,43.791666666666664,40.625,55.708333333333336,48.208333333333336,58.625,48.625,55.625,48.75,40.666666666666664,55.25,44.958333333333336,50.416666666666664
2008-12-22T00:00:00Z,29.083333333333332,18.208333333333332,27.958333333333332,34,28.958333333333332,31.083333333333332,32.208333333333336,15,30.833333333333332,24.958333333333332,28.041666666666668,28.625,24.583333333333332,26.291666666666668,34.291666666666664,28.666666666666668,33.583333333333336,26.333333333333332,33.416666666666664,29.75,24.333333333333332,32,30,29.541666666666668
2008-12-23T00:00:00Z,30.708333333333332,29.041666666666668,34.875,37.875,32.958333333333336,34.291666666666664,36.083333333333336,24.791666666666668,33.916666666666664,31.875,33.958333333333336,34.541666666666664,31.708333333333332,29.416666666666668,38.416666666666664,33.958333333333336,36.791666666666664,34.041666666666664,37.208333333333336,30.583333333333332,30.583333333333332,35.833333333333336,32.875,29.916666666666668
2008-12-24T00:00:00Z,56.75,46.625,46.875,59.166666666666664,57,56.666666666666664,58.375,47.958333333333336,56.666666666666664,44.625,44.5,53.125,42.541666666666664,46.083333333333336,59.958333333333336,52.666666666666664,61.75,44.208333333333336,60.416666666666664,41,40.375,57.375,56.666666666666664,55
2008-12-25T00:00:00Z,56.916666666666664,47.25,57.458333333333336,61.458333333333336,55.541666666666664,59.583333333333336,59.583333333333336,44.458333333333336,57.958333333333336,53.333333333333336,56.5,56.125,52.458333333333336,49.5,55.625,55.208333333333336,62.875,53.416666666666664,58.541666666666664,48.375,47.583333333333336,61.166666666666664,53.041666666666664,56.666666666666664
2008-12-26T00:00:00Z,44.416666666666664,44.583333333333336,46.666666666666664,51.25,47.041666666666664,49.208333333333336,48.541666666666664,39.166666666666664,45.291666666666664,40.541666666666664,48.791666666666664,45.208333333333336,44.041666666666664,35.958333333333336,57,43.708333333333336,53.125,44.458333333333336,52.708333333333336,43.291666666666664,41.625,51.791666666666664,44.25,43.375
2008-12-27T00:00:00Z,53.916666666666664,53.583333333333336,49.416666666666664,56,53.791666666666664,57.458333333333336,54,55.416666666666664,52.333333333333336,48.041666666666664,50.416666666666664,51.041666666666664,48.458333333333336,40.125,61.5,51.625,57.708333333333336,49.458333333333336,58.416666666666664,49.458333333333336,47.833333333333336,56.875,53.875,50.875
2008-12-28T00:00:00Z,68.29166666666667,52.833333333333336,61.583333333333336,67.25,65.66666666666667,66.16666666666667,68.70833333333333,50.916666666666664,68.95833333333333,61,58.75,65.25,57.791666666666664,60.208333333333336,63.541666666666664,65.375,66.41666666666667,62.041666666666664,63.916666666666664,57.75,55.958333333333336,66.29166666666667,66.95833333333333,67.70833333333333
2008-12-29T00:00:00Z,51.166666666666664,44.625,55.25,54.541666666666664,49.166666666666664,50.583333333333336,54.791666666666664,40.75,52.625,51.291666666666664,54.333333333333336,54.833333333333336,51.5,49.625,51.416666666666664,51.541666666666664,54.875,54.875,52.5,50.083333333333336,48.375,53.583333333333336,49.041666666666664,50.083333333333336
2008-12-30T00:00:00Z,49.041666666666664,44.125,51,50.25,47.916666666666664,47.791666666666664,50.541666666666664,46.5,50.625,51.333333333333336,51.875,52.25,52.916666666666664,46.791666666666664,51.208333333333336,49.916666666666664,50.875,50.208333333333336,49.666666666666664,51.541666666666664,50.75,49.333333333333336,48.583333333333336,48.583333333333336
2008-12-31T00:00:00Z,47.208333333333336,37.083333333333336,45.5,50.041666666666664,46.791666666666664,48.583333333333336,49.791666666666664,35.125,47.833333333333336,42.333333333333336,45.458333333333336,46.375,42.416666666666664,41.166666666666664,52.583333333333336,45.25,52,44.916666666666664,52.041666666666664,42.625,39.625,50.333333333333336,44.541666666666664,45.916666666666664
2009-01-01T00:00:00Z,30.041666666666668,29.666666666666668,32.041666666666664,33.75,29.583333333333332,30.791666666666668,32.833333333333336,24.625,31.125,30.125,33.625,33.166666666666664,30.541666666666668,28.166666666666668,31.5,31.833333333333332,33.708333333333336,28.625,32.208333333333336,29.458333333333332,31,32.208333333333336,29.041666666666668,28.916666666666668
2009-01-02T00:00:00Z,34.083333333333336,39.25,38.666666666666664,43.208333333333336,38.291666666666664,42.458333333333336,43.666666666666664,33.541666666666664,36.083333333333336,35.458333333333336,40.541666666666664,38.5,38.75,32.041666666666664,44.458333333333336,36.375,47.833333333333336,37.708333333333336,46.958333333333336,36.625,35.458333333333336,46.375,35.25,36
2009-01-03T00:00:00Z,43,43.583333333333336,42.916666666666664,47.791666666666664,41.125,44.875,47.041666666666664,43.458333333333336,41.625,41.208333333333336,45.625,46.625,39.083333333333336,41.791666666666664,45.916666666666664,43.208333333333336,50.458333333333336,41.916666666666664,47.291666666666664,41.083333333333336,43.083333333333336,47.125,39.625,40.875
2009-01-04T00:00:00Z,46.083333333333336,53.375,52.125,55.75,46.458333333333336,50.458333333333336,53.583333333333336,50.875,49,49.041666666666664,53.833333333333336,53.208333333333336,51.291666666666664,44.083333333333336,51.166666666666664,50.75,56.333333333333336,52.083333333333336,53.75,50.875,48.375,52.916666666666664,44.333333333333336,47.583333333333336
2009-01-05T00:00:00Z,57.166666666666664,52.083333333333336,58.375,62.291666666666664,55.875,59.333333333333336,61.666666666666664,54.333333333333336,56.75,55.25,60.375,58.833333333333336,56.458333333333336,52.958333333333336,55.25,57.541666666666664,61.625,59.75,58.125,56.125,52.125,60.666666666666664,50.833333333333336,54.958333333333336
2009-01-06T00:00:00Z,46.916666666666664,55.666666666666664,56.541666666666664,65.54166666666667,48,61.041666666666664,63.958333333333336,45.291666666666664,54.875,42.75,62.75,51.791666666666664,48.5,39.625,58.833333333333336,47.583333333333336,65.33333333333333,53,61.166666666666664,49.375,42.458333333333336,63.25,43.083333333333336,50.125
2009-01-07T00:00:00Z,59.041666666666664,47.5,55.916666666666664,62.25,60.416666666666664,62.625,62.333333333333336,43.625,61.541666666666664,50.208333333333336,53.208333333333336,58.666666666666664,45.75,50.458333333333336,62.541666666666664,55.416666666666664,62.958333333333336,54.666666666666664,61.541666666666664,45.291666666666664,46.625,62.083333333333336,56.708333333333336,60.916666666666664
2009-01-08T00:00:00Z,45.541666666666664,36.166666666666664,43.458333333333336,49.083333333333336,45.208333333333336,46.958333333333336,48.375,29.291666666666668,46.25,40.208333333333336,44.166666666666664,43.583333333333336,38.75,38.333333333333336,49.333333333333336,43.5,51.041666666666664,42.208333333333336,50.416666666666664,39.375,38.583333333333336,48.625,44.75,44.916666666666664
2009-01-09T00:00:00Z,37.083333333333336,34.75,38.208333333333336,38.833333333333336,35.625,36.958333333333336,38.833333333333336,31.125,38.083333333333336,36.666666666666664,40.416666666666664,38,37.083333333333336,33.75,38.125,37.458333333333336,40.125,34.916666666666664,38.166666666666664,34.291666666666664,35.375,38.666666666666664,36.5,36.291666666666664
2009-01-10T00:00:00Z,48.375,43.083333333333336,45.75,52,48.875,48.666666666666664,53.041666666666664,38.125,51.791666666666664,46.833333333333336,44.5,51.083333333333336,42.75,45.875,50.708333333333336,50.666666666666664,51.875,44.375,49.791666666666664,41.583333333333336,39.583333333333336,50.583333333333336,48.083333333333336,49.833333333333336
2009-01-11T00:00:00Z,52.625,37.416666666666664,48.958333333333336,58.875,50.833333333333336,56.625,57.125,34.791666666666664,54.916666666666664,47.125,46.583333333333336,51.416666666666664,45.583333333333336,47.291666666666664,55.541666666666664,51.708333333333336,59.958333333333336,48.583333333333336,55.25,43.916666666666664,42.291666666666664,57.833333333333336,47.541666666666664,53
2009-01-12T00:00:00Z,39.041666666666664,33.416666666666664,38.833333333333336,41.541666666666664,38.625,41.208333333333336,41.166666666666664,29.708333333333332,39.916666666666664,37.166666666666664,38.625,39.625,36.375,35.083333333333336,41.208333333333336,37.666666666666664,42.541666666666664,35.958333333333336,40.875,35.25,37.125,42.541666666666664,36.083333333333336,39.375
2009-01-13T00:00:00Z,36.791666666666664,31.916666666666668,37.458333333333336,38.583333333333336,41.25,41.25,38,31.375,37.625,35.333333333333336,38.625,37.708333333333336,34.625,34.541666666666664,48.375,37.291666666666664,40.875,35.5,45.041666666666664,33.708333333333336,33.708333333333336,41.041666666666664,39.541666666666664,36.666666666666664
2009-01-14T00:00:00Z,34,30.5,36.291666666666664,37.5,35.25,35.75,37.625,28.041666666666668,35.875,33.958333333333336,37.958333333333336,38.208333333333336,34.166666666666664,32.291666666666664,39.083333333333336,36.041666666666664,38.333333333333336,34.875,39.291666666666664,33.166666666666664,32.375,36.041666666666664,33.416666666666664,34.5
2009-01-15T00:00:00Z,35.583333333333336,24.083333333333332,35.333333333333336,40.625,35.708333333333336,38.791666666666664,40.291666666666664,19.166666666666668,37.583333333333336,30.791666666666668,35.166666666666664,35.75,30.791666666666668,29.166666666666668,40.791666666666664,33.375,42.125,32.875,43.416666666666664,30.958333333333332,27.708333333333332,39.958333333333336,32,35.75
2009-01-16T00:00:00Z,21.666666666666668,12.541666666666666,21.708333333333332,27.583333333333332,22.916666666666668,24.875,25.458333333333332,6.791666666666667,23.458333333333332,18.833333333333332,22.833333333333332,21.791666666666668,18.791666666666668,16.958333333333332,26.708333333333332,20.916666666666668,26.541666666666668,20.166666666666668,25.833333333333332,18.083333333333332,17.5,25.625,21.583333333333332,21.666666666666668
2009-01-17T00:00:00Z,22.333333333333332,20.041666666666668,25.833333333333332,28.333333333333332,24.875,25.125,26.291666666666668,14.625,24.083333333333332,22.125,27.5,26.083333333333332,22.666666666666668,20,28.416666666666668,24.291666666666668,26.25,24.291666666666668,26.541666666666668,21.666666666666668,19.583333333333332,25.25,23,22.458333333333332
2009-01-18T00:00:00Z,35.5,34.541666666666664,37.541666666666664,39.75,37.5,39.916666666666664,38.833333333333336,28.916666666666668,37.708333333333336,35.666666666666664,38,37.666666666666664,35.875,33.041666666666664,41.958333333333336,37,42.958333333333336,37.291666666666664,43.916666666666664,34.791666666666664,32.875,41.375,35.583333333333336,36.708333333333336
2009-01-19T00:00:00Z,37.625,31.125,39.083333333333336,42.666666666666664,38.166666666666664,42.041666666666664,42.125,27.625,40.708333333333336,37.041666666666664,39.25,39.416666666666664,35.708333333333336,38.291666666666664,44.708333333333336,41,44.666666666666664,37.75,45.5,35.333333333333336,35.333333333333336,43.333333333333336,35.541666666666664,39.541666666666664
2009-01-20T00:00:00Z,31.166666666666668,19.875,29.041666666666668,32.958333333333336,31.75,31.125,31.333333333333332,13.75,29.541666666666668,26.791666666666668,29.291666666666668,29.791666666666668,25.75,28.291666666666668,35.083333333333336,29.083333333333332,33.625,28.541666666666668,33.083333333333336,26.291666666666668,26,32.5,30.125,27.625
2009-01-21T00:00:00Z,27.916666666666668,21.875,27.125,28.666666666666668,27.916666666666668,25.916666666666668,26.666666666666668,16.708333333333332,25.125,25.708333333333332,29.166666666666668,27.708333333333332,26.333333333333332,25.541666666666668,31.833333333333332,26.083333333333332,27.25,25.416666666666668,27.875,26.75,26.541666666666668,25.875,27.916666666666668,20.583333333333332
2009-01-22T00:00:00Z,34.291666666666664,32.541666666666664,35.833333333333336,36.375,35.458333333333336,36.291666666666664,38.041666666666664,30.625,36.125,35.625,38.458333333333336,37.208333333333336,34.833333333333336,33.625,41.875,34.791666666666664,37.291666666666664,32.583333333333336,40.291666666666664,31.958333333333332,33.833333333333336,37.208333333333336,34.416666666666664,33.5
2009-01-23T00:00:00Z,44.458333333333336,40.5,46,47.166666666666664,44.5,46.041666666666664,47.625,42.416666666666664,45.833333333333336,44.458333333333336,50.041666666666664,47.166666666666664,44.291666666666664,44,49.916666666666664,45.125,48.416666666666664,41.041666666666664,49.083333333333336,42.458333333333336,44.083333333333336,47.041666666666664,44.25,44.083333333333336
2009-01-24T00:00:00Z,48.166666666666664,44.708333333333336,53.041666666666664,53.041666666666664,45.75,50.291666666666664,53.041666666666664,42,50.083333333333336,47.833333333333336,54.25,52.416666666666664,50.458333333333336,46.583333333333336,48.416666666666664,49.416666666666664,53.166666666666664,49.958333333333336,49.958333333333336,51.166666666666664,47.125,51.916666666666664,43.25,48.625
2009-01-25T00:00:00Z,33.041666666666664,37.25,39.041666666666664,39.166666666666664,32.916666666666664,35.708333333333336,39.166666666666664,29.333333333333332,34.125,32.666666666666664,42.458333333333336,36.125,36.541666666666664,30.791666666666668,40.166666666666664,33.208333333333336,39.916666666666664,40.458333333333336,38,37.666666666666664,34.25,37.916666666666664,30.833333333333332,32.916666666666664
2009-01-26T00:00:00Z,37.5,39.666666666666664,41.333333333333336,38.958333333333336,37.708333333333336,39.416666666666664,38.916666666666664,33.75,37.958333333333336,38.208333333333336,43.25,40.875,39.291666666666664,36.541666666666664,42.541666666666664,39.708333333333336,40.791666666666664,40.625,40.916666666666664,39,37.791666666666664,40.291666666666664,34.833333333333336,38.083333333333336
2009-01-27T00:00:00Z,38.833333333333336,42.916666666666664,42.791666666666664,46.625,39.583333333333336,42.75,45.166666666666664,33.541666666666664,43.958333333333336,38.458333333333336,44.375,43.5,35.416666666666664,37.833333333333336,43.375,40.833333333333336,45.166666666666664,41.75,43.541666666666664,35.458333333333336,36.625,44.583333333333336,36.083333333333336,40.583333333333336
2009-01-28T00:00:00Z,46.208333333333336,44.666666666666664,48.916666666666664,60.125,55.208333333333336,58.166666666666664,60.125,40.458333333333336,58.125,44.083333333333336,46.75,51.25,41.333333333333336,48.291666666666664,54,50.75,61.208333333333336,47.916666666666664,57.083333333333336,39.5,41.791666666666664,59.541666666666664,44.916666666666664,56.375
2009-01-29T00:00:00Z,42.5,36.041666666666664,41.708333333333336,47.958333333333336,41.416666666666664,45.958333333333336,48,31.541666666666668,44.708333333333336,39.083333333333336,41.541666666666664,40.791666666666664,39,38.708333333333336,45.583333333333336,40.5,49.333333333333336,40.416666666666664,46.125,37.375,38.333333333333336,47.333333333333336,36.666666666666664,42.541666666666664
2009-01-30T00:00:00Z,38.458333333333336,31.083333333333332,37.833333333333336,41.75,39.041666666666664,40.208333333333336,41.75,25.375,40.083333333333336,36.166666666666664,37.541666666666664,37.875,35.125,36.125,42.583333333333336,37.541666666666664,42.666666666666664,37.25,42.291666666666664,34.583333333333336,34.583333333333336,42.083333333333336,37.208333333333336,38.291666666666664
2009-01-31T00:00:00Z,34.166666666666664,33.708333333333336,36.791666666666664,38.291666666666664,32.916666666666664,34.958333333333336,38.291666666666664,28.5,36.833333333333336,34.333333333333336,37.583333333333336,37.291666666666664,37.208333333333336,34.083333333333336,37.333333333333336,35.75,37.833333333333336,35.541666666666664,37.416666666666664,37.25,34.375,35.583333333333336,33.541666666666664,35.083333333333336
2009-02-01T00:00:00Z,41.791666666666664,37.666666666666664,44.916666666666664,47.125,46.333333333333336,45.583333333333336,47.083333333333336,40.791666666666664,46.625,45,46.166666666666664,49.166666666666664,43.291666666666664,45.916666666666664,49.833333333333336,47.416666666666664,46.916666666666664,43.5,49.291666666666664,41.125,40.625,47.166666666666664,46.583333333333336,45.541666666666664
2009-02-02T00:00:00Z,51.666666666666664,34.5,46.625,42,50.041666666666664,50.375,48.75,36.958333333333336,49.958333333333336,45.541666666666664,45.041666666666664,50.458333333333336,43.5,48.5,52,49.125,50.875,45.333333333333336,51.125,40.791666666666664,40.5,50.25,49.958333333333336,49.833333333333336
2009-02-03T00:00:00Z,37.791666666666664,27.708333333333332,36.833333333333336,39.458333333333336,37.583333333333336,39.583333333333336,41.791666666666664,21.625,40.041666666666664,34.375,37.25,37.833333333333336,33.458333333333336,35.541666666666664,40.708333333333336,37.583333333333336,42.791666666666664,36.916666666666664,41.666666666666664,33.333333333333336,33.125,39.708333333333336,37.083333333333336,37.833333333333336
2009-02-04T00:00:00Z,33.541666666666664,14.041666666666666,25.5,34.458333333333336,32.916666666666664,33.916666666666664,34.458333333333336,10.25,33.333333333333336,25.791666666666668,23.083333333333332,28.958333333333332,21.958333333333332,30,35.791666666666664,31.166666666666668,34.833333333333336,25.791666666666668,35.5,21.583333333333332,22.416666666666668,35.208333333333336,31.583333333333332,32.291666666666664
2009-02-05T00:00:00Z,26.25,20.625,26.208333333333332,27,25.416666666666668,26.166666666666668,27,13.791666666666666,26.083333333333332,23.625,29.541666666666668,25.875,24.875,23.5,29.625,25,27.791666666666668,26.75,28.25,23.958333333333332,22.458333333333332,28.75,24.75,24.5
2009-02-06T00:00:00Z,30.041666666666668,33.333333333333336,37.458333333333336,36.083333333333336,33.041666666666664,33.25,35.041666666666664,35.125,35.625,35.458333333333336,41.916666666666664,35.916666666666664,36.208333333333336,34.083333333333336,36.958333333333336,36.083333333333336,35.541666666666664,36.375,35.333333333333336,31.75,31.125,35.75,31.833333333333332,33.375
2009-02-07T00:00:00Z,47.75,42.833333333333336,51.875,49.708333333333336,47,47.625,50.416666666666664,46,50.333333333333336,50.708333333333336,53.333333333333336,53.708333333333336,50.125,51.208333333333336,48.5,52.583333333333336,49.833333333333336,49.5,47.833333333333336,47.75,47.208333333333336,50.375,46.666666666666664,49.083333333333336
2009-02-08T00:00:00Z,59.583333333333336,49.875,57.958333333333336,56.208333333333336,58.833333333333336,55.708333333333336,57.416666666666664,53.375,57.541666666666664,56.166666666666664,59,59.041666666666664,58.75,57.916666666666664,53.625,59.208333333333336,56.833333333333336,55.583333333333336,51.666666666666664,59.5,58.166666666666664,54.416666666666664,58.75,56.25
2009-02-09T00:00:00Z,50.375,49.541666666666664,57.083333333333336,55.125,45.75,49,55.083333333333336,51.583333333333336,52.541666666666664,53.166666666666664,58.375,56.208333333333336,55.416666666666664,50.958333333333336,49.416666666666664,54.208333333333336,53.583333333333336,55.291666666666664,50.583333333333336,53.916666666666664,52.791666666666664,52.416666666666664,42.916666666666664,48.666666666666664
2009-02-10T00:00:00Z,56.291666666666664,55.375,57,57.875,58.541666666666664,57.291666666666664,58.083333333333336,54.166666666666664,58.375,57.625,59.125,61.791666666666664,58.291666666666664,56.5,57.291666666666664,60.375,59.916666666666664,57.625,57.791666666666664,56.208333333333336,57.625,60,58.5,57.708333333333336
2009-02-11T00:00:00Z,66.5,53.458333333333336,61.25,63.875,62.666666666666664,63.375,64.58333333333333,52.416666666666664,64.08333333333333,60.333333333333336,59.958333333333336,65,58.083333333333336,63.333333333333336,59.125,65.08333333333333,64.70833333333333,58.583333333333336,59.916666666666664,56.416666666666664,58.291666666666664,63.416666666666664,63.375,63.5
2009-02-12T00:00:00Z,62.5,48.333333333333336,55.666666666666664,62,61.208333333333336,63.083333333333336,62.291666666666664,45.583333333333336,61.291666666666664,55.833333333333336,55.125,58.625,55.208333333333336,59.125,59.083333333333336,60.25,62.041666666666664,53.708333333333336,61.166666666666664,55.25,56.083333333333336,62.125,61.291666666666664,61.75
2009-02-13T00:00:00Z,52.458333333333336,45.916666666666664,54.916666666666664,55,49.625,53.5,57.791666666666664,44.166666666666664,56.625,52.333333333333336,53.666666666666664,56.083333333333336,54.958333333333336,53.083333333333336,52.583333333333336,54.833333333333336,58.666666666666664,51.083333333333336,54.833333333333336,51.875,54.208333333333336,55.625,47,54.083333333333336
2009-02-14T00:00:00Z,44.083333333333336,44.833333333333336,50.666666666666664,53.875,43.708333333333336,47.666666666666664,52.416666666666664,44.375,47.958333333333336,51.041666666666664,52.708333333333336,52.666666666666664,51.041666666666664,48.25,51.5,51.625,53.416666666666664,48.75,50.333333333333336,51.833333333333336,50.833333333333336,50.958333333333336,42.583333333333336,46.583333333333336
2009-02-15T00:00:00Z,43,42.75,46.791666666666664,47.416666666666664,41.458333333333336,44.25,46.958333333333336,36.416666666666664,44.5,44.708333333333336,48.125,46.666666666666664,45.625,42,43.041666666666664,45.541666666666664,46.166666666666664,45.666666666666664,44.416666666666664,45.75,43.958333333333336,44.833333333333336,39.25,41.708333333333336
2009-02-16T00:00:00Z,38,34.625,40.708333333333336,41.208333333333336,37.041666666666664,39.458333333333336,40.666666666666664,27.5,38.541666666666664,36.958333333333336,42.833333333333336,40.791666666666664,37.416666666666664,35.625,40.333333333333336,39.125,41.5,39.458333333333336,40.875,38.25,34.791666666666664,41.833333333333336,37.25,36.083333333333336
2009-02-17T00:00:00Z,35.208333333333336,34.916666666666664,37.041666666666664,37.583333333333336,34.25,34.708333333333336,37.375,29.541666666666668,35.916666666666664,36.375,39.541666666666664,37.916666666666664,35.875,34.916666666666664,35.791666666666664,37.833333333333336,36.833333333333336,37.166666666666664,36.416666666666664,35.666666666666664,35.25,33.708333333333336,34.791666666666664,33.833333333333336
2009-02-18T00:00:00Z,45.833333333333336,45.166666666666664,46.208333333333336,48.291666666666664,46.458333333333336,47.791666666666664,49.5,38.375,48.208333333333336,44.625,45.458333333333336,48.75,42.833333333333336,44.791666666666664,47.458333333333336,47.083333333333336,52.708333333333336,45.916666666666664,50.833333333333336,42.625,39.541666666666664,49.083333333333336,44.125,46.75
2009-02-19T00:00:00Z,51.916666666666664,37.958333333333336,45.625,55.5,52.708333333333336,54.791666666666664,55.333333333333336,30.833333333333332,52.666666666666664,43.5,46.25,48.125,41.458333333333336,46.5,54.041666666666664,48,57.375,41.458333333333336,55.25,41.291666666666664,38.875,57.166666666666664,51.083333333333336,51.875
2009-02-20T00:00:00Z,33.75,26.916666666666668,34.708333333333336,37.166666666666664,33.125,34.833333333333336,37.125,21.791666666666668,35.583333333333336,31.5,34.208333333333336,34.166666666666664,32.25,31.958333333333332,37.958333333333336,33,37.708333333333336,33.666666666666664,37.541666666666664,32.333333333333336,31.25,35.208333333333336,33.916666666666664,33.958333333333336
2009-02-21T00:00:00Z,36.458333333333336,33.375,40.375,40.25,37.166666666666664,36.625,40.25,32.875,38.583333333333336,38.375,40.5,40.291666666666664,37.625,36.958333333333336,43.25,39.208333333333336,38.708333333333336,37.25,39.583333333333336,35.625,36.625,37.291666666666664,36.625,37.041666666666664
2009-02-22T00:00:00Z,42.5,29.333333333333332,40.25,44.916666666666664,44.083333333333336,46.416666666666664,46.625,24.375,44.333333333333336,38.583333333333336,41.291666666666664,43.125,36.125,39.583333333333336,49.833333333333336,42.083333333333336,48.208333333333336,36.291666666666664,49.833333333333336,34.208333333333336,34.541666666666664,47.083333333333336,41.416666666666664,42.958333333333336
2009-02-23T00:00:00Z,33.875,26.75,33.083333333333336,30.75,32.5,34.541666666666664,35.583333333333336,20.291666666666668,35.125,30.916666666666668,35.958333333333336,34.041666666666664,31.416666666666668,31.833333333333332,36.875,33.833333333333336,35.708333333333336,33.75,36.458333333333336,31.208333333333332,30.291666666666668,34.5,33.666666666666664,33.625
2009-02-24T00:00:00Z,32.416666666666664,32.458333333333336,34.916666666666664,31.166666666666668,32.583333333333336,32.541666666666664,34.125,26.416666666666668,33.083333333333336,32.166666666666664,36.541666666666664,33.833333333333336,33.541666666666664,32.125,32.5,33.291666666666664,34.333333333333336,34.75,34.083333333333336,33.375,32.416666666666664,33.291666666666664,31,31.666666666666668
2009-02-25T00:00:00Z,36,42.666666666666664,43.333333333333336,41,35.666666666666664,35.75,41.958333333333336,34.583333333333336,38.625,40.875,45.958333333333336,42.083333333333336,41.875,40.333333333333336,37.5,42.375,41.333333333333336,43.5,38.583333333333336,41.125,38.291666666666664,38.5,35.958333333333336,36.75
2009-02-26T00:00:00Z,48.541666666666664,51.833333333333336,53.25,49.375,47.25,48.541666666666664,49.625,43.458333333333336,48.208333333333336,51.25,54.625,53.416666666666664,52.125,50.166666666666664,51.291666666666664,51.875,49.25,53.625,49.5,51.541666666666664,47.791666666666664,48.958333333333336,48.958333333333336,47.125
2009-02-27T00:00:00Z,59.458333333333336,50.833333333333336,54.291666666666664,58.5,58.333333333333336,54.75,59.333333333333336,46.875,60.083333333333336,53.666666666666664,54.25,57.583333333333336,53.041666666666664,57.291666666666664,55.083333333333336,57.916666666666664,57.041666666666664,53.458333333333336,57.125,54.25,53.666666666666664,55.666666666666664,58.208333333333336,57.833333333333336
2009-02-28T00:00:00Z,47.333333333333336,45.916666666666664,49.416666666666664,56.041666666666664,48.208333333333336,52.25,56,40.25,50.708333333333336,44.875,50.458333333333336,49.083333333333336,46.083333333333336,44.708333333333336,52.916666666666664,47.708333333333336,56.416666666666664,45.125,53.5,45.625,43.791666666666664,54.208333333333336,44,48.25
2009-03-01T00:00:00Z,37.75,33.833333333333336,34.291666666666664,40.166666666666664,41.083333333333336,41.5,40.125,29.333333333333332,37.625,33.041666666666664,35.958333333333336,34.125,34.541666666666664,33.541666666666664,46.5,35.625,43.916666666666664,34.708333333333336,44.791666666666664,36.041666666666664,36.083333333333336,42.291666666666664,38.083333333333336,37.041666666666664
2009-03-02T00:00:00Z,29.541666666666668,23.5,30,33.791666666666664,30.541666666666668,32.25,33.791666666666664,16.666666666666668,31.875,25.958333333333332,31.083333333333332,29.625,28.375,28.583333333333332,34.625,29.083333333333332,34.75,28.291666666666668,33.791666666666664,29.208333333333332,26.666666666666668,33.541666666666664,29,29.541666666666668
2009-03-03T00:00:00Z,24.375,24.875,26.75,29,24.75,27.041666666666668,29,18.916666666666668,26.541666666666668,23.375,29.25,25.291666666666668,27.333333333333332,22.75,28.5,24.583333333333332,29.25,25.791666666666668,27.708333333333332,27.041666666666668,26.75,28.25,23.708333333333332,24.291666666666668
2009-03-04T00:00:00Z,28.75,34.291666666666664,35.916666666666664,33.666666666666664,30.208333333333332,30.583333333333332,33.708333333333336,28.791666666666668,32.333333333333336,31.875,37.625,33.458333333333336,35.041666666666664,30.541666666666668,31.916666666666668,32.833333333333336,33.125,33.416666666666664,32,34.125,32.041666666666664,31.916666666666668,30.333333333333332,30.125
2009-03-05T00:00:00Z,40.833333333333336,41.208333333333336,44.083333333333336,43.416666666666664,40.75,39.875,41.625,40.416666666666664,43.75,43.666666666666664,46.083333333333336,46.708333333333336,43.541666666666664,43.666666666666664,38.666666666666664,45.416666666666664,41,42.875,40.75,40.833333333333336,41.958333333333336,39.875,41.666666666666664,42.875
2009-03-06T00:00:00Z,56.5,52.25,56.583333333333336,57.5,55,55.833333333333336,57.458333333333336,51.375,57.333333333333336,55.666666666666664,55.875,59.708333333333336,55.791666666666664,56.25,51.458333333333336,58.791666666666664,57.125,55.666666666666664,55.458333333333336,54.041666666666664,53.583333333333336,56.625,56.916666666666664,56.541666666666664
2009-03-07T00:00:00Z,65.58333333333333,58.041666666666664,63.875,64.5,62.208333333333336,62.041666666666664,64.5,61.458333333333336,64.375,63.416666666666664,63.666666666666664,66.41666666666667,62.125,65.70833333333333,53.458333333333336,65.91666666666667,63,62.958333333333336,57.208333333333336,61.208333333333336,62.291666666666664,62.791666666666664,63.666666666666664,63.375
2009-03-08T00:00:00Z,70.1304347826087,59.65217391304348,66,67.56521739130434,66.47826086956522,66.04347826086956,67.6086956521739,62.69565217391305,68.08695652173913,66.73913043478261,65.47826086956522,70.17391304347827,64.78260869565217,67.8695652173913,55.608695652173914,70.1304347826087,66,66.52173913043478,58.30434782608695,63.30434782608695,64.3913043478261,66.30434782608695,69.26086956521739,67.08695652173913
2009-03-09T00:00:00Z,69.16666666666667,64.54166666666667,69.70833333333333,70.04166666666667,67.20833333333333,67.875,69.91666666666667,59.625,69.58333333333333,68.54166666666667,70.375,70.83333333333333,69.08333333333333,69.66666666666667,58.666666666666664,70.41666666666667,69,67.95833333333333,60.541666666666664,68.375,65.16666666666667,68.54166666666667,64.83333333333333,69.08333333333333
2009-03-10T00:00:00Z,53.291666666666664,56.625,64.25,60.583333333333336,50.083333333333336,54.583333333333336,60.541666666666664,54.333333333333336,58.208333333333336,58.208333333333336,65.20833333333333,62.875,60.25,54.666666666666664,52.958333333333336,60.25,57.833333333333336,63.916666666666664,55.333333333333336,59.041666666666664,59.75,58.25,44.958333333333336,54.333333333333336
2009-03-11T00:00:00Z,65.25,56.541666666666664,66.54166666666667,67.625,65.25,64.95833333333333,67.66666666666667,54.5,67.5,66.45833333333333,66.79166666666667,69.5,64.125,66,57.083333333333336,69.79166666666667,67.66666666666667,67.04166666666667,62.166666666666664,60.75,60.458333333333336,66.29166666666667,65,66.91666666666667
2009-03-12T00:00:00Z,53.666666666666664,45.875,52.375,57.875,49.583333333333336,52.958333333333336,57.875,36.916666666666664,56.208333333333336,48.041666666666664,54.041666666666664,53.666666666666664,47.833333333333336,49.041666666666664,50.416666666666664,52.583333333333336,56.416666666666664,53,52.333333333333336,47.708333333333336,46.041666666666664,55.125,45,53.833333333333336
2009-03-13T00:00:00Z,40.583333333333336,40.458333333333336,41.25,44.666666666666664,42.5,44.5,44.666666666666664,34.75,41.666666666666664,40.25,44.375,41,41.708333333333336,39.125,47.958333333333336,40.875,46.666666666666664,42.791666666666664,47.416666666666664,42.208333333333336,40.416666666666664,45.541666666666664,39.75,40.583333333333336
2009-03-14T00:00:00Z,41.083333333333336,37.833333333333336,39.791666666666664,44.416666666666664,42.708333333333336,45.25,44.541666666666664,34.833333333333336,41.916666666666664,38.333333333333336,40.75,40.916666666666664,38.625,39.875,47.416666666666664,41.041666666666664,47.583333333333336,40.125,47.583333333333336,38.666666666666664,37.958333333333336,46.708333333333336,39.916666666666664,41.333333333333336
2009-03-15T00:00:00Z,46.25,46.625,45.375,49.875,46.666666666666664,48.916666666666664,49.875,40.916666666666664,46.583333333333336,43.583333333333336,46.041666666666664,46.708333333333336,43.916666666666664,43.291666666666664,49.75,45.833333333333336,54.25,45.291666666666664,51.208333333333336,43.625,43,51.083333333333336,42.791666666666664,45.458333333333336
2009-03-16T00:00:00Z,49.666666666666664,50.833333333333336,48.708333333333336,51.541666666666664,47.583333333333336,50.958333333333336,51.583333333333336,46.291666666666664,49.166666666666664,45.666666666666664,50.208333333333336,48.958333333333336,47.416666666666664,45.5,49.083333333333336,48.5,53.875,47.833333333333336,51.5,47.833333333333336,46.666666666666664,52.333333333333336,44.208333333333336,47.833333333333336
2009-03-17T00:00:00Z,48.083333333333336,54.583333333333336,53.583333333333336,51.291666666666664,46.5,48.333333333333336,51.333333333333336,50.541666666666664,49.458333333333336,48.958333333333336,57.708333333333336,52.166666666666664,54.125,48.375,48.75,51.5,52.125,53.708333333333336,49.166666666666664,50.958333333333336,47.708333333333336,50.375,43.125,46.333333333333336
2009-03-18T00:00:00Z,46.708333333333336,52.416666666666664,52.416666666666664,53.375,47.75,48.75,52.333333333333336,51.041666666666664,50.833333333333336,52.666666666666664,55.333333333333336,52.041666666666664,54.666666666666664,50.375,49.75,51.125,50.416666666666664,53.291666666666664,50.458333333333336,52.625,55.25,50.416666666666664,48.25,47.958333333333336
2009-03-19T00:00:00Z,56.541666666666664,49.875,56.208333333333336,57.833333333333336,55.458333333333336,57.166666666666664,57.833333333333336,53.166666666666664,57.333333333333336,54.958333333333336,57.666666666666664,57.833333333333336,55.666666666666664,55.125,54.291666666666664,57.916666666666664,59.708333333333336,56.833333333333336,56.083333333333336,53.916666666666664,54.166666666666664,57.916666666666664,52.041666666666664,56.958333333333336
2009-03-20T00:00:00Z,49.041666666666664,44.416666666666664,50,51.916666666666664,46.833333333333336,49.041666666666664,51.916666666666664,39.083333333333336,49.75,49.875,52.166666666666664,51,49.083333333333336,47.333333333333336,48.125,50.5,53.083333333333336,51.5,49.666666666666664,47.458333333333336,47.291666666666664,51.291666666666664,44.791666666666664,48.25
2009-03-21T00:00:00Z,44.291666666666664,40,47.291666666666664,46.666666666666664,43,44.291666666666664,46.75,37.125,44.416666666666664,43.416666666666664,47.875,47.25,44.25,42.791666666666664,45.333333333333336,44.625,46,46.125,45.5,43.416666666666664,43.333333333333336,45.916666666666664,41.833333333333336,43.333333333333336
2009-03-22T00:00:00Z,46.333333333333336,47.25,50.333333333333336,48.875,45.041666666666664,46.208333333333336,48.875,46.291666666666664,47.583333333333336,49.958333333333336,52.291666666666664,50.416666666666664,49.666666666666664,48.208333333333336,46.25,48.916666666666664,47.333333333333336,48.583333333333336,46.833333333333336,46.625,43.291666666666664,47.041666666666664,44.458333333333336,45.541666666666664
2009-03-23T00:00:00Z,48.541666666666664,50.833333333333336,56.666666666666664,55.041666666666664,44,47.375,55.041666666666664,50.375,51.5,53.583333333333336,58.666666666666664,57.208333333333336,55.208333333333336,49.083333333333336,43.041666666666664,53.75,52.833333333333336,54.833333333333336,48.375,54.166666666666664,53.791666666666664,50.083333333333336,42.791666666666664,49.541666666666664
2009-03-24T00:00:00Z,42.125,50.916666666666664,55.5,49.833333333333336,40.375,44.25,49.833333333333336,45.666666666666664,45.75,48.291666666666664,58.25,52.833333333333336,52.208333333333336,44,41.291666666666664,48.791666666666664,48.041666666666664,55.916666666666664,44.291666666666664,52.875,49.875,46.583333333333336,37.958333333333336,42.333333333333336
2009-03-25T00:00:00Z,42.333333333333336,43.166666666666664,43.458333333333336,49.833333333333336,41.958333333333336,45.166666666666664,49.833333333333336,36.916666666666664,45.833333333333336,41.166666666666664,46.5,44.25,41.125,42.583333333333336,45.416666666666664,44.25,49.458333333333336,46.333333333333336,47,42.333333333333336,40.958333333333336,47.375,41.041666666666664,43.583333333333336
2009-03-26T00:00:00Z,56.791666666666664,47.625,49.916666666666664,61.5,56,57.75,61.5,46.458333333333336,58.583333333333336,47,48.5,54.125,44.583333333333336,51.958333333333336,53.458333333333336,54.25,60.75,49.833333333333336,59,45,43.625,58.75,55,56.5
2009-03-27T00:00:00Z,58.708333333333336,52.75,59.458333333333336,64.91666666666667,56.416666666666664,65.29166666666667,64.95833333333333,48.458333333333336,64.25,55.333333333333336,57.625,61.916666666666664,54.041666666666664,57.208333333333336,58.041666666666664,61.75,68.125,57.75,63.375,53.041666666666664,51.291666666666664,66.625,52.541666666666664,62.291666666666664
2009-03-28T00:00:00Z,64.75,55.333333333333336,59.583333333333336,68.04166666666667,65.08333333333333,68.54166666666667,68.04166666666667,53.458333333333336,67.29166666666667,55,59.875,63.75,56.25,57.666666666666664,59.333333333333336,63.041666666666664,68.66666666666667,56.5,64.33333333333333,55.625,53.916666666666664,68.66666666666667,58.208333333333336,67.04166666666667
2009-03-29T00:00:00Z,70.04166666666667,49.833333333333336,57.125,67,68.41666666666667,67.875,66.95833333333333,48.416666666666664,67.79166666666667,58.708333333333336,53.375,62.875,55.041666666666664,64.79166666666667,62.875,64.5,66.91666666666667,50.875,63.291666666666664,55.5,56.583333333333336,67.70833333333333,68.875,68.29166666666667
2009-03-30T00:00:00Z,54.833333333333336,47.791666666666664,52.125,56.458333333333336,53.958333333333336,54.958333333333336,56.5,44.083333333333336,55.166666666666664,51,52.875,53.916666666666664,52.083333333333336,52.083333333333336,55.666666666666664,52.833333333333336,57.375,50.625,56,51.125,52.5,56.416666666666664,54.333333333333336,54.083333333333336
2009-03-31T00:00:00Z,53.083333333333336,46.083333333333336,57.25,58,51.25,52.791666666666664,58,46,56.208333333333336,55.875,54.958333333333336,58.083333333333336,50.791666666666664,54.333333333333336,51.958333333333336,55.708333333333336,56.375,54.708333333333336,55.083333333333336,50.166666666666664,52.791666666666664,55.5,48.375,52.916666666666664
2009-04-01T00:00:00Z,60.75,55.708333333333336,61.125,60.5,58.958333333333336,59.666666666666664,60.5,50.291666666666664,59.666666666666664,56.833333333333336,58.833333333333336,60.958333333333336,55.458333333333336,57.625,62.375,59.75,61.416666666666664,61.75,61.541666666666664,55.291666666666664,56.541666666666664,60.75,57.166666666666664,57.625
2009-04-02T00:00:00Z,62.208333333333336,56.541666666666664,61.208333333333336,61.708333333333336,59.375,61.416666666666664,61.708333333333336,52,60.958333333333336,58.333333333333336,62.041666666666664,63.125,58.791666666666664,59.666666666666664,62.125,61.916666666666664,61.375,61.541666666666664,61.958333333333336,58.833333333333336,55.458333333333336,61.375,58.833333333333336,59.708333333333336
2009-04-03T00:00:00Z,69.66666666666667,53.583333333333336,62.5,69,69.95833333333333,69.75,69,47.958333333333336,69.04166666666667,61.916666666666664,62.416666666666664,65.375,58.791666666666664,65.04166666666667,65.91666666666667,66.08333333333333,69.70833333333333,59.25,65.125,58.958333333333336,59.625,69.66666666666667,67.33333333333333,68.5
2009-04-04T00:00:00Z,60.625,53.5,58.333333333333336,61.125,59.625,60.708333333333336,61.125,48.875,60.083333333333336,57.708333333333336,62.833333333333336,60.416666666666664,58.625,58.041666666666664,60.541666666666664,59.041666666666664,62.208333333333336,55.958333333333336,59.75,59.333333333333336,58,60.666666666666664,60.208333333333336,59.208333333333336
2009-04-05T00:00:00Z,61.958333333333336,56.291666666666664,63.791666666666664,65.41666666666667,59.583333333333336,62.333333333333336,65.41666666666667,55.375,64.95833333333333,63.708333333333336,62.958333333333336,66.625,61.291666666666664,65,63.041666666666664,64.58333333333333,64.91666666666667,60.833333333333336,61.791666666666664,60.083333333333336,61.791666666666664,62.166666666666664,59.458333333333336,63.583333333333336
2009-04-06T00:00:00Z,64.79166666666667,47.541666666666664,58.291666666666664,67.95833333333333,64.95833333333333,68.125,67.95833333333333,41.833333333333336,66.83333333333333,56.666666666666664,56,60.375,53.916666666666664,59.875,65.91666666666667,61.916666666666664,66.95833333333333,54.625,65.20833333333333,53.166666666666664,54.458333333333336,67.41666666666667,63.208333333333336,63.791666666666664
2009-04-07T00:00:00Z,47.625,34.541666666666664,43.958333333333336,48.041666666666664,47.291666666666664,48.083333333333336,48.041666666666664,28.875,47.458333333333336,42.125,42.958333333333336,46.166666666666664,40.5,44.041666666666664,51.416666666666664,45.958333333333336,49.166666666666664,43.75,49.708333333333336,39.75,40.916666666666664,48.291666666666664,47.5,46.5
2009-04-08T00:00:00Z,46.791666666666664,45.25,48.791666666666664,48.791666666666664,47.375,47.791666666666664,48.75,37.666666666666664,48.625,45.708333333333336,49.375,49.375,47.5,46.416666666666664,50.375,47.458333333333336,49.291666666666664,46.125,49.875,45.875,45.625,47.708333333333336,47.708333333333336,47.25
2009-04-09T00:00:00Z,54.958333333333336,56.375,58.75,59.958333333333336,56.375,57.083333333333336,59.958333333333336,47.375,57.25,55.583333333333336,60.291666666666664,58.791666666666664,57,54.916666666666664,58.5,55.25,62.208333333333336,57.791666666666664,61.041666666666664,54.958333333333336,54.041666666666664,60.166666666666664,53.416666666666664,54.875
2009-04-10T00:00:00Z,63.875,54.458333333333336,59.041666666666664,67.29166666666667,66.45833333333333,65.58333333333333,67.375,52.125,65.91666666666667,57.875,59.166666666666664,62.291666666666664,56.916666666666664,60.5,63.375,59.833333333333336,68.125,60,64.20833333333333,54.25,55.291666666666664,67,65.29166666666667,65.58333333333333
2009-04-11T00:00:00Z,60.875,51,60.291666666666664,64.29166666666667,61.041666666666664,62.833333333333336,64.20833333333333,48.333333333333336,63.083333333333336,58.375,58.916666666666664,62.125,57.75,59.541666666666664,62.125,62.375,65.91666666666667,57.625,64.04166666666667,56.208333333333336,56.166666666666664,63.75,59.041666666666664,60.708333333333336
2009-04-12T00:00:00Z,50.416666666666664,50.875,54.875,55.666666666666664,50.916666666666664,52.208333333333336,55.666666666666664,46.958333333333336,52.875,52.208333333333336,56.291666666666664,53.75,53.166666666666664,50.416666666666664,50.041666666666664,52.666666666666664,54.666666666666664,54.333333333333336,51.958333333333336,50.875,52,53.583333333333336,49.083333333333336,49.958333333333336
2009-04-13T00:00:00Z,52.958333333333336,47.458333333333336,55.208333333333336,56.291666666666664,49.75,53,56.333333333333336,44.75,52.708333333333336,52.833333333333336,53.833333333333336,56.083333333333336,51.458333333333336,51.833333333333336,53.125,53.041666666666664,57.083333333333336,55.125,54.291666666666664,49.916666666666664,52.083333333333336,54.125,47.25,50.791666666666664
2009-04-14T00:00:00Z,62.333333333333336,51.708333333333336,57.5,64.66666666666667,63.125,62.583333333333336,63.916666666666664,47.416666666666664,62.958333333333336,53.125,57.083333333333336,60.75,53.25,57.083333333333336,62.375,60.875,67,58.708333333333336,63.333333333333336,53.416666666666664,53.333333333333336,63.208333333333336,58.25,62.5
2009-04-15T00:00:00Z,53.708333333333336,47.958333333333336,58.583333333333336,61.416666666666664,52.208333333333336,56.916666666666664,60.791666666666664,44.041666666666664,57.708333333333336,56.291666666666664,58.083333333333336,60.041666666666664,55.291666666666664,52.875,55.583333333333336,57.125,61.291666666666664,59.541666666666664,58.083333333333336,55.291666666666664,54.791666666666664,58.75,49.083333333333336,55.083333333333336
2009-04-16T00:00:00Z,52,51.791666666666664,56.333333333333336,54.416666666666664,48.916666666666664,50.916666666666664,54.291666666666664,48.083333333333336,52.75,53.541666666666664,56.666666666666664,56.208333333333336,55.041666666666664,52.666666666666664,48.333333333333336,54.208333333333336,54.208333333333336,54.958333333333336,50,53.375,54.833333333333336,52.708333333333336,48.708333333333336,51.083333333333336
2009-04-17T00:00:00Z,53.791666666666664,52.625,56.666666666666664,54.375,52.166666666666664,51.75,54.416666666666664,52.416666666666664,54.041666666666664,57.208333333333336,57.541666666666664,57.291666666666664,55.75,55.958333333333336,51.916666666666664,56.041666666666664,52.291666666666664,54.791666666666664,51.833333333333336,53.416666666666664,56.333333333333336,51.166666666666664,54.166666666666664,51.333333333333336
2009-04-18T00:00:00Z,63.666666666666664,57.541666666666664,62,59.5,63.291666666666664,60.625,61.5,60.75,63.375,63.833333333333336,62.875,66.79166666666667,62.25,61.708333333333336,59.416666666666664,65.79166666666667,59.916666666666664,59.875,59.708333333333336,59.791666666666664,62.458333333333336,59.541666666666664,61,62.833333333333336
2009-04-19T00:00:00Z,65,54.5,61.166666666666664,63.708333333333336,64.875,63.25,63.958333333333336,55.791666666666664,64.125,60.083333333333336,62.125,64.41666666666667,57.666666666666664,57.791666666666664,62.541666666666664,61.958333333333336,64.33333333333333,60.166666666666664,62.833333333333336,55.458333333333336,59.333333333333336,63.041666666666664,60.333333333333336,63.375
2009-04-20T00:00:00Z,67.625,57.458333333333336,64.83333333333333,70,66.125,68.20833333333333,68.20833333333333,53.958333333333336,67.75,63.416666666666664,63.791666666666664,67.875,61.625,60.833333333333336,64.41666666666667,67.29166666666667,69.83333333333333,63.458333333333336,65.625,61.333333333333336,59.583333333333336,69.16666666666667,63,67.25
2009-04-21T00:00:00Z,64.33333333333333,51.416666666666664,59.166666666666664,66.16666666666667,66.58333333333333,66.41666666666667,65.375,48.333333333333336,64.79166666666667,57.625,57.208333333333336,61.291666666666664,55.541666666666664,55.708333333333336,65.25,59.625,67.45833333333333,56.208333333333336,64.25,53.916666666666664,55.458333333333336,67,62.416666666666664,64.5
2009-04-22T00:00:00Z,55.25,51.541666666666664,55,59.625,56.208333333333336,58.166666666666664,58.666666666666664,45.166666666666664,57.708333333333336,53.833333333333336,57.625,56.416666666666664,54,49.25,61.125,55.291666666666664,61.25,53.166666666666664,60.583333333333336,54.75,52.583333333333336,59.791666666666664,55.5,56.583333333333336
2009-04-23T00:00:00Z,57.375,58.833333333333336,62.958333333333336,63.708333333333336,60.291666666666664,62.166666666666664,62,57.541666666666664,63.416666666666664,61.916666666666664,65.79166666666667,63.25,64.625,55.833333333333336,63.5,61.375,65.79166666666667,60.875,63.083333333333336,61.25,55.625,63.875,56.625,61.333333333333336
2009-04-24T00:00:00Z,67.25,63,71.625,69.54166666666667,65.79166666666667,65.70833333333333,69.54166666666667,65.75,68.875,70.45833333333333,72.625,72.125,68.66666666666667,65,66.875,70.41666666666667,69.04166666666667,70,65.125,68.66666666666667,67.33333333333333,66.16666666666667,63.666666666666664,66.5
2009-04-25T00:00:00Z,78.125,67.04166666666667,74.29166666666667,73.125,74.75,71.875,74.45833333333333,69.70833333333333,76.54166666666667,75.16666666666667,74.16666666666667,79.41666666666667,72.45833333333333,72.83333333333333,68.08333333333333,77.95833333333333,72.45833333333333,72.20833333333333,68.125,71,73.20833333333333,71.79166666666667,76.33333333333333,74.91666666666667
2009-04-26T00:00:00Z,77.375,66.83333333333333,72.16666666666667,71.20833333333333,75.91666666666667,71,73.04166666666667,68.20833333333333,74.95833333333333,74.54166666666667,72.04166666666667,76.625,72.95833333333333,72.125,68.20833333333333,76.08333333333333,71,69.91666666666667,67.625,70.33333333333333,72.04166666666667,69.75,76.70833333333333,74.41666666666667
2009-04-27T00:00:00Z,75.66666666666667,64.70833333333333,69.95833333333333,68.91666666666667,74.5,70.875,70.20833333333333,65.75,73.45833333333333,72.54166666666667,68.875,74.91666666666667,70.16666666666667,70.33333333333333,68.58333333333333,75,68.75,68.16666666666667,67.95833333333333,68.625,70.33333333333333,70.375,76.58333333333333,73.41666666666667
2009-04-28T00:00:00Z,72.04166666666667,63.333333333333336,66.91666666666667,68.29166666666667,72.29166666666667,68.95833333333333,69.58333333333333,63.416666666666664,71.16666666666667,68.16666666666667,67.41666666666667,68.875,67.79166666666667,65.66666666666667,69.04166666666667,69.54166666666667,68.41666666666667,64.83333333333333,68,65.66666666666667,67.79166666666667,68.29166666666667,74.29166666666667,70.41666666666667
2009-04-29T00:00:00Z,65.79166666666667,64.45833333333333,69.125,69.04166666666667,64.70833333333333,68.45833333333333,69.83333333333333,61.5,69.70833333333333,68,68.875,71.125,68.25,62.25,67.83333333333333,69.79166666666667,68.66666666666667,67.29166666666667,68.25,66.875,67.125,68,60.416666666666664,67.45833333333333
2009-04-30T00:00:00Z,63,62.083333333333336,68.41666666666667,67.41666666666667,62.416666666666664,65.66666666666667,66.29166666666667,55.916666666666664,64.54166666666667,61.5,68.04166666666667,65.70833333333333,63.75,55.5,64.33333333333333,62.958333333333336,66.75,67.875,67.25,64.08333333333333,58.458333333333336,65.875,57.791666666666664,63.25
2009-05-01T00:00:00Z,73.75,65.375,71.625,71.70833333333333,73.25,71.16666666666667,71.95833333333333,62.083333333333336,72.58333333333333,70.20833333333333,71.875,74.29166666666667,68.91666666666667,67.45833333333333,70.41666666666667,72.45833333333333,72.41666666666667,71.91666666666667,71.45833333333333,67.25,64.79166666666667,71.625,72.70833333333333,71.04166666666667
2009-05-02T00:00:00Z,74.20833333333333,62.791666666666664,69,74.625,73.79166666666667,72.16666666666667,74.04166666666667,60.875,74.25,69.70833333333333,69.375,73.08333333333333,68.70833333333333,67.79166666666667,70.83333333333333,72.83333333333333,74.625,69.875,72.04166666666667,67.79166666666667,67.33333333333333,72,71.45833333333333,72.58333333333333
2009-05-03T00:00:00Z,77.20833333333333,64.5,70.625,75.375,76,74.25,75.08333333333333,60.166666666666664,75.58333333333333,70.58333333333333,71,74.16666666666667,68.83333333333333,69.41666666666667,72.04166666666667,73.54166666666667,75.625,70.75,71.91666666666667,67.54166666666667,66.29166666666667,74.125,69.20833333333333,76
2009-05-04T00:00:00Z,77.25,63.041666666666664,69.41666666666667,74.5,74.83333333333333,74.08333333333333,74.54166666666667,60.708333333333336,75.66666666666667,71.125,66.29166666666667,74.16666666666667,68.04166666666667,69.25,71.95833333333333,74.66666666666667,75.54166666666667,69.20833333333333,71.91666666666667,68.5,67.29166666666667,73.375,66.41666666666667,75.04166666666667
2009-05-05T00:00:00Z,67.125,63.333333333333336,66.25,71.625,68.91666666666667,68.45833333333333,71,57.708333333333336,68.16666666666667,56.916666666666664,69.20833333333333,65.29166666666667,60.166666666666664,55.458333333333336,70.375,62.875,72.75,69.25,70.70833333333333,61.083333333333336,57.041666666666664,70.20833333333333,61.666666666666664,67.54166666666667
2009-05-06T00:00:00Z,70.45833333333333,63,67.25,75.08333333333333,74.95833333333333,73.5,74.70833333333333,56.166666666666664,74.75,63.833333333333336,67.66666666666667,70.58333333333333,62.25,63.458333333333336,72.5,69.45833333333333,75.625,68.41666666666667,72.83333333333333,62.541666666666664,60.416666666666664,74.04166666666667,66.75,74.08333333333333
2009-05-07T00:00:00Z,74.58333333333333,65.95833333333333,71.54166666666667,75.75,74.16666666666667,72.41666666666667,73.08333333333333,57.125,72.625,69.95833333333333,71.79166666666667,73.5,68.16666666666667,68.83333333333333,71.54166666666667,73.625,74.54166666666667,71.29166666666667,71.45833333333333,68.91666666666667,67.91666666666667,72.29166666666667,72.20833333333333,73
2009-05-08T00:00:00Z,74.29166666666667,62.083333333333336,69.5,75.5,73.125,74.125,75.66666666666667,66.04166666666667,73.25,69,68.5,71.79166666666667,65.83333333333333,67.66666666666667,72.08333333333333,72.5,76.45833333333333,68.95833333333333,72.04166666666667,64.75,66.04166666666667,74.83333333333333,72.375,72.66666666666667
2009-05-09T00:00:00Z,79.83333333333333,67.54166666666667,74.83333333333333,80,80.16666666666667,77.70833333333333,79.83333333333333,64.83333333333333,79.29166666666667,73.125,74.91666666666667,76.29166666666667,71.375,71.75,73,76.79166666666667,78.45833333333333,73.83333333333333,73.66666666666667,67.375,72.70833333333333,77.79166666666667,79.29166666666667,79.125
2009-05-10T00:00:00Z,70.45833333333333,65,69.33333333333333,75.20833333333333,71.45833333333333,71.91666666666667,74.58333333333333,60.041666666666664,71.125,68.79166666666667,72.04166666666667,68.91666666666667,67.70833333333333,64.29166666666667,71.20833333333333,68.20833333333333,74.16666666666667,68.91666666666667,71.16666666666667,71.20833333333333,68.41666666666667,72.5,69.5,69.625
2009-05-11T00:00:00Z,58.791666666666664,54.958333333333336,57.875,63.791666666666664,60.125,60,61.75,50.583333333333336,59.583333333333336,55.375,60.708333333333336,58.041666666666664,56.583333333333336,53.5,61.708333333333336,58.375,63.666666666666664,57.041666666666664,62.958333333333336,59.166666666666664,56,62.208333333333336,57.541666666666664,57.916666666666664
2009-05-12T00:00:00Z,59.541666666666664,56.25,61.25,60.958333333333336,59.416666666666664,61.208333333333336,61,54.166666666666664,60.916666666666664,59.875,61.291666666666664,59.541666666666664,60.041666666666664,55.208333333333336,60.916666666666664,60.041666666666664,60.458333333333336,58.791666666666664,62.041666666666664,55.291666666666664,57,61.041666666666664,58.875,59.625
2009-05-13T00:00:00Z,63.666666666666664,59.458333333333336,65.29166666666667,65.95833333333333,61.791666666666664,63.25,65.125,54.583333333333336,64.08333333333333,63.583333333333336,65.04166666666667,65.04166666666667,62.458333333333336,59.583333333333336,66.16666666666667,63.791666666666664,65.79166666666667,63.375,66.45833333333333,61.833333333333336,63.625,66.16666666666667,61.625,63.25
2009-05-14T00:00:00Z,69.70833333333333,65.83333333333333,69.875,68.54166666666667,69.66666666666667,68.41666666666667,67.70833333333333,63.625,68.70833333333333,68.33333333333333,70.66666666666667,69.375,68.70833333333333,64.29166666666667,71.91666666666667,68.70833333333333,70.08333333333333,69.125,70.29166666666667,68.625,68.54166666666667,69.875,69.08333333333333,67.625
2009-05-15T00:00:00Z,73.45833333333333,64.875,73.04166666666667,71.79166666666667,73.41666666666667,71.08333333333333,71.54166666666667,64.625,73.125,70.45833333333333,72.29166666666667,73.20833333333333,69.83333333333333,69,71.04166666666667,74.875,70.79166666666667,72.75,70.125,68.875,69.875,71.41666666666667,71.08333333333333,71.91666666666667
2009-05-16T00:00:00Z,72.875,64.91666666666667,71.375,73.58333333333333,73.45833333333333,71.41666666666667,73.58333333333333,63.291666666666664,74.45833333333333,72.29166666666667,70.04166666666667,75.16666666666667,69.79166666666667,70.20833333333333,72.16666666666667,74.54166666666667,74.20833333333333,71.125,72.33333333333333,69.33333333333333,70.875,71.91666666666667,72.20833333333333,72.91666666666667
2009-05-17T00:00:00Z,63.125,55.041666666666664,62.958333333333336,67.91666666666667,65.54166666666667,66.33333333333333,66.875,53.916666666666664,64.70833333333333,61.583333333333336,63.583333333333336,65.20833333333333,60.5,58.25,68.54166666666667,63.916666666666664,68.04166666666667,61.708333333333336,69.79166666666667,60.25,60.333333333333336,66.91666666666667,63.25,63.625
2009-05-18T00:00:00Z,57.416666666666664,51.833333333333336,56.25,53.916666666666664,55.041666666666664,53.333333333333336,53.791666666666664,48.458333333333336,54.333333333333336,54.958333333333336,56.833333333333336,57.208333333333336,55.041666666666664,51.625,52.166666666666664,57.041666666666664,53.625,55.291666666666664,53.208333333333336,53.791666666666664,55.041666666666664,53.541666666666664,55.583333333333336,53.375
2009-05-19T00:00:00Z,56.208333333333336,51.875,57.291666666666664,58.583333333333336,56.833333333333336,56.791666666666664,57.25,50.25,56.875,56.125,58.458333333333336,58.541666666666664,55.208333333333336,52.25,56.666666666666664,58.875,57.625,56.625,57.791666666666664,54.791666666666664,55.625,57.041666666666664,55.75,54.708333333333336
2009-05-20T00:00:00Z,61.291666666666664,58.291666666666664,64.04166666666667,64.66666666666667,60.125,62.625,63.541666666666664,55.583333333333336,62.833333333333336,60.916666666666664,66,64.25,60.75,56.583333333333336,61.625,62.791666666666664,64.58333333333333,63.208333333333336,63.125,59,60.166666666666664,62.625,57.416666666666664,60.666666666666664
2009-05-21T00:00:00Z,66.91666666666667,63.541666666666664,70.58333333333333,69.79166666666667,65.95833333333333,66.83333333333333,69.5,60.291666666666664,68.625,68.16666666666667,69.41666666666667,71,66.375,64.125,67.45833333333333,70.83333333333333,67.79166666666667,67.95833333333333,68,65.20833333333333,67.54166666666667,67.875,64.20833333333333,65.95833333333333
2009-05-22T00:00:00Z,70.66666666666667,63.25,71.375,72.375,70,69.91666666666667,71.20833333333333,67.29166666666667,71.91666666666667,70.33333333333333,70.75,71.79166666666667,67.79166666666667,67.875,70.16666666666667,72.20833333333333,70.58333333333333,68.45833333333333,70.875,66.54166666666667,68.75,70.875,69.66666666666667,70.375
2009-05-23T00:00:00Z,74.58333333333333,64.95833333333333,71.04166666666667,73.04166666666667,72,71.41666666666667,72.29166666666667,64.75,72.375,71.08333333333333,69.41666666666667,72.875,69.125,70.29166666666667,72.83333333333333,74.25,71.66666666666667,68.66666666666667,72.75,68.83333333333333,70.25,71.58333333333333,72.95833333333333,71.66666666666667
2009-05-24T00:00:00Z,74.04166666666667,66.16666666666667,70.66666666666667,74.41666666666667,73,71.41666666666667,74.625,64.91666666666667,73.29166666666667,70.16666666666667,70.20833333333333,72.58333333333333,68.875,70.20833333333333,73.16666666666667,72.41666666666667,74.20833333333333,71.70833333333333,73.79166666666667,68,69.29166666666667,73.83333333333333,72.33333333333333,71.25
2009-05-25T00:00:00Z,72.41666666666667,68.04166666666667,71.29166666666667,73.58333333333333,75.08333333333333,72.08333333333333,72.375,67.75,73.875,72.125,73.33333333333333,73.70833333333333,70.66666666666667,69.375,72.45833333333333,74.16666666666667,74.16666666666667,72.70833333333333,73.91666666666667,70.54166666666667,70.29166666666667,72.91666666666667,73.83333333333333,73.16666666666667
2009-05-26T00:00:00Z,74.125,68.08333333333333,73.08333333333333,71.70833333333333,74.41666666666667,74.04166666666667,72,68,73.375,71.125,72.91666666666667,73.16666666666667,70.70833333333333,67.875,74.125,71.95833333333333,71.83333333333333,75.29166666666667,74.54166666666667,70.58333333333333,72,73.875,71.83333333333333,74.16666666666667
2009-05-27T00:00:00Z,74.79166666666667,67.45833333333333,71.66666666666667,74.125,72.79166666666667,72.04166666666667,74.45833333333333,66.5,75.25,72.58333333333333,71.66666666666667,75.20833333333333,71.66666666666667,69,73.875,73.58333333333333,75.08333333333333,73.58333333333333,72.91666666666667,70.625,70.41666666666667,73.83333333333333,68.66666666666667,73.79166666666667
2009-05-28T00:00:00Z,75.91666666666667,67.54166666666667,72.66666666666667,74.41666666666667,75.875,73.83333333333333,75.20833333333333,65.41666666666667,76.375,71.45833333333333,73.04166666666667,73.79166666666667,71,70.79166666666667,73.75,73.79166666666667,75,73.70833333333333,74.375,71.04166666666667,68.95833333333333,73.91666666666667,72.5,75.25
2009-05-29T00:00:00Z,73.75,66.54166666666667,73.875,75.45833333333333,78.95833333333333,76.95833333333333,74.625,63.208333333333336,76.33333333333333,72.45833333333333,73.875,76.08333333333333,70.54166666666667,68.83333333333333,75.70833333333333,74.95833333333333,76,72.79166666666667,75.70833333333333,71.70833333333333,69.75,76.29166666666667,78.375,75.04166666666667
2009-05-30T00:00:00Z,74.79166666666667,65.95833333333333,71.75,73.29166666666667,74.08333333333333,72.58333333333333,72.83333333333333,64.875,73.54166666666667,70.91666666666667,72.54166666666667,72.66666666666667,69.91666666666667,68.41666666666667,72.58333333333333,72.75,73.125,70.95833333333333,72.95833333333333,68.25,70.20833333333333,72.75,72.83333333333333,72.125
2009-05-31T00:00:00Z,72.54166666666667,68.5,75.25,77.875,77.54166666666667,75.79166666666667,77.83333333333333,70.20833333333333,76.875,74.5,76.75,76.20833333333333,73.83333333333333,70.70833333333333,72.66666666666667,74.20833333333333,77.375,73.33333333333333,74.41666666666667,72.625,72,75.54166666666667,75.45833333333333,75.04166666666667
2009-06-01T00:00:00Z,75,67.54166666666667,76.45833333333333,74.75,72.29166666666667,74.70833333333333,75.04166666666667,74,77.66666666666667,73.54166666666667,76,76.58333333333333,71.79166666666667,70.29166666666667,75.45833333333333,75.625,76.08333333333333,74.95833333333333,75.625,69.29166666666667,70.08333333333333,75.375,69.5,74.83333333333333
2009-06-02T00:00:00Z,76.25,69.5,76.875,76.875,80.625,77.45833333333333,77.70833333333333,72.25,78.95833333333333,78.08333333333333,77.54166666666667,79.29166666666667,74.91666666666667,75.25,75.375,79,77.04166666666667,74.29166666666667,76.875,72.04166666666667,75.66666666666667,77.125,79.91666666666667,78.83333333333333
2009-06-03T00:00:00Z,75.70833333333333,68.91666666666667,77.83333333333333,76.20833333333333,79.625,75.91666666666667,77.29166666666667,73.54166666666667,79.33333333333333,75.45833333333333,78.04166666666667,79.625,73.08333333333333,72.45833333333333,76.375,78.25,76.04166666666667,74.75,76.08333333333333,71.08333333333333,72.04166666666667,75.54166666666667,78.75,78.375
2009-06-04T00:00:00Z,74.875,65.75,71.625,74.70833333333333,77.375,75.45833333333333,75.16666666666667,68.08333333333333,77.20833333333333,69.54166666666667,71,73.04166666666667,68.08333333333333,68.83333333333333,77.45833333333333,72.95833333333333,75.95833333333333,72.04166666666667,77.08333333333333,67.20833333333333,68.75,75.66666666666667,70.83333333333333,76.04166666666667
2009-06-05T00:00:00Z,72.08333333333333,66.33333333333333,70.5,74.95833333333333,76.41666666666667,75.875,74.75,65.75,75.54166666666667,66.41666666666667,71.04166666666667,71.33333333333333,68.04166666666667,64.45833333333333,75.25,69.5,76.66666666666667,72.58333333333333,76.45833333333333,68.375,67.66666666666667,75.25,71.04166666666667,74.45833333333333
2009-06-06T00:00:00Z,67.58333333333333,67.45833333333333,71.875,69.95833333333333,68.79166666666667,68.29166666666667,68.75,67.625,68.16666666666667,69.20833333333333,72.125,70.70833333333333,70.125,63.833333333333336,69,68.70833333333333,70.625,71.25,71.08333333333333,69.83333333333333,70.16666666666667,68.875,67.16666666666667,67.45833333333333
2009-06-07T00:00:00Z,65.16666666666667,70.16666666666667,73.125,73.79166666666667,71.04166666666667,73.16666666666667,73.33333333333333,75,74.04166666666667,71.75,73.375,71.54166666666667,71.75,67.5,69.875,71.66666666666667,74.08333333333333,71.95833333333333,72.95833333333333,71.20833333333333,72.16666666666667,73.20833333333333,67.875,72.45833333333333
2009-06-08T00:00:00Z,70.33333333333333,67.91666666666667,76.25,76.16666666666667,77.41666666666667,75.125,76.16666666666667,74,78.5,76.29166666666667,76.20833333333333,71.95833333333333,73.875,72.33333333333333,74.70833333333333,76,75.41666666666667,74.20833333333333,75.875,71.83333333333333,74.41666666666667,75.04166666666667,74.125,77.33333333333333
2009-06-09T00:00:00Z,75.45833333333333,71.375,79.04166666666667,77.45833333333333,75,75.25,77.16666666666667,78.66666666666667,76.375,77.875,78.20833333333333,77.875,75.41666666666667,74,76.75,78.83333333333333,76.95833333333333,76.875,76.45833333333333,74,74.5,75.95833333333333,75.70833333333333,74.5
2009-06-10T00:00:00Z,76.125,67.91666666666667,75.41666666666667,74.5,75.16666666666667,73.54166666666667,73.875,72.625,74.375,73.29166666666667,75.08333333333333,75.16666666666667,72,69.375,74.54166666666667,74.20833333333333,74.75,74.875,74.91666666666667,71.04166666666667,71.91666666666667,73.83333333333333,75.20833333333333,73.04166666666667
2009-06-11T00:00:00Z,74.25,67.91666666666667,73.54166666666667,77.66666666666667,78.54166666666667,76.66666666666667,77.91666666666667,72.29166666666667,79.29166666666667,72.70833333333333,72.45833333333333,75.16666666666667,69.83333333333333,71.08333333333333,76.54166666666667,75.41666666666667,77.95833333333333,74,77.04166666666667,68.95833333333333,69.70833333333333,77.375,78.70833333333333,78.25
2009-06-12T00:00:00Z,77.41666666666667,70.91666666666667,75,79.375,80.58333333333333,78.25,79.54166666666667,76.29166666666667,79.79166666666667,75.58333333333333,77.41666666666667,76.83333333333333,74.20833333333333,72.29166666666667,78.70833333333333,77.83333333333333,81.08333333333333,75.54166666666667,78.70833333333333,73.83333333333333,73.41666666666667,79.70833333333333,79.5,78.41666666666667
2009-06-13T00:00:00Z,78.41666666666667,71.08333333333333,78.08333333333333,79.04166666666667,77,77.16666666666667,80.625,75,80.625,76.875,76.83333333333333,78.375,75.58333333333333,73.75,77.75,79.41666666666667,81.375,76.66666666666667,78.66666666666667,74.16666666666667,74.75,79.5,75.875,79.20833333333333
2009-06-14T00:00:00Z,79.45833333333333,71.08333333333333,76.66666666666667,77.70833333333333,75.125,76.125,79,74.54166666666667,78.83333333333333,75.16666666666667,77.16666666666667,77.83333333333333,74.54166666666667,71.41666666666667,75.20833333333333,77.91666666666667,77.875,76.25,76.79166666666667,73.83333333333333,74.29166666666667,75.66666666666667,73.58333333333333,76
2009-06-15T00:00:00Z,75.375,68.91666666666667,76.20833333333333,77.04166666666667,71.45833333333333,75.20833333333333,76.25,72.29166666666667,75.04166666666667,74.54166666666667,75.54166666666667,75.66666666666667,72.5,67.16666666666667,72.91666666666667,74.29166666666667,76.83333333333333,75.16666666666667,75.25,71.08333333333333,72.58333333333333,77.04166666666667,70.33333333333333,72.91666666666667
2009-06-16T00:00:00Z,69.83333333333333,70.125,74.54166666666667,75,73.16666666666667,71.04166666666667,71.83333333333333,72.41666666666667,68.83333333333333,68.83333333333333,74.66666666666667,71.83333333333333,72.08333333333333,64.875,72.58333333333333,70.20833333333333,74.33333333333333,76.33333333333333,74.5,72.33333333333333,68.91666666666667,71.91666666666667,70,70.41666666666667
2009-06-17T00:00:00Z,73.625,69.66666666666667,71.70833333333333,75.625,73.75,73.41666666666667,74.33333333333333,72.08333333333333,72.95833333333333,70.33333333333333,74,74.33333333333333,68.83333333333333,67.54166666666667,75.58333333333333,73.20833333333333,76.08333333333333,71,75.20833333333333,69.33333333333333,68.08333333333333,75,70.375,72.08333333333333
2009-06-18T00:00:00Z,76.16666666666667,69.45833333333333,78.5,79,76.54166666666667,75.54166666666667,79,65.5,78.125,78.125,74.75,80.125,75.29166666666667,73.83333333333333,76.625,79.04166666666667,78.79166666666667,76.54166666666667,77.66666666666667,73.41666666666667,71.5,77.20833333333333,74.875,76.625
2009-06-19T00:00:00Z,77.20833333333333,74.45833333333333,78.83333333333333,82.20833333333333,78.83333333333333,80.20833333333333,82.54166666666667,69,81.45833333333333,80.29166666666667,80.79166666666667,80.75,78.375,76.20833333333333,77.83333333333333,80.70833333333333,82.5,77,80.83333333333333,77.83333333333333,77.875,81.125,76.58333333333333,79.33333333333333
2009-06-20T00:00:00Z,83.375,76.5,82,85.45833333333333,84.41666666666667,83.95833333333333,85.66666666666667,73.20833333333333,86.125,83.125,83.20833333333333,84.83333333333333,80.5,79.83333333333333,80.125,84.41666666666667,85.625,82.20833333333333,82.41666666666667,80.66666666666667,81.33333333333333,84.08333333333333,83.75,83.95833333333333
2009-06-21T00:00:00Z,80.79166666666667,73.79166666666667,81.375,84.16666666666667,78.83333333333333,81.16666666666667,84.5,73.33333333333333,82.75,78.75,80.33333333333333,80.04166666666667,79.91666666666667,76.625,78.66666666666667,81.45833333333333,84.66666666666667,79.41666666666667,82,81.25,77.04166666666667,82.66666666666667,77.5,79.29166666666667
2009-06-22T00:00:00Z,75.54166666666667,73.54166666666667,79.125,78,74.08333333333333,76.16666666666667,78.125,71.54166666666667,78.41666666666667,77.95833333333333,81.83333333333333,77.5,79.95833333333333,72.20833333333333,74.08333333333333,76.95833333333333,78.41666666666667,77.08333333333333,76.125,78.58333333333333,75.95833333333333,78.04166666666667,74.75,75
2009-06-23T00:00:00Z,74.5,74.04166666666667,79.125,77.16666666666667,74.08333333333333,72.875,77.75,70.70833333333333,76.95833333333333,77.91666666666667,79.875,77.95833333333333,77.20833333333333,72.5,70.45833333333333,78.08333333333333,75.66666666666667,77.875,73.54166666666667,75.58333333333333,78.70833333333333,75.29166666666667,72.83333333333333,76
2009-06-24T00:00:00Z,74.20833333333333,72.66666666666667,79.95833333333333,77.16666666666667,76.29166666666667,76.83333333333333,78.79166666666667,66.5,78.45833333333333,79.54166666666667,80.5,78.625,77.875,72.70833333333333,72.91666666666667,78.25,77.83333333333333,77.41666666666667,76.20833333333333,75.83333333333333,76.33333333333333,76.875,76.04166666666667,77.04166666666667
2009-06-25T00:00:00Z,75.5,71.75,79.125,80.70833333333333,79.66666666666667,79,81.41666666666667,69.20833333333333,79.83333333333333,78.79166666666667,80.54166666666667,78.16666666666667,77.75,74,78.45833333333333,78.58333333333333,80.70833333333333,76.70833333333333,79.75,74.20833333333333,76,79.5,77.5,77.66666666666667
2009-06-26T00:00:00Z,81.33333333333333,73.125,81.75,79.75,79,77.70833333333333,78.79166666666667,71.83333333333333,78.95833333333333,81.04166666666667,81.08333333333333,80.875,79.04166666666667,76.66666666666667,78.66666666666667,81.83333333333333,79.95833333333333,78.875,79,76.625,78.58333333333333,77.58333333333333,80.54166666666667,77.375
2009-06-27T00:00:00Z,80.04166666666667,76.375,83.79166666666667,81.04166666666667,79.125,77.625,81.70833333333333,71,80.91666666666667,80.54166666666667,81.54166666666667,80.375,82,75.41666666666667,78.95833333333333,82.20833333333333,80.66666666666667,81.75,80.33333333333333,80.45833333333333,80.33333333333333,80.875,78.79166666666667,77.41666666666667
2009-06-28T00:00:00Z,75.79166666666667,74.54166666666667,80.45833333333333,80.54166666666667,75.91666666666667,77.16666666666667,80.16666666666667,68.58333333333333,79.33333333333333,78.29166666666667,82.08333333333333,79.54166666666667,78.5,72.45833333333333,79,78.375,79.58333333333333,78.66666666666667,77.95833333333333,77.70833333333333,76.375,79.04166666666667,75.41666666666667,75.45833333333333
2009-06-29T00:00:00Z,74.70833333333333,73.41666666666667,79.70833333333333,83.04166666666667,79.95833333333333,81.25,83.5,73.54166666666667,82.91666666666667,78.83333333333333,81.16666666666667,78.29166666666667,77.70833333333333,75.33333333333333,80.04166666666667,80.5,83.16666666666667,79.20833333333333,82.75,77.16666666666667,76.5,81.79166666666667,78.29166666666667,80
2009-06-30T00:00:00Z,76,70.125,77.33333333333333,81.20833333333333,80.625,79.70833333333333,81.41666666666667,69,81.16666666666667,77.20833333333333,78.08333333333333,77.625,76.33333333333333,73.75,80,78.75,83,72.58333333333333,81.29166666666667,72.25,73.75,80.5,80.04166666666667,78.625
2009-07-01T00:00:00Z,77,70.83333333333333,77.83333333333333,83.29166666666667,83.33333333333333,81.875,82.08333333333333,66.20833333333333,82.91666666666667,77.625,78.66666666666667,78.16666666666667,75.16666666666667,75.25,81.75,80.54166666666667,84.16666666666667,73.79166666666667,82.08333333333333,73.33333333333333,73.79166666666667,82,82.125,80.83333333333333
2009-07-02T00:00:00Z,80,70.45833333333333,77.08333333333333,83.29166666666667,79.29166666666667,81.375,83.04166666666667,64.16666666666667,80.20833333333333,76.29166666666667,77.66666666666667,77.5,74.08333333333333,72.20833333333333,82.33333333333333,77.95833333333333,84.45833333333333,74.125,82.79166666666667,73.25,73.04166666666667,82.75,79.04166666666667,78.33333333333333
2009-07-03T00:00:00Z,75.75,67.04166666666667,73.75,77.95833333333333,76.58333333333333,76.33333333333333,77.45833333333333,61.583333333333336,77.625,72.58333333333333,75.58333333333333,74.375,71.41666666666667,69.91666666666667,79.79166666666667,74.04166666666667,78.41666666666667,72.95833333333333,78.45833333333333,69.70833333333333,70.08333333333333,78.20833333333333,77.20833333333333,75.5
2009-07-04T00:00:00Z,73.5,67.875,74.04166666666667,75.75,75.41666666666667,74.83333333333333,76.66666666666667,65.66666666666667,76.79166666666667,74.41666666666667,76.33333333333333,73.41666666666667,72.79166666666667,70.875,77.54166666666667,74.91666666666667,76.70833333333333,72.25,77.20833333333333,70.41666666666667,71.625,75.125,78.54166666666667,74.29166666666667
2009-07-05T00:00:00Z,67.25,69.95833333333333,76.29166666666667,80.375,73.95833333333333,76.95833333333333,80.45833333333333,64.54166666666667,78.08333333333333,73.33333333333333,75.83333333333333,77.04166666666667,72.79166666666667,67.75,80,73.29166666666667,80.5,74.45833333333333,80.875,71.79166666666667,69.91666666666667,78.08333333333333,72.58333333333333,75.125
2009-07-06T00:00:00Z,71.625,72.5,77.375,77.79166666666667,73.83333333333333,75.95833333333333,77.5,65.375,75.91666666666667,73.29166666666667,78.33333333333333,75.54166666666667,72.5,69.75,77.16666666666667,75.91666666666667,76.66666666666667,77.75,76.70833333333333,72.70833333333333,72.83333333333333,76.5,71.83333333333333,72.75
2009-07-07T00:00:00Z,71.66666666666667,72.375,77.95833333333333,77.58333333333333,75.70833333333333,76.375,78.625,65.95833333333333,78,77,78.25,76.41666666666667,76,71.54166666666667,74.16666666666667,77.04166666666667,76.58333333333333,76.66666666666667,77.04166666666667,74.91666666666667,73.83333333333333,77.375,75.16666666666667,75.5
2009-07-08T00:00:00Z,73.83333333333333,66.875,74.5,78.20833333333333,75.54166666666667,76,78.41666666666667,66.83333333333333,79.16666666666667,77.41666666666667,74.95833333333333,76.25,72.25,72.91666666666667,74.83333333333333,78.5,77.91666666666667,74.875,76.79166666666667,70.41666666666667,75.16666666666667,76.875,75,77.54166666666667
2009-07-09T00:00:00Z,75.04166666666667,66.29166666666667,70.83333333333333,73.66666666666667,74.33333333333333,75.29166666666667,75.08333333333333,65.25,75.66666666666667,73.375,73.20833333333333,74.79166666666667,70.16666666666667,70.79166666666667,74.83333333333333,77.45833333333333,73.29166666666667,70.29166666666667,75.375,69.25,72.83333333333333,76.5,73.75,74.33333333333333
2009-07-10T00:00:00Z,71.45833333333333,68,73.83333333333333,74.125,71.66666666666667,73.29166666666667,75.33333333333333,66.54166666666667,74.33333333333333,73.375,74,75.25,71.91666666666667,68.41666666666667,71.83333333333333,75.375,72.875,73.04166666666667,72.41666666666667,71.58333333333333,72.08333333333333,74.91666666666667,70.875,72.16666666666667
2009-07-11T00:00:00Z,73.20833333333333,68.375,77.25,75.04166666666667,72.375,73.04166666666667,75.66666666666667,72.70833333333333,75.95833333333333,75.91666666666667,77.70833333333333,78.75,76.08333333333333,71.70833333333333,72.66666666666667,77.41666666666667,74.25,74.79166666666667,72.79166666666667,74.16666666666667,72.70833333333333,73.79166666666667,73.875,73.58333333333333
2009-07-12T00:00:00Z,73.95833333333333,72.83333333333333,80.91666666666667,80.75,80.04166666666667,79.79166666666667,81.45833333333333,75.08333333333333,83.29166666666667,80.125,81.16666666666667,83.20833333333333,78.29166666666667,76.375,78.95833333333333,82.625,80.16666666666667,78.20833333333333,79.33333333333333,78.16666666666667,78.45833333333333,79.58333333333333,77.625,79.20833333333333
2009-07-13T00:00:00Z,74.75,72.33333333333333,77.29166666666667,76.66666666666667,75.04166666666667,73.95833333333333,76.04166666666667,70.20833333333333,73.75,75.5,77.45833333333333,75.04166666666667,75.54166666666667,71.75,75.75,74.5,75.875,76.16666666666667,74.45833333333333,75.125,75.83333333333333,74.41666666666667,75.58333333333333,72.5
2009-07-14T00:00:00Z,74.66666666666667,71.29166666666667,77.29166666666667,78.375,74.875,74.25,78.25,68.20833333333333,75.66666666666667,75.33333333333333,78.04166666666667,75.125,74.83333333333333,71.54166666666667,75.58333333333333,75.75,76.83333333333333,75.75,76.20833333333333,73.125,73.16666666666667,75.66666666666667,74.58333333333333,73.79166666666667
2009-07-15T00:00:00Z,72.75,72.91666666666667,78.29166666666667,77.04166666666667,74.41666666666667,76.25,78.25,70.125,77.20833333333333,76.16666666666667,79.45833333333333,77,76,73.45833333333333,76.625,75.54166666666667,77.08333333333333,75.33333333333333,76.875,74.25,73.16666666666667,77.04166666666667,75.125,74.04166666666667
2009-07-16T00:00:00Z,81.83333333333333,74.75,81.20833333333333,77.5,79.79166666666667,77.875,77.125,72.75,78.04166666666667,78.83333333333333,81.79166666666667,81.54166666666667,79.29166666666667,76.08333333333333,78.58333333333333,79.83333333333333,77.95833333333333,80.375,78.79166666666667,77.29166666666667,77.58333333333333,77.41666666666667,80.54166666666667,76.16666666666667
2009-07-17T00:00:00Z,77.70833333333333,73.16666666666667,81.25,80.79166666666667,78.58333333333333,78.66666666666667,80.75,71.125,78.79166666666667,80.58333333333333,79.20833333333333,81.625,80.25,76.29166666666667,80.41666666666667,80.58333333333333,81.5,79.66666666666667,80.29166666666667,78.875,78.41666666666667,79.125,77.95833333333333,77.625
2009-07-18T00:00:00Z,79.66666666666667,66.41666666666667,75.375,77.875,76.70833333333333,76.75,78.875,63.791666666666664,78.16666666666667,74.54166666666667,74.83333333333333,75.5,72.75,71.25,78.54166666666667,76.58333333333333,78.95833333333333,75.54166666666667,78.25,71.58333333333333,72.125,76.79166666666667,75.79166666666667,76.91666666666667
2009-07-19T00:00:00Z,73.58333333333333,66.29166666666667,73.58333333333333,77.29166666666667,75.29166666666667,76.25,78.08333333333333,61.958333333333336,77.29166666666667,72.66666666666667,73.75,73.875,71.375,69.95833333333333,77.41666666666667,75.75,77.5,73.70833333333333,76.66666666666667,69.66666666666667,71,76.54166666666667,74.375,75.58333333333333
2009-07-20T00:00:00Z,72.70833333333333,66.58333333333333,74.41666666666667,75.20833333333333,75.70833333333333,74.70833333333333,75.25,61.625,75.29166666666667,70.79166666666667,74.375,74,69.375,67.54166666666667,77.75,72.75,76.29166666666667,74.20833333333333,75.25,68.75,67.375,75.25,73.70833333333333,73.625
2009-07-21T00:00:00Z,72.79166666666667,67.75,74.375,75,75.875,75.04166666666667,74.95833333333333,65.41666666666667,75.875,72.29166666666667,73.41666666666667,75.70833333333333,72.25,72.45833333333333,77.75,74.70833333333333,76.75,74.20833333333333,76.125,70.95833333333333,70.83333333333333,76,75.70833333333333,74.04166666666667
2009-07-22T00:00:00Z,73.79166666666667,66.5,77.20833333333333,76.45833333333333,77.5,76.25,75.625,66.375,76.45833333333333,77.91666666666667,74.70833333333333,78.08333333333333,73.125,75.875,77.79166666666667,77.625,77.66666666666667,75.25,76.91666666666667,72.08333333333333,74.66666666666667,77.95833333333333,77,75.08333333333333
2009-07-23T00:00:00Z,75.04166666666667,69.58333333333333,74.95833333333333,78.54166666666667,78.625,77.33333333333333,79.29166666666667,69.66666666666667,77.45833333333333,76.54166666666667,77.25,77.5,73.625,77.125,76.5,79.58333333333333,80,73.625,78.20833333333333,74.70833333333333,75,77.375,77.29166666666667,77
2009-07-24T00:00:00Z,79.08333333333333,70.20833333333333,78,79.29166666666667,78.58333333333333,74.25,80.08333333333333,69.58333333333333,77.375,78.125,78.875,78.125,76.25,76.91666666666667,78.58333333333333,79.79166666666667,79.75,76.29166666666667,79.41666666666667,74.125,73.875,75.79166666666667,77.70833333333333,76.29166666666667
2009-07-25T00:00:00Z,77.45833333333333,69.25,79.75,80.04166666666667,79.66666666666667,76.16666666666667,80.16666666666667,72.125,78.66666666666667,80.29166666666667,80.29166666666667,80.375,77.95833333333333,78.75,78.25,80.83333333333333,81.125,77.5,80.91666666666667,76.25,76.375,79.125,80.75,78
2009-07-26T00:00:00Z,78.625,70.75,81.58333333333333,81.91666666666667,83.41666666666667,81.625,82.45833333333333,72.125,81.625,80.91666666666667,81.04166666666667,84.58333333333333,79.29166666666667,79.70833333333333,81.70833333333333,83.16666666666667,83.20833333333333,78.33333333333333,82.125,75.70833333333333,76.25,82.16666666666667,83.5,80.29166666666667
2009-07-27T00:00:00Z,76.5,71.54166666666667,79.91666666666667,79.83333333333333,79.66666666666667,79.41666666666667,79.66666666666667,71.29166666666667,76.91666666666667,78.04166666666667,76.66666666666667,80.08333333333333,77.25,77.75,81.20833333333333,78.70833333333333,82.125,78.33333333333333,81.41666666666667,75.91666666666667,76.04166666666667,78.33333333333333,78.25,77
2009-07-28T00:00:00Z,78.91666666666667,69.83333333333333,77.91666666666667,79.70833333333333,80.70833333333333,78.625,79.79166666666667,69.95833333333333,78.16666666666667,78.58333333333333,77.33333333333333,80.125,76.41666666666667,78,80.625,80.66666666666667,81,76.625,81.20833333333333,75.58333333333333,76.875,78.125,81.20833333333333,78.25
2009-07-29T00:00:00Z,79,71.58333333333333,76.20833333333333,78.70833333333333,81.70833333333333,80.625,79.20833333333333,69.45833333333333,79.625,74.95833333333333,77.33333333333333,78.54166666666667,73.95833333333333,77.91666666666667,81.5,79,81.75,76.33333333333333,82.29166666666667,75.70833333333333,73.83333333333333,79.95833333333333,80.125,79.70833333333333
2009-07-30T00:00:00Z,80.08333333333333,71.375,78,79.75,82.75,81.54166666666667,79.41666666666667,72.20833333333333,81.91666666666667,78,79.16666666666667,80.5,75.79166666666667,77.91666666666667,80.83333333333333,81.66666666666667,81.91666666666667,76.95833333333333,81.375,74.54166666666667,74.875,80.91666666666667,81.375,81.45833333333333
2009-07-31T00:00:00Z,80.54166666666667,72.29166666666667,76.79166666666667,80,81.79166666666667,80.16666666666667,79.625,69.625,79.41666666666667,78.5,79.5,79.70833333333333,76.04166666666667,77.08333333333333,81.25,80.08333333333333,82.54166666666667,76.625,81.875,74.54166666666667,75.33333333333333,79.79166666666667,82.58333333333333,78.33333333333333
2009-08-01T00:00:00Z,81.45833333333333,72.83333333333333,77.875,80.29166666666667,79.16666666666667,78.5,79.75,69.41666666666667,78.125,78.625,79.58333333333333,79.45833333333333,76.75,78,79.16666666666667,79.875,81.95833333333333,77.29166666666667,80.70833333333333,76.45833333333333,76.625,79.45833333333333,78.125,75.91666666666667
2009-08-02T00:00:00Z,79.16666666666667,72.04166666666667,76.75,79.91666666666667,79.08333333333333,77.25,78.95833333333333,70.83333333333333,77.41666666666667,76.25,77.16666666666667,79.58333333333333,75.95833333333333,76.25,77.29166666666667,78.58333333333333,80.70833333333333,75.58333333333333,79.375,75.33333333333333,74.25,78.45833333333333,78.625,76.125
2009-08-03T00:00:00Z,77.875,71.04166666666667,78.70833333333333,76.95833333333333,79.58333333333333,75.66666666666667,78.375,69.625,79.125,79.125,79.54166666666667,78.66666666666667,76.58333333333333,78.54166666666667,77.45833333333333,81.29166666666667,78.29166666666667,76.54166666666667,78.25,75.54166666666667,75.08333333333333,76.79166666666667,80,78.16666666666667
2009-08-04T00:00:00Z,81.375,68.5,78.79166666666667,80.75,80.625,79.875,80.95833333333333,70.41666666666667,79.875,79.41666666666667,79.04166666666667,79.125,75.29166666666667,77.70833333333333,79.375,79.91666666666667,80.875,76.95833333333333,80.20833333333333,73.95833333333333,75.66666666666667,79.75,80.16666666666667,79.58333333333333
2009-08-05T00:00:00Z,80.33333333333333,68.16666666666667,77.95833333333333,79.95833333333333,83.375,77.91666666666667,81.375,68.625,80.125,79.125,76.58333333333333,79.20833333333333,75.08333333333333,78.375,80.125,81.125,82.25,75.5,81.08333333333333,74,75.75,80.125,81.29166666666667,80.16666666666667
2009-08-06T00:00:00Z,75.16666666666667,70.875,75.70833333333333,80.625,77.25,76.91666666666667,81.33333333333333,68.45833333333333,78.95833333333333,75.95833333333333,78.70833333333333,76.5,74.875,72.58333333333333,79.70833333333333,76.29166666666667,80.29166666666667,75.83333333333333,80.75,73.45833333333333,74.70833333333333,77.20833333333333,74.125,76.16666666666667
2009-08-07T00:00:00Z,72.04166666666667,70.83333333333333,77.25,78.29166666666667,76.375,75.95833333333333,78.33333333333333,70.16666666666667,77.5,76.45833333333333,79.25,76.91666666666667,75.125,74.79166666666667,77.29166666666667,76.95833333333333,77.08333333333333,74.79166666666667,77.20833333333333,73,73.375,76.16666666666667,75.45833333333333,75.08333333333333
2009-08-08T00:00:00Z,75.125,72.25,80.29166666666667,78.5,77.875,76.25,79.29166666666667,71.20833333333333,79.16666666666667,79.20833333333333,80.625,80.83333333333333,78.625,77.54166666666667,78.125,79.58333333333333,78.125,78.29166666666667,79.375,76.54166666666667,75.58333333333333,77.29166666666667,76.70833333333333,78.45833333333333
2009-08-09T00:00:00Z,82.95833333333333,75.5,83,80.58333333333333,82.91666666666667,80.5,82.08333333333333,77.66666666666667,82.25,83.08333333333333,84.20833333333333,83.45833333333333,81.875,81.95833333333333,81.125,84.45833333333333,81.58333333333333,79.58333333333333,81.125,79.58333333333333,79.79166666666667,79.91666666666667,81.83333333333333,81.33333333333333
2009-08-10T00:00:00Z,86.08333333333333,73.33333333333333,84.375,83.79166666666667,85.79166666666667,83.125,85.25,77.66666666666667,85.58333333333333,84.66666666666667,86.125,85.16666666666667,82.25,84.08333333333333,82.33333333333333,87.16666666666667,84.08333333333333,80.375,82.125,80,79.16666666666667,82.83333333333333,85.20833333333333,83.95833333333333
2009-08-11T00:00:00Z,84.04166666666667,72.25,80.41666666666667,82.375,86.16666666666667,82.33333333333333,83.45833333333333,73.875,84.29166666666667,81.45833333333333,82.04166666666667,82.29166666666667,78.08333333333333,80.875,81.70833333333333,84.25,83.58333333333333,77.75,81.91666666666667,76.20833333333333,75.83333333333333,81.33333333333333,83.41666666666667,83.58333333333333
2009-08-12T00:00:00Z,78.875,70.29166666666667,72.375,78.29166666666667,78.875,75.95833333333333,77.70833333333333,69.95833333333333,77.66666666666667,72.95833333333333,72.875,73.91666666666667,72.125,73.83333333333333,76.625,75.70833333333333,80.20833333333333,70.54166666666667,78.75,72.79166666666667,72.75,76.41666666666667,78.29166666666667,75.79166666666667
2009-08-13T00:00:00Z,78.375,70.91666666666667,74.83333333333333,76.41666666666667,77.41666666666667,75.25,75.33333333333333,68.20833333333333,76.125,74.91666666666667,75.125,75.70833333333333,74.75,74.91666666666667,77.375,76.875,76.58333333333333,73.66666666666667,75.375,74.41666666666667,74.79166666666667,75.625,75.375,74.75
2009-08-14T00:00:00Z,75.83333333333333,70.45833333333333,76.875,76.45833333333333,76.33333333333333,74.125,76.25,69.25,75.41666666666667,76.54166666666667,77.08333333333333,76.70833333333333,76.33333333333333,74.58333333333333,76.375,76.45833333333333,74.375,76.45833333333333,74.375,74.04166666666667,76.41666666666667,74.20833333333333,75.125,74.54166666666667
2009-08-15T00:00:00Z,76.91666666666667,71.375,76.95833333333333,76.41666666666667,77.41666666666667,77.04166666666667,77.5,70.33333333333333,76.91666666666667,77.20833333333333,77,77.75,75.625,76.45833333333333,77.45833333333333,78.66666666666667,77.125,77.04166666666667,77.875,74.25,75.66666666666667,77.125,76.125,76.75
2009-08-16T00:00:00Z,77.16666666666667,69.41666666666667,75.41666666666667,78.54166666666667,78.375,77.83333333333333,78.125,69.33333333333333,78.08333333333333,78.16666666666667,76.75,79.54166666666667,72.83333333333333,77.20833333333333,78.33333333333333,78.54166666666667,77.58333333333333,76.04166666666667,77.83333333333333,71.91666666666667,74.75,78.125,76.29166666666667,76.75
2009-08-17T00:00:00Z,76.125,71.70833333333333,78.625,80.125,79.08333333333333,79.41666666666667,79.29166666666667,71.5,80.33333333333333,79.79166666666667,76.875,80.45833333333333,75.33333333333333,77.41666666666667,78.29166666666667,79.29166666666667,78.75,76.875,79.04166666666667,75.125,75.08333333333333,79.41666666666667,78.20833333333333,79.70833333333333
2009-08-18T00:00:00Z,78.54166666666667,74.29166666666667,80.58333333333333,80.5,82.66666666666667,80.04166666666667,81.04166666666667,71.45833333333333,82.125,81.70833333333333,79.66666666666667,84.125,78.5,81.70833333333333,80.70833333333333,83.83333333333333,80.375,78.875,80.54166666666667,76.08333333333333,76.41666666666667,79.70833333333333,82.5,81.25
2009-08-19T00:00:00Z,83.08333333333333,72.91666666666667,79.95833333333333,81.20833333333333,83.5,80.58333333333333,81.29166666666667,71.66666666666667,82,81.125,78.25,83.33333333333333,78.125,81.04166666666667,82,84.375,81.16666666666667,79.95833333333333,81.91666666666667,75.95833333333333,76.375,80.16666666666667,83.75,82
2009-08-20T00:00:00Z,82.5,72.375,80.08333333333333,82,84.25,81.33333333333333,82.70833333333333,71.20833333333333,82.875,76.875,78.83333333333333,81.91666666666667,78.33333333333333,79.20833333333333,82.95833333333333,81.16666666666667,82.66666666666667,79.79166666666667,82.5,77.33333333333333,76.08333333333333,81.33333333333333,84.04166666666667,81.75
2009-08-21T00:00:00Z,80.95833333333333,72.5,81.83333333333333,80.66666666666667,83.04166666666667,80.625,79.66666666666667,72.125,80.375,81.125,78.5,83.75,77.79166666666667,78.375,83.75,82.16666666666667,79.08333333333333,80.75,83.08333333333333,76.54166666666667,77.5,81.125,82.08333333333333,79.91666666666667
2009-08-22T00:00:00Z,76.70833333333333,72.16666666666667,79.5,78.29166666666667,80.04166666666667,78.20833333333333,78.20833333333333,69.54166666666667,77.29166666666667,75.5,78.83333333333333,77.875,75.58333333333333,74.45833333333333,82.125,77.125,80,79.16666666666667,81,75.5,74.54166666666667,79.58333333333333,77.45833333333333,77.04166666666667
2009-08-23T00:00:00Z,76.33333333333333,68.125,75.375,75.83333333333333,76.45833333333333,76.5,76.125,65.625,74.16666666666667,75.45833333333333,75.66666666666667,76.66666666666667,71.45833333333333,74.08333333333333,78,76.125,78.08333333333333,76.25,77.875,71.25,72.875,77.41666666666667,76.375,74.16666666666667
2009-08-24T00:00:00Z,73.75,68.875,76.25,77.5,78.91666666666667,76.95833333333333,77.29166666666667,66.91666666666667,75.875,73.70833333333333,75.41666666666667,76.5,72.58333333333333,73.75,78.08333333333333,76.33333333333333,77.91666666666667,76.45833333333333,78.91666666666667,71.75,71.625,77.70833333333333,77.29166666666667,74
2009-08-25T00:00:00Z,75.41666666666667,70.625,78.25,77.04166666666667,79.125,76.54166666666667,78.16666666666667,68.875,78.20833333333333,76.66666666666667,77.625,78.625,74.33333333333333,75.75,78.875,78.5,77.25,76.66666666666667,76.79166666666667,74.125,71.125,76.33333333333333,77.91666666666667,77.29166666666667
2009-08-26T00:00:00Z,76.5,71.5,78.875,79,81.16666666666667,79.08333333333333,79.16666666666667,70.125,78.875,79.33333333333333,78.875,79.16666666666667,76.33333333333333,78.33333333333333,79.875,78.95833333333333,79.125,77.41666666666667,78.83333333333333,74.66666666666667,72.95833333333333,78.625,80.33333333333333,79.04166666666667
2009-08-27T00:00:00Z,78.875,69.70833333333333,78.91666666666667,78.20833333333333,82.20833333333333,79.41666666666667,79.45833333333333,69.70833333333333,80.70833333333333,79.95833333333333,78.20833333333333,79.66666666666667,76.95833333333333,79.75,81.91666666666667,81.83333333333333,79.70833333333333,76.45833333333333,80.58333333333333,74.79166666666667,74.45833333333333,79.625,80.08333333333333,80.41666666666667
2009-08-28T00:00:00Z,78,68.25,75.95833333333333,77.25,80.5,78.83333333333333,76.41666666666667,68.125,77.75,76.83333333333333,73.66666666666667,79.95833333333333,73.20833333333333,76.54166666666667,80.66666666666667,80,77.29166666666667,77.04166666666667,79.54166666666667,72.91666666666667,75.20833333333333,79.16666666666667,79.04166666666667,78.25
2009-08-29T00:00:00Z,79.08333333333333,70.66666666666667,76.66666666666667,79,81.45833333333333,78.625,79.25,68.83333333333333,78.625,76.66666666666667,76.95833333333333,77.45833333333333,74.45833333333333,76.91666666666667,81.5,79.54166666666667,79.375,76.08333333333333,78.875,78.16666666666667,74,78.54166666666667,79.95833333333333,77.95833333333333
2009-08-30T00:00:00Z,79.25,69.45833333333333,77.04166666666667,79.54166666666667,80.5,79.125,79.45833333333333,68.16666666666667,80.16666666666667,77.375,75.33333333333333,76.16666666666667,74,75.04166666666667,80.91666666666667,77.25,81.41666666666667,76.16666666666667,81.33333333333333,73.125,74.83333333333333,79.875,78.54166666666667,78.95833333333333
2009-08-31T00:00:00Z,69.95833333333333,64.66666666666667,68.45833333333333,72.41666666666667,72.375,72.25,70.5,61.916666666666664,69.04166666666667,66.45833333333333,68.125,68.83333333333333,66.25,68.08333333333333,78.125,70.75,74,68.125,76.25,66.625,66.375,73.25,70.54166666666667,68.20833333333333
2009-09-01T00:00:00Z,65,64.29166666666667,70.54166666666667,71.54166666666667,71.375,70.125,71,61.083333333333336,70.33333333333333,66.95833333333333,68.29166666666667,70.95833333333333,67,66.29166666666667,75.08333333333333,70.70833333333333,72.08333333333333,69.66666666666667,72.83333333333333,66.29166666666667,66.29166666666667,71.08333333333333,70.45833333333333,67.66666666666667
2009-09-02T00:00:00Z,65.625,63.208333333333336,68.83333333333333,70.25,72.20833333333333,69.70833333333333,69.625,60.458333333333336,68.75,66.33333333333333,68.16666666666667,68.5,65.58333333333333,64.75,75.41666666666667,68.66666666666667,69.91666666666667,67.45833333333333,72.33333333333333,65.33333333333333,65.375,70.08333333333333,71.04166666666667,66.79166666666667
2009-09-03T00:00:00Z,66.25,64.66666666666667,68.20833333333333,72.45833333333333,72.70833333333333,71.79166666666667,71.58333333333333,61.75,71.04166666666667,68,69.625,68.79166666666667,66.54166666666667,67.16666666666667,75.75,71.25,72.875,68.125,73.20833333333333,65.16666666666667,66.375,72.54166666666667,71.58333333333333,69.54166666666667
2009-09-04T00:00:00Z,69.54166666666667,67.54166666666667,72.58333333333333,71.83333333333333,74.33333333333333,71.58333333333333,71.75,64.91666666666667,72.125,72.33333333333333,73.33333333333333,70.5,71,69.95833333333333,73.83333333333333,72.83333333333333,72.625,71.375,72.75,69.66666666666667,69.20833333333333,71.91666666666667,73.25,70.91666666666667
2009-09-05T00:00:00Z,70.58333333333333,68.58333333333333,76.16666666666667,72.75,73.45833333333333,73.16666666666667,73.79166666666667,66.625,73.83333333333333,75.5,75.83333333333333,73.79166666666667,73.45833333333333,73.33333333333333,75.58333333333333,75.5,74.08333333333333,73.91666666666667,75.29166666666667,70.75,73.20833333333333,74.08333333333333,73.41666666666667,72.5
2009-09-06T00:00:00Z,72.66666666666667,70.08333333333333,75.66666666666667,73.54166666666667,75.16666666666667,72.91666666666667,73.70833333333333,66.95833333333333,73.66666666666667,75.125,76.5,74.5,73.25,72.41666666666667,75.375,76.125,73.95833333333333,74.875,74.54166666666667,72.04166666666667,72.20833333333333,73.75,74.04166666666667,71.79166666666667
2009-09-07T00:00:00Z,72.58333333333333,67.25,72.95833333333333,72.875,74.83333333333333,71.54166666666667,72.45833333333333,65.95833333333333,71.75,71.625,73.66666666666667,73.20833333333333,70.83333333333333,68.04166666666667,72.83333333333333,72.20833333333333,72.45833333333333,72.75,71.75,70.66666666666667,72.83333333333333,71.79166666666667,72.91666666666667,70.875
2009-09-08T00:00:00Z,66.83333333333333,65.70833333333333,75.08333333333333,74.75,72.91666666666667,73.66666666666667,74.04166666666667,64.08333333333333,72.5,72,72.91666666666667,74.54166666666667,70.5,69.25,74.125,73.625,74.75,74.5,74,69.95833333333333,71.08333333333333,73.875,70.125,71.625
2009-09-09T00:00:00Z,68.66666666666667,63.375,70.875,72.20833333333333,71.66666666666667,71.70833333333333,71.41666666666667,64.79166666666667,71.75,71.25,68.79166666666667,73.54166666666667,68.25,69.70833333333333,73.04166666666667,74.33333333333333,71.75,71.5,72.29166666666667,66.83333333333333,66.5,71.91666666666667,70.625,69.83333333333333
2009-09-10T00:00:00Z,64.91666666666667,62.833333333333336,68.33333333333333,69.33333333333333,69.79166666666667,68.20833333333333,67.91666666666667,59.333333333333336,67.54166666666667,66.33333333333333,66.20833333333333,69.95833333333333,65.58333333333333,64.33333333333333,72.54166666666667,68,68.70833333333333,68.41666666666667,69.25,64.83333333333333,66.33333333333333,67.91666666666667,68.04166666666667,66.45833333333333
2009-09-11T00:00:00Z,67.20833333333333,65.875,69.29166666666667,68.66666666666667,68.41666666666667,67.91666666666667,69.58333333333333,63.333333333333336,69.125,69,70.45833333333333,68.33333333333333,68.41666666666667,66.95833333333333,67.75,69.29166666666667,69.79166666666667,68.41666666666667,67.66666666666667,67.45833333333333,67.875,68.66666666666667,67.29166666666667,66.54166666666667
2009-09-12T00:00:00Z,69.91666666666667,67.58333333333333,74.29166666666667,72.875,71.5,71.58333333333333,74.54166666666667,67.125,73.45833333333333,73.33333333333333,73.91666666666667,72.91666666666667,71.54166666666667,69.91666666666667,72.70833333333333,73.83333333333333,72.79166666666667,72.20833333333333,72.54166666666667,69.75,70.45833333333333,71.70833333333333,68.875,70.79166666666667
2009-09-13T00:00:00Z,69.875,66.29166666666667,71.875,72.58333333333333,71.16666666666667,70.875,72.70833333333333,63.958333333333336,72.33333333333333,71.95833333333333,73.125,71.95833333333333,69.41666666666667,67.79166666666667,72.66666666666667,72.79166666666667,73.375,72.125,72.45833333333333,67.54166666666667,69.25,72.20833333333333,70.29166666666667,68.54166666666667
2009-09-14T00:00:00Z,71.5,66.95833333333333,73.625,72.54166666666667,73.08333333333333,71.54166666666667,73,66.125,73.08333333333333,74.375,74.375,73.08333333333333,71.875,70.20833333333333,72.875,74.625,72.91666666666667,72.91666666666667,72,70.16666666666667,71.54166666666667,71.54166666666667,70.75,70.16666666666667
2009-09-15T00:00:00Z,74.66666666666667,67.79166666666667,74.5,73.16666666666667,75.54166666666667,72.58333333333333,74.625,65.625,74.91666666666667,75.54166666666667,73,74.70833333333333,72.70833333333333,73.29166666666667,74.29166666666667,76.625,73.41666666666667,72.83333333333333,73.33333333333333,71.66666666666667,72.08333333333333,72.54166666666667,73.70833333333333,74.33333333333333
2009-09-16T00:00:00Z,74.5,67,73.25,74.20833333333333,75.54166666666667,74.54166666666667,75.70833333333333,63.541666666666664,73.5,69.25,72,74.29166666666667,69.45833333333333,70,75.70833333333333,74.04166666666667,75.41666666666667,73.375,75.25,68.5,69.33333333333333,74.66666666666667,72.79166666666667,74.33333333333333
2009-09-17T00:00:00Z,72.83333333333333,65.91666666666667,71.5,72.54166666666667,73.5,72.91666666666667,72.75,63.083333333333336,72.125,67.70833333333333,70.54166666666667,70.375,67.58333333333333,67.04166666666667,74.875,69.41666666666667,73.54166666666667,72.70833333333333,73.45833333333333,66.91666666666667,67.25,73.91666666666667,70.66666666666667,70.83333333333333
2009-09-18T00:00:00Z,69.79166666666667,67.04166666666667,71.70833333333333,72.66666666666667,71.58333333333333,71.25,72.08333333333333,64.58333333333333,71.625,69,69.33333333333333,71.16666666666667,67.875,67.91666666666667,74.75,71.16666666666667,73.08333333333333,71.45833333333333,72.16666666666667,68.08333333333333,68.33333333333333,72.25,70.375,69.58333333333333
2009-09-19T00:00:00Z,69.25,68.54166666666667,74.16666666666667,74.875,70.54166666666667,72.5,74.25,64.125,73.45833333333333,67.66666666666667,72.08333333333333,72.625,69,67.75,74.66666666666667,72.70833333333333,74.125,74.25,73.58333333333333,69.04166666666667,69.875,74.20833333333333,67.83333333333333,70.75
2009-09-20T00:00:00Z,68.04166666666667,64.5,72.41666666666667,73.79166666666667,70.08333333333333,71.16666666666667,72.625,62.875,70.91666666666667,69.83333333333333,68.125,73.58333333333333,68.16666666666667,65.70833333333333,73.83333333333333,70.95833333333333,73.16666666666667,71.79166666666667,73.125,66.625,68.70833333333333,72.66666666666667,67.5,68.20833333333333
2009-09-21T00:00:00Z,71.29166666666667,65.875,74.20833333333333,74.04166666666667,74.25,71.41666666666667,73.16666666666667,61.916666666666664,71.20833333333333,70,70.04166666666667,72.29166666666667,66.83333333333333,66.16666666666667,74.66666666666667,71.83333333333333,72.83333333333333,74.625,73.125,66.41666666666667,68,71.95833333333333,72.29166666666667,68.79166666666667
2009-09-22T00:00:00Z,76.79166666666667,68.08333333333333,71.83333333333333,75.29166666666667,76.91666666666667,75.625,74.25,64.66666666666667,74.83333333333333,68.45833333333333,71.79166666666667,72.33333333333333,69.75,69.79166666666667,79.08333333333333,72.375,74.83333333333333,73.20833333333333,78.54166666666667,68.41666666666667,70.29166666666667,74.125,74.70833333333333,75.20833333333333
2009-09-23T00:00:00Z,76.66666666666667,68.875,76.04166666666667,75.375,78.58333333333333,75.75,75.625,67.29166666666667,75.08333333333333,74.04166666666667,72.625,76.33333333333333,72.54166666666667,73.08333333333333,79.29166666666667,76.125,75.875,76.08333333333333,77.5,72.16666666666667,73.5,75.91666666666667,76.45833333333333,75.33333333333333
2009-09-24T00:00:00Z,78.41666666666667,70.25,77.54166666666667,77.16666666666667,79.25,76.66666666666667,77.33333333333333,69.20833333333333,77.375,76.33333333333333,75.83333333333333,77.16666666666667,74.20833333333333,76.45833333333333,77.83333333333333,78.41666666666667,76.41666666666667,75.75,76.83333333333333,72.625,75,76.20833333333333,77.33333333333333,76.33333333333333
2009-09-25T00:00:00Z,71.45833333333333,72.08333333333333,75.875,77.5,72.75,73.95833333333333,76.875,69.08333333333333,73.20833333333333,69.125,75.41666666666667,73.58333333333333,72.125,67.5,76.16666666666667,71,76.125,74.33333333333333,76.75,72.45833333333333,70.79166666666667,75.41666666666667,70.375,71.20833333333333
2009-09-26T00:00:00Z,69.08333333333333,60.458333333333336,63.75,70.5,72.08333333333333,70.5,69.58333333333333,56.416666666666664,68.33333333333333,61.333333333333336,62.208333333333336,64.95833333333333,59.958333333333336,63.208333333333336,73.41666666666667,65.625,71.125,63.5,72.83333333333333,60.583333333333336,61,70.20833333333333,69.16666666666667,68.58333333333333
2009-09-27T00:00:00Z,69.66666666666667,62.875,67.83333333333333,74.95833333333333,73.5,74.16666666666667,74.20833333333333,61.458333333333336,73.125,66.33333333333333,67.29166666666667,69.375,66,68.04166666666667,75.66666666666667,68.70833333333333,75.16666666666667,66.33333333333333,75.58333333333333,66.79166666666667,63.291666666666664,74,71.91666666666667,71.70833333333333
2009-09-28T00:00:00Z,70.33333333333333,61.375,68.83333333333333,74.95833333333333,72.08333333333333,72.41666666666667,73.79166666666667,60.5,73,66.375,68.625,69.16666666666667,64.58333333333333,66.66666666666667,75.66666666666667,68.41666666666667,73.875,65.83333333333333,73.83333333333333,64.58333333333333,63.75,73.125,70.66666666666667,71.70833333333333
2009-09-29T00:00:00Z,61.791666666666664,55.666666666666664,61.75,65.875,63.833333333333336,66.375,66.625,52,66.41666666666667,59.458333333333336,59.833333333333336,61.666666666666664,58.958333333333336,58.416666666666664,70.33333333333333,60.166666666666664,67.33333333333333,58.916666666666664,68.41666666666667,58.666666666666664,58.791666666666664,66.45833333333333,64.70833333333333,63.458333333333336
2009-09-30T00:00:00Z,61.083333333333336,55.041666666666664,60.041666666666664,60.458333333333336,61.041666666666664,60.333333333333336,61,50.416666666666664,61.125,58.583333333333336,61.291666666666664,59.333333333333336,57.708333333333336,59.541666666666664,65.91666666666667,61.458333333333336,61.875,58.791666666666664,62.833333333333336,56.25,58.5,60.375,63.416666666666664,59.291666666666664
2009-10-01T00:00:00Z,62.291666666666664,54.541666666666664,60.125,62.625,64.70833333333333,62.083333333333336,62.916666666666664,51.708333333333336,61.958333333333336,59.083333333333336,60.125,60.375,56.208333333333336,58.375,65.75,61.125,62.666666666666664,59.208333333333336,63.416666666666664,54.416666666666664,55.666666666666664,61.916666666666664,63.833333333333336,59.708333333333336
2009-10-02T00:00:00Z,67.04166666666667,57.75,64.375,66.08333333333333,67.375,64.29166666666667,66.45833333333333,57.5,64.83333333333333,63.416666666666664,62.958333333333336,65.58333333333333,60.375,63.916666666666664,72.375,65.16666666666667,67.20833333333333,61.708333333333336,70.25,58.75,61,65.5,67.29166666666667,64.41666666666667
2009-10-03T00:00:00Z,71.25,57,66.875,71.91666666666667,73.875,72.58333333333333,71.75,58.75,71.41666666666667,65.83333333333333,64.54166666666667,68.875,62.625,67.125,75.79166666666667,68.08333333333333,73.375,63.458333333333336,74.20833333333333,58.833333333333336,61.708333333333336,72.70833333333333,72.04166666666667,70.875
2009-10-04T00:00:00Z,65.125,53.458333333333336,61.833333333333336,66.25,68.125,66.83333333333333,66.125,56.125,65.08333333333333,60.375,60.833333333333336,61.208333333333336,60.375,61.291666666666664,72.08333333333333,62.25,67.875,59.833333333333336,70.25,57.166666666666664,59.583333333333336,66.16666666666667,68.16666666666667,64.79166666666667
2009-10-05T00:00:00Z,66.29166666666667,54.541666666666664,58.875,61.208333333333336,66,62.333333333333336,60.958333333333336,53.291666666666664,61.833333333333336,59.125,56.916666666666664,61.833333333333336,57,61.75,67.91666666666667,62.541666666666664,62.916666666666664,58.5,64.70833333333333,57.166666666666664,57.958333333333336,61.958333333333336,66.04166666666667,61.916666666666664
2009-10-06T00:00:00Z,66.91666666666667,60.666666666666664,63.458333333333336,65,67.95833333333333,67.75,64.875,58.458333333333336,65.54166666666667,61.625,63.208333333333336,64.41666666666667,62.25,62.458333333333336,69.75,63.958333333333336,67.79166666666667,63.75,70.04166666666667,61.708333333333336,59.333333333333336,68.33333333333333,65.16666666666667,65.375
2009-10-07T00:00:00Z,70,63.041666666666664,71.66666666666667,73.29166666666667,72,71.75,70.08333333333333,62.958333333333336,72.5,69.54166666666667,70.5,71.16666666666667,67.66666666666667,69.29166666666667,72.625,71.08333333333333,74.29166666666667,68,73.29166666666667,66.70833333333333,65.875,72.25,70.41666666666667,69.125
2009-10-08T00:00:00Z,59.291666666666664,57.583333333333336,62.208333333333336,64.375,63.166666666666664,61.583333333333336,62.833333333333336,57.25,61.666666666666664,61.25,62.208333333333336,62.75,59.083333333333336,58.458333333333336,64.70833333333333,61.75,63.791666666666664,60.458333333333336,63.541666666666664,57.166666666666664,60,62.083333333333336,61.916666666666664,58.458333333333336
2009-10-09T00:00:00Z,73.75,69.29166666666667,69.41666666666667,73.625,73.375,70.70833333333333,73.16666666666667,67.75,72.16666666666667,69.16666666666667,70.58333333333333,72.20833333333333,68.29166666666667,68.33333333333333,74.25,71.125,73.625,68.08333333333333,72.54166666666667,67.66666666666667,67.29166666666667,71.29166666666667,71.25,70.70833333333333
2009-10-10T00:00:00Z,74.91666666666667,62.208333333333336,74,77.625,74.20833333333333,76.54166666666667,77.16666666666667,61.208333333333336,75,70.5,71.33333333333333,75.625,68.875,71.20833333333333,77.83333333333333,74.66666666666667,79.04166666666667,71.29166666666667,77.45833333333333,68.875,67.33333333333333,77.79166666666667,71.66666666666667,73.29166666666667
2009-10-11T00:00:00Z,63.416666666666664,59.458333333333336,63.291666666666664,66.33333333333333,65.33333333333333,64.25,65.125,54.75,62.458333333333336,61.166666666666664,62.75,63.833333333333336,60.5,60.791666666666664,68.20833333333333,63.375,66.875,61.708333333333336,66.83333333333333,59.708333333333336,58.666666666666664,65.79166666666667,62.125,62.791666666666664
2009-10-12T00:00:00Z,58.666666666666664,55.958333333333336,57.333333333333336,62.125,64.08333333333333,61.416666666666664,60.916666666666664,52.333333333333336,58.583333333333336,54.708333333333336,57.375,57.958333333333336,55.916666666666664,53.708333333333336,70.29166666666667,57.458333333333336,62.458333333333336,56,65.58333333333333,55.666666666666664,54.625,61.583333333333336,61.666666666666664,57.958333333333336
2009-10-13T00:00:00Z,62.291666666666664,61.083333333333336,61,65.5,60,63.791666666666664,63.333333333333336,58.5,63.75,61.5,61.666666666666664,62.458333333333336,60.875,60.958333333333336,67,63.583333333333336,66.20833333333333,60.791666666666664,65.91666666666667,61.916666666666664,57,64.5,64.45833333333333,61.333333333333336
2009-10-14T00:00:00Z,55.916666666666664,52.25,53.708333333333336,57.5,57.583333333333336,57.166666666666664,56.416666666666664,45.291666666666664,54.333333333333336,50.166666666666664,54.291666666666664,53.291666666666664,50.333333333333336,50.083333333333336,62.541666666666664,53,57.666666666666664,52.5,59.958333333333336,50.625,49.5,56.833333333333336,56,53.291666666666664
2009-10-15T00:00:00Z,54.458333333333336,50.458333333333336,49.958333333333336,55.666666666666664,62.333333333333336,57.541666666666664,54.791666666666664,48.958333333333336,53.25,47.708333333333336,50.083333333333336,50.875,48.125,47.083333333333336,65.875,50.583333333333336,57.958333333333336,50.458333333333336,62.125,48.583333333333336,47.916666666666664,57.083333333333336,59.958333333333336,52.625
2009-10-16T00:00:00Z,51.666666666666664,51.791666666666664,56.208333333333336,56.208333333333336,55.75,54.666666666666664,55.291666666666664,48.541666666666664,53.375,51.125,55.458333333333336,54.708333333333336,53.083333333333336,49.5,59.458333333333336,53.291666666666664,56.166666666666664,55.375,56.791666666666664,54.125,51.916666666666664,55.291666666666664,54.416666666666664,51.166666666666664
2009-10-17T00:00:00Z,48.916666666666664,42.208333333333336,50.041666666666664,54.375,49.958333333333336,49.875,53.666666666666664,39.375,52.25,48.708333333333336,48.416666666666664,51.375,47.5,47.916666666666664,53.291666666666664,50.791666666666664,54.458333333333336,47.25,51.833333333333336,47.458333333333336,47.625,52.541666666666664,48.375,47.791666666666664
2009-10-18T00:00:00Z,47.416666666666664,40.125,45.333333333333336,48.25,47.125,47,47.833333333333336,37.75,47.375,44.708333333333336,45.833333333333336,46.208333333333336,44.416666666666664,45.25,48.958333333333336,47.083333333333336,48.125,45.791666666666664,48.208333333333336,43.083333333333336,45.541666666666664,47.25,48.083333333333336,45.666666666666664
2009-10-19T00:00:00Z,47.833333333333336,43.875,46,49.791666666666664,49.833333333333336,49.166666666666664,49.375,43.833333333333336,49.041666666666664,46.958333333333336,46,46.75,44.458333333333336,45.666666666666664,52.875,48.75,51.208333333333336,46.041666666666664,50.75,42.333333333333336,47.041666666666664,50,50.208333333333336,46.708333333333336
2009-10-20T00:00:00Z,52.333333333333336,47.916666666666664,52.708333333333336,51.916666666666664,51.75,50,51.708333333333336,53.458333333333336,52.041666666666664,54.125,51.916666666666664,52.75,51.833333333333336,52.416666666666664,50.875,53.916666666666664,52.125,51.916666666666664,50.875,48.291666666666664,52.875,50.25,52.416666666666664,49.958333333333336
2009-10-21T00:00:00Z,58.708333333333336,50.125,56.625,55.25,59.875,53.708333333333336,56.208333333333336,56.833333333333336,58.375,59.083333333333336,55.125,57.583333333333336,56,57.833333333333336,56.583333333333336,59.333333333333336,55.583333333333336,55.875,56,51.875,57.458333333333336,53.75,58.375,55.958333333333336
2009-10-22T00:00:00Z,61.625,52.083333333333336,60.208333333333336,62.75,62.083333333333336,60.083333333333336,62.708333333333336,56.125,62.208333333333336,59.708333333333336,58.333333333333336,60.791666666666664,57.041666666666664,59.708333333333336,63.041666666666664,62,62.708333333333336,59.333333333333336,63.125,53.666666666666664,57.375,60.333333333333336,61.125,61.25
2009-10-23T00:00:00Z,69.375,61.916666666666664,69.125,69.66666666666667,69.33333333333333,65.875,69.95833333333333,61.125,70.58333333333333,68.33333333333333,66.54166666666667,72.08333333333333,63.875,68,69.58333333333333,69.375,70.54166666666667,66.91666666666667,70.33333333333333,61.875,64.95833333333333,68.16666666666667,68.5,69.66666666666667
2009-10-24T00:00:00Z,76.08333333333333,58.625,68.25,76.20833333333333,75.45833333333333,73.45833333333333,74.95833333333333,59.416666666666664,75.70833333333333,67.54166666666667,63.958333333333336,70,66.58333333333333,69.25,73.08333333333333,70,75.75,62.916666666666664,74.58333333333333,64.91666666666667,69,74.41666666666667,74.54166666666667,74.75
2009-10-25T00:00:00Z,58,48.75,53.541666666666664,63.291666666666664,62.166666666666664,64.20833333333333,61.5,48.125,60.5,53.875,51.25,55.583333333333336,51.125,53.875,63.583333333333336,56.166666666666664,66.41666666666667,53.666666666666664,65.125,48.5,53.75,64.83333333333333,58.958333333333336,59.083333333333336
2009-10-26T00:00:00Z,56.083333333333336,49.666666666666664,53.916666666666664,57.416666666666664,60.416666666666664,58.583333333333336,55.833333333333336,49.708333333333336,54.458333333333336,53.25,55.5,55.083333333333336,53.458333333333336,52.5,68.41666666666667,55.625,58.708333333333336,54.291666666666664,62.458333333333336,52.458333333333336,54.333333333333336,58.791666666666664,59.583333333333336,52.833333333333336
2009-10-27T00:00:00Z,60.291666666666664,50.041666666666664,55.583333333333336,62.416666666666664,63.916666666666664,61.208333333333336,60.791666666666664,50.833333333333336,59.583333333333336,54.541666666666664,53.75,57.5,53.583333333333336,55.375,63.916666666666664,57.833333333333336,64.625,54.208333333333336,65.16666666666667,54.041666666666664,55.375,62.5,60.875,59
2009-10-28T00:00:00Z,70.04166666666667,58.333333333333336,59.75,72.83333333333333,71.66666666666667,71.66666666666667,72.125,57.625,72.375,61.75,60,64.33333333333333,59.5,64,70.25,66.125,74.375,59.75,72.70833333333333,56.041666666666664,59.375,73.25,68.45833333333333,70.375
2009-10-29T00:00:00Z,59.625,54.333333333333336,61.166666666666664,63.25,61.25,59.875,63.291666666666664,53.958333333333336,61.375,58.958333333333336,60.041666666666664,61.666666666666664,58.333333333333336,57.375,61.791666666666664,61.666666666666664,63.125,60.083333333333336,61.833333333333336,56.791666666666664,59.458333333333336,61.541666666666664,59.708333333333336,58.458333333333336
2009-10-30T00:00:00Z,61.583333333333336,54.25,59.208333333333336,63,63.208333333333336,63.083333333333336,61.791666666666664,53.416666666666664,59.833333333333336,57.708333333333336,58,58.875,57.75,56.541666666666664,65.70833333333333,59,60.875,57.916666666666664,65.08333333333333,58,58,62.333333333333336,60.5,60.416666666666664
2009-10-31T00:00:00Z,61.958333333333336,55.708333333333336,65.16666666666667,69.54166666666667,74.08333333333333,71.54166666666667,68.95833333333333,53.416666666666664,68.125,63.541666666666664,62.5,68.54166666666667,59.083333333333336,66.5,71.95833333333333,68.75,72.33333333333333,62.958333333333336,74.125,58.416666666666664,58.583333333333336,71.95833333333333,71.54166666666667,68.45833333333333
2009-11-01T00:00:00Z,54.541666666666664,48.791666666666664,54.9375,65.02083333333333,61.333333333333336,63.75,63.416666666666664,50.520833333333336,60.916666666666664,51.166666666666664,55.625,55.520833333333336,52.958333333333336,52.979166666666664,65.83333333333333,55.770833333333336,69.16666666666667,58.104166666666664,67.6875,54.520833333333336,52.625,67.0625,57.375,58.291666666666664
2009-11-02T00:00:00Z,54.583333333333336,51.458333333333336,53.25,55.166666666666664,57.666666666666664,55.083333333333336,54.75,43.666666666666664,54.041666666666664,51.916666666666664,54.291666666666664,53.416666666666664,53.166666666666664,50.666666666666664,59.583333333333336,52.625,55.125,53.666666666666664,57.625,52.208333333333336,52.916666666666664,54.791666666666664,55.625,52.875
2009-11-03T00:00:00Z,54.875,49.916666666666664,55.791666666666664,55.75,57.333333333333336,55.791666666666664,55.416666666666664,46.041666666666664,55.625,54.875,57.333333333333336,55,53.875,53.458333333333336,56.833333333333336,55.541666666666664,56.708333333333336,55.166666666666664,58.125,53.333333333333336,53.583333333333336,56.166666666666664,56.708333333333336,53.25
2009-11-04T00:00:00Z,53.708333333333336,46.416666666666664,53.291666666666664,57.333333333333336,56.25,54.625,56.791666666666664,40.708333333333336,56.125,49.458333333333336,52.666666666666664,51.958333333333336,48.541666666666664,50,59.75,52.125,57.291666666666664,51.666666666666664,58.666666666666664,45.708333333333336,46.875,56.625,54.583333333333336,52.875
2009-11-05T00:00:00Z,53.541666666666664,46.333333333333336,53.416666666666664,56.458333333333336,55.25,54.875,56.541666666666664,45.083333333333336,56.166666666666664,51.416666666666664,53.958333333333336,51.708333333333336,52.208333333333336,50.166666666666664,60.75,52.5,57.625,51.083333333333336,57.958333333333336,49.833333333333336,49.625,56.25,54.75,51.583333333333336
2009-11-06T00:00:00Z,46.958333333333336,45.166666666666664,50,48,48.791666666666664,47.125,49.416666666666664,44.166666666666664,48.541666666666664,48.25,49.041666666666664,48.208333333333336,48.041666666666664,47.708333333333336,53.291666666666664,48.625,49.541666666666664,47.583333333333336,49.916666666666664,44.791666666666664,45.666666666666664,48.291666666666664,48.875,45.333333333333336
2009-11-07T00:00:00Z,48.75,46.958333333333336,50.416666666666664,50.875,49.083333333333336,47.833333333333336,51.625,42.5,49.708333333333336,50.708333333333336,51.208333333333336,51.416666666666664,49,48.791666666666664,51.083333333333336,50.333333333333336,50.666666666666664,49.583333333333336,50.708333333333336,45.875,49.416666666666664,48.666666666666664,48.583333333333336,47.75
2009-11-08T00:00:00Z,55.666666666666664,51.958333333333336,58.333333333333336,56.166666666666664,58.416666666666664,55.041666666666664,57.041666666666664,45.208333333333336,57.208333333333336,58.666666666666664,56.958333333333336,58.125,55.5,56.916666666666664,57.875,59.541666666666664,56.291666666666664,56.708333333333336,56.416666666666664,52.833333333333336,56.791666666666664,55.333333333333336,54.791666666666664,55.625
2009-11-09T00:00:00Z,61.166666666666664,49.041666666666664,57.708333333333336,60.375,59.916666666666664,58.25,59.833333333333336,50.708333333333336,60.125,58.5,56.416666666666664,59.625,55.375,58.458333333333336,64,59.791666666666664,62.833333333333336,57.333333333333336,61.916666666666664,51.833333333333336,55.75,60.291666666666664,59,58.083333333333336
2009-11-10T00:00:00Z,62.916666666666664,52.25,58.625,64.95833333333333,64.375,63.916666666666664,64.54166666666667,51.583333333333336,64.20833333333333,57.708333333333336,56.75,60.5,55.208333333333336,58.583333333333336,65.875,60.708333333333336,65.45833333333333,57.041666666666664,66.25,54.166666666666664,56.458333333333336,64.625,60.291666666666664,62.125
2009-11-11T00:00:00Z,56.75,50.5,51.916666666666664,60.208333333333336,60.666666666666664,61.666666666666664,58.708333333333336,45.666666666666664,57.916666666666664,49.875,53.416666666666664,52.583333333333336,51.041666666666664,50.75,64.16666666666667,53.291666666666664,62.708333333333336,51.875,63.958333333333336,52.708333333333336,51.416666666666664,62.208333333333336,56.583333333333336,57.833333333333336
2009-11-12T00:00:00Z,54.75,47.75,50.666666666666664,50.958333333333336,61.083333333333336,57.625,50.5,43.708333333333336,52.875,45.666666666666664,54.583333333333336,48.416666666666664,51.75,46.125,66.29166666666667,48.125,54.583333333333336,52.458333333333336,62.083333333333336,52.708333333333336,49.041666666666664,56,55.666666666666664,54.541666666666664
2009-11-13T00:00:00Z,54.166666666666664,53.333333333333336,59.5,53.958333333333336,58.5,55.333333333333336,53.083333333333336,53.833333333333336,53.25,54.291666666666664,59.125,56.958333333333336,59.791666666666664,50.541666666666664,59.416666666666664,53.583333333333336,53.958333333333336,58.958333333333336,57.875,59.208333333333336,57.291666666666664,54.208333333333336,55.5,53.041666666666664
2009-11-14T00:00:00Z,56.833333333333336,54.916666666666664,60.791666666666664,56.583333333333336,58.125,56.666666666666664,56.25,58.375,56.833333333333336,60.541666666666664,59.208333333333336,60.375,58.791666666666664,54.875,56.75,55.708333333333336,56.708333333333336,60.125,56.375,55.625,61.041666666666664,57.208333333333336,55.833333333333336,55.75
2009-11-15T00:00:00Z,58.791666666666664,52.458333333333336,60.375,57.125,60.166666666666664,58.458333333333336,56.25,57.333333333333336,57.666666666666664,59.166666666666664,59.958333333333336,58.75,59.041666666666664,55.416666666666664,54.5,57.166666666666664,57.958333333333336,61.125,58.666666666666664,54.541666666666664,58.041666666666664,59.25,58.041666666666664,57
2009-11-16T00:00:00Z,57.416666666666664,50.125,58.625,57,58.833333333333336,56.041666666666664,56.375,54.125,57.25,57.625,55.75,58.875,56.458333333333336,57.416666666666664,58.333333333333336,56.333333333333336,57.375,57.5,59.916666666666664,52.833333333333336,56.75,56.791666666666664,56.541666666666664,54.791666666666664
2009-11-17T00:00:00Z,56.208333333333336,50.958333333333336,59.541666666666664,57.5,57.916666666666664,56.208333333333336,56.541666666666664,50.208333333333336,54.208333333333336,52.791666666666664,56.458333333333336,57.416666666666664,54.541666666666664,52.333333333333336,58.916666666666664,53.666666666666664,57.708333333333336,56.833333333333336,58.583333333333336,54.125,54.958333333333336,56.416666666666664,55,53.5
2009-11-18T00:00:00Z,60.083333333333336,49.208333333333336,54.875,60.458333333333336,62.708333333333336,61.458333333333336,61.25,46.416666666666664,60.416666666666664,51.375,52.958333333333336,56.791666666666664,50.5,54.75,65.79166666666667,55.541666666666664,63.708333333333336,54.5,65.54166666666667,50.666666666666664,51.833333333333336,62.25,58.958333333333336,59.791666666666664
2009-11-19T00:00:00Z,65.125,52.291666666666664,57.583333333333336,68.875,66.5,66.375,68.41666666666667,52.458333333333336,67.125,55.833333333333336,56.125,60.5,55.708333333333336,60.916666666666664,66.79166666666667,60.958333333333336,69.08333333333333,54.75,68.375,53.375,55.833333333333336,68,64.20833333333333,65.08333333333333
2009-11-20T00:00:00Z,59.125,47.208333333333336,53.833333333333336,61.291666666666664,60.833333333333336,60.541666666666664,60.833333333333336,46.583333333333336,58.958333333333336,52.333333333333336,53.375,52.458333333333336,51.333333333333336,53.541666666666664,60.041666666666664,53.083333333333336,63.75,51.333333333333336,60.5,49.5,52.958333333333336,62.083333333333336,57.291666666666664,56.916666666666664
2009-11-21T00:00:00Z,48.041666666666664,43.833333333333336,49.708333333333336,54.458333333333336,53.208333333333336,53.125,52.125,43.333333333333336,50.875,47.291666666666664,50.5,48.291666666666664,47.458333333333336,45.75,56.791666666666664,47.666666666666664,55.958333333333336,49.541666666666664,55.791666666666664,45.375,46.875,54.458333333333336,52.541666666666664,47.083333333333336
2009-11-22T00:00:00Z,49.916666666666664,40.333333333333336,46.25,51.208333333333336,53.75,52.625,50.208333333333336,39.75,51.083333333333336,45.875,45.916666666666664,48.541666666666664,43.666666666666664,47.541666666666664,57.791666666666664,48.916666666666664,52.375,45.791666666666664,56.416666666666664,42.916666666666664,45.625,52.375,53.041666666666664,48.791666666666664
2009-11-23T00:00:00Z,56.708333333333336,46.375,49.75,56.375,61.083333333333336,60.833333333333336,56.375,44.791666666666664,55.375,48.166666666666664,49.333333333333336,52,48.541666666666664,49.666666666666664,63.291666666666664,50.333333333333336,60.166666666666664,49.291666666666664,63.416666666666664,48.75,49.416666666666664,60.833333333333336,56.375,57
2009-11-24T00:00:00Z,53.75,46.208333333333336,52.083333333333336,53.708333333333336,55.75,56.875,53.5,45.166666666666664,54.541666666666664,52.916666666666664,50.958333333333336,54.25,50.666666666666664,50.833333333333336,56.791666666666664,52.458333333333336,55.75,51.375,60,50.416666666666664,52.833333333333336,56.5,54,53.083333333333336
2009-11-25T00:00:00Z,54,46.958333333333336,50.625,52.083333333333336,54.916666666666664,53.708333333333336,51,47.75,53.125,50.708333333333336,52,52.083333333333336,50.333333333333336,51.083333333333336,54.166666666666664,51.375,52.833333333333336,48.708333333333336,56.166666666666664,49.833333333333336,50.625,53.208333333333336,54.291666666666664,52.541666666666664
2009-11-26T00:00:00Z,52.333333333333336,40.916666666666664,47.208333333333336,50.666666666666664,55.541666666666664,54.5,49.916666666666664,42.25,49.75,48,45.875,48.916666666666664,45.458333333333336,48.083333333333336,53.625,46.875,52.583333333333336,46.666666666666664,57.291666666666664,44.875,45.875,53.5,51.875,51.5
2009-11-27T00:00:00Z,46.75,40.958333333333336,44.791666666666664,47.125,47.208333333333336,47.166666666666664,46.666666666666664,37.083333333333336,46.125,43.541666666666664,43.666666666666664,45.375,44.916666666666664,42.166666666666664,50,43.5,48.125,42.875,50.208333333333336,45.125,45,46.375,45.916666666666664,45.958333333333336
2009-11-28T00:00:00Z,43.958333333333336,43.375,46.208333333333336,44,44.958333333333336,43,43.666666666666664,44.125,43.583333333333336,47.041666666666664,48.583333333333336,45.958333333333336,48.416666666666664,42.916666666666664,48.375,44.083333333333336,45.541666666666664,46.291666666666664,47.583333333333336,45.333333333333336,45.833333333333336,43.291666666666664,45.208333333333336,42.791666666666664
2009-11-29T00:00:00Z,54.875,49.208333333333336,52.5,54,54.333333333333336,53.458333333333336,52.875,54.666666666666664,55.208333333333336,53.166666666666664,54.541666666666664,54.875,52.125,52.708333333333336,57.958333333333336,53.791666666666664,54.416666666666664,51.25,58.083333333333336,49.125,51.208333333333336,53.75,56,53.125
2009-11-30T00:00:00Z,57.583333333333336,45.166666666666664,53.125,57.583333333333336,58.166666666666664,58.333333333333336,56.875,46.625,56.541666666666664,50.791666666666664,51.625,55.541666666666664,49.625,52.166666666666664,64.29166666666667,53.041666666666664,59.875,46.708333333333336,63.208333333333336,47.25,47.083333333333336,58.75,57.291666666666664,56.708333333333336
2009-12-01T00:00:00Z,43.833333333333336,41.333333333333336,42.791666666666664,46.583333333333336,45.041666666666664,45.875,45.333333333333336,42.708333333333336,44.375,42.791666666666664,43.625,43.708333333333336,43.208333333333336,42.75,49.291666666666664,41.791666666666664,46.916666666666664,42.708333333333336,48.291666666666664,41.291666666666664,44.208333333333336,46.708333333333336,49.833333333333336,44.25
2009-12-02T00:00:00Z,55.083333333333336,43.791666666666664,52.375,60.666666666666664,58.541666666666664,59.708333333333336,57.375,43.625,57.041666666666664,50.791666666666664,45.708333333333336,54.083333333333336,44.791666666666664,51.333333333333336,65.29166666666667,51.25,63.666666666666664,50.541666666666664,64.04166666666667,43.625,46.291666666666664,61.166666666666664,56.875,56.041666666666664
2009-12-03T00:00:00Z,62.875,41.875,52.458333333333336,60.458333333333336,62.625,61.416666666666664,58.833333333333336,44.208333333333336,59.958333333333336,51.708333333333336,49.416666666666664,55.958333333333336,47.791666666666664,55.458333333333336,65.20833333333333,55.041666666666664,60.708333333333336,49,63.958333333333336,45.416666666666664,49.5,61.25,62.458333333333336,59.833333333333336
2009-12-04T00:00:00Z,50,40.041666666666664,43.666666666666664,50.375,52.333333333333336,51.041666666666664,48.833333333333336,36.458333333333336,49.25,43.291666666666664,42.583333333333336,46.375,40.166666666666664,46.166666666666664,58.5,46.666666666666664,51.458333333333336,41,54.541666666666664,39.375,41.583333333333336,51.333333333333336,51.5,47.75
2009-12-05T00:00:00Z,46.791666666666664,34.666666666666664,41.625,49.291666666666664,50.833333333333336,50.041666666666664,48.291666666666664,31.625,46.708333333333336,40.041666666666664,41.333333333333336,43.291666666666664,38.833333333333336,40.791666666666664,58.375,42.458333333333336,50.25,37.166666666666664,55.541666666666664,38.833333333333336,39.791666666666664,49.541666666666664,46.75,45.625
2009-12-06T00:00:00Z,36.958333333333336,30.166666666666668,35.041666666666664,41.875,39.541666666666664,39.125,41,28.208333333333332,37.791666666666664,33.583333333333336,33.666666666666664,35.583333333333336,31.791666666666668,35.333333333333336,43.625,34.625,40.208333333333336,33.041666666666664,41.916666666666664,30.333333333333332,33.708333333333336,39.875,37.791666666666664,36.041666666666664
2009-12-07T00:00:00Z,39.291666666666664,37.125,38.708333333333336,44.916666666666664,46.541666666666664,46.375,42.416666666666664,35.791666666666664,40.458333333333336,38.208333333333336,39.916666666666664,38.333333333333336,36.833333333333336,38.041666666666664,53.625,36.5,47.125,39.125,51.583333333333336,34.541666666666664,34.5,46.125,44,39.75
2009-12-08T00:00:00Z,44.541666666666664,38.375,41.708333333333336,47.291666666666664,48.791666666666664,48.666666666666664,45.333333333333336,34.666666666666664,44.083333333333336,40.041666666666664,40.416666666666664,43.125,38.916666666666664,40.333333333333336,55.166666666666664,41.625,50.125,40.875,54.541666666666664,38.625,38.375,49.125,45.416666666666664,42.833333333333336
2009-12-09T00:00:00Z,63.5,46.958333333333336,51.916666666666664,68.79166666666667,68.5,68.45833333333333,67.5,45.208333333333336,65.58333333333333,49.583333333333336,48.916666666666664,55.583333333333336,45.958333333333336,53,67.25,54.375,69.45833333333333,48.708333333333336,69.25,43.125,46.541666666666664,68.875,66.125,65.95833333333333
2009-12-10T00:00:00Z,49.916666666666664,32.375,44,53.666666666666664,50.875,53.666666666666664,53.125,28.083333333333332,51.125,41.083333333333336,41.666666666666664,46.875,39.125,43.875,53.125,45.25,55.375,39.041666666666664,57.5,38.666666666666664,38.666666666666664,54.083333333333336,49.416666666666664,50.958333333333336
2009-12-11T00:00:00Z,32.291666666666664,24.958333333333332,31.916666666666668,36,33.833333333333336,34.541666666666664,35.083333333333336,22.625,33.833333333333336,29.708333333333332,32.583333333333336,31.875,29.166666666666668,29.875,36.75,30,37.333333333333336,32.041666666666664,38.083333333333336,27.75,28.666666666666668,35.041666666666664,34.666666666666664,33.041666666666664
2009-12-12T00:00:00Z,35.208333333333336,29.5,34.666666666666664,39.875,37.75,38.041666666666664,38.125,28.125,35.958333333333336,33.041666666666664,33.625,35.333333333333336,31.916666666666668,33.208333333333336,43.208333333333336,33.208333333333336,41.041666666666664,33.5,43.416666666666664,29.458333333333332,30.291666666666668,39.75,37.208333333333336,34.375
2009-12-13T00:00:00Z,49.916666666666664,42.75,38.125,55.166666666666664,56.125,59.333333333333336,50.666666666666664,39.125,52.791666666666664,36.375,39.625,39.291666666666664,36.708333333333336,36.958333333333336,60.458333333333336,38.041666666666664,61.958333333333336,38.291666666666664,63.083333333333336,37.25,37,59.583333333333336,52.583333333333336,53.708333333333336
2009-12-14T00:00:00Z,46.458333333333336,49.5,44.625,50.333333333333336,46.875,52.208333333333336,49.5,46.5,46.75,42.458333333333336,47.625,44.125,39.791666666666664,40.458333333333336,47.458333333333336,42.625,52.958333333333336,43.75,53.666666666666664,40.125,42.708333333333336,52.375,45.833333333333336,48.333333333333336
2009-12-15T00:00:00Z,55.458333333333336,47.416666666666664,55.416666666666664,61.583333333333336,55.375,58.916666666666664,59.25,49.125,56.625,51.125,54.958333333333336,52.166666666666664,48.625,52.416666666666664,51.5,52.25,62.125,51.708333333333336,61.083333333333336,48.583333333333336,48.791666666666664,59.875,52.541666666666664,54.083333333333336
2009-12-16T00:00:00Z,40.375,36.708333333333336,39.166666666666664,45.041666666666664,42.25,42.458333333333336,44.166666666666664,32.208333333333336,41.458333333333336,39,41.75,39.666666666666664,40.416666666666664,39.416666666666664,41.291666666666664,38.833333333333336,46.166666666666664,37.166666666666664,47.125,39.083333333333336,38.625,44.166666666666664,41.166666666666664,40
2009-12-17T00:00:00Z,32.958333333333336,35.583333333333336,38.458333333333336,38.541666666666664,36.458333333333336,35.583333333333336,38.333333333333336,36.083333333333336,35.333333333333336,37.583333333333336,38.625,38.541666666666664,38.125,34.625,39.416666666666664,36.083333333333336,38.166666666666664,37.416666666666664,40.416666666666664,35.375,39.041666666666664,37.791666666666664,36.833333333333336,32.875
2009-12-18T00:00:00Z,36.666666666666664,32.125,35.416666666666664,41.083333333333336,41.666666666666664,40.625,38.708333333333336,29.541666666666668,37.541666666666664,32.791666666666664,34.916666666666664,35.833333333333336,32.041666666666664,32.625,45.541666666666664,33.208333333333336,43.875,34.25,46.666666666666664,32.083333333333336,32.583333333333336,41.916666666666664,38.875,36.333333333333336
2009-12-19T00:00:00Z,37.666666666666664,32.916666666666664,37.041666666666664,38.958333333333336,43.125,41.541666666666664,37.833333333333336,30.208333333333332,35.916666666666664,33.208333333333336,38.75,35.333333333333336,35.375,31.291666666666668,45.916666666666664,32.666666666666664,40.916666666666664,35.125,45.583333333333336,36.041666666666664,35.041666666666664,40.333333333333336,39.166666666666664,36.833333333333336
2009-12-20T00:00:00Z,35.375,30.375,38.083333333333336,40.916666666666664,34.291666666666664,35.791666666666664,39.25,30.166666666666668,37.708333333333336,36.583333333333336,35.75,37.375,36.541666666666664,32.5,36,35.625,39.458333333333336,37.375,39.25,36.666666666666664,38.458333333333336,35.958333333333336,34.166666666666664,34.125
2009-12-21T00:00:00Z,33.625,28.666666666666668,37.125,37.875,34.333333333333336,34.958333333333336,36.541666666666664,30.375,36.208333333333336,35.541666666666664,37.166666666666664,36.25,34.083333333333336,34.625,37.375,34.708333333333336,37.75,36.291666666666664,38.708333333333336,31.916666666666668,37.333333333333336,35.083333333333336,36.416666666666664,33.166666666666664
2009-12-22T00:00:00Z,34.708333333333336,30.791666666666668,37.666666666666664,38.916666666666664,36.583333333333336,35.083333333333336,38.25,34.708333333333336,36.458333333333336,36.875,37.416666666666664,36.291666666666664,34.666666666666664,36.25,37.541666666666664,35,38.583333333333336,37.333333333333336,39.666666666666664,32.333333333333336,37.083333333333336,35.75,35.833333333333336,34.041666666666664
2009-12-23T00:00:00Z,35.833333333333336,33.666666666666664,39.5,39.458333333333336,38.125,37.541666666666664,39.625,38.125,38.041666666666664,37.666666666666664,39.916666666666664,38.833333333333336,37.375,35.5,38.208333333333336,37.041666666666664,40.375,39.666666666666664,42.25,35.25,36,38.916666666666664,36.708333333333336,35.791666666666664
2009-12-24T00:00:00Z,36.708333333333336,33.958333333333336,41.375,45.166666666666664,38.416666666666664,39.708333333333336,42.625,35.083333333333336,39.041666666666664,36.958333333333336,42.166666666666664,41.875,37.375,34.541666666666664,42.5,37.541666666666664,43.958333333333336,41.375,43.708333333333336,36.5,38.333333333333336,42.083333333333336,36.791666666666664,35.583333333333336
2009-12-25T00:00:00Z,50.416666666666664,35.875,43.541666666666664,57.291666666666664,52.916666666666664,53.791666666666664,55.5,35.5,51.375,37.5,38.666666666666664,46.708333333333336,35.791666666666664,45.25,57.083333333333336,45.25,59.083333333333336,42,59.166666666666664,35.958333333333336,37.708333333333336,56,50.458333333333336,49.583333333333336
2009-12-26T00:00:00Z,53.666666666666664,33.875,42.875,46.625,55.583333333333336,50.166666666666664,45.833333333333336,36.208333333333336,47.625,41.208333333333336,37.541666666666664,45.958333333333336,38.5,45,52.916666666666664,44.791666666666664,47.875,39.083333333333336,53,35.875,40.625,48.25,55.916666666666664,49.125
2009-12-27T00:00:00Z,43.083333333333336,36.208333333333336,40.583333333333336,46.916666666666664,46.833333333333336,46.5,45.583333333333336,37.333333333333336,44.666666666666664,39.666666666666664,41.291666666666664,42.916666666666664,39.625,42,46.791666666666664,40.625,46.333333333333336,39.208333333333336,49.833333333333336,37.291666666666664,38.25,46.375,44.583333333333336,44.625
2009-12-28T00:00:00Z,41.458333333333336,31.75,38.291666666666664,44.25,43.041666666666664,43.708333333333336,43.916666666666664,27.916666666666668,43.083333333333336,36.916666666666664,37.166666666666664,40.583333333333336,36.291666666666664,37,46.083333333333336,38.041666666666664,45.458333333333336,35.458333333333336,48.458333333333336,36.166666666666664,37.041666666666664,43.791666666666664,41.416666666666664,41.75
2009-12-29T00:00:00Z,34.958333333333336,29.291666666666668,35.041666666666664,36.125,35.75,35.708333333333336,36.375,26.625,36.166666666666664,32.833333333333336,35.958333333333336,35.25,34.25,32.583333333333336,37.125,32.125,36.375,33.583333333333336,39.166666666666664,33.083333333333336,32.875,36.25,35.041666666666664,34.25
2009-12-30T00:00:00Z,32.083333333333336,31.791666666666668,36.416666666666664,38.625,34.333333333333336,35.166666666666664,36.208333333333336,28.5,33.708333333333336,32.083333333333336,34.791666666666664,34.583333333333336,33.125,30.416666666666668,37.625,31.625,38.041666666666664,34.208333333333336,38.458333333333336,32.666666666666664,32.833333333333336,36.083333333333336,32.958333333333336,32.166666666666664
2009-12-31T00:00:00Z,40.125,40.291666666666664,39.666666666666664,46.833333333333336,44.416666666666664,48.708333333333336,44.833333333333336,39.25,41.458333333333336,38.291666666666664,37.75,41.875,35,38.25,52.083333333333336,38.958333333333336,50.083333333333336,38.625,55.833333333333336,34.541666666666664,35.375,48.791666666666664,40.666666666666664,40.541666666666664
2010-01-01T00:00:00Z,40.458333333333336,33.833333333333336,41,45.625,44.291666666666664,45.916666666666664,45,31,44.75,38.458333333333336,40.916666666666664,42.583333333333336,36.916666666666664,40.208333333333336,43.416666666666664,41.375,47.333333333333336,40.291666666666664,48.5,37.083333333333336,36.875,46.416666666666664,40.916666666666664,42.916666666666664
2010-01-02T00:00:00Z,30.833333333333332,18.833333333333332,28.041666666666668,32.5,30.75,30.666666666666668,31.666666666666668,14.791666666666666,29.916666666666668,25.208333333333332,26.875,28.791666666666668,25,26.041666666666668,31.208333333333332,26.416666666666668,32.166666666666664,27.708333333333332,33.625,25.708333333333332,24.291666666666668,30.916666666666668,29.458333333333332,28.958333333333332
2010-01-03T00:00:00Z,28.375,15.958333333333334,24.541666666666668,29.125,27.375,27.041666666666668,28.458333333333332,13.25,26.833333333333332,22.416666666666668,25.25,25.583333333333332,21.291666666666668,23.791666666666668,27,24,29.041666666666668,23,29.583333333333332,21.375,22.083333333333332,26.833333333333332,27.166666666666668,26.125
2010-01-04T00:00:00Z,28.458333333333332,17.458333333333332,26.75,28.75,28.666666666666668,27.791666666666668,29.208333333333332,15.833333333333334,27.791666666666668,24.583333333333332,26.791666666666668,28.333333333333332,24.708333333333332,26,28.833333333333332,25.583333333333332,29.666666666666668,23,31.166666666666668,25.458333333333332,25.208333333333332,27.208333333333332,29.25,27.458333333333332
2010-01-05T00:00:00Z,28.291666666666668,19.583333333333332,27.166666666666668,28.416666666666668,28.916666666666668,28.583333333333332,30.416666666666668,18.25,28.708333333333332,26.708333333333332,28.541666666666668,29.458333333333332,24.75,26.666666666666668,30.125,26.875,30.916666666666668,22.916666666666668,31.916666666666668,27.166666666666668,27.541666666666668,27.625,30.083333333333332,28
2010-01-06T00:00:00Z,27.916666666666668,22.041666666666668,29.25,30,32.666666666666664,31.125,33.041666666666664,19.25,31.208333333333332,28.708333333333332,30.416666666666668,31.625,27.166666666666668,30.416666666666668,31.583333333333332,30.041666666666668,32.916666666666664,26.25,34.083333333333336,27.333333333333332,28.583333333333332,30,33.166666666666664,30.958333333333332
2010-01-07T00:00:00Z,30.916666666666668,29.708333333333332,34.083333333333336,35.916666666666664,32.75,34.916666666666664,35.208333333333336,26.791666666666668,35.291666666666664,33.166666666666664,34.583333333333336,35.416666666666664,34.291666666666664,32.875,33.458333333333336,34.458333333333336,36.625,29.625,38.083333333333336,34.208333333333336,31.458333333333332,35.458333333333336,34,33.5
2010-01-08T00:00:00Z,30.583333333333332,15.5,27.916666666666668,37.708333333333336,35.5,36.541666666666664,36.791666666666664,12.916666666666666,35.041666666666664,26.25,25.125,30,23.333333333333332,28.208333333333332,35.583333333333336,29.333333333333332,39,24.541666666666668,41.083333333333336,21.708333333333332,24,37.458333333333336,33.541666666666664,33.5
2010-01-09T00:00:00Z,26.666666666666668,17.625,25.25,28.541666666666668,28.833333333333332,27.125,28.458333333333332,15.416666666666666,28.5,24.458333333333332,23.916666666666668,26.791666666666668,23.125,26.541666666666668,27.708333333333332,26.666666666666668,27.708333333333332,22.375,30.208333333333332,20.416666666666668,25.166666666666668,27.125,29.666666666666668,26.166666666666668
2010-01-10T00:00:00Z,26.125,20.291666666666668,27.041666666666668,29.666666666666668,27.625,27.041666666666668,29.375,18.75,29.583333333333332,26.5,26.958333333333332,27.458333333333332,25.375,27.25,28.875,27.083333333333332,28.875,22.916666666666668,30.833333333333332,21.5,26.708333333333332,27.75,28.666666666666668,25.541666666666668
2010-01-11T00:00:00Z,26.375,23.958333333333332,31.291666666666668,32.875,30.916666666666668,30.333333333333332,32.083333333333336,24.833333333333332,33.791666666666664,30.5,31.833333333333332,30.541666666666668,29.666666666666668,30,31.291666666666668,29.708333333333332,32.166666666666664,27.5,35.125,27.416666666666668,29.166666666666668,31.583333333333332,31.958333333333332,30.208333333333332
2010-01-12T00:00:00Z,27.375,26.875,33.666666666666664,36.833333333333336,34.416666666666664,36.416666666666664,36.833333333333336,22.791666666666668,36.75,32.375,32.416666666666664,35.125,31.958333333333332,33,34.041666666666664,33.166666666666664,38.291666666666664,31.333333333333332,40.291666666666664,30.458333333333332,31.666666666666668,37.041666666666664,34.375,34.666666666666664
2010-01-13T00:00:00Z,32.541666666666664,28.875,31.583333333333332,33.458333333333336,33.083333333333336,31.541666666666668,33.333333333333336,29.208333333333332,32.708333333333336,31.208333333333332,31.791666666666668,31.375,31.541666666666668,32.083333333333336,30.208333333333332,32.333333333333336,33.541666666666664,28.833333333333332,35.041666666666664,27.041666666666668,29.833333333333332,32.833333333333336,33.291666666666664,30.541666666666668
2010-01-14T00:00:00Z,37.208333333333336,33.208333333333336,38,38.083333333333336,38.5,35.583333333333336,36.583333333333336,37.666666666666664,37.375,39.333333333333336,38,39.208333333333336,36.083333333333336,37.458333333333336,36.291666666666664,38.583333333333336,37.791666666666664,33.5,38.916666666666664,33.416666666666664,37.083333333333336,36.041666666666664,35.291666666666664,36.25
2010-01-15T00:00:00Z,40.5,37.333333333333336,43.125,42.541666666666664,43.25,39.5,41.083333333333336,39.416666666666664,43.041666666666664,43.875,45.083333333333336,42.208333333333336,42.791666666666664,43.875,41.875,42.458333333333336,42.583333333333336,40.541666666666664,41.75,38.75,41.166666666666664,40.208333333333336,41.958333333333336,40.25
2010-01-16T00:00:00Z,44.875,36.875,44.208333333333336,46.5,44.416666666666664,44.416666666666664,47.083333333333336,40.833333333333336,48.541666666666664,45.833333333333336,42.958333333333336,46.958333333333336,42.583333333333336,46.291666666666664,44.333333333333336,45,47.083333333333336,42.041666666666664,49.375,39.375,43.041666666666664,44.458333333333336,42.166666666666664,44.875
2010-01-17T00:00:00Z,55.833333333333336,44.75,52.041666666666664,63.541666666666664,56.5,59.791666666666664,61.875,43.625,58.875,44.291666666666664,47.041666666666664,54.75,45.625,48.416666666666664,55.5,50.625,62.458333333333336,45.75,59.291666666666664,44.5,44.833333333333336,60.666666666666664,53.75,57.25
2010-01-18T00:00:00Z,48.583333333333336,45.375,50.875,53.75,48.833333333333336,50.75,53.708333333333336,45.791666666666664,51.583333333333336,48.041666666666664,50.958333333333336,51.25,51.166666666666664,47.666666666666664,44.791666666666664,48.416666666666664,53.666666666666664,47.541666666666664,52.916666666666664,47.666666666666664,49.541666666666664,52.166666666666664,45.458333333333336,48.958333333333336
2010-01-19T00:00:00Z,51.208333333333336,43.541666666666664,50.458333333333336,51.375,51.041666666666664,49.875,51.333333333333336,47.25,51.958333333333336,49.958333333333336,50.583333333333336,49.5,49.708333333333336,49.5,48.083333333333336,49.291666666666664,51.291666666666664,47.25,52.833333333333336,46.875,48.583333333333336,50.75,49.375,48.916666666666664
2010-01-20T00:00:00Z,44.791666666666664,44.625,53.625,55.541666666666664,45.5,51.333333333333336,54.541666666666664,48.916666666666664,49.416666666666664,48.125,55.333333333333336,52.416666666666664,52.083333333333336,45.5,47.416666666666664,50.166666666666664,53.708333333333336,50.291666666666664,51.208333333333336,49.041666666666664,47.25,53.541666666666664,40.458333333333336,50.125
2010-01-21T00:00:00Z,41.625,37.875,40.375,45.875,44.125,44.333333333333336,44.291666666666664,35.291666666666664,42.25,35.208333333333336,41.416666666666664,39.791666666666664,36.666666666666664,36.25,46.791666666666664,37.416666666666664,46.416666666666664,37.583333333333336,47.958333333333336,37.458333333333336,35.5,44.875,39.5,42.083333333333336
2010-01-22T00:00:00Z,42.375,39.125,39.333333333333336,42.916666666666664,45.541666666666664,45.208333333333336,41.833333333333336,38.083333333333336,41.291666666666664,37.958333333333336,40.416666666666664,40.75,39.416666666666664,36.458333333333336,43.958333333333336,38.041666666666664,44.5,39.375,49.583333333333336,39.375,40.291666666666664,44.916666666666664,40.5,40.791666666666664
2010-01-23T00:00:00Z,40.458333333333336,37.958333333333336,43.083333333333336,44.916666666666664,41.416666666666664,41,43.375,36.583333333333336,41.041666666666664,41.166666666666664,41.333333333333336,43.875,39.75,38.416666666666664,42.375,39.833333333333336,44.375,39.041666666666664,44.791666666666664,40.083333333333336,41.541666666666664,42.916666666666664,38.625,39.208333333333336
2010-01-24T00:00:00Z,55.416666666666664,43.333333333333336,51.833333333333336,57.875,56.458333333333336,57.416666666666664,57,38.791666666666664,56.041666666666664,49.125,44.833333333333336,54.75,40.916666666666664,51.125,51.416666666666664,51,58.666666666666664,47.291666666666664,60,40.541666666666664,42.958333333333336,57.458333333333336,54.458333333333336,55.125
2010-01-25T00:00:00Z,61.708333333333336,45.416666666666664,53.375,60.083333333333336,60.25,60.291666666666664,60.375,41.916666666666664,60.125,54.291666666666664,49.541666666666664,58.333333333333336,50.708333333333336,58.291666666666664,54.583333333333336,57.833333333333336,58.916666666666664,52.791666666666664,61.083333333333336,50.291666666666664,50.25,59.791666666666664,59.833333333333336,59.625
2010-01-26T00:00:00Z,45.833333333333336,31.458333333333332,39.958333333333336,47.25,47,46.083333333333336,46.708333333333336,28.666666666666668,45.375,38.708333333333336,37.791666666666664,41.416666666666664,36.458333333333336,40.583333333333336,46.375,40.791666666666664,47.041666666666664,38.958333333333336,50.083333333333336,36.291666666666664,37.625,46.166666666666664,46.083333333333336,45.666666666666664
2010-01-27T00:00:00Z,39.333333333333336,31.791666666666668,36.5,40.416666666666664,39.916666666666664,39.75,39.916666666666664,29.75,40.083333333333336,36,37.083333333333336,37.375,35.958333333333336,37.041666666666664,40.333333333333336,36.208333333333336,40.541666666666664,34.666666666666664,43.583333333333336,32.708333333333336,35.458333333333336,38.416666666666664,39.916666666666664,39.708333333333336
2010-01-28T00:00:00Z,43,39.5,45.541666666666664,46.333333333333336,46.208333333333336,44.583333333333336,45.083333333333336,39.5,46.166666666666664,44.666666666666664,46.333333333333336,47.416666666666664,44.25,44.041666666666664,46.916666666666664,45.583333333333336,45.083333333333336,42.791666666666664,48.75,40.666666666666664,42.958333333333336,44.916666666666664,45.458333333333336,45.291666666666664
2010-01-29T00:00:00Z,35.791666666666664,32.833333333333336,38.083333333333336,44.208333333333336,34.208333333333336,37.708333333333336,41.541666666666664,31.625,38.375,34.75,38.083333333333336,38.791666666666664,35,33.333333333333336,35.083333333333336,35.291666666666664,42.5,36.666666666666664,41.333333333333336,33.75,35.708333333333336,39.875,30.833333333333332,34.791666666666664
2010-01-30T00:00:00Z,26.625,27.125,26.333333333333332,31.375,30.708333333333332,31.541666666666668,29.791666666666668,22.166666666666668,26.625,22.083333333333332,28.375,25.916666666666668,25.375,21.291666666666668,37.375,22.166666666666668,32.166666666666664,26.625,38.125,27.125,24.291666666666668,31.208333333333332,26.25,27.916666666666668
2010-01-31T00:00:00Z,23.875,28.458333333333332,27.75,28.5,27.166666666666668,26.166666666666668,27.041666666666668,26.5,24.833333333333332,25.166666666666668,29.333333333333332,27.416666666666668,28.666666666666668,23.875,29.625,25.416666666666668,28.833333333333332,25,32.083333333333336,25.833333333333332,26.125,26.583333333333332,24.833333333333332,23.791666666666668
2010-02-01T00:00:00Z,29.958333333333332,29.916666666666668,35.125,36.458333333333336,32.5,33.583333333333336,34.083333333333336,32.041666666666664,31.75,31.25,36.333333333333336,35.166666666666664,31.958333333333332,34.458333333333336,33.5,32.041666666666664,36.041666666666664,31.708333333333332,39.833333333333336,30.375,31.083333333333332,34.791666666666664,29.791666666666668,30.333333333333332
2010-02-02T00:00:00Z,35.291666666666664,35.625,36.375,44.458333333333336,39.583333333333336,42.166666666666664,41.458333333333336,35.083333333333336,36.666666666666664,34.041666666666664,37.833333333333336,36.541666666666664,34.625,33.5,42.708333333333336,33.916666666666664,48.958333333333336,36.416666666666664,49.666666666666664,34.958333333333336,34.083333333333336,43.875,36.125,35.333333333333336
2010-02-03T00:00:00Z,38.125,35.583333333333336,40.583333333333336,42.5,40.458333333333336,40.125,42.083333333333336,33.583333333333336,39.75,38.083333333333336,41.458333333333336,39.583333333333336,38.083333333333336,38.041666666666664,39.333333333333336,38.666666666666664,42.208333333333336,38.791666666666664,45.375,37.958333333333336,38.875,40.75,37.791666666666664,37.208333333333336
2010-02-04T00:00:00Z,37.958333333333336,31.125,38.958333333333336,40.208333333333336,38,38.041666666666664,39.25,29.791666666666668,38,36.25,35.833333333333336,39.666666666666664,33.833333333333336,35.958333333333336,37.666666666666664,37.541666666666664,40.208333333333336,36.541666666666664,42.041666666666664,33,35.125,38.833333333333336,36.833333333333336,36.625
2010-02-05T00:00:00Z,39.416666666666664,32.958333333333336,36.5,48.916666666666664,42.875,46.333333333333336,44.208333333333336,31.666666666666668,41.625,33.208333333333336,34.75,38.25,33.208333333333336,34.541666666666664,44.208333333333336,35.416666666666664,51.25,35.416666666666664,51.958333333333336,34.25,34.333333333333336,48.5,38.916666666666664,40.5
2010-02-06T00:00:00Z,36.333333333333336,33.416666666666664,37.291666666666664,42.416666666666664,39.75,39.875,39.958333333333336,32.75,36.791666666666664,33.666666666666664,38.333333333333336,37.166666666666664,36.166666666666664,32,39,33.75,43.75,35.666666666666664,45.041666666666664,35.916666666666664,35.666666666666664,40.875,35.333333333333336,35.458333333333336
2010-02-07T00:00:00Z,31.416666666666668,31.416666666666668,36.25,35.666666666666664,31.583333333333332,32.666666666666664,34.791666666666664,28.666666666666668,32.666666666666664,35,38.041666666666664,37,36.541666666666664,30.333333333333332,32.5,32.458333333333336,35,35.625,36.416666666666664,34.958333333333336,34.541666666666664,33.458333333333336,29.875,30.541666666666668
2010-02-08T00:00:00Z,30.916666666666668,35.208333333333336,41.375,38.291666666666664,33.166666666666664,33.125,37.291666666666664,27.916666666666668,34.041666666666664,34.708333333333336,40.416666666666664,38.625,36.458333333333336,31.458333333333332,32.5,34.041666666666664,36.25,36.333333333333336,37.541666666666664,36.083333333333336,33.291666666666664,34.833333333333336,31.916666666666668,30.666666666666668
2010-02-09T00:00:00Z,36.541666666666664,36.458333333333336,39.083333333333336,46.416666666666664,38.083333333333336,39.083333333333336,42.208333333333336,32.208333333333336,38.083333333333336,36.083333333333336,40.041666666666664,38.833333333333336,36,35.625,38.958333333333336,36,46.458333333333336,35.416666666666664,47.416666666666664,36.333333333333336,35.916666666666664,42.5,34.458333333333336,36.458333333333336
2010-02-10T00:00:00Z,35.791666666666664,25.041666666666668,33.291666666666664,39.958333333333336,36.625,39.25,38.916666666666664,19.625,37.083333333333336,31.166666666666668,32.833333333333336,34.583333333333336,29.958333333333332,32.125,38.625,33.041666666666664,40.875,32,43.5,29.583333333333332,29.666666666666668,39.333333333333336,33.291666666666664,36.166666666666664
2010-02-11T00:00:00Z,39.208333333333336,26.5,34.625,37.916666666666664,38.416666666666664,38.208333333333336,38.333333333333336,23.291666666666668,38,33.666666666666664,35.958333333333336,36.166666666666664,32.166666666666664,34.5,37.416666666666664,34.791666666666664,38.25,32.583333333333336,41.916666666666664,32.291666666666664,31.25,37.541666666666664,38,37.416666666666664
2010-02-12T00:00:00Z,34.208333333333336,27.416666666666668,31.625,34.791666666666664,34.375,34.791666666666664,34.166666666666664,25.25,34.375,30.208333333333332,31.875,32.916666666666664,29.791666666666668,31.708333333333332,34.708333333333336,31.791666666666668,35.083333333333336,31.833333333333332,38.5,29.708333333333332,30.916666666666668,35.125,33.75,33.125
2010-02-13T00:00:00Z,32.833333333333336,25.333333333333332,32.083333333333336,35.083333333333336,32.125,31.5,34.458333333333336,22.666666666666668,33,31.875,31.333333333333332,34.75,29.708333333333332,31.541666666666668,32.208333333333336,32.625,33.333333333333336,27.708333333333332,36.208333333333336,29.166666666666668,30.375,32.041666666666664,32,30.75
2010-02-14T00:00:00Z,32.541666666666664,29.333333333333332,35.125,35.833333333333336,33.791666666666664,31.5,35,26.958333333333332,34,32.375,35,35.708333333333336,33.25,33.083333333333336,33.25,33.333333333333336,35.25,30.875,37.916666666666664,32.833333333333336,33.166666666666664,32.75,33.833333333333336,32.25
2010-02-15T00:00:00Z,42.916666666666664,31.791666666666668,39.583333333333336,43.5,44.708333333333336,44.333333333333336,43.625,28.125,43,35.625,38.583333333333336,40.791666666666664,35.458333333333336,36.25,45.833333333333336,36.541666666666664,45.125,37.791666666666664,49.416666666666664,34.291666666666664,33.208333333333336,44.833333333333336,41.625,41.875
2010-02-16T00:00:00Z,35.416666666666664,22.875,32.208333333333336,36.916666666666664,36.333333333333336,37.041666666666664,37.041666666666664,19.291666666666668,36.083333333333336,29.875,31,33.708333333333336,28.625,31.375,36.708333333333336,32.041666666666664,37.625,29.916666666666668,41.458333333333336,28.708333333333332,29.291666666666668,36.416666666666664,34.958333333333336,35.375
2010-02-17T00:00:00Z,34.833333333333336,25.458333333333332,31.791666666666668,35.958333333333336,34.958333333333336,35.125,36.208333333333336,23.291666666666668,34.75,30.416666666666668,31.666666666666668,34.583333333333336,29.875,31.875,35.416666666666664,32.5,36.625,30,39.916666666666664,29.75,31.458333333333332,35.375,35.083333333333336,34.25
2010-02-18T00:00:00Z,40.25,30.166666666666668,37.791666666666664,39.291666666666664,39.958333333333336,39.166666666666664,39.708333333333336,26.833333333333332,39.5,35.583333333333336,37.375,39.041666666666664,35.958333333333336,36.25,38.208333333333336,36.916666666666664,39.166666666666664,38.25,43.25,35.041666666666664,35.75,38.166666666666664,39.958333333333336,39
2010-02-19T00:00:00Z,41.583333333333336,37.458333333333336,42.583333333333336,41.75,41.5,41.375,42.5,33.75,41.75,39.541666666666664,45.208333333333336,40.333333333333336,41.375,39.375,40.5,38.625,42.875,40.458333333333336,44.541666666666664,38.583333333333336,39.958333333333336,41.416666666666664,41.416666666666664,41.166666666666664
2010-02-20T00:00:00Z,41.666666666666664,38.333333333333336,43.708333333333336,43.666666666666664,41.208333333333336,39.875,43.458333333333336,40.958333333333336,41.625,44.625,44.666666666666664,43.333333333333336,43.708333333333336,43.25,41.75,43.333333333333336,43.25,40.291666666666664,41.666666666666664,40.666666666666664,41.666666666666664,40.166666666666664,40.208333333333336,39.625
2010-02-21T00:00:00Z,45.958333333333336,40.541666666666664,47.916666666666664,48.416666666666664,44.708333333333336,44.875,48.75,43.708333333333336,47.625,47.625,48.458333333333336,49.5,46.666666666666664,48.666666666666664,45.333333333333336,45.958333333333336,46.875,44.916666666666664,46.5,43.666666666666664,45.666666666666664,44.458333333333336,42.166666666666664,44.875
2010-02-22T00:00:00Z,49.541666666666664,45.25,47.291666666666664,51.166666666666664,49.666666666666664,51.291666666666664,51.5,45.333333333333336,52.083333333333336,46.291666666666664,48.291666666666664,50.333333333333336,46.083333333333336,44.083333333333336,50.583333333333336,44.708333333333336,52.75,47.083333333333336,55.25,43.208333333333336,44.791666666666664,52.375,45.916666666666664,50.333333333333336
2010-02-23T00:00:00Z,46.833333333333336,41.333333333333336,50.041666666666664,53.666666666666664,47.458333333333336,48.791666666666664,52.375,41.333333333333336,48.041666666666664,47.416666666666664,48.75,51.208333333333336,47.291666666666664,43.291666666666664,46.25,46.375,51.583333333333336,48.958333333333336,51.375,47.125,46.666666666666664,49.625,44.333333333333336,45.833333333333336
2010-02-24T00:00:00Z,41.083333333333336,32.75,40.166666666666664,49.375,41.291666666666664,44.666666666666664,46.958333333333336,31.75,42.791666666666664,37.166666666666664,40.791666666666664,40.416666666666664,38.791666666666664,38.75,43.041666666666664,39.041666666666664,47.416666666666664,40.5,45.875,39.291666666666664,37.916666666666664,46.666666666666664,39.291666666666664,41.541666666666664
2010-02-25T00:00:00Z,38.208333333333336,23.875,32.833333333333336,38.625,39.25,37.541666666666664,38,20.958333333333332,36.708333333333336,32.458333333333336,31,35.541666666666664,29.791666666666668,34.333333333333336,38.041666666666664,33.958333333333336,38.875,31.916666666666668,39.125,29.833333333333332,31.125,37.333333333333336,38.708333333333336,36.625
2010-02-26T00:00:00Z,40.083333333333336,29.791666666666668,36.625,40.041666666666664,39.708333333333336,38.958333333333336,39.083333333333336,26.625,38.291666666666664,36.25,35.041666666666664,38.708333333333336,35.375,36.541666666666664,38.708333333333336,37.625,39.375,34.625,40.375,35.5,35.708333333333336,38.625,38.541666666666664,38.291666666666664
2010-02-27T00:00:00Z,38.375,32.833333333333336,40.333333333333336,42.291666666666664,39.958333333333336,40.25,41.333333333333336,28.208333333333332,40.375,37.166666666666664,39.666666666666664,40.916666666666664,38.125,37.166666666666664,40.875,38.25,41.375,35.791666666666664,42.166666666666664,38.5,36.541666666666664,39.791666666666664,39.5,38.666666666666664
2010-02-28T00:00:00Z,42.25,31.583333333333332,40.708333333333336,43.208333333333336,40,41.166666666666664,42.875,28.75,42.291666666666664,38.375,39.833333333333336,40.833333333333336,37.75,38.75,41.125,39,42.416666666666664,37.416666666666664,42.958333333333336,37.791666666666664,37.666666666666664,41.333333333333336,41.125,40.458333333333336
2010-03-01T00:00:00Z,43.625,35.5,39.041666666666664,41.833333333333336,43.708333333333336,42.833333333333336,41.291666666666664,31.5,43.208333333333336,38.75,40.375,40.708333333333336,38.583333333333336,41.458333333333336,43.791666666666664,41.25,42.541666666666664,36.125,43.791666666666664,37.791666666666664,39.625,41.333333333333336,44.166666666666664,42.083333333333336
2010-03-02T00:00:00Z,39.083333333333336,31.708333333333332,35.875,38.375,41,39.208333333333336,37.541666666666664,30.5,38.166666666666664,35.208333333333336,35.708333333333336,37.791666666666664,34.458333333333336,36.208333333333336,43.125,37.166666666666664,38.958333333333336,38.541666666666664,41.916666666666664,34.708333333333336,35.5,38,39.208333333333336,37.25
2010-03-03T00:00:00Z,38.333333333333336,30.291666666666668,39.458333333333336,40.708333333333336,39.333333333333336,38.166666666666664,40.125,29.25,38.25,36.708333333333336,37.958333333333336,40.375,37.041666666666664,37.666666666666664,39,38.583333333333336,39.791666666666664,38.833333333333336,39.458333333333336,36.333333333333336,37.833333333333336,38.333333333333336,37.583333333333336,36.708333333333336
2010-03-04T00:00:00Z,41.083333333333336,33.25,39.375,43.208333333333336,42.166666666666664,42.666666666666664,43.291666666666664,31.458333333333332,43.208333333333336,38.708333333333336,39.708333333333336,41.333333333333336,39.166666666666664,40.583333333333336,39.75,41.166666666666664,42.958333333333336,38.333333333333336,43.75,35.5,39.291666666666664,42.125,41.708333333333336,42.083333333333336
2010-03-05T00:00:00Z,41.208333333333336,35.083333333333336,39.125,41.583333333333336,40.5,39.708333333333336,42.416666666666664,31.958333333333332,41.208333333333336,38.583333333333336,41.625,40.75,39.833333333333336,39.083333333333336,40.041666666666664,40.125,40.25,38.25,41.416666666666664,38.333333333333336,39.541666666666664,40.041666666666664,40.5,39.708333333333336
2010-03-06T00:00:00Z,42.791666666666664,38.583333333333336,42.125,43.583333333333336,42.166666666666664,41.083333333333336,43.75,37.833333333333336,42.958333333333336,42.833333333333336,45.416666666666664,41.666666666666664,43.375,41.458333333333336,40.25,42.083333333333336,42.833333333333336,38.541666666666664,42.583333333333336,39.458333333333336,44.291666666666664,41.625,39.625,41.083333333333336
2010-03-07T00:00:00Z,43.416666666666664,39.958333333333336,44.958333333333336,46.416666666666664,46.208333333333336,43.958333333333336,46,42.041666666666664,44.958333333333336,45.291666666666664,46,45.458333333333336,45.333333333333336,44.958333333333336,42.291666666666664,44.041666666666664,45.5,41.291666666666664,44,41.416666666666664,44.416666666666664,43.458333333333336,44.833333333333336,43.375
2010-03-08T00:00:00Z,46.875,46.625,52.916666666666664,52.333333333333336,47.25,48.041666666666664,51.75,47.583333333333336,49.916666666666664,53.458333333333336,55.375,50.916666666666664,51.875,50.666666666666664,43.625,49.333333333333336,51.458333333333336,48.708333333333336,49.625,49.166666666666664,50.75,49.208333333333336,45.166666666666664,47.041666666666664
2010-03-09T00:00:00Z,51.708333333333336,49.791666666666664,56.708333333333336,56.208333333333336,50.208333333333336,52.916666666666664,56.25,51.416666666666664,59.791666666666664,55.625,58.458333333333336,57.416666666666664,55.875,53.5,47.791666666666664,53.625,54.833333333333336,53.25,51.833333333333336,54.416666666666664,54.541666666666664,52.791666666666664,46.833333333333336,52.916666666666664
2010-03-10T00:00:00Z,59.541666666666664,52,53.125,59.875,59.208333333333336,60.583333333333336,60.458333333333336,51.833333333333336,59.75,56,52.416666666666664,59.375,54.291666666666664,58.458333333333336,54,57.375,60.833333333333336,57,57.75,54.375,56.166666666666664,59.541666666666664,57.375,58.625
2010-03-11T00:00:00Z,61.041666666666664,48.875,54.875,60.875,59.375,60.75,61.041666666666664,48.375,60.833333333333336,55.958333333333336,50.791666666666664,58.083333333333336,50.75,57.875,56.208333333333336,57.708333333333336,59.291666666666664,51.25,61.416666666666664,51,53.666666666666664,59.625,59.791666666666664,59.25
2010-03-12T00:00:00Z,61.125,50.541666666666664,60.666666666666664,63.791666666666664,59.291666666666664,59.958333333333336,62.833333333333336,51.666666666666664,61.5,59.5,55.708333333333336,62.208333333333336,56.041666666666664,59.916666666666664,55.125,60.5,62.291666666666664,57.833333333333336,60.708333333333336,55.208333333333336,58.125,61.125,57.166666666666664,59.958333333333336
2010-03-13T00:00:00Z,59.875,42.916666666666664,52.458333333333336,59.25,62.041666666666664,60.541666666666664,58.916666666666664,45.583333333333336,58.458333333333336,52.916666666666664,50.083333333333336,54.958333333333336,49.208333333333336,55.875,53.25,55,59.25,51.875,56.5,48.583333333333336,51.5,60.416666666666664,58.458333333333336,59.416666666666664
2010-03-14T00:00:00Z,51.78260869565217,41.391304347826086,49.17391304347826,53.869565217391305,52.52173913043478,53.34782608695652,53.91304347826087,41.69565217391305,52.82608695652174,51,45.91304347826087,52.17391304347826,47.78260869565217,50.869565217391305,52,51.95652173913044,54.26086956521739,45.43478260869565,53.21739130434783,46.56521739130435,50.34782608695652,53.17391304347826,52.08695652173913,51.869565217391305
2010-03-15T00:00:00Z,51.291666666666664,42.166666666666664,52.416666666666664,55.541666666666664,50.625,52.208333333333336,55.333333333333336,40.916666666666664,53.083333333333336,50.833333333333336,50.291666666666664,53.083333333333336,50.208333333333336,51.041666666666664,49.875,51.25,55.75,49.583333333333336,53.625,49.208333333333336,50.5,53.416666666666664,48.333333333333336,50.75
2010-03-16T00:00:00Z,48.458333333333336,43.666666666666664,49.041666666666664,51.416666666666664,47.958333333333336,47.666666666666664,51.25,40.166666666666664,49.708333333333336,49.583333333333336,51.75,51.333333333333336,48.25,47.333333333333336,46.333333333333336,48.833333333333336,50.291666666666664,46.291666666666664,49.125,45.708333333333336,49.083333333333336,49.041666666666664,46.625,46.458333333333336
2010-03-17T00:00:00Z,48.75,44.875,51.375,49.791666666666664,48.666666666666664,48.583333333333336,49.708333333333336,46.5,49.875,51.25,50.125,50.208333333333336,51.416666666666664,50.666666666666664,49.041666666666664,50.208333333333336,48.75,50.625,50.041666666666664,49.708333333333336,50.958333333333336,49.208333333333336,48.458333333333336,47.666666666666664
2010-03-18T00:00:00Z,53.458333333333336,50.458333333333336,55.833333333333336,50.583333333333336,52.958333333333336,51,52.708333333333336,51.5,54.5,56.208333333333336,55.625,56.458333333333336,56,54.125,50.541666666666664,54.875,51.125,54.75,49.666666666666664,53.291666666666664,56.083333333333336,50.291666666666664,51.041666666666664,52.208333333333336
2010-03-19T00:00:00Z,54.791666666666664,53.958333333333336,58.458333333333336,58.416666666666664,56.166666666666664,55.041666666666664,54.708333333333336,55.083333333333336,56.291666666666664,58.833333333333336,59.125,57.125,58.875,56.5,52.291666666666664,57.916666666666664,59.125,52.916666666666664,56.625,54.208333333333336,58.875,57.833333333333336,54.208333333333336,54.083333333333336
2010-03-20T00:00:00Z,58.125,51.583333333333336,61.041666666666664,59.75,61.375,57.5,60.333333333333336,55.291666666666664,60.75,60.333333333333336,60.208333333333336,60.75,58.625,59.083333333333336,51.916666666666664,59.708333333333336,59,55.166666666666664,57.291666666666664,54.958333333333336,58.041666666666664,58.666666666666664,61.375,58.791666666666664
2010-03-21T00:00:00Z,63.583333333333336,48.291666666666664,56.75,59.333333333333336,62.625,60.875,60,51.75,61.333333333333336,58.333333333333336,54.625,61.291666666666664,54.25,61.083333333333336,57.666666666666664,60.375,59.791666666666664,57.625,61.166666666666664,51.375,55.875,60.708333333333336,62.208333333333336,61.541666666666664
2010-03-22T00:00:00Z,63.208333333333336,38.541666666666664,48.583333333333336,57.875,61.416666666666664,60.458333333333336,57.875,42.416666666666664,59.833333333333336,52.375,43.5,54.583333333333336,46.041666666666664,58.791666666666664,57.333333333333336,57.208333333333336,58.541666666666664,50.291666666666664,59.125,45.833333333333336,50.416666666666664,59.291666666666664,60.708333333333336,60.958333333333336
2010-03-23T00:00:00Z,52.333333333333336,43.041666666666664,49.541666666666664,53.541666666666664,52.125,53.041666666666664,53.166666666666664,40.125,53.625,49,48.916666666666664,51.083333333333336,48.5,48.958333333333336,52.125,50.333333333333336,53.25,47.583333333333336,51.708333333333336,48.291666666666664,46.916666666666664,52.833333333333336,51.125,52.791666666666664
2010-03-24T00:00:00Z,58,53.25,57.916666666666664,58.125,58.25,58.583333333333336,58.041666666666664,51.25,58.791666666666664,57.291666666666664,58.916666666666664,57.333333333333336,59.708333333333336,56.166666666666664,56.708333333333336,55.833333333333336,58.833333333333336,54.083333333333336,56.958333333333336,54.791666666666664,58.083333333333336,58.75,56.875,58.5
2010-03-25T00:00:00Z,62.166666666666664,49.791666666666664,59.541666666666664,61.166666666666664,62.791666666666664,59.916666666666664,61.666666666666664,53.625,62.458333333333336,59,57.708333333333336,64.58333333333333,56.541666666666664,60.208333333333336,62.083333333333336,61.083333333333336,61.625,58.25,61.416666666666664,53.583333333333336,56.541666666666664,60.458333333333336,61.833333333333336,61.25
2010-03-26T00:00:00Z,56.458333333333336,46.666666666666664,57.5,62.625,57.458333333333336,59.708333333333336,60.958333333333336,44.25,58.416666666666664,52.666666666666664,54.75,55,53.666666666666664,50.875,57.708333333333336,53.833333333333336,63.333333333333336,55.5,58,53.166666666666664,50.875,61.791666666666664,53.458333333333336,56.958333333333336
2010-03-27T00:00:00Z,44.083333333333336,43.791666666666664,49.041666666666664,50.75,45.958333333333336,47.125,49.958333333333336,40.125,47.166666666666664,45,49,45.958333333333336,45.75,43,46.125,44.458333333333336,48.833333333333336,48.041666666666664,48.041666666666664,43.583333333333336,44.583333333333336,48.791666666666664,42.916666666666664,44.208333333333336
2010-03-28T00:00:00Z,57.166666666666664,47.5,55.125,58.958333333333336,57.708333333333336,57.541666666666664,57.625,43.625,56.416666666666664,50.458333333333336,51.25,54.041666666666664,46.541666666666664,51.458333333333336,53.625,53,57.291666666666664,49.333333333333336,58.75,45.666666666666664,45.666666666666664,57.416666666666664,55.25,55.791666666666664
2010-03-29T00:00:00Z,59.083333333333336,48.041666666666664,57,62.791666666666664,59.416666666666664,61.083333333333336,62.625,49,60.541666666666664,54.25,55.416666666666664,58.416666666666664,52.5,56.75,58,58.041666666666664,62.333333333333336,54.958333333333336,61.708333333333336,50.833333333333336,52,62.041666666666664,55.5,58.541666666666664
2010-03-30T00:00:00Z,58.375,48.375,57.5,60.791666666666664,57.375,59.25,61.166666666666664,47.791666666666664,60.083333333333336,56.166666666666664,56.583333333333336,58.958333333333336,54.375,57.708333333333336,56.416666666666664,58.375,60.958333333333336,54.708333333333336,59.208333333333336,52.458333333333336,56,59.708333333333336,55.041666666666664,58.291666666666664
2010-03-31T00:00:00Z,60.916666666666664,52.25,59.958333333333336,61.25,60.708333333333336,58.791666666666664,63.416666666666664,54.916666666666664,61.125,61.958333333333336,60.166666666666664,60.916666666666664,59.708333333333336,60.166666666666664,56.833333333333336,60.625,61.916666666666664,55.25,58.708333333333336,55.75,60.458333333333336,60.125,59.125,60.291666666666664
2010-04-01T00:00:00Z,62.75,59.75,67.625,66.54166666666667,57.416666666666664,61.333333333333336,66.5,66.08333333333333,64.875,67.5,66.83333333333333,67.25,66.04166666666667,65.625,55.333333333333336,64.75,64.66666666666667,62.666666666666664,60.583333333333336,60.875,64.75,61.875,56.458333333333336,62.416666666666664
2010-04-02T00:00:00Z,64.70833333333333,62,71.04166666666667,67.29166666666667,56.916666666666664,63,68.04166666666667,68.125,68.66666666666667,70.75,69.875,73.70833333333333,68.04166666666667,69.625,55,68.91666666666667,64.29166666666667,65.20833333333333,62.208333333333336,65.16666666666667,68.33333333333333,63.375,57.208333333333336,65.5
2010-04-03T00:00:00Z,66.41666666666667,61.916666666666664,66.45833333333333,65.375,60.125,65.20833333333333,65.70833333333333,66.29166666666667,67.04166666666667,68.25,67.08333333333333,67.5,66.66666666666667,67.16666666666667,57.916666666666664,66.83333333333333,63.125,67.54166666666667,62.583333333333336,64.16666666666667,67.08333333333333,65.29166666666667,59.833333333333336,66.58333333333333
2010-04-04T00:00:00Z,70.33333333333333,62.833333333333336,69.41666666666667,68.5,66.25,67.875,69.83333333333333,65.45833333333333,70.54166666666667,69.04166666666667,69.16666666666667,68.83333333333333,67.41666666666667,67.79166666666667,60.125,68.91666666666667,68.16666666666667,66.08333333333333,65.54166666666667,65.25,66.75,66.79166666666667,62.541666666666664,70.29166666666667
2010-04-05T00:00:00Z,73.54166666666667,66.16666666666667,73.125,71.29166666666667,71.125,70.5,72.70833333333333,63.75,73.91666666666667,72.70833333333333,74,72.58333333333333,71.625,72.16666666666667,62.708333333333336,72.41666666666667,71.08333333333333,68.66666666666667,66.79166666666667,68.45833333333333,71.58333333333333,69.54166666666667,71.83333333333333,73.375
2010-04-06T00:00:00Z,78.45833333333333,68.875,76,72.33333333333333,73.29166666666667,71.54166666666667,73.58333333333333,62.625,75.45833333333333,76.83333333333333,75.625,79.79166666666667,75.70833333333333,75.375,64.625,76.04166666666667,71.125,73.625,65.58333333333333,74.91666666666667,75.66666666666667,71.04166666666667,77.91666666666667,75.04166666666667
2010-04-07T00:00:00Z,77.70833333333333,68.33333333333333,72.08333333333333,71.41666666666667,73.625,70.54166666666667,72.125,61.583333333333336,73.58333333333333,73.95833333333333,72.58333333333333,76.25,73.70833333333333,75.20833333333333,64.70833333333333,75,70.375,71.375,65.33333333333333,74.58333333333333,71.875,69.66666666666667,77.375,73.58333333333333
2010-04-08T00:00:00Z,74.66666666666667,59.333333333333336,66.95833333333333,70.70833333333333,70.91666666666667,69.58333333333333,71.16666666666667,61.041666666666664,71.58333333333333,66.29166666666667,65.08333333333333,69.875,63.666666666666664,69.70833333333333,66.45833333333333,70.25,70.41666666666667,69.54166666666667,66.5,64.08333333333333,63.583333333333336,68.95833333333333,73.25,71.16666666666667
2010-04-09T00:00:00Z,59.291666666666664,50.666666666666664,58.166666666666664,63.208333333333336,59.208333333333336,61,62.083333333333336,51.541666666666664,60.625,56.041666666666664,57.208333333333336,57.458333333333336,54.583333333333336,56.125,61.208333333333336,55.791666666666664,63.875,56.166666666666664,62.708333333333336,55.166666666666664,55.333333333333336,61.875,58.041666666666664,58.541666666666664
2010-04-10T00:00:00Z,54.083333333333336,54.166666666666664,57,57.416666666666664,55.541666666666664,55.708333333333336,57.458333333333336,47.5,56.791666666666664,56.166666666666664,59.25,55.333333333333336,56.083333333333336,53.833333333333336,57.75,54.666666666666664,55.458333333333336,52.5,57.333333333333336,55.916666666666664,55.208333333333336,55.958333333333336,54.625,53.541666666666664
2010-04-11T00:00:00Z,58.791666666666664,54.708333333333336,60.5,58.083333333333336,60,56.333333333333336,59.333333333333336,47.625,58.833333333333336,60.083333333333336,59.25,58.833333333333336,58.416666666666664,58.5,59.75,58.083333333333336,57.333333333333336,54.666666666666664,58.25,54.958333333333336,58.458333333333336,56.583333333333336,60.166666666666664,58.916666666666664
2010-04-12T00:00:00Z,63.333333333333336,57.833333333333336,63.5,61.833333333333336,60.958333333333336,60.333333333333336,62.833333333333336,55.333333333333336,63.625,64.33333333333333,63.666666666666664,62.75,62.583333333333336,61.583333333333336,63.291666666666664,61.708333333333336,60.541666666666664,57.916666666666664,62.25,58.333333333333336,62.083333333333336,60.083333333333336,58.291666666666664,63.333333333333336
2010-04-13T00:00:00Z,61.166666666666664,60.708333333333336,65.41666666666667,62.875,58.875,61.208333333333336,63.458333333333336,63.125,64.20833333333333,64.79166666666667,65.125,67,64.04166666666667,62.333333333333336,63.5,63.458333333333336,61.166666666666664,61.041666666666664,62.208333333333336,61.166666666666664,62.666666666666664,60.958333333333336,56.541666666666664,62
2010-04-14T00:00:00Z,54.375,57.458333333333336,55.333333333333336,56.583333333333336,52.708333333333336,55.5,56.416666666666664,52.833333333333336,55.375,52.208333333333336,59.125,54,53.083333333333336,49.791666666666664,56.041666666666664,52.458333333333336,57.041666666666664,62.25,57.416666666666664,54.875,52.083333333333336,57.625,51.625,52.833333333333336
2010-04-15T00:00:00Z,54.166666666666664,60.541666666666664,61.208333333333336,57.625,53.75,55.291666666666664,57,60.208333333333336,56.833333333333336,60.541666666666664,61.125,59.041666666666664,61.375,55.666666666666664,56.625,56.333333333333336,55.916666666666664,61.458333333333336,56.791666666666664,58.833333333333336,57.791666666666664,55.166666666666664,55.416666666666664,53.541666666666664
2010-04-16T00:00:00Z,71.04166666666667,64.625,69.54166666666667,67.70833333333333,69.20833333333333,67.04166666666667,68.375,69.625,69.95833333333333,69.875,70.625,69.91666666666667,69.08333333333333,69.95833333333333,63.666666666666664,70.20833333333333,66.33333333333333,67.625,64.04166666666667,68.91666666666667,69.83333333333333,66.45833333333333,71.41666666666667,69.16666666666667
2010-04-17T00:00:00Z,68.91666666666667,61.5,68.20833333333333,72.83333333333333,68.54166666666667,70.625,72.375,58.458333333333336,71.5,66.125,68.70833333333333,67.70833333333333,68.16666666666667,65.125,65.79166666666667,67.04166666666667,71.91666666666667,66.25,65.70833333333333,68.79166666666667,65.45833333333333,71.29166666666667,65.875,69.33333333333333
2010-04-18T00:00:00Z,54.083333333333336,53.916666666666664,58.666666666666664,61.208333333333336,54.291666666666664,57.458333333333336,60.916666666666664,49.666666666666664,57.916666666666664,55.083333333333336,60.291666666666664,54.958333333333336,56.25,51.666666666666664,53,53.583333333333336,58.958333333333336,55.666666666666664,58.041666666666664,54.333333333333336,53.625,58.75,54,54.458333333333336
2010-04-19T00:00:00Z,53.25,51.458333333333336,56.583333333333336,56.791666666666664,52.208333333333336,55.166666666666664,56.666666666666664,53.291666666666664,55.125,56.125,57.541666666666664,54.833333333333336,54.75,52.041666666666664,53.541666666666664,53.666666666666664,55.25,52.916666666666664,56.5,51.083333333333336,56.458333333333336,55.166666666666664,54.5,53.041666666666664
2010-04-20T00:00:00Z,56.958333333333336,50,58.75,59.708333333333336,56.875,57.666666666666664,60.25,52.666666666666664,59.083333333333336,58.5,55.791666666666664,57.875,55.125,57.625,55.583333333333336,58.166666666666664,58.291666666666664,57.375,58.125,54.25,57.208333333333336,57.541666666666664,58.5,58.75
2010-04-21T00:00:00Z,55.833333333333336,53.5,59.625,61.208333333333336,57,57.208333333333336,59.708333333333336,52.208333333333336,57.125,58.166666666666664,60.708333333333336,57.916666666666664,58.041666666666664,56.166666666666664,55.75,56.916666666666664,60.958333333333336,60.291666666666664,60.625,56.666666666666664,58.416666666666664,58.708333333333336,57.125,55.916666666666664
2010-04-22T00:00:00Z,58,54.041666666666664,61.708333333333336,63,58.708333333333336,60.75,63.208333333333336,57.791666666666664,61.958333333333336,61.625,62.625,61.666666666666664,59.958333333333336,59.5,58.541666666666664,60.333333333333336,63.333333333333336,57.333333333333336,60.541666666666664,55.291666666666664,58.5,61.041666666666664,59.333333333333336,58.666666666666664
2010-04-23T00:00:00Z,64.70833333333333,64.16666666666667,68.125,66.83333333333333,63.958333333333336,63.458333333333336,66.125,60.666666666666664,62.916666666666664,61.583333333333336,70.79166666666667,61.833333333333336,64.29166666666667,61.375,62.625,59.708333333333336,66.5,64.58333333333333,65.95833333333333,63.333333333333336,59.125,64.70833333333333,61.875,64.20833333333333
2010-04-24T00:00:00Z,63.458333333333336,60,64.875,67.33333333333333,61.583333333333336,65.29166666666667,67,58.916666666666664,66.875,64.04166666666667,62.708333333333336,65.91666666666667,62.041666666666664,63.291666666666664,61.583333333333336,64.41666666666667,67.29166666666667,66.29166666666667,66.125,62.125,63.083333333333336,66.125,59,64.70833333333333
2010-04-25T00:00:00Z,73.41666666666667,64.79166666666667,70.375,71.33333333333333,70.625,69.83333333333333,70.875,63.416666666666664,71.45833333333333,69.08333333333333,69.25,71.33333333333333,67.95833333333333,68.95833333333333,62.166666666666664,69.83333333333333,70.70833333333333,68.41666666666667,68.33333333333333,68.25,67,70.54166666666667,71.16666666666667,70.66666666666667
2010-04-26T00:00:00Z,71.54166666666667,57.208333333333336,65.16666666666667,72.79166666666667,70.95833333333333,73.70833333333333,72.875,54.75,72.375,65.20833333333333,63.166666666666664,67.29166666666667,62.708333333333336,66.79166666666667,63.166666666666664,67.95833333333333,72.95833333333333,64,68.29166666666667,62.916666666666664,63.291666666666664,72.625,69.70833333333333,71.25
2010-04-27T00:00:00Z,59.458333333333336,49.791666666666664,55.125,62.333333333333336,59.666666666666664,64.125,62.083333333333336,46.125,63.583333333333336,56.625,57.333333333333336,58.125,53.583333333333336,58.25,63.625,58.625,63.208333333333336,56.166666666666664,65.41666666666667,54.458333333333336,54,62.791666666666664,58.541666666666664,61
2010-04-28T00:00:00Z,55.791666666666664,49.5,53.625,57.458333333333336,54.958333333333336,57.25,58.208333333333336,47.041666666666664,57.583333333333336,54.083333333333336,56.708333333333336,53.75,53.041666666666664,53.083333333333336,56.125,54.125,58.416666666666664,52.041666666666664,59.625,53.208333333333336,53.541666666666664,57.708333333333336,55.375,54.875
2010-04-29T00:00:00Z,56.708333333333336,53.083333333333336,57.708333333333336,60.125,58.375,57.916666666666664,60.791666666666664,53,60,58.416666666666664,58.25,57.291666666666664,56.333333333333336,56.208333333333336,57.166666666666664,56.791666666666664,60.541666666666664,53.208333333333336,60.75,52.75,55.666666666666664,58.416666666666664,58.208333333333336,57.75
2010-04-30T00:00:00Z,69.20833333333333,62.5,66.20833333333333,68.70833333333333,68.625,67.54166666666667,68.875,64.66666666666667,72.5,67.375,66.70833333333333,68.41666666666667,64.58333333333333,66.45833333333333,64.875,66.04166666666667,69.08333333333333,61.75,67.33333333333333,61.333333333333336,64.04166666666667,67.16666666666667,69.41666666666667,68.66666666666667
2010-05-01T00:00:00Z,77.33333333333333,64.875,71.58333333333333,75.25,75.58333333333333,74.08333333333333,75.33333333333333,69.45833333333333,76.45833333333333,72.95833333333333,68.875,75.20833333333333,68.54166666666667,74.04166666666667,68.29166666666667,74.25,73.75,66.91666666666667,70.25,66.91666666666667,68.91666666666667,72.95833333333333,77.20833333333333,74.58333333333333
2010-05-02T00:00:00Z,82.58333333333333,73.04166666666667,79.25,79.25,78.54166666666667,78.16666666666667,79.70833333333333,72.70833333333333,80.70833333333333,79.33333333333333,76.625,80.83333333333333,76.58333333333333,79.66666666666667,68.04166666666667,80.41666666666667,77.33333333333333,76.41666666666667,71.04166666666667,75.16666666666667,77.83333333333333,77.125,80.95833333333333,79.875
2010-05-03T00:00:00Z,78.5,69.375,72.95833333333333,78.08333333333333,77.54166666666667,77.54166666666667,78.58333333333333,68.75,78.75,72.79166666666667,72.04166666666667,74.08333333333333,71.91666666666667,74.41666666666667,69.41666666666667,74.625,76.58333333333333,71.875,71.91666666666667,73.625,73.29166666666667,77.20833333333333,79.125,78
2010-05-04T00:00:00Z,74.16666666666667,67.91666666666667,73.375,73.625,73.04166666666667,73.29166666666667,73.29166666666667,69.41666666666667,72.91666666666667,73.79166666666667,73.08333333333333,73.08333333333333,70.70833333333333,72.54166666666667,68.79166666666667,69.875,73.375,72.45833333333333,70.58333333333333,69.79166666666667,72.41666666666667,73.54166666666667,74.79166666666667,71.625
2010-05-05T00:00:00Z,73.33333333333333,65.33333333333333,72.45833333333333,73.625,71.25,73.25,73.375,66.75,73.04166666666667,72.66666666666667,72.25,72.83333333333333,70.41666666666667,71.625,68.54166666666667,71.625,72.20833333333333,70.66666666666667,71.54166666666667,67.16666666666667,70.5,73.04166666666667,72.33333333333333,72.79166666666667
2010-05-06T00:00:00Z,78.625,68.70833333333333,75.125,75.375,76.125,73.45833333333333,76.66666666666667,71.91666666666667,77.75,75.875,72.66666666666667,76.91666666666667,74.33333333333333,75.29166666666667,71.08333333333333,77.70833333333333,73.70833333333333,72.66666666666667,72.125,72.45833333333333,73.875,72.375,77.45833333333333,75.875
2010-05-07T00:00:00Z,73.29166666666667,67.625,77.33333333333333,78.25,71.25,74.75,78.45833333333333,63.916666666666664,78.25,75.45833333333333,73.79166666666667,77.79166666666667,72.33333333333333,72.45833333333333,71.33333333333333,76.75,76.04166666666667,73.375,73.625,71.75,72,74.125,69.54166666666667,74.75
2010-05-08T00:00:00Z,79.29166666666667,64.70833333333333,75.04166666666667,80.33333333333333,78,79.83333333333333,80.625,70.70833333333333,80.20833333333333,74.45833333333333,74.41666666666667,76.25,70.83333333333333,74.70833333333333,72.5,76.08333333333333,78.875,73.16666666666667,74.375,70,68.91666666666667,79.625,77.66666666666667,78.45833333333333
2010-05-09T00:00:00Z,60.583333333333336,52.5,60.083333333333336,63.25,60.875,62.916666666666664,63.25,52.125,63.041666666666664,57.875,60.291666666666664,58.708333333333336,57.166666666666664,57.5,63.041666666666664,58.541666666666664,63.875,58.375,63.666666666666664,56.583333333333336,55.916666666666664,63.458333333333336,61.5,60.625
2010-05-10T00:00:00Z,56,49.166666666666664,57.833333333333336,60.666666666666664,56.75,58.458333333333336,60.958333333333336,48.25,58.625,56.625,55.833333333333336,55.708333333333336,54.208333333333336,53.625,56.75,55.916666666666664,58.75,54.75,59.916666666666664,52.166666666666664,54.625,59.125,56.625,55.583333333333336
2010-05-11T00:00:00Z,60.583333333333336,53.541666666666664,61.458333333333336,65.29166666666667,59,63.75,63.25,51.875,63.583333333333336,59.041666666666664,58.125,60.208333333333336,55.625,58.916666666666664,60,60.208333333333336,64.66666666666667,57.833333333333336,64.125,54.625,55.958333333333336,64.33333333333333,57.583333333333336,62.166666666666664
2010-05-12T00:00:00Z,73.33333333333333,66.5,70.625,71.91666666666667,73.45833333333333,73.125,71.29166666666667,59.958333333333336,74.54166666666667,71.125,69.91666666666667,72.04166666666667,68.58333333333333,70.75,67.625,72.08333333333333,72.83333333333333,69.375,71.70833333333333,61.125,63.041666666666664,72.70833333333333,72.33333333333333,73.20833333333333
2010-05-13T00:00:00Z,64.41666666666667,68.66666666666667,76,75.58333333333333,60.791666666666664,68.04166666666667,76.125,69.70833333333333,70.58333333333333,71.58333333333333,75.33333333333333,75.75,73.45833333333333,62.833333333333336,64.79166666666667,70.5,74.125,73.375,69.33333333333333,71.75,68.875,71.08333333333333,57.791666666666664,65.16666666666667
2010-05-14T00:00:00Z,76.45833333333333,71.54166666666667,77.79166666666667,75.41666666666667,75.33333333333333,74,76.25,71.25,78.58333333333333,76.75,76.95833333333333,76.83333333333333,74.375,75.41666666666667,67.33333333333333,77.54166666666667,75.20833333333333,74.91666666666667,72.20833333333333,73.54166666666667,73.20833333333333,73.95833333333333,74.16666666666667,77.20833333333333
2010-05-15T00:00:00Z,80.54166666666667,67.83333333333333,76.875,76.33333333333333,74.875,77.54166666666667,77.875,67.75,80.66666666666667,76.79166666666667,74.91666666666667,76.83333333333333,72.66666666666667,77,69.54166666666667,79.33333333333333,76.25,73.95833333333333,73.04166666666667,71.04166666666667,71.95833333333333,75.83333333333333,73.25,79.125
2010-05-16T00:00:00Z,70.45833333333333,65.45833333333333,75.75,75.66666666666667,67.95833333333333,73.375,76.58333333333333,63.416666666666664,74.75,69.70833333333333,71.5,74.33333333333333,69.58333333333333,67.66666666666667,69.83333333333333,71.75,75.54166666666667,71.70833333333333,72.875,72.08333333333333,68.83333333333333,73.875,66.375,71.625
2010-05-17T00:00:00Z,63.75,66.25,68.41666666666667,72.41666666666667,64.25,71.41666666666667,72.625,60.166666666666664,70.29166666666667,60.5,69.95833333333333,65.625,63.791666666666664,58.625,68.83333333333333,63.291666666666664,73,66.04166666666667,73.375,71,60.375,72.5,60.291666666666664,67.375
2010-05-18T00:00:00Z,59.833333333333336,65.875,63.625,68.83333333333333,65.08333333333333,66.95833333333333,66.875,60.875,62.416666666666664,59.041666666666664,66.91666666666667,60.583333333333336,60.625,56.083333333333336,67.29166666666667,57.666666666666664,71.04166666666667,61.625,71.5,62.208333333333336,59.166666666666664,68.375,61.25,61.791666666666664
2010-05-19T00:00:00Z,63,62.166666666666664,68.20833333333333,72,61.958333333333336,66.08333333333333,69.5,59.708333333333336,65.58333333333333,63.875,68.95833333333333,63.833333333333336,66.29166666666667,61.583333333333336,63.083333333333336,61.75,69.70833333333333,67.04166666666667,66.875,62.791666666666664,64.75,67.45833333333333,60.75,62.958333333333336
2010-05-20T00:00:00Z,67.41666666666667,62.625,69.75,71.66666666666667,66.08333333333333,68.58333333333333,70.20833333333333,60.375,67.875,67.875,67.875,67.20833333333333,66.20833333333333,66.08333333333333,65.33333333333333,67,69.58333333333333,66.08333333333333,68.5,64.66666666666667,66.75,69.08333333333333,67.20833333333333,65.95833333333333
2010-05-21T00:00:00Z,69.91666666666667,61.166666666666664,68.41666666666667,71.08333333333333,67.66666666666667,68.20833333333333,71.95833333333333,59.416666666666664,70.91666666666667,69.125,66.45833333333333,68.875,63.583333333333336,69,66.125,68.70833333333333,70,64.625,68.08333333333333,61.333333333333336,64.79166666666667,68.625,69.20833333333333,69.58333333333333
2010-05-22T00:00:00Z,72.33333333333333,67.45833333333333,71.875,71.5,70.20833333333333,70.125,72.41666666666667,65.25,72.70833333333333,69.79166666666667,71.75,71.125,69.875,69.125,70.45833333333333,70.08333333333333,70.95833333333333,70.625,70.58333333333333,69,67.83333333333333,70.70833333333333,70.125,72.45833333333333
2010-05-23T00:00:00Z,70.45833333333333,69.875,76.29166666666667,71.29166666666667,70.5,70.625,71.33333333333333,67.75,70.95833333333333,71.70833333333333,76.25,73.125,73.54166666666667,69.29166666666667,71.75,69.95833333333333,71.95833333333333,74.41666666666667,72.29166666666667,72.75,71.5,72.125,69.95833333333333,70.29166666666667
2010-05-24T00:00:00Z,71.04166666666667,65.29166666666667,69.25,69.125,70,72.54166666666667,67.70833333333333,63.083333333333336,70.875,67.625,70.79166666666667,69.125,68.95833333333333,67,70.58333333333333,68.41666666666667,70.33333333333333,68.95833333333333,72.75,68.625,68.66666666666667,72.20833333333333,65.625,69.625
2010-05-25T00:00:00Z,72,66.625,70.70833333333333,71.5,69.5,72.04166666666667,70.70833333333333,65.45833333333333,71.91666666666667,69.66666666666667,71.25,71.29166666666667,70.45833333333333,67.95833333333333,70,70.16666666666667,71.875,70.33333333333333,73.08333333333333,69.83333333333333,69.83333333333333,72.54166666666667,67.75,70.375
2010-05-26T00:00:00Z,73.58333333333333,67.125,72.5,72.75,71.08333333333333,71.125,72.66666666666667,69.5,72.20833333333333,72.45833333333333,74.20833333333333,71.66666666666667,72.125,68.95833333333333,68.625,70.83333333333333,70.5,71.33333333333333,71.29166666666667,71,73,69.66666666666667,70.66666666666667,70.625
2010-05-27T00:00:00Z,73.54166666666667,69.20833333333333,75.625,76.125,71.58333333333333,75.95833333333333,76.25,72.875,77.33333333333333,77.79166666666667,77.70833333333333,74.625,75.95833333333333,75.83333333333333,72.04166666666667,76.79166666666667,74.79166666666667,74.16666666666667,74.41666666666667,74.08333333333333,77.04166666666667,74.95833333333333,70.08333333333333,75.29166666666667
2010-05-28T00:00:00Z,73.83333333333333,69.29166666666667,73.83333333333333,74.79166666666667,71,74.41666666666667,74.54166666666667,68.25,76.91666666666667,74.04166666666667,76.625,75.25,72.66666666666667,71.79166666666667,72,74.20833333333333,74.16666666666667,71.95833333333333,74.54166666666667,70.75,73.75,74.54166666666667,70.04166666666667,74.125
2010-05-29T00:00:00Z,75.125,68.83333333333333,71.16666666666667,74.29166666666667,73.75,73.91666666666667,73.625,67.45833333333333,73.125,72.29166666666667,70.91666666666667,73.08333333333333,71.75,71.75,71.66666666666667,71.29166666666667,73.45833333333333,71.625,74.20833333333333,71.20833333333333,71.54166666666667,73.54166666666667,74.41666666666667,73.83333333333333
2010-05-30T00:00:00Z,78.41666666666667,68.875,74.54166666666667,75.875,76.54166666666667,75.20833333333333,77.16666666666667,68.83333333333333,76.66666666666667,76.33333333333333,71.08333333333333,77.66666666666667,73.83333333333333,76.41666666666667,73.125,76,75.41666666666667,74.20833333333333,75.79166666666667,71.83333333333333,74.04166666666667,74.75,76.45833333333333,75.66666666666667
2010-05-31T00:00:00Z,79.875,66.58333333333333,70.41666666666667,76.20833333333333,79.25,77.5,76.41666666666667,67.125,78.54166666666667,71.41666666666667,69.875,73.04166666666667,69.5,75.54166666666667,74.375,74.125,76.58333333333333,69.33333333333333,76.66666666666667,68.58333333333333,70.70833333333333,76.375,80.83333333333333,78
2010-06-01T00:00:00Z,77.20833333333333,69.41666666666667,75.5,75.08333333333333,76.70833333333333,74.75,73.75,69.625,75.58333333333333,75.45833333333333,73.91666666666667,75.54166666666667,72.20833333333333,74.625,72.66666666666667,73.29166666666667,75.04166666666667,73.83333333333333,75.75,70.58333333333333,72.25,74.20833333333333,77.5,75.375
2010-06-02T00:00:00Z,78.08333333333333,68.54166666666667,75.625,74.58333333333333,75.875,74.95833333333333,74.41666666666667,68.91666666666667,76.66666666666667,74.41666666666667,72.83333333333333,74.95833333333333,71.625,75.54166666666667,73.125,73.45833333333333,74.16666666666667,73.70833333333333,77.25,71.29166666666667,73.20833333333333,74.5,76.5,74.66666666666667
2010-06-03T00:00:00Z,79.25,72.29166666666667,75.20833333333333,75.375,79.04166666666667,77.75,75.5,72.5,77.04166666666667,75.91666666666667,76.04166666666667,76.20833333333333,73.5,76.41666666666667,73.5,75.45833333333333,76.04166666666667,75.70833333333333,77.41666666666667,73.54166666666667,73.41666666666667,76.20833333333333,79.04166666666667,76.5
2010-06-04T00:00:00Z,81.95833333333333,70.91666666666667,78.04166666666667,80.625,80.41666666666667,78.08333333333333,80.70833333333333,72.08333333333333,81.45833333333333,78.875,77.08333333333333,79.625,76.125,79.54166666666667,73.16666666666667,79.16666666666667,80.54166666666667,76.20833333333333,78.70833333333333,74.58333333333333,75.54166666666667,80.16666666666667,80.875,80.70833333333333
2010-06-05T00:00:00Z,84.83333333333333,72.58333333333333,78.95833333333333,82.04166666666667,83.20833333333333,81.66666666666667,82.41666666666667,75,83.45833333333333,79.75,78.83333333333333,81.25,77.125,81.45833333333333,74.29166666666667,81.41666666666667,82.45833333333333,78.70833333333333,79.20833333333333,76.70833333333333,78.08333333333333,81.54166666666667,84.83333333333333,82.66666666666667
2010-06-06T00:00:00Z,84.375,72.75,80.16666666666667,83.16666666666667,84.20833333333333,84.16666666666667,83.91666666666667,72.08333333333333,85.41666666666667,79.25,80.16666666666667,81.45833333333333,77.54166666666667,79.79166666666667,75.125,80.16666666666667,82.91666666666667,79.08333333333333,80.29166666666667,76.79166666666667,76.79166666666667,83.95833333333333,83.95833333333333,83.875
2010-06-07T00:00:00Z,74.33333333333333,68.04166666666667,73.58333333333333,76.875,72.125,76.25,77.29166666666667,65.875,75.66666666666667,73.125,75.75,73.25,72.45833333333333,71.125,71.5,71.54166666666667,77.25,71.70833333333333,76.33333333333333,69.25,70.16666666666667,77.625,73.04166666666667,73.54166666666667
2010-06-08T00:00:00Z,72.66666666666667,67.33333333333333,73,75.20833333333333,71.20833333333333,74.66666666666667,75.20833333333333,66.25,73.41666666666667,72.54166666666667,73.79166666666667,72.41666666666667,71.95833333333333,69.70833333333333,68.45833333333333,72.04166666666667,74.95833333333333,71.66666666666667,74.58333333333333,69.25,70.58333333333333,76.625,70.95833333333333,72.66666666666667
2010-06-09T00:00:00Z,74.125,70.20833333333333,76.83333333333333,77.25,74.125,76.875,77.5,69.29166666666667,77.375,75.16666666666667,74.95833333333333,77.33333333333333,74.25,73.45833333333333,72.25,75.5,76.70833333333333,73.58333333333333,76.95833333333333,72.375,73.08333333333333,77.29166666666667,72.54166666666667,75.625
2010-06-10T00:00:00Z,82.25,72.58333333333333,78.25,80.54166666666667,79.29166666666667,81.20833333333333,79.75,72.58333333333333,80.375,79.625,78.08333333333333,80.08333333333333,78.875,80.125,76.875,79.41666666666667,80.83333333333333,78.16666666666667,80.08333333333333,78.08333333333333,77.70833333333333,80.875,78.95833333333333,80.75
2010-06-11T00:00:00Z,80.33333333333333,72.54166666666667,78.58333333333333,81.45833333333333,75.95833333333333,79.375,81.45833333333333,73.20833333333333,82.125,79.375,78.91666666666667,78.54166666666667,77.875,77.70833333333333,76.33333333333333,78.95833333333333,80.25,76.875,80.04166666666667,75.66666666666667,75.625,79.875,73.83333333333333,80.04166666666667
2010-06-12T00:00:00Z,80.20833333333333,74.20833333333333,80.875,82.33333333333333,79.125,79.83333333333333,81.91666666666667,73.875,81.625,78.08333333333333,80.54166666666667,77.125,80.29166666666667,76.75,75.54166666666667,76.58333333333333,80.58333333333333,80.20833333333333,79.5,79.08333333333333,74.66666666666667,80,80.58333333333333,80.04166666666667
2010-06-13T00:00:00Z,82.79166666666667,76.25,81.375,84.08333333333333,82.875,83.33333333333333,83.41666666666667,76.45833333333333,83.29166666666667,74.79166666666667,83.83333333333333,80.83333333333333,80.04166666666667,78.125,78,78.70833333333333,81.875,80.20833333333333,81.875,77.875,78.20833333333333,80.41666666666667,81.625,81.70833333333333
2010-06-14T00:00:00Z,82.91666666666667,77.125,81.79166666666667,83.58333333333333,80.95833333333333,82.79166666666667,83.75,76.08333333333333,84.70833333333333,77.75,83.45833333333333,78.625,79.54166666666667,80.95833333333333,80.54166666666667,80.5,83.58333333333333,80.04166666666667,81.66666666666667,77.25,76.75,82.66666666666667,80.95833333333333,82.66666666666667
2010-06-15T00:00:00Z,82.45833333333333,73.41666666666667,80.41666666666667,83.16666666666667,79.25,83.54166666666667,84.29166666666667,76,84.875,78.45833333333333,80.70833333333333,79.45833333333333,75.83333333333333,80.54166666666667,79,81.5,83.66666666666667,78.08333333333333,83.54166666666667,75.5,76.41666666666667,82.91666666666667,76.54166666666667,83.20833333333333
2010-06-16T00:00:00Z,78.66666666666667,71.41666666666667,80.83333333333333,81.58333333333333,77.125,78.45833333333333,80.75,74.54166666666667,78.91666666666667,78.25,75.875,80.83333333333333,75.41666666666667,76,78.91666666666667,77.66666666666667,81,78.5,81,75.29166666666667,76.20833333333333,80.20833333333333,76.91666666666667,77.66666666666667
2010-06-17T00:00:00Z,80.70833333333333,74.70833333333333,81.04166666666667,84.20833333333333,80.41666666666667,82.125,84.125,74.66666666666667,82.08333333333333,80.16666666666667,79.83333333333333,80.08333333333333,79.79166666666667,78.54166666666667,80.58333333333333,79,82.33333333333333,80.20833333333333,84.08333333333333,77.33333333333333,77.83333333333333,83.95833333333333,80.20833333333333,80.04166666666667
2010-06-18T00:00:00Z,78.95833333333333,71.91666666666667,80.5,78.625,76.58333333333333,79.625,81.29166666666667,70.91666666666667,80.54166666666667,77.04166666666667,80.25,78.58333333333333,76.54166666666667,75.58333333333333,77.66666666666667,77.16666666666667,79.66666666666667,77.70833333333333,81.75,74.20833333333333,75.25,81.33333333333333,76.20833333333333,78.58333333333333
2010-06-19T00:00:00Z,81.16666666666667,74.08333333333333,81.08333333333333,80.08333333333333,79.16666666666667,79.41666666666667,80.41666666666667,75.08333333333333,81.5,80.41666666666667,79.625,81.04166666666667,77.83333333333333,80.04166666666667,79.75,79.70833333333333,77.41666666666667,79.625,81.625,76.91666666666667,77.41666666666667,79.20833333333333,79.33333333333333,79.41666666666667
2010-06-20T00:00:00Z,83.375,76.125,82.875,82.625,79.95833333333333,79.33333333333333,82,76.5,83.79166666666667,82.5,83.20833333333333,81.70833333333333,79.79166666666667,81.08333333333333,79.83333333333333,81.33333333333333,82.5,79.95833333333333,82.20833333333333,76.91666666666667,79.25,81.66666666666667,82.375,81.58333333333333
2010-06-21T00:00:00Z,83.54166666666667,73.83333333333333,82.66666666666667,83.79166666666667,81.875,82,83.70833333333333,73.83333333333333,84.95833333333333,82.33333333333333,83.16666666666667,79.58333333333333,80.125,80.20833333333333,81.08333333333333,80.08333333333333,82.79166666666667,80.41666666666667,83.45833333333333,76.125,77.91666666666667,82.79166666666667,81.79166666666667,83.125
2010-06-22T00:00:00Z,84.79166666666667,74.125,83.25,83.95833333333333,84.66666666666667,83.58333333333333,84.5,76.70833333333333,85.25,83.25,81.5,82.58333333333333,81.33333333333333,82.75,80.75,82.04166666666667,84,81.875,84.16666666666667,77.375,79.58333333333333,83.66666666666667,83.95833333333333,84.33333333333333
2010-06-23T00:00:00Z,85.95833333333333,76,84.66666666666667,86.29166666666667,84.58333333333333,84.375,85.41666666666667,77.25,85.75,82.29166666666667,83.91666666666667,84.29166666666667,81.70833333333333,82.54166666666667,80.45833333333333,81.875,85.20833333333333,82.45833333333333,83.83333333333333,80.33333333333333,81.375,85.45833333333333,83.5,85.25
2010-06-24T00:00:00Z,86.66666666666667,76.41666666666667,84.54166666666667,87.41666666666667,86.91666666666667,85.58333333333333,87.75,77.45833333333333,87.375,83.91666666666667,85.5,84.95833333333333,82.33333333333333,85.16666666666667,82.125,84.25,86.20833333333333,83.25,83.91666666666667,80.375,81.04166666666667,86.33333333333333,87.66666666666667,86
2010-06-25T00:00:00Z,85.33333333333333,73,84.16666666666667,84.75,82.95833333333333,82.33333333333333,83.45833333333333,76.41666666666667,85.875,82.91666666666667,81.29166666666667,83.875,79.45833333333333,83.04166666666667,79.125,83.625,85.08333333333333,81.79166666666667,82.625,76.91666666666667,79.66666666666667,82.125,81.04166666666667,84.75
2010-06-26T00:00:00Z,83.25,75.75,84,81.83333333333333,84.125,81.33333333333333,80.66666666666667,76.875,82.41666666666667,84,80.54166666666667,83.625,83.125,81.41666666666667,79.33333333333333,82.25,83.16666666666667,83.5,82.95833333333333,81.875,81.33333333333333,81.25,84.16666666666667,82.33333333333333
2010-06-27T00:00:00Z,86.54166666666667,74.5,82.20833333333333,77.91666666666667,87.29166666666667,82.66666666666667,79.41666666666667,79.04166666666667,85.04166666666667,85.04166666666667,80.875,85.125,80.45833333333333,84.5,79.125,84.375,82.16666666666667,82.20833333333333,82.75,79.375,81.58333333333333,82.29166666666667,88.04166666666667,85.125
2010-06-28T00:00:00Z,85.54166666666667,77.16666666666667,84.70833333333333,83.625,85.79166666666667,82.66666666666667,83.45833333333333,78,85.70833333333333,84.20833333333333,84,85.41666666666667,81.16666666666667,84.54166666666667,77.83333333333333,84.04166666666667,83.41666666666667,83,82.04166666666667,79.95833333333333,80.25,83.125,87.375,84.83333333333333
2010-06-29T00:00:00Z,84.25,72.875,81.04166666666667,83.70833333333333,83.29166666666667,80.41666666666667,83.04166666666667,75.125,79.58333333333333,82.58333333333333,81.04166666666667,81.5,79.45833333333333,81.83333333333333,76.875,82.25,84.04166666666667,79.41666666666667,81.75,79.20833333333333,79.375,82.20833333333333,84.41666666666667,81.33333333333333
2010-06-30T00:00:00Z,76.75,73.04166666666667,75.95833333333333,78.08333333333333,74.75,75.83333333333333,76.75,70.45833333333333,75.54166666666667,75.66666666666667,77.91666666666667,74.79166666666667,76.25,73.79166666666667,75.66666666666667,74,78.79166666666667,76.66666666666667,79.16666666666667,74.66666666666667,75.20833333333333,76.79166666666667,75.45833333333333,74.08333333333333
2010-07-01T00:00:00Z,74.70833333333333,72.875,77.83333333333333,76.33333333333333,74.54166666666667,75.20833333333333,76.16666666666667,68.95833333333333,76.16666666666667,73.54166666666667,77.875,73.25,75.45833333333333,70.08333333333333,71.75,72.41666666666667,75.625,75.29166666666667,76.04166666666667,74.29166666666667,74.04166666666667,76.5,73.54166666666667,75
2010-07-02T00:00:00Z,71.29166666666667,69.125,75.16666666666667,74.25,70.45833333333333,72.83333333333333,74.04166666666667,65.66666666666667,73.25,71.91666666666667,74.83333333333333,71.29166666666667,73.08333333333333,69.33333333333333,71.95833333333333,70.75,73.83333333333333,72.375,74.20833333333333,72.16666666666667,71.125,74.54166666666667,72.79166666666667,71.08333333333333
2010-07-03T00:00:00Z,70.95833333333333,70.04166666666667,73.875,71.83333333333333,69.625,71.04166666666667,72.25,67.29166666666667,72.79166666666667,73.33333333333333,74.29166666666667,69.95833333333333,73.29166666666667,71.875,70.79166666666667,71.16666666666667,71.54166666666667,71.33333333333333,71.75,72,70.70833333333333,72.29166666666667,72.95833333333333,70.70833333333333
2010-07-04T00:00:00Z,75.66666666666667,72,76.625,73.95833333333333,74.54166666666667,72.79166666666667,74.54166666666667,72.375,75.75,76.875,75.83333333333333,74.875,76.45833333333333,75.66666666666667,73.08333333333333,75,73.41666666666667,73.79166666666667,73.375,74.08333333333333,75.625,72.79166666666667,78.16666666666667,75
2010-07-05T00:00:00Z,80.33333333333333,72.375,78.66666666666667,76.83333333333333,79.70833333333333,76.54166666666667,77.75,74.33333333333333,79.70833333333333,80.04166666666667,77.95833333333333,78.125,78.08333333333333,79.66666666666667,76.91666666666667,78.66666666666667,76.45833333333333,76.08333333333333,76.41666666666667,74.91666666666667,78.08333333333333,76,83.45833333333333,78.91666666666667
2010-07-06T00:00:00Z,84.29166666666667,73.45833333333333,80.79166666666667,79.41666666666667,81.79166666666667,79.95833333333333,80.875,75.625,83.29166666666667,82.58333333333333,79.70833333333333,80.25,79.625,82.41666666666667,78.875,81.66666666666667,79.70833333333333,78.20833333333333,79.91666666666667,76.29166666666667,78.70833333333333,79.54166666666667,85.54166666666667,82.41666666666667
2010-07-07T00:00:00Z,87,76.66666666666667,84.25,84.625,85.04166666666667,83.29166666666667,85.625,78.58333333333333,88.25,86.625,83.33333333333333,82.375,83.45833333333333,86,82.91666666666667,86.125,84.95833333333333,80.54166666666667,84.04166666666667,79,81.875,84.125,85.04166666666667,87.20833333333333
2010-07-08T00:00:00Z,83.33333333333333,78.375,86.16666666666667,83.375,80.70833333333333,80.875,84.45833333333333,81.66666666666667,83.95833333333333,87.45833333333333,86.45833333333333,84.20833333333333,84.95833333333333,82.125,79.54166666666667,84.79166666666667,81.08333333333333,82.95833333333333,82.33333333333333,82.5,84.45833333333333,81.54166666666667,80.04166666666667,81.79166666666667
2010-07-09T00:00:00Z,81.58333333333333,75.41666666666667,84.125,80.70833333333333,79.83333333333333,80.58333333333333,82.25,74.91666666666667,83.79166666666667,81.125,83.41666666666667,81.29166666666667,80.20833333333333,81.08333333333333,76.20833333333333,81.16666666666667,82.70833333333333,81.95833333333333,80.875,78.5,78.08333333333333,82.41666666666667,80.66666666666667,81.625
2010-07-10T00:00:00Z,79.54166666666667,76.875,82.66666666666667,78.75,79.45833333333333,79.58333333333333,79.20833333333333,74.58333333333333,79.79166666666667,81.20833333333333,82,80.83333333333333,80.20833333333333,79.91666666666667,78,80.375,80.625,80.33333333333333,80.79166666666667,78.5,79.79166666666667,80.25,79.25,76.875
2010-07-11T00:00:00Z,80.91666666666667,72.16666666666667,82.375,81.16666666666667,79.16666666666667,79.08333333333333,81.875,73.20833333333333,80.95833333333333,81.66666666666667,81.08333333333333,81.45833333333333,80.16666666666667,80.04166666666667,79.04166666666667,81.29166666666667,80.33333333333333,79.79166666666667,79.79166666666667,76.54166666666667,78.25,79.125,80.25,79.75
2010-07-12T00:00:00Z,81.95833333333333,71.75,76.58333333333333,78.75,81.20833333333333,80.375,78.875,71.25,79.83333333333333,77.54166666666667,77.375,77.25,75.125,78.5,80.04166666666667,78.33333333333333,80.20833333333333,74.83333333333333,81.08333333333333,74.33333333333333,72.91666666666667,80.45833333333333,81.16666666666667,80.45833333333333
2010-07-13T00:00:00Z,82.41666666666667,74.79166666666667,79.95833333333333,80.875,81.58333333333333,82.04166666666667,81.04166666666667,72,82.45833333333333,77.41666666666667,80.45833333333333,78.75,75.95833333333333,79.25,80.125,77.91666666666667,82.54166666666667,77.29166666666667,82.08333333333333,77.04166666666667,73.45833333333333,81.25,83.5,81.08333333333333
2010-07-14T00:00:00Z,81.875,75.95833333333333,81.375,82.83333333333333,78.95833333333333,79.5,83.95833333333333,73.58333333333333,82.54166666666667,79.41666666666667,81.875,79.25,80.04166666666667,79.54166666666667,76.54166666666667,79.91666666666667,79.5,79.70833333333333,80.41666666666667,78.875,78.08333333333333,78.83333333333333,83.08333333333333,80.875
2010-07-15T00:00:00Z,79.54166666666667,75.66666666666667,81.83333333333333,81.5,81.79166666666667,79.25,82.54166666666667,73.45833333333333,81.375,82.91666666666667,83.41666666666667,82.125,80.75,82.08333333333333,77.125,82.04166666666667,79.79166666666667,80.29166666666667,80.66666666666667,78.375,78.54166666666667,79.70833333333333,83.79166666666667,80.70833333333333
2010-07-16T00:00:00Z,82.625,76.58333333333333,79.625,84.29166666666667,84.04166666666667,82.91666666666667,85.04166666666667,77.5,84.83333333333333,82.45833333333333,80.79166666666667,82.66666666666667,79.5,84.375,78.79166666666667,84.04166666666667,83.83333333333333,79.41666666666667,82.91666666666667,79.625,78.91666666666667,83.29166666666667,86.04166666666667,83.54166666666667
2010-07-17T00:00:00Z,77.95833333333333,72.95833333333333,77.25,83.16666666666667,80.875,81.79166666666667,82.54166666666667,74.875,81.125,74.20833333333333,80.45833333333333,75.54166666666667,75.66666666666667,75.91666666666667,77.83333333333333,77.08333333333333,83.16666666666667,76.54166666666667,81.75,75.625,73.83333333333333,82.125,84.08333333333333,79.5
2010-07-18T00:00:00Z,80.58333333333333,73.16666666666667,79.33333333333333,82.25,81.83333333333333,78.25,78.79166666666667,74.95833333333333,81.20833333333333,79,78.66666666666667,78.95833333333333,76.375,78.79166666666667,77.25,78.08333333333333,81.875,78.125,79.875,77.25,76.125,77.45833333333333,85.45833333333333,80.375
2010-07-19T00:00:00Z,82.16666666666667,75.54166666666667,81,84.45833333333333,83.70833333333333,82.625,83.25,75,82.95833333333333,80.375,80.625,80.58333333333333,79.70833333333333,80.5,79.125,81.29166666666667,83.5,80.20833333333333,82,78.41666666666667,78,81.91666666666667,82.33333333333333,82.20833333333333
2010-07-20T00:00:00Z,83.25,74.70833333333333,82.04166666666667,86.5,82.75,84.79166666666667,86,78.08333333333333,84.70833333333333,79.95833333333333,84.08333333333333,82.04166666666667,79.125,81.41666666666667,79.41666666666667,80.54166666666667,85.16666666666667,79.29166666666667,82.875,78.79166666666667,80.33333333333333,84.83333333333333,84.29166666666667,83.375
2010-07-21T00:00:00Z,83.91666666666667,76.125,85.625,85.41666666666667,84.375,83.58333333333333,85.83333333333333,77.91666666666667,84.33333333333333,82.66666666666667,84,84.125,81.04166666666667,82.58333333333333,79.54166666666667,83.41666666666667,84.91666666666667,81.79166666666667,82.66666666666667,80.29166666666667,81.29166666666667,83.79166666666667,85.95833333333333,83.75
2010-07-22T00:00:00Z,84.58333333333333,77,86.54166666666667,84.375,83.875,83.70833333333333,85.375,77.16666666666667,85,85.25,85.45833333333333,82.70833333333333,82.91666666666667,83.875,79.45833333333333,84.20833333333333,84.29166666666667,83.45833333333333,82.125,80.375,81.75,82.95833333333333,85.20833333333333,84.29166666666667
2010-07-23T00:00:00Z,82.91666666666667,78,86.79166666666667,85.70833333333333,84.125,83.125,86.45833333333333,77.58333333333333,85.04166666666667,86.08333333333333,87.625,84.95833333333333,84.58333333333333,85.95833333333333,80.08333333333333,86.04166666666667,85.625,85.70833333333333,83,82.875,84.29166666666667,84.45833333333333,87.33333333333333,82.20833333333333
2010-07-24T00:00:00Z,86.66666666666667,80.75,86.33333333333333,85.5,86.625,84.54166666666667,85.95833333333333,79.70833333333333,86.58333333333333,86.33333333333333,88.29166666666667,82.625,85.66666666666667,87.625,79.45833333333333,86.66666666666667,84.41666666666667,84.70833333333333,83.33333333333333,85,85.75,84.04166666666667,91.29166666666667,85.29166666666667
2010-07-25T00:00:00Z,87.875,77.79166666666667,88.04166666666667,87.66666666666667,87.83333333333333,85.79166666666667,87.83333333333333,80.45833333333333,87.58333333333333,85.79166666666667,87.54166666666667,85.45833333333333,84.875,86.75,79.79166666666667,87.66666666666667,85.75,86.45833333333333,83.29166666666667,85,85.625,85.25,89.16666666666667,86.91666666666667
2010-07-26T00:00:00Z,81.20833333333333,76.25,85.125,84.95833333333333,79.33333333333333,83.33333333333333,83.625,74.125,84.91666666666667,84.08333333333333,82.45833333333333,82.70833333333333,81.91666666666667,82.75,78.29166666666667,85.16666666666667,83.33333333333333,83.29166666666667,82.75,80.5,82.875,83.29166666666667,81.41666666666667,83.70833333333333
2010-07-27T00:00:00Z,74.5,75.66666666666667,78.54166666666667,78.83333333333333,76.58333333333333,79.91666666666667,78.04166666666667,71.04166666666667,78.45833333333333,77.04166666666667,76.875,74.75,76.79166666666667,75.875,76.95833333333333,76.16666666666667,81.25,77.54166666666667,80.54166666666667,77.08333333333333,76.04166666666667,79.625,78.75,77.5
2010-07-28T00:00:00Z,80.70833333333333,75.75,80.08333333333333,81.20833333333333,80.75,80.16666666666667,80.20833333333333,73.54166666666667,82.20833333333333,79.375,78.66666666666667,77.58333333333333,77.5,80.70833333333333,81.54166666666667,79.875,81.5,77.5,79.875,77.58333333333333,77.95833333333333,84.08333333333333,84.125,81.79166666666667
2010-07-29T00:00:00Z,80.91666666666667,77.45833333333333,85.125,81.91666666666667,80.875,78.625,80.95833333333333,75.625,80.875,84.20833333333333,83.33333333333333,82.125,82.625,83.79166666666667,81.54166666666667,83.875,80.08333333333333,82.79166666666667,80.79166666666667,80.95833333333333,83.375,82.33333333333333,82.875,78.91666666666667
2010-07-30T00:00:00Z,77.29166666666667,77.75,83.375,80.70833333333333,77.70833333333333,79.625,80.66666666666667,72.5,80.79166666666667,79.625,84.20833333333333,77.58333333333333,80.20833333333333,77.625,78.04166666666667,78.33333333333333,81.54166666666667,80.125,81.20833333333333,78.875,79.91666666666667,85.54166666666667,77.08333333333333,78.41666666666667
2010-07-31T00:00:00Z,72,73.04166666666667,77.08333333333333,78.45833333333333,75.75,75.375,77.375,63.541666666666664,74.91666666666667,70.91666666666667,75.79166666666667,72.125,72.125,70,75.625,71.04166666666667,77.625,73.66666666666667,76.45833333333333,71.41666666666667,68.91666666666667,80.5,76.375,72.04166666666667
2010-08-01T00:00:00Z,70,70.91666666666667,71.95833333333333,74.66666666666667,72.91666666666667,74,73.66666666666667,62.875,73.16666666666667,67.45833333333333,72.95833333333333,69.5,68.66666666666667,69.58333333333333,74.95833333333333,70.625,75.45833333333333,69.79166666666667,74.70833333333333,68.33333333333333,67.91666666666667,77.04166666666667,71.70833333333333,73.29166666666667
2010-08-02T00:00:00Z,75.375,71.20833333333333,77.41666666666667,78.75,77.41666666666667,77.33333333333333,78.29166666666667,64.70833333333333,77.875,74.04166666666667,75.33333333333333,74.16666666666667,71.20833333333333,75.08333333333333,76.16666666666667,75.04166666666667,78.75,74,78.45833333333333,71.91666666666667,71.70833333333333,79.125,74.45833333333333,75.625
2010-08-03T00:00:00Z,77.875,77.83333333333333,81.33333333333333,81.54166666666667,79.375,79.29166666666667,81.875,72.66666666666667,80,80.29166666666667,81.08333333333333,79.08333333333333,79.08333333333333,77.875,80.29166666666667,78.45833333333333,80.875,79.45833333333333,79.95833333333333,79.08333333333333,78.95833333333333,83.75,78.66666666666667,78.91666666666667
2010-08-04T00:00:00Z,82.04166666666667,78.91666666666667,83,83.08333333333333,83,81.70833333333333,83.375,75.54166666666667,84.41666666666667,82.91666666666667,84.33333333333333,81.83333333333333,80.75,81.625,79.70833333333333,81.95833333333333,83,81.16666666666667,81.16666666666667,78.91666666666667,81.04166666666667,82.91666666666667,83.70833333333333,82.875
2010-08-05T00:00:00Z,80.625,75.79166666666667,82.70833333333333,84.45833333333333,81.79166666666667,81.29166666666667,84.29166666666667,74.25,82.29166666666667,81.08333333333333,83.41666666666667,81.54166666666667,77.66666666666667,79.16666666666667,79.5,81.08333333333333,84.66666666666667,80.75,81.54166666666667,76.79166666666667,77.91666666666667,82.04166666666667,83.375,80.375
2010-08-06T00:00:00Z,79.125,74.33333333333333,79.45833333333333,78.29166666666667,81.04166666666667,81.91666666666667,78.41666666666667,73.41666666666667,81.125,79.70833333333333,76.95833333333333,78.54166666666667,77.79166666666667,79.54166666666667,81.33333333333333,79.29166666666667,80,78.625,81.875,77.625,79.29166666666667,80.375,81.29166666666667,80.54166666666667
2010-08-07T00:00:00Z,78.91666666666667,73.29166666666667,79.70833333333333,79.375,79.91666666666667,80.41666666666667,80.29166666666667,68.70833333333333,79.75,78.58333333333333,79.08333333333333,76.95833333333333,77.5,77.54166666666667,79.875,79.33333333333333,79.29166666666667,77.45833333333333,80.79166666666667,76.16666666666667,76.66666666666667,78.5,78.54166666666667,78.70833333333333
2010-08-08T00:00:00Z,78.16666666666667,74.375,81.79166666666667,81.33333333333333,80.75,81.58333333333333,81.54166666666667,69.16666666666667,81,78.875,80.125,78,77.75,78.29166666666667,81,79.16666666666667,81.83333333333333,77.66666666666667,81.79166666666667,77.25,76.33333333333333,79.45833333333333,79.41666666666667,80.33333333333333
2010-08-09T00:00:00Z,78.625,75.41666666666667,82.625,81.29166666666667,79.79166666666667,80.79166666666667,82.08333333333333,73.54166666666667,82.125,82.5,81.91666666666667,80.875,80.91666666666667,80.79166666666667,79.91666666666667,80.79166666666667,80.70833333333333,81.04166666666667,80.91666666666667,79.16666666666667,80.25,79.83333333333333,81,80.66666666666667
2010-08-10T00:00:00Z,82.29166666666667,77.45833333333333,84.125,83.70833333333333,83.25,83.66666666666667,84.91666666666667,75.20833333333333,83.83333333333333,82.29166666666667,82.20833333333333,82.375,81.04166666666667,82.91666666666667,81.29166666666667,83.33333333333333,84.5,82.75,83.25,80.125,79.95833333333333,82.58333333333333,85.79166666666667,82.29166666666667
2010-08-11T00:00:00Z,82.125,79.20833333333333,85.5,84.875,84.25,85.41666666666667,85.75,76.875,86.45833333333333,83.83333333333333,83.95833333333333,84.54166666666667,82.5,84.16666666666667,81.20833333333333,85.08333333333333,85.625,84.625,83.83333333333333,81.375,81.83333333333333,85.125,85.45833333333333,85.41666666666667
2010-08-12T00:00:00Z,79.08333333333333,78.5,84.70833333333333,86.16666666666667,79.95833333333333,85.41666666666667,86,77.29166666666667,86.33333333333333,82.79166666666667,81.54166666666667,81.33333333333333,83.79166666666667,83.79166666666667,78.54166666666667,83.41666666666667,85.375,84.25,83.41666666666667,82.70833333333333,82.375,83.91666666666667,79.79166666666667,83
2010-08-13T00:00:00Z,76.75,78.25,85.45833333333333,83.58333333333333,79.875,80.125,84.625,73.75,80.875,80.41666666666667,83.29166666666667,80.16666666666667,83.25,78.58333333333333,79.04166666666667,81.04166666666667,83.83333333333333,83.58333333333333,82.25,81.58333333333333,81.75,82.54166666666667,79,79.08333333333333
2010-08-14T00:00:00Z,76.79166666666667,75.125,82.25,81.75,77.79166666666667,79.375,81.16666666666667,71.125,81.25,79.33333333333333,77.29166666666667,79.75,78.25,78.66666666666667,78.375,80.54166666666667,81.58333333333333,80.75,80.91666666666667,76.66666666666667,77.70833333333333,81.04166666666667,77,79.16666666666667
2010-08-15T00:00:00Z,78,75.04166666666667,79.58333333333333,80.75,79.25,79.08333333333333,80.91666666666667,71.66666666666667,81.20833333333333,78.41666666666667,78.58333333333333,78.16666666666667,77.41666666666667,78.29166666666667,79.33333333333333,81.66666666666667,79.79166666666667,78.625,79.79166666666667,77.875,76.91666666666667,80.125,79.58333333333333,78.91666666666667
2010-08-16T00:00:00Z,80.08333333333333,75.625,80.25,80.33333333333333,82,80.54166666666667,81.70833333333333,71.08333333333333,82.66666666666667,80.66666666666667,78.41666666666667,78.91666666666667,78.375,82,80.66666666666667,82.45833333333333,80.91666666666667,79.58333333333333,81.5,77.45833333333333,78.66666666666667,80.625,83.58333333333333,81.45833333333333
2010-08-17T00:00:00Z,82.375,74.16666666666667,80.625,81.54166666666667,83.20833333333333,81.25,83.54166666666667,70.75,84.16666666666667,81.375,77.95833333333333,82.20833333333333,77.79166666666667,81.91666666666667,82.625,84.25,82.875,78.79166666666667,82.95833333333333,76.75,78.79166666666667,81.625,84.16666666666667,83.375
2010-08-18T00:00:00Z,79.79166666666667,75.58333333333333,81.95833333333333,83.45833333333333,80.625,80.5,84.75,71.04166666666667,81.875,80.54166666666667,80.91666666666667,82,79.625,79.45833333333333,81.95833333333333,82.29166666666667,84.83333333333333,80.91666666666667,83.5,79.875,78.04166666666667,81.29166666666667,80.08333333333333,81.5
2010-08-19T00:00:00Z,74.91666666666667,75.91666666666667,78.625,81.20833333333333,77.75,79.625,79.25,68.58333333333333,79.875,76.45833333333333,81.04166666666667,75.20833333333333,76.29166666666667,75.29166666666667,80.375,77.70833333333333,79.33333333333333,77.70833333333333,81.66666666666667,76.04166666666667,73.83333333333333,77.95833333333333,77.33333333333333,78.41666666666667
2010-08-20T00:00:00Z,77.70833333333333,74.58333333333333,80.08333333333333,80.33333333333333,79.45833333333333,80,79.625,70.20833333333333,80.5,78.83333333333333,79.79166666666667,78.04166666666667,77.79166666666667,78.20833333333333,78.16666666666667,80.16666666666667,79.54166666666667,77.83333333333333,80.70833333333333,77.33333333333333,76.5,79.70833333333333,80.33333333333333,79.58333333333333
2010-08-21T00:00:00Z,77.5,70.375,80,80.875,78.20833333333333,78.625,80.33333333333333,66.58333333333333,79.83333333333333,78.66666666666667,76.20833333333333,76.54166666666667,73.20833333333333,78.375,80.95833333333333,78.5,79.33333333333333,75.70833333333333,79.91666666666667,71.16666666666667,75.16666666666667,79.54166666666667,79.5,78.29166666666667
2010-08-22T00:00:00Z,78.54166666666667,75.41666666666667,81.625,80.25,80.25,79.58333333333333,80.08333333333333,72,79.58333333333333,79.83333333333333,80.83333333333333,77.95833333333333,78.625,77.625,81.91666666666667,81.70833333333333,80.54166666666667,80.16666666666667,82.33333333333333,78.625,78.83333333333333,79.29166666666667,80.54166666666667,78.66666666666667
2010-08-23T00:00:00Z,78.33333333333333,73.5,79.25,80.5,79.75,79.08333333333333,78.66666666666667,68.375,79.33333333333333,79.04166666666667,79.375,77.5,76.66666666666667,77.79166666666667,77.45833333333333,78.08333333333333,79.875,77,80.20833333333333,73.83333333333333,76.83333333333333,77.45833333333333,79.70833333333333,78.375
2010-08-24T00:00:00Z,73.70833333333333,71.04166666666667,73.875,76.375,75.75,74.83333333333333,74.45833333333333,64.125,74.66666666666667,72.79166666666667,76.41666666666667,73.33333333333333,72.29166666666667,71.375,74.04166666666667,73.20833333333333,76.16666666666667,72.45833333333333,76.91666666666667,71.25,71.41666666666667,74.75,74.41666666666667,74
2010-08-25T00:00:00Z,70.08333333333333,71.5,76.66666666666667,76.79166666666667,73.75,74.45833333333333,76.75,65.83333333333333,74.41666666666667,71.5,74.875,72.54166666666667,72.5,69.375,75.95833333333333,72.29166666666667,76.08333333333333,74.20833333333333,76.125,71.58333333333333,70.95833333333333,75.16666666666667,74.04166666666667,72.375
2010-08-26T00:00:00Z,74.45833333333333,70.95833333333333,79.04166666666667,78.95833333333333,75.625,77.75,78.66666666666667,67.16666666666667,78.41666666666667,77.41666666666667,76.08333333333333,75.79166666666667,75.54166666666667,74.66666666666667,78.54166666666667,76.95833333333333,78.625,76.54166666666667,78.125,73.5,73,77.41666666666667,77.41666666666667,76.125
2010-08-27T00:00:00Z,73.16666666666667,71.125,78.91666666666667,78.95833333333333,76.83333333333333,77.70833333333333,78.58333333333333,66.91666666666667,78.29166666666667,76,76.91666666666667,75.5,75.54166666666667,74.79166666666667,76.41666666666667,77.45833333333333,78.08333333333333,76.66666666666667,78.41666666666667,73.70833333333333,75.125,79.08333333333333,76.375,75.41666666666667
2010-08-28T00:00:00Z,74.625,71.58333333333333,79.33333333333333,78.70833333333333,75.70833333333333,76.66666666666667,79.375,69.625,78.70833333333333,77.5,76.875,74.5,75.70833333333333,75.375,76.16666666666667,77.04166666666667,78.79166666666667,76.45833333333333,78.25,75.25,76.625,79.29166666666667,76.75,77
2010-08-29T00:00:00Z,74.95833333333333,71.04166666666667,79.66666666666667,76.70833333333333,73.54166666666667,75.08333333333333,77.45833333333333,68.79166666666667,77.125,78.75,76.33333333333333,75.75,76.45833333333333,77.04166666666667,74.58333333333333,78.20833333333333,75.75,77.08333333333333,75.95833333333333,74.91666666666667,77.375,76.41666666666667,76.5,74.91666666666667
2010-08-30T00:00:00Z,77.375,71.41666666666667,77.375,76.66666666666667,78.20833333333333,76.95833333333333,78.58333333333333,69.70833333333333,79.875,80.875,76.75,75.91666666666667,76.75,78.625,77.16666666666667,80.33333333333333,76.75,76.25,77.83333333333333,74.5,77.45833333333333,76.83333333333333,81.375,77.25
2010-08-31T00:00:00Z,78.45833333333333,70.83333333333333,79.5,79.75,79.41666666666667,78.95833333333333,81.20833333333333,69.16666666666667,82.58333333333333,81.04166666666667,77.91666666666667,76.91666666666667,77.91666666666667,78.75,78.29166666666667,81.08333333333333,79.70833333333333,76.95833333333333,79.54166666666667,73.83333333333333,78.29166666666667,79.70833333333333,80.875,79.66666666666667
2010-09-01T00:00:00Z,77.45833333333333,70.75,79.08333333333333,78.29166666666667,77.79166666666667,77.41666666666667,79.75,69.70833333333333,79.83333333333333,81.29166666666667,78.125,77.5,79.5,79.875,78.75,79.91666666666667,78.625,77.20833333333333,78.41666666666667,73.70833333333333,76.875,78.375,80.45833333333333,77.95833333333333
2010-09-02T00:00:00Z,74.95833333333333,71.45833333333333,78.79166666666667,75.29166666666667,77.375,75.54166666666667,75.16666666666667,69.75,75.66666666666667,79.95833333333333,78.20833333333333,76.41666666666667,76.66666666666667,75.66666666666667,77.95833333333333,77.58333333333333,77.08333333333333,75.91666666666667,78.04166666666667,73.375,76.79166666666667,76.45833333333333,78.04166666666667,74.04166666666667
2010-09-03T00:00:00Z,76.29166666666667,71.58333333333333,80.45833333333333,82.75,77.66666666666667,80.375,84.20833333333333,74.16666666666667,82.625,81.25,79.25,78.29166666666667,78.58333333333333,79.54166666666667,77,82.45833333333333,82.875,78.41666666666667,81.08333333333333,76.45833333333333,79.79166666666667,81.41666666666667,78.5,77.33333333333333
2010-09-04T00:00:00Z,73.54166666666667,66.08333333333333,75.125,78.91666666666667,75.04166666666667,77.5,79.125,61.958333333333336,77.45833333333333,73.58333333333333,73.33333333333333,72.5,72.33333333333333,73.45833333333333,79.33333333333333,75.20833333333333,80.33333333333333,72.875,80.625,70.41666666666667,72.41666666666667,78.29166666666667,78.5,74.41666666666667
2010-09-05T00:00:00Z,66.95833333333333,63.583333333333336,71.25,73.29166666666667,69.79166666666667,71.04166666666667,73,60.833333333333336,71.70833333333333,69.875,69.54166666666667,67.08333333333333,67.5,68.29166666666667,74.20833333333333,70.79166666666667,74.75,66.16666666666667,75.83333333333333,64.33333333333333,65.95833333333333,73.5,68.875,67.875
2010-09-06T00:00:00Z,70.41666666666667,65.33333333333333,75.45833333333333,76.20833333333333,73.5,73.83333333333333,76.04166666666667,62.625,75.58333333333333,73.875,72.70833333333333,71.125,70.33333333333333,72.04166666666667,75.875,73.625,77.29166666666667,69.25,76.91666666666667,67.20833333333333,70.08333333333333,76.16666666666667,73.79166666666667,72.58333333333333
2010-09-07T00:00:00Z,73.08333333333333,68.45833333333333,78.16666666666667,77.75,74.70833333333333,75,77.54166666666667,68.29166666666667,77.08333333333333,76.91666666666667,75.25,75.625,74.875,75.25,77,76.79166666666667,77.20833333333333,75.16666666666667,77.08333333333333,71.41666666666667,76.75,76.625,76.875,74.45833333333333
2010-09-08T00:00:00Z,77.83333333333333,68.375,76.75,79.33333333333333,78.54166666666667,79,79.375,68.75,79.66666666666667,73.75,76.79166666666667,75.375,72.83333333333333,75.25,79.91666666666667,76.25,80.83333333333333,73.08333333333333,81.41666666666667,71.33333333333333,72.83333333333333,78.58333333333333,80.625,79.08333333333333
2010-09-09T00:00:00Z,73.16666666666667,70.875,76.29166666666667,78.91666666666667,73.83333333333333,75.45833333333333,78.875,66.54166666666667,76.95833333333333,72.75,76.375,70.5,73.79166666666667,71.625,77.875,73.875,79.70833333333333,73.16666666666667,78.04166666666667,72.54166666666667,72.875,76.83333333333333,74.45833333333333,73.79166666666667
2010-09-10T00:00:00Z,67.83333333333333,70.16666666666667,76.70833333333333,75.125,70.375,70.5,74.29166666666667,66.25,71.75,71.375,75.75,69.16666666666667,72.375,67.91666666666667,72.04166666666667,72.29166666666667,75.58333333333333,72.33333333333333,73.875,71.41666666666667,70.91666666666667,72.625,71.5,68.75
2010-09-11T00:00:00Z,65.125,65.54166666666667,72.66666666666667,75.58333333333333,68,71.16666666666667,73.29166666666667,59.166666666666664,71.54166666666667,67.08333333333333,70.45833333333333,69.41666666666667,67.25,65,71.04166666666667,70.16666666666667,74.66666666666667,68.58333333333333,72.95833333333333,66.66666666666667,66.45833333333333,73.41666666666667,67.25,66.625
2010-09-12T00:00:00Z,67.54166666666667,69.125,74.16666666666667,77.95833333333333,68.125,73.66666666666667,77.70833333333333,66,75.08333333333333,72.375,74.95833333333333,71.91666666666667,72.54166666666667,70.91666666666667,73,74.04166666666667,79.29166666666667,72.5,75.20833333333333,71.45833333333333,70.83333333333333,77,67.29166666666667,70.16666666666667
2010-09-13T00:00:00Z,69.16666666666667,65.75,72.16666666666667,72.41666666666667,70.875,70.375,72.66666666666667,64.75,72.58333333333333,71.875,71.16666666666667,68.20833333333333,69.58333333333333,70.58333333333333,71.33333333333333,72.875,72.66666666666667,69.75,71.58333333333333,65.58333333333333,69.75,71.625,72.04166666666667,69.5
2010-09-14T00:00:00Z,74.45833333333333,66.875,74.54166666666667,75.54166666666667,75.20833333333333,74.91666666666667,77.70833333333333,69.04166666666667,77.25,76.79166666666667,73.95833333333333,72.375,74.125,75.45833333333333,76.41666666666667,77.45833333333333,77.04166666666667,71,76.5,70.5,74.16666666666667,75.08333333333333,75.45833333333333,74.58333333333333
2010-09-15T00:00:00Z,72.29166666666667,68.33333333333333,75.79166666666667,78.70833333333333,72.91666666666667,74.70833333333333,78.625,68,77.375,76.875,74.125,73.875,75.20833333333333,74.5,76.75,77,77.5,72.91666666666667,78.5,71.125,74.125,76,72.83333333333333,74.625
2010-09-16T00:00:00Z,77.08333333333333,69.45833333333333,77.45833333333333,76.58333333333333,77.04166666666667,75.91666666666667,77.875,67.33333333333333,78.66666666666667,77.375,76.66666666666667,77.79166666666667,75.66666666666667,78.375,78.375,78.875,76.79166666666667,74.58333333333333,79.16666666666667,73.70833333333333,73.83333333333333,75.41666666666667,78.70833333333333,78.54166666666667
2010-09-17T00:00:00Z,78.66666666666667,71.75,80.375,78.66666666666667,77.75,77.58333333333333,79.375,68.125,80.08333333333333,77.95833333333333,78.70833333333333,76.91666666666667,76.33333333333333,77.58333333333333,79.04166666666667,79.66666666666667,79.45833333333333,77.29166666666667,80.20833333333333,74.66666666666667,74.79166666666667,78,77.375,78
2010-09-18T00:00:00Z,71.5,68.875,76.25,76.375,72.83333333333333,75.83333333333333,77.41666666666667,63.75,76.54166666666667,72.25,76.375,72.75,72.04166666666667,70.33333333333333,74.125,74.04166666666667,77.83333333333333,72.66666666666667,77.33333333333333,70.16666666666667,71.16666666666667,77.08333333333333,71.875,73.125
2010-09-19T00:00:00Z,68.875,68.91666666666667,74.54166666666667,73.375,69.66666666666667,71.79166666666667,74.375,68.54166666666667,74,74.45833333333333,75.70833333333333,71.375,74.41666666666667,71.29166666666667,70.83333333333333,73.125,74.33333333333333,71.83333333333333,71.75,70.625,73.45833333333333,73.25,69.66666666666667,70.33333333333333
2010-09-20T00:00:00Z,71,70.625,79.29166666666667,75.33333333333333,69.83333333333333,74.16666666666667,77.25,72.54166666666667,76.45833333333333,79,79.25,75.625,77.91666666666667,73.41666666666667,72.625,76.70833333333333,74.66666666666667,75.45833333333333,74.04166666666667,74.125,78.33333333333333,74.08333333333333,71.95833333333333,72.95833333333333
2010-09-21T00:00:00Z,69.91666666666667,70.125,78.5,76.08333333333333,67.16666666666667,73,76.16666666666667,67.08333333333333,75.95833333333333,76,77.75,76.75,74.29166666666667,72.79166666666667,69.41666666666667,76.45833333333333,77.54166666666667,73.54166666666667,73.58333333333333,73.41666666666667,73.66666666666667,74.91666666666667,69.25,72
2010-09-22T00:00:00Z,76.33333333333333,69.875,79.875,76.125,75.29166666666667,74,77.16666666666667,71.33333333333333,77.125,79.08333333333333,78.33333333333333,78.91666666666667,76.79166666666667,77.95833333333333,76.08333333333333,80.08333333333333,76.20833333333333,77.83333333333333,76.66666666666667,73.95833333333333,77.125,73.95833333333333,77.66666666666667,76.45833333333333
2010-09-23T00:00:00Z,80.41666666666667,71.04166666666667,80.83333333333333,78.20833333333333,79.04166666666667,78.125,79.875,70.875,80.91666666666667,79.66666666666667,78.41666666666667,79.875,80.125,80,78.91666666666667,82.125,78.04166666666667,77.25,79.375,74.08333333333333,76.79166666666667,77.125,79.04166666666667,80
2010-09-24T00:00:00Z,80.04166666666667,70.66666666666667,78.66666666666667,76.33333333333333,79.375,76.45833333333333,78.20833333333333,70.58333333333333,79.95833333333333,79.91666666666667,77.70833333333333,80.125,78.79166666666667,80.45833333333333,78.75,81.54166666666667,76.08333333333333,76.45833333333333,78.33333333333333,73.66666666666667,76.25,76.20833333333333,82.79166666666667,79.04166666666667
2010-09-25T00:00:00Z,79.125,68.41666666666667,78.25,78.33333333333333,78.625,76.70833333333333,79.45833333333333,68.5,79.95833333333333,77.41666666666667,78.54166666666667,79.25,74.91666666666667,78.58333333333333,79.91666666666667,79.83333333333333,77.95833333333333,74.79166666666667,79,72.75,72.79166666666667,76.54166666666667,80.95833333333333,78.70833333333333
2010-09-26T00:00:00Z,74,62.625,67.25,75.58333333333333,77.45833333333333,77.29166666666667,76.25,57.25,75.83333333333333,66.45833333333333,66,67.29166666666667,64.25,71.79166666666667,79.5,72.375,76.875,65.16666666666667,78.70833333333333,64.625,63,77.29166666666667,74.70833333333333,74.83333333333333
2010-09-27T00:00:00Z,70.16666666666667,61.541666666666664,67.45833333333333,70.75,73.45833333333333,71.79166666666667,70.95833333333333,58.666666666666664,70.75,66.875,64.125,69.16666666666667,63.75,69.66666666666667,78.04166666666667,69.70833333333333,71.5,64.5,75.95833333333333,63.916666666666664,65,71.29166666666667,72.95833333333333,70.41666666666667
2010-09-28T00:00:00Z,71.04166666666667,60.625,66.875,73,73.95833333333333,72.375,73.08333333333333,56.625,73,68.20833333333333,65.125,65.41666666666667,65.04166666666667,70.33333333333333,75.75,68.83333333333333,71.45833333333333,64.83333333333333,75.08333333333333,64.33333333333333,66.70833333333333,72.20833333333333,74.29166666666667,73.29166666666667
2010-09-29T00:00:00Z,65.5,58.625,62.958333333333336,68.75,72.41666666666667,70.20833333333333,68,53.833333333333336,67.41666666666667,60.416666666666664,61.25,62.125,59.958333333333336,64.20833333333333,77.20833333333333,64.5,69.125,60.375,75.33333333333333,60.166666666666664,60.916666666666664,68.66666666666667,72.45833333333333,66.41666666666667
2010-09-30T00:00:00Z,72.08333333333333,62.25,71.25,72.70833333333333,77.375,73.58333333333333,72.29166666666667,60.041666666666664,73.04166666666667,69.54166666666667,69.20833333333333,68.83333333333333,69.20833333333333,70.125,82,70.16666666666667,74.04166666666667,70.91666666666667,78.04166666666667,69.20833333333333,69.45833333333333,73.91666666666667,76.08333333333333,72.25
2010-10-01T00:00:00Z,65.58333333333333,61.5,66.5,68.75,67.04166666666667,66.58333333333333,68.33333333333333,56.75,67.625,67.83333333333333,68.16666666666667,66.29166666666667,67,64.875,70.95833333333333,67.29166666666667,67.83333333333333,66.58333333333333,68.16666666666667,65.375,65.95833333333333,66.83333333333333,67.83333333333333,64.79166666666667
2010-10-02T00:00:00Z,60.5,56.416666666666664,62.5,65.08333333333333,63.583333333333336,65.16666666666667,63.791666666666664,53.333333333333336,63.958333333333336,60.375,61.541666666666664,59.416666666666664,59.583333333333336,58.5,70.08333333333333,61.041666666666664,67.41666666666667,57.916666666666664,67.41666666666667,56.208333333333336,59.291666666666664,66.125,64.45833333333333,61.916666666666664
2010-10-03T00:00:00Z,57.416666666666664,51.625,59.416666666666664,62.625,64.41666666666667,62.125,61.916666666666664,46.666666666666664,60.666666666666664,58.541666666666664,59.041666666666664,60.416666666666664,55.833333333333336,57.291666666666664,69.58333333333333,59.916666666666664,62.875,57.25,65.33333333333333,55.625,58.166666666666664,62.125,64,59.25
2010-10-04T00:00:00Z,55.375,48.625,57.291666666666664,59.833333333333336,58.583333333333336,59.458333333333336,60.041666666666664,45.375,60.5,57.666666666666664,56.333333333333336,59.083333333333336,53.208333333333336,56.875,63.916666666666664,58.166666666666664,60.5,56.083333333333336,60.291666666666664,51.041666666666664,56.5,60.333333333333336,58.666666666666664,57.25
2010-10-05T00:00:00Z,53.5,48.25,54.958333333333336,57.791666666666664,54.875,56.666666666666664,57.75,45.041666666666664,57.458333333333336,54.666666666666664,55.833333333333336,56.083333333333336,52.375,54.125,60.458333333333336,55.125,58.875,53.708333333333336,58.625,48.583333333333336,53.75,57.458333333333336,56.791666666666664,54.833333333333336
2010-10-06T00:00:00Z,52.541666666666664,50.375,57.333333333333336,56.625,54.041666666666664,55.625,56.666666666666664,50.666666666666664,56.041666666666664,56.166666666666664,59.5,54.916666666666664,57.833333333333336,53.583333333333336,61.416666666666664,54.708333333333336,57.708333333333336,54.375,57.708333333333336,54.791666666666664,55.875,55.375,55.583333333333336,53.875
2010-10-07T00:00:00Z,60.25,60.916666666666664,64.29166666666667,63.708333333333336,63.541666666666664,62.791666666666664,65.08333333333333,59.333333333333336,64,65.66666666666667,64.95833333333333,63.166666666666664,65.33333333333333,63.375,67.25,64.08333333333333,65.04166666666667,62.125,66.08333333333333,62.875,64.58333333333333,62.916666666666664,65.29166666666667,61.708333333333336
2010-10-08T00:00:00Z,59.041666666666664,59.875,64.54166666666667,64.75,63.541666666666664,63.541666666666664,64.75,61.75,63.583333333333336,64,64.91666666666667,61.875,62.583333333333336,60.791666666666664,66.45833333333333,62.541666666666664,65.45833333333333,60.291666666666664,65.20833333333333,58.25,62.666666666666664,64.54166666666667,63.041666666666664,60.625
2010-10-09T00:00:00Z,61.25,58.708333333333336,64.29166666666667,65.45833333333333,65.125,63.458333333333336,65.5,64.95833333333333,63.875,66.5,66.16666666666667,61.708333333333336,64.66666666666667,64,68.45833333333333,64.83333333333333,66.5,62.041666666666664,65.79166666666667,58.875,65.91666666666667,63.875,65.20833333333333,62.375
2010-10-10T00:00:00Z,64.95833333333333,59.666666666666664,68.04166666666667,68.29166666666667,67.33333333333333,66.95833333333333,68.41666666666667,63.541666666666664,67.83333333333333,68.66666666666667,67.41666666666667,64.5,67.125,65.70833333333333,71.95833333333333,67,69.625,64.58333333333333,68.625,61.666666666666664,67.95833333333333,67.58333333333333,69.29166666666667,65.625
2010-10-11T00:00:00Z,68.54166666666667,60.583333333333336,69.29166666666667,71.45833333333333,71.375,70.91666666666667,72,63.958333333333336,71.875,69.5,69.79166666666667,66.41666666666667,67.41666666666667,69.33333333333333,75.33333333333333,69.375,72.79166666666667,64.83333333333333,71.04166666666667,63.208333333333336,68.91666666666667,70.91666666666667,73.58333333333333,70.41666666666667
2010-10-12T00:00:00Z,68.83333333333333,58.666666666666664,70.20833333333333,73.125,71.125,72.29166666666667,72.83333333333333,64.5,72.08333333333333,70.33333333333333,69.70833333333333,67.95833333333333,67.25,68.875,76.04166666666667,69.875,74.70833333333333,66.625,75.04166666666667,63.458333333333336,68.83333333333333,73.25,71.70833333333333,70.33333333333333
2010-10-13T00:00:00Z,65.83333333333333,59.333333333333336,68.33333333333333,70.54166666666667,66.20833333333333,69.66666666666667,71.66666666666667,57.25,69.375,65.75,68.25,67.54166666666667,65.25,66.91666666666667,71.66666666666667,68.66666666666667,72.125,65.29166666666667,72.41666666666667,63.666666666666664,64.20833333333333,71.45833333333333,66.45833333333333,66.91666666666667
2010-10-14T00:00:00Z,59.083333333333336,56.208333333333336,63.166666666666664,66.5,61.125,65.45833333333333,66.875,52.5,64.08333333333333,60.541666666666664,63.541666666666664,61.875,61.708333333333336,61.458333333333336,68.83333333333333,61.333333333333336,69.04166666666667,60.25,67.66666666666667,61.916666666666664,60.625,67.04166666666667,62.208333333333336,62.416666666666664
2010-10-15T00:00:00Z,52.583333333333336,51.125,57,59.666666666666664,55.458333333333336,59.125,60.541666666666664,49.5,58.833333333333336,55.041666666666664,58.833333333333336,56.666666666666664,57.875,55.125,63.875,55.291666666666664,60.75,54.083333333333336,61.5,53.916666666666664,54.75,59.125,57.208333333333336,56.708333333333336
2010-10-16T00:00:00Z,52.625,51.958333333333336,56.291666666666664,56.25,54.708333333333336,56.541666666666664,57.583333333333336,50.625,56.416666666666664,55.875,58.708333333333336,53.541666666666664,57.375,54.458333333333336,60.166666666666664,54,57.625,52.541666666666664,59.166666666666664,52.25,55.291666666666664,55.458333333333336,58.166666666666664,54.75
2010-10-17T00:00:00Z,54.791666666666664,54.25,58.5,59.208333333333336,57.291666666666664,58.333333333333336,59.5,57.25,59.916666666666664,60.125,60.25,55.708333333333336,59.166666666666664,57,61.25,57.25,60.875,55.208333333333336,62.875,54.333333333333336,59.791666666666664,58.916666666666664,59.5,56.75
2010-10-18T00:00:00Z,60.625,54.25,59.958333333333336,64.66666666666667,62.166666666666664,64.54166666666667,64.54166666666667,60.041666666666664,65.375,63,59.875,58.25,59.75,61.75,69.58333333333333,61.625,66.58333333333333,56.541666666666664,68.75,55.375,62.625,64.58333333333333,62.708333333333336,63.416666666666664
2010-10-19T00:00:00Z,60.958333333333336,55.625,64.16666666666667,67.33333333333333,65.45833333333333,67.16666666666667,67.16666666666667,61.333333333333336,67.58333333333333,63.291666666666664,64.875,62.416666666666664,63,57.125,72.79166666666667,62.208333333333336,70.33333333333333,60.291666666666664,72.125,59.041666666666664,62.541666666666664,68.16666666666667,61.291666666666664,66.45833333333333
2010-10-20T00:00:00Z,58.625,56.125,60.666666666666664,63.208333333333336,63.083333333333336,61.5,61.166666666666664,54.708333333333336,58.916666666666664,57.666666666666664,62.375,58.333333333333336,59.916666666666664,57.125,68.33333333333333,57.708333333333336,66.16666666666667,58.291666666666664,66.875,58.041666666666664,57.916666666666664,62.541666666666664,61.708333333333336,59.458333333333336
2010-10-21T00:00:00Z,61.75,54.166666666666664,61.875,62.75,63.375,62.333333333333336,63.875,55.958333333333336,63.041666666666664,59.625,61.25,58.541666666666664,62.375,60.25,67.54166666666667,60.083333333333336,64.125,57.125,65.58333333333333,60.166666666666664,59.625,62.166666666666664,63.708333333333336,61.791666666666664
2010-10-22T00:00:00Z,51.458333333333336,51.958333333333336,56.791666666666664,58.083333333333336,55.416666666666664,57.375,57.916666666666664,50.833333333333336,57.125,55.541666666666664,59.458333333333336,52.875,58.041666666666664,52.708333333333336,63.708333333333336,53.625,59.958333333333336,52.375,62.166666666666664,56.041666666666664,53.875,57.75,56.166666666666664,53.708333333333336
2010-10-23T00:00:00Z,51.416666666666664,51.416666666666664,55.708333333333336,56,54.708333333333336,54.25,56.5,53.875,56,56.916666666666664,57.291666666666664,53.541666666666664,56.5,54.416666666666664,57.708333333333336,53.708333333333336,56.541666666666664,53.041666666666664,57.125,52.625,55.041666666666664,54.125,56.541666666666664,53.875
2010-10-24T00:00:00Z,59.833333333333336,56.458333333333336,62.541666666666664,63.875,64.29166666666667,61.291666666666664,64.29166666666667,59.041666666666664,63.875,62.625,61.416666666666664,60.416666666666664,62.166666666666664,60.875,67.70833333333333,60.375,64.20833333333333,58.833333333333336,64.66666666666667,59.208333333333336,63.208333333333336,61.458333333333336,64.83333333333333,62.666666666666664
2010-10-25T00:00:00Z,64.5,60.708333333333336,64.91666666666667,68.5,67.875,65.70833333333333,66.875,58.958333333333336,66.70833333333333,64.29166666666667,64.70833333333333,64.04166666666667,64.29166666666667,64.29166666666667,74.33333333333333,64.20833333333333,68.79166666666667,63.5,71.66666666666667,62.916666666666664,64.20833333333333,67.45833333333333,67.66666666666667,65.41666666666667
2010-10-26T00:00:00Z,70.54166666666667,66.70833333333333,72.04166666666667,75.33333333333333,72.75,75.125,74.375,62.25,74.08333333333333,69.41666666666667,72.08333333333333,70.33333333333333,69.20833333333333,69.54166666666667,75.95833333333333,69.95833333333333,76,70.91666666666667,75.08333333333333,68.75,69.25,75.25,72.20833333333333,72.75
2010-10-27T00:00:00Z,77.58333333333333,68.04166666666667,75.375,79.5,77.75,78.45833333333333,79.54166666666667,65.29166666666667,79.70833333333333,74.20833333333333,74.25,75.875,71.66666666666667,75.95833333333333,77.08333333333333,77.20833333333333,78.33333333333333,73.91666666666667,76.25,72.08333333333333,72.5,77.375,78.91666666666667,77.875
2010-10-28T00:00:00Z,72.54166666666667,59.958333333333336,71,73.45833333333333,74.125,75,73.66666666666667,58.625,73.83333333333333,68.33333333333333,69.54166666666667,69.79166666666667,66.54166666666667,71.25,75.25,70.5,75.125,68.95833333333333,74.5,65.16666666666667,66.875,74.20833333333333,74.375,72.95833333333333
2010-10-29T00:00:00Z,52.458333333333336,49.125,55.916666666666664,58.166666666666664,57.75,58.958333333333336,58.291666666666664,44.25,57.625,54.083333333333336,58.041666666666664,51.416666666666664,55.333333333333336,52.666666666666664,62.666666666666664,53,59.75,54.583333333333336,60.75,54.208333333333336,52.958333333333336,58.625,56.958333333333336,55.375
2010-10-30T00:00:00Z,47.291666666666664,47.333333333333336,54.5,53.208333333333336,51.458333333333336,52.458333333333336,52.916666666666664,46.791666666666664,52.208333333333336,51,53.791666666666664,49.583333333333336,50,48.25,59.25,48.833333333333336,53.5,50.041666666666664,56.25,46.583333333333336,47.625,52.333333333333336,53.875,49.291666666666664
2010-10-31T00:00:00Z,56.666666666666664,52.375,59.583333333333336,62.666666666666664,60.458333333333336,59.958333333333336,61.041666666666664,55.291666666666664,60.25,58.333333333333336,59.25,55.291666666666664,56,56.083333333333336,64.33333333333333,56.25,63.5,54.458333333333336,65.95833333333333,52.208333333333336,55.083333333333336,60.25,60,58.5
2010-11-01T00:00:00Z,50.333333333333336,48.708333333333336,55.541666666666664,58.083333333333336,54.708333333333336,56.458333333333336,57.125,45.916666666666664,55.708333333333336,51.833333333333336,55.625,52.916666666666664,52.041666666666664,49.958333333333336,60.333333333333336,52.833333333333336,58,52.208333333333336,58.416666666666664,50.125,52.125,56.333333333333336,53.625,52.916666666666664
2010-11-02T00:00:00Z,44.583333333333336,47.041666666666664,51.791666666666664,54.5,50.958333333333336,53.25,53.666666666666664,41.041666666666664,51.833333333333336,47.541666666666664,51.875,48.541666666666664,49.583333333333336,43.916666666666664,57.416666666666664,48.333333333333336,54.5,49.833333333333336,56.041666666666664,48.333333333333336,48.708333333333336,53.5,51.291666666666664,49.166666666666664
2010-11-03T00:00:00Z,50.625,47.458333333333336,49.75,54.875,56.25,56.041666666666664,53.541666666666664,41.75,52.916666666666664,47.458333333333336,49.458333333333336,47.958333333333336,47.5,47.291666666666664,63.833333333333336,49.833333333333336,55.916666666666664,48.333333333333336,60.25,47.291666666666664,47.041666666666664,55.958333333333336,54.416666666666664,51.75
2010-11-04T00:00:00Z,52.791666666666664,46.333333333333336,51,56.833333333333336,58.291666666666664,58.541666666666664,55.416666666666664,42.125,55.125,49.458333333333336,50.625,49.333333333333336,48.083333333333336,49.833333333333336,64.625,51.375,58.666666666666664,49.541666666666664,62.458333333333336,47.333333333333336,48.458333333333336,57.5,57,54.333333333333336
2010-11-05T00:00:00Z,48.875,39.5,46.166666666666664,51.75,50.25,51.583333333333336,51.833333333333336,35.541666666666664,51.958333333333336,45.75,45.791666666666664,45.25,43.625,47.541666666666664,54.708333333333336,47.458333333333336,53.333333333333336,42.625,53.041666666666664,43.458333333333336,44.416666666666664,51.625,50.833333333333336,49.375
2010-11-06T00:00:00Z,42.291666666666664,35.291666666666664,44,45,50,48,45.875,31.625,47.541666666666664,43.208333333333336,42.541666666666664,40.833333333333336,40.666666666666664,43.791666666666664,55.041666666666664,42.916666666666664,47.75,41.291666666666664,51.041666666666664,36.541666666666664,41.583333333333336,47.125,50.875,43.375
2010-11-07T00:00:00Z,40.458333333333336,39,40.875,42.895833333333336,44.5,44.395833333333336,43.020833333333336,35.75,43.479166666666664,41.104166666666664,42.958333333333336,37.166666666666664,39.333333333333336,40.020833333333336,50.916666666666664,39.875,44.520833333333336,38,46.6875,36.166666666666664,40.958333333333336,43.708333333333336,47.354166666666664,41.375
2010-11-08T00:00:00Z,44.041666666666664,48.291666666666664,50.291666666666664,49.541666666666664,46.791666666666664,47.916666666666664,50.291666666666664,49.25,48.541666666666664,53.583333333333336,55.208333333333336,47.416666666666664,52.25,51.541666666666664,53.125,49.916666666666664,49.833333333333336,49.875,51.625,48.458333333333336,53.833333333333336,48.291666666666664,51.041666666666664,46.958333333333336
2010-11-09T00:00:00Z,47.333333333333336,50.5,58.208333333333336,55.125,49.958333333333336,51,55.958333333333336,54.541666666666664,53.541666666666664,56.083333333333336,61.041666666666664,53.75,59.333333333333336,53.416666666666664,53.083333333333336,54.041666666666664,54.25,52.625,53.25,55.166666666666664,60.333333333333336,52.041666666666664,52.375,48.75
2010-11-10T00:00:00Z,50.333333333333336,50.666666666666664,55.916666666666664,53.416666666666664,50.25,51.833333333333336,53.791666666666664,56.791666666666664,53.958333333333336,55.791666666666664,57.333333333333336,51.5,56.333333333333336,52.791666666666664,55.083333333333336,53.291666666666664,53.458333333333336,50.791666666666664,53,51.166666666666664,57.625,52.25,52.625,49.708333333333336
2010-11-11T00:00:00Z,46.5,48.916666666666664,54.708333333333336,52.166666666666664,50.958333333333336,51.291666666666664,52.833333333333336,48.833333333333336,52.375,53.208333333333336,54.875,50.75,53.25,49.125,55,51.541666666666664,52.5,49.625,53.166666666666664,50.041666666666664,53.916666666666664,51.875,51.75,48.125
2010-11-12T00:00:00Z,44.333333333333336,48.291666666666664,50.208333333333336,48.541666666666664,49.25,49.25,49.291666666666664,50.166666666666664,49.458333333333336,49.583333333333336,54,45.375,50.833333333333336,47,55.541666666666664,48.166666666666664,50,46.375,52.041666666666664,47.583333333333336,49.416666666666664,48.75,48.666666666666664,44.666666666666664
2010-11-13T00:00:00Z,45.916666666666664,46.625,48.25,48.666666666666664,51.125,49.125,49.75,48.833333333333336,48.791666666666664,48.041666666666664,50.416666666666664,43.5,49.916666666666664,47.333333333333336,56.25,47.5,49.083333333333336,45.25,52.25,45.458333333333336,49.666666666666664,48.416666666666664,51.541666666666664,45.708333333333336
2010-11-14T00:00:00Z,44.583333333333336,47.041666666666664,50.916666666666664,49.625,47.416666666666664,47.791666666666664,49.916666666666664,48.333333333333336,48.5,51.791666666666664,52.041666666666664,48.291666666666664,50.416666666666664,49.708333333333336,49.416666666666664,48.083333333333336,49.541666666666664,47.666666666666664,48.583333333333336,45.875,49.041666666666664,46.166666666666664,48.791666666666664,46.416666666666664
2010-11-15T00:00:00Z,50.666666666666664,48.375,54,56.458333333333336,54.291666666666664,51.625,55.666666666666664,44.583333333333336,54.833333333333336,50.333333333333336,53.833333333333336,52.458333333333336,49.333333333333336,52.833333333333336,53.625,51.25,54.625,48.208333333333336,55.625,47.708333333333336,49.458333333333336,53.125,55.166666666666664,53.166666666666664
2010-11-16T00:00:00Z,61.125,52.208333333333336,60.333333333333336,67.58333333333333,62.666666666666664,65.375,66.54166666666667,48.458333333333336,64.04166666666667,56.958333333333336,56.125,59.791666666666664,54.541666666666664,60.208333333333336,64.20833333333333,59.583333333333336,69.16666666666667,57.125,66.95833333333333,54.416666666666664,54.291666666666664,66.29166666666667,62.625,62.125
2010-11-17T00:00:00Z,54.875,45.5,53.791666666666664,58.916666666666664,59.416666666666664,59.833333333333336,59.208333333333336,43.291666666666664,59.333333333333336,53.125,51.208333333333336,51.875,51.041666666666664,54.916666666666664,62.666666666666664,53,60.75,50.75,62.166666666666664,49.458333333333336,52,59.875,59.833333333333336,57.208333333333336
2010-11-18T00:00:00Z,45.166666666666664,41.583333333333336,47.208333333333336,48.083333333333336,48.833333333333336,48.5,49.708333333333336,43.125,48.875,46.541666666666664,47.916666666666664,44.166666666666664,45.916666666666664,47.5,57.583333333333336,45.958333333333336,49.708333333333336,44,53.25,42.125,44.666666666666664,48.458333333333336,49.291666666666664,45.958333333333336
2010-11-19T00:00:00Z,42.583333333333336,41.625,48.458333333333336,46.5,46.25,46.541666666666664,47.791666666666664,43.5,47.208333333333336,46.333333333333336,48.083333333333336,44.875,46.291666666666664,45.375,51.458333333333336,45.5,47.375,43.875,48.375,42.041666666666664,46.208333333333336,46.791666666666664,47.708333333333336,44.416666666666664
2010-11-20T00:00:00Z,47.75,45.041666666666664,52.958333333333336,52.666666666666664,51.625,49.75,52.291666666666664,48,51.041666666666664,50.875,51.833333333333336,51.166666666666664,49.375,50.458333333333336,57.458333333333336,50.375,52.708333333333336,46.708333333333336,54.291666666666664,45.5,49.208333333333336,51.291666666666664,51.5,49.375
2010-11-21T00:00:00Z,48.083333333333336,46.583333333333336,54.458333333333336,56.166666666666664,51.25,52.083333333333336,56.041666666666664,46.916666666666664,53.625,51.166666666666664,54.583333333333336,49.708333333333336,52,51.041666666666664,56.875,50.583333333333336,55.625,49,54.75,49.166666666666664,48.291666666666664,52.708333333333336,53.916666666666664,51.5
2010-11-22T00:00:00Z,53.166666666666664,51.041666666666664,57.208333333333336,57.458333333333336,55.666666666666664,55.5,57.583333333333336,51.666666666666664,56.708333333333336,55.041666666666664,59.041666666666664,55.333333333333336,56,54.541666666666664,60.458333333333336,53.916666666666664,59.083333333333336,53.916666666666664,57.875,52.875,56.5,57.208333333333336,57.416666666666664,55.458333333333336
2010-11-23T00:00:00Z,63.125,53.5,59.958333333333336,63.916666666666664,62.958333333333336,63.166666666666664,63.666666666666664,51.416666666666664,64.625,59.083333333333336,59.333333333333336,60.458333333333336,57.25,60.708333333333336,64.70833333333333,61.666666666666664,64.58333333333333,59,63.458333333333336,53.375,55.333333333333336,63.041666666666664,64.45833333333333,62.5
2010-11-24T00:00:00Z,49.916666666666664,49.625,55.791666666666664,56.541666666666664,51.375,55.791666666666664,56.041666666666664,48.583333333333336,55.083333333333336,52.833333333333336,53.583333333333336,52.875,52.916666666666664,51.125,56.291666666666664,54.125,58.083333333333336,48.541666666666664,56.333333333333336,50.791666666666664,52.791666666666664,56.916666666666664,51.166666666666664,52.625
2010-11-25T00:00:00Z,51.166666666666664,56.916666666666664,51.125,59.333333333333336,55,56.625,56.708333333333336,51.208333333333336,53.875,47.25,54.541666666666664,48.25,51.666666666666664,48.125,60.333333333333336,48.541666666666664,59.5,49.5,59.333333333333336,50.75,49.333333333333336,58.708333333333336,54.25,54.25
2010-11-26T00:00:00Z,59.791666666666664,46.833333333333336,57.541666666666664,62.583333333333336,61.916666666666664,63.083333333333336,62.166666666666664,42.125,61.041666666666664,54.416666666666664,56.041666666666664,56.708333333333336,54.291666666666664,56.5,64.83333333333333,56.875,64.25,56.041666666666664,64.66666666666667,53.791666666666664,52.875,63.083333333333336,61.875,60.125
2010-11-27T00:00:00Z,41.583333333333336,35.583333333333336,43.083333333333336,46.833333333333336,43.208333333333336,44.75,45.625,30.083333333333332,44.458333333333336,41.208333333333336,43.333333333333336,40.791666666666664,41.625,41.375,49.208333333333336,41.541666666666664,47.291666666666664,41.25,47.333333333333336,40.375,39.208333333333336,45.458333333333336,45.833333333333336,42.666666666666664
2010-11-28T00:00:00Z,35.875,33.541666666666664,41.083333333333336,42.166666666666664,41.875,41.916666666666664,40.875,30.208333333333332,39.916666666666664,37.375,39.5,37.166666666666664,36.291666666666664,36.291666666666664,48.125,36.875,41.75,35.625,44.875,33,36.166666666666664,42.375,41.625,36.125
2010-11-29T00:00:00Z,41.375,38,43.541666666666664,47,48,49.291666666666664,45.375,33.833333333333336,45.333333333333336,39.375,42.791666666666664,40.125,39.791666666666664,40.208333333333336,55.416666666666664,41.541666666666664,51.25,40.25,53.208333333333336,39.208333333333336,39.541666666666664,50.458333333333336,45.625,43.333333333333336
2010-11-30T00:00:00Z,58.25,50.25,57.833333333333336,64.20833333333333,60.458333333333336,60.708333333333336,62.833333333333336,45.75,61.625,56.041666666666664,52.916666666666664,58.875,50.166666666666664,59.958333333333336,64.75,59.208333333333336,66.16666666666667,54.291666666666664,64.25,48.708333333333336,53.75,62.125,59.416666666666664,58.916666666666664
2010-12-01T00:00:00Z,54.25,34.875,45.666666666666664,55.041666666666664,57.666666666666664,58.625,54.75,31.5,56.5,46.75,41.833333333333336,47.5,42.708333333333336,50.083333333333336,62.666666666666664,50.625,57.375,44.208333333333336,59.708333333333336,42.166666666666664,43.708333333333336,57.458333333333336,57.416666666666664,55.833333333333336
2010-12-02T00:00:00Z,36.083333333333336,31.666666666666668,36.791666666666664,38.541666666666664,38.291666666666664,39.083333333333336,38.333333333333336,27.291666666666668,39.291666666666664,35.958333333333336,37.375,34.791666666666664,36.708333333333336,36.291666666666664,44.916666666666664,35.5,39.583333333333336,33.708333333333336,41.208333333333336,35.125,35.833333333333336,38.75,41.583333333333336,37.25
2010-12-03T00:00:00Z,37.916666666666664,35.708333333333336,38.541666666666664,38.666666666666664,39.75,38.791666666666664,38.458333333333336,31.208333333333332,41,40.208333333333336,39.375,39.208333333333336,37.916666666666664,38.666666666666664,45.625,38.708333333333336,38,35.791666666666664,41.458333333333336,35.25,39.375,36.833333333333336,41.416666666666664,38.791666666666664
2010-12-04T00:00:00Z,33.5,35.5,37.458333333333336,39.75,35.75,36.916666666666664,37.416666666666664,29.208333333333332,36.208333333333336,32.541666666666664,39.458333333333336,34.166666666666664,33.541666666666664,32.416666666666664,42.041666666666664,32.541666666666664,39.25,33.875,39.125,33.041666666666664,32.208333333333336,37.375,37.333333333333336,34.041666666666664
2010-12-05T00:00:00Z,33.875,28.583333333333332,35.041666666666664,39.416666666666664,34.25,36.166666666666664,38.291666666666664,22.5,36.208333333333336,32.041666666666664,35.916666666666664,33.875,33.916666666666664,32.833333333333336,39.458333333333336,33.041666666666664,38.583333333333336,33.5,38.083333333333336,34.125,32.75,36.208333333333336,36.166666666666664,34.166666666666664
2010-12-06T00:00:00Z,30.583333333333332,23.666666666666668,29.916666666666668,33.583333333333336,32.416666666666664,32.958333333333336,32.916666666666664,16.583333333333332,31.625,28.416666666666668,30.166666666666668,29.333333333333332,28.166666666666668,29.791666666666668,37.708333333333336,28.916666666666668,34.125,28.875,34.083333333333336,28.708333333333332,28.166666666666668,31.333333333333332,33.875,31.166666666666668
2010-12-07T00:00:00Z,27.625,19.625,25.208333333333332,29.666666666666668,29.25,28.5,29.333333333333332,13,28.25,24.083333333333332,26.041666666666668,24.916666666666668,23.583333333333332,26.541666666666668,33.375,26.458333333333332,29.666666666666668,24.333333333333332,29.75,23.916666666666668,24.166666666666668,26.666666666666668,31.375,28.166666666666668
2010-12-08T00:00:00Z,27.375,23.5,27.125,30.708333333333332,28.708333333333332,29.708333333333332,30,17.125,28.875,26.083333333333332,28.125,26.083333333333332,27.791666666666668,26.333333333333332,33.583333333333336,26.666666666666668,30.75,25.75,31.458333333333332,26.583333333333332,26.208333333333332,28.458333333333332,31.083333333333332,27.75
2010-12-09T00:00:00Z,27.291666666666668,28.666666666666668,32.75,32.958333333333336,31.416666666666668,32.458333333333336,32.583333333333336,25.166666666666668,31.166666666666668,29.333333333333332,32.375,29.166666666666668,30.583333333333332,29.125,37.208333333333336,29.5,32.958333333333336,28,33.458333333333336,28.166666666666668,26.375,32.458333333333336,32,28.416666666666668
2010-12-10T00:00:00Z,30.166666666666668,33.083333333333336,36.583333333333336,37.583333333333336,37.625,37.916666666666664,36.25,29.416666666666668,34.416666666666664,33.5,36.208333333333336,32.208333333333336,34.25,32.666666666666664,46.625,32.333333333333336,38.833333333333336,32.5,41.958333333333336,32.291666666666664,32.416666666666664,38.625,34.416666666666664,31.916666666666668
2010-12-11T00:00:00Z,34.583333333333336,37.041666666666664,39.791666666666664,42.041666666666664,44.375,43.958333333333336,40.291666666666664,32.125,38.833333333333336,36.416666666666664,40.375,35.333333333333336,38.791666666666664,33.541666666666664,49.458333333333336,34.416666666666664,45,38.375,48.375,37.041666666666664,36.75,43.75,42.291666666666664,37.25
2010-12-12T00:00:00Z,46.791666666666664,29.208333333333332,40.166666666666664,47.166666666666664,52.833333333333336,52.666666666666664,46.583333333333336,26.916666666666668,47,36.833333333333336,35.291666666666664,39.083333333333336,34.666666666666664,39.875,56.291666666666664,40.375,49.791666666666664,38,54,33.625,35.333333333333336,50.166666666666664,53.083333333333336,47.333333333333336
2010-12-13T00:00:00Z,30.666666666666668,17.458333333333332,26.875,32,33.166666666666664,33,31.833333333333332,13.5,31.833333333333332,26.208333333333332,25.333333333333332,27.125,24.625,28.375,37.375,28.833333333333332,32,26.916666666666668,34,25,25.666666666666668,31.916666666666668,33.291666666666664,31.166666666666668
2010-12-14T00:00:00Z,25.291666666666668,14.958333333333334,23.958333333333332,28.541666666666668,25.083333333333332,27.291666666666668,28.25,10.5,27.291666666666668,22.208333333333332,23.583333333333332,23.166666666666668,22.291666666666668,23.125,29.958333333333332,23.75,28.791666666666668,22.291666666666668,28.166666666666668,20.791666666666668,21.708333333333332,27.166666666666668,25.083333333333332,25.833333333333332
2010-12-15T00:00:00Z,23.291666666666668,22.083333333333332,27.166666666666668,28.25,25.5,25.958333333333332,27.125,16.875,26.833333333333332,23.666666666666668,28.041666666666668,22.958333333333332,25.875,25,31.333333333333332,25.958333333333332,27.833333333333332,25.833333333333332,29.291666666666668,24.333333333333332,25.416666666666668,26.375,26.666666666666668,24.75
2010-12-16T00:00:00Z,29.416666666666668,37.916666666666664,36.5,46.958333333333336,30.666666666666668,37.458333333333336,43.625,29.708333333333332,33.958333333333336,30.916666666666668,36.291666666666664,33.166666666666664,33.375,30.041666666666668,41.791666666666664,31.625,46.208333333333336,36.208333333333336,45.416666666666664,32.208333333333336,29.875,43.416666666666664,28.541666666666668,30.541666666666668
2010-12-17T00:00:00Z,31.125,35.958333333333336,43.5,48.875,33.708333333333336,39.083333333333336,45.791666666666664,32.375,37.541666666666664,32.166666666666664,43.708333333333336,36.125,40.75,32.208333333333336,39.958333333333336,33.625,46.958333333333336,38.75,41.291666666666664,39.166666666666664,37.625,42.666666666666664,30.791666666666668,34.708333333333336
2010-12-18T00:00:00Z,31.166666666666668,32.625,34.708333333333336,37.083333333333336,35.875,35.583333333333336,34.916666666666664,29.208333333333332,33.75,32.291666666666664,37,33.375,35.708333333333336,31,43.291666666666664,32.791666666666664,37.458333333333336,33.541666666666664,38.666666666666664,35.833333333333336,31.916666666666668,36.208333333333336,34,33.041666666666664
2010-12-19T00:00:00Z,33.666666666666664,29.791666666666668,33.916666666666664,37.541666666666664,35.833333333333336,37.375,37.375,25.208333333333332,36.791666666666664,32.083333333333336,37.291666666666664,31.541666666666668,32.666666666666664,32.833333333333336,40.166666666666664,33.583333333333336,37.875,32.583333333333336,38.375,31.541666666666668,31.125,37.541666666666664,34.791666666666664,34.333333333333336
2010-12-20T00:00:00Z,29.666666666666668,29.583333333333332,31.666666666666668,33.208333333333336,31.5,32.75,32.708333333333336,24.75,32.375,29.208333333333332,36.25,28.791666666666668,31.916666666666668,31.125,36.291666666666664,30.458333333333332,32.083333333333336,29.083333333333332,33.666666666666664,28.458333333333332,30.5,31.458333333333332,32.666666666666664,31.833333333333332
2010-12-21T00:00:00Z,34.041666666666664,37.166666666666664,39.666666666666664,36.583333333333336,34.625,36.208333333333336,36.666666666666664,34.375,36.708333333333336,36.666666666666664,42.541666666666664,36.083333333333336,36.541666666666664,35.166666666666664,38.416666666666664,36.666666666666664,36.791666666666664,36.333333333333336,37.166666666666664,35.958333333333336,36.833333333333336,35.541666666666664,35.041666666666664,35.458333333333336
2010-12-22T00:00:00Z,36.416666666666664,40.708333333333336,47.416666666666664,45.75,36.958333333333336,39.583333333333336,42.791666666666664,40.958333333333336,42.041666666666664,43.541666666666664,49.583333333333336,43.583333333333336,43.083333333333336,41.833333333333336,40.5,43.5,44.375,45.208333333333336,41.458333333333336,42,42.5,41.541666666666664,38.208333333333336,37.833333333333336
2010-12-23T00:00:00Z,36.625,28.375,36.875,39.666666666666664,37,36.916666666666664,39.625,22.75,39.083333333333336,34.083333333333336,35.791666666666664,35.25,34.291666666666664,35.375,39.458333333333336,35.958333333333336,37.958333333333336,35.416666666666664,38.041666666666664,33.458333333333336,34.25,38.208333333333336,37.25,35.916666666666664
2010-12-24T00:00:00Z,30.625,32.125,33.583333333333336,34.5,33.041666666666664,32.791666666666664,34.083333333333336,29.375,33.666666666666664,33.583333333333336,35.333333333333336,31.416666666666668,35.916666666666664,33.75,35.291666666666664,33.958333333333336,34.083333333333336,32.5,34.625,33.708333333333336,36.375,32.5,35.083333333333336,31.5
2010-12-25T00:00:00Z,33.166666666666664,31.375,36.625,38.5,33.833333333333336,36.541666666666664,38.416666666666664,28.458333333333332,38.875,33.708333333333336,35.208333333333336,35.458333333333336,33.458333333333336,33.75,39.333333333333336,35.875,38.5,33.541666666666664,37.958333333333336,33.625,34.666666666666664,36.333333333333336,33.875,36.25
2010-12-26T00:00:00Z,29.541666666666668,23,30,32.833333333333336,30.875,32.166666666666664,31.625,18.625,31.083333333333332,28.333333333333332,30.125,28.333333333333332,28.583333333333332,29.083333333333332,37.541666666666664,29.208333333333332,32.916666666666664,29.625,33.958333333333336,28.791666666666668,28.75,32,29.583333333333332,29.666666666666668
2010-12-27T00:00:00Z,29.291666666666668,21.833333333333332,30.166666666666668,31.041666666666668,29.458333333333332,29.75,30.166666666666668,17.75,29.458333333333332,27.833333333333332,30.875,29.333333333333332,28.708333333333332,29.791666666666668,35.041666666666664,29.583333333333332,31.916666666666668,30.333333333333332,31.541666666666668,29.166666666666668,28.375,29.583333333333332,31.916666666666668,29.125
2010-12-28T00:00:00Z,28.25,25.458333333333332,34.541666666666664,32.208333333333336,29.416666666666668,32.5,32.916666666666664,28.416666666666668,32.333333333333336,30.416666666666668,35,31.541666666666668,31.458333333333332,32.583333333333336,36.916666666666664,32.083333333333336,34.916666666666664,29.25,35.625,29.458333333333332,32.625,33.625,31.666666666666668,30.708333333333332
2010-12-29T00:00:00Z,27.625,32.125,36.75,34.458333333333336,31.166666666666668,33.333333333333336,34.333333333333336,30.708333333333332,32.083333333333336,33.75,37.458333333333336,32.791666666666664,35,35,37.791666666666664,35.375,36.083333333333336,30.916666666666668,36.666666666666664,32,35.875,34.25,29.458333333333332,28.583333333333332
2010-12-30T00:00:00Z,27.458333333333332,34.375,37.958333333333336,36.958333333333336,31.458333333333332,33.625,35.916666666666664,33.833333333333336,32.666666666666664,34.416666666666664,38.25,33.791666666666664,36,33.583333333333336,40.083333333333336,33.416666666666664,37.083333333333336,34.125,38.5,33.875,35.666666666666664,34.916666666666664,31.375,29.166666666666668
2010-12-31T00:00:00Z,34.75,41.958333333333336,43.166666666666664,44.875,38.166666666666664,40.916666666666664,43.833333333333336,42.791666666666664,41.458333333333336,43.375,45.583333333333336,43.541666666666664,41.625,43.666666666666664,43.666666666666664,44.166666666666664,42.75,40.125,41.458333333333336,38.916666666666664,42.958333333333336,40.291666666666664,37.5,36.583333333333336
2011-01-01T00:00:00Z,49.333333333333336,50.5,52.75,56.625,52.083333333333336,51.833333333333336,56.666666666666664,49.083333333333336,56.041666666666664,49.333333333333336,51.041666666666664,51,48.75,52,50.75,52.583333333333336,54.833333333333336,48.958333333333336,52.458333333333336,46.75,49.291666666666664,52.25,50.916666666666664,51.875
2011-01-02T00:00:00Z,54.583333333333336,40.25,54.5,60.75,55.75,59.875,60,37.958333333333336,59.291666666666664,49.458333333333336,52.958333333333336,52.333333333333336,50.041666666666664,51.583333333333336,53.875,52.75,60.291666666666664,52.25,56.916666666666664,48.125,47.166666666666664,59.416666666666664,52,57.708333333333336
2011-01-03T00:00:00Z,32.916666666666664,31.166666666666668,35.375,38.166666666666664,34.5,37.541666666666664,37.041666666666664,27.666666666666668,36.125,31.875,35.833333333333336,30.875,33.375,33.125,38.166666666666664,33.166666666666664,38.625,31.708333333333332,39.083333333333336,30.708333333333332,32.541666666666664,37.791666666666664,33.666666666666664,34.458333333333336
2011-01-04T00:00:00Z,34.916666666666664,35.708333333333336,39.25,38.291666666666664,36,37.458333333333336,37.125,34.875,38.083333333333336,37.375,40.791666666666664,36.125,36.125,35.75,38.041666666666664,36.541666666666664,38.916666666666664,34.958333333333336,39.375,37.875,36.583333333333336,36.583333333333336,35,37.166666666666664
2011-01-05T00:00:00Z,37.458333333333336,34.916666666666664,36.916666666666664,40.458333333333336,38.166666666666664,37.875,38.791666666666664,33.625,38.958333333333336,36.666666666666664,39.791666666666664,35.291666666666664,36.041666666666664,38.083333333333336,41.875,37.041666666666664,40.875,34.541666666666664,42.333333333333336,39.041666666666664,36.875,38.5,36.833333333333336,38.583333333333336
2011-01-06T00:00:00Z,35.833333333333336,33.708333333333336,40.666666666666664,40.25,37.125,38.375,39.541666666666664,29.083333333333332,39.375,38.583333333333336,40.708333333333336,38.583333333333336,37.583333333333336,36.833333333333336,41.583333333333336,38.416666666666664,41.541666666666664,38.583333333333336,40.708333333333336,37.375,38.5,38.708333333333336,34.75,36.625
2011-01-07T00:00:00Z,32.833333333333336,34.375,37.583333333333336,39.833333333333336,36.083333333333336,39.708333333333336,39.541666666666664,29,38.958333333333336,37.041666666666664,40.083333333333336,38.208333333333336,38.458333333333336,36.833333333333336,39.083333333333336,38,40.875,37.25,41.375,38.958333333333336,38.291666666666664,38.291666666666664,34,36.916666666666664
2011-01-08T00:00:00Z,32.416666666666664,23.875,32.916666666666664,39.875,34.75,38.625,38.791666666666664,17.833333333333332,35.625,29.666666666666668,33.5,30.791666666666668,30,30.875,40.458333333333336,31.916666666666668,40.75,30.458333333333332,40.541666666666664,30.041666666666668,28.166666666666668,38.458333333333336,34.166666666666664,34
2011-01-09T00:00:00Z,26.958333333333332,20.5,26.125,29.5,27.666666666666668,29.041666666666668,29.25,14.958333333333334,28.666666666666668,24.25,26.416666666666668,24.375,25.125,25.708333333333332,33.208333333333336,25.75,29.375,25.041666666666668,30.583333333333332,22.75,23.625,27.708333333333332,29.375,27.291666666666668
2011-01-10T00:00:00Z,29.583333333333332,23.75,27.291666666666668,30.166666666666668,31.25,30.416666666666668,29.208333333333332,20.583333333333332,30.666666666666668,27.125,26.833333333333332,26.666666666666668,25.875,29.583333333333332,35.25,29.583333333333332,30.083333333333332,27.208333333333332,30.125,26.625,27.333333333333332,28.708333333333332,30.583333333333332,29.875
2011-01-11T00:00:00Z,30,28.333333333333332,29.833333333333332,31.833333333333332,33.625,33.791666666666664,31.708333333333332,25.5,31.166666666666668,27.833333333333332,29.5,28.583333333333332,28.25,29.375,40.208333333333336,29.208333333333332,32.25,29.333333333333332,36.75,28.75,28.791666666666668,32.166666666666664,32.166666666666664,30.666666666666668
2011-01-12T00:00:00Z,31.625,22.041666666666668,28.375,33.25,33.625,34.375,32.416666666666664,17.166666666666668,32.791666666666664,28.166666666666668,26.416666666666668,28.791666666666668,26.958333333333332,30.5,37.291666666666664,30.291666666666668,33.666666666666664,28.5,34.958333333333336,27.958333333333332,28.541666666666668,32.833333333333336,33.5,32.5
2011-01-13T00:00:00Z,28.583333333333332,20.541666666666668,28.708333333333332,30.75,29.791666666666668,30.916666666666668,30.291666666666668,16.541666666666668,30.083333333333332,27.625,28.791666666666668,27.583333333333332,27.583333333333332,30.25,35.375,29.666666666666668,31.083333333333332,27.208333333333332,32.458333333333336,26.166666666666668,28.25,29.583333333333332,31.958333333333332,29.583333333333332
2011-01-14T00:00:00Z,26.875,20.333333333333332,28.833333333333332,31.333333333333332,29.791666666666668,28.583333333333332,30.708333333333332,22.333333333333332,29.5,27.458333333333332,27.625,26.625,26.25,28.791666666666668,33.708333333333336,28.541666666666668,30.791666666666668,24.375,31.916666666666668,23.166666666666668,27.041666666666668,28.916666666666668,29.666666666666668,27.958333333333332
2011-01-15T00:00:00Z,34.458333333333336,30.625,36.375,36.416666666666664,35.5,35.708333333333336,35.541666666666664,32.458333333333336,36.125,35.5,36.375,35.708333333333336,35.125,35.916666666666664,37.416666666666664,35.666666666666664,35.916666666666664,33.416666666666664,36,32.75,35.208333333333336,34.583333333333336,37.208333333333336,34.916666666666664
2011-01-16T00:00:00Z,38.5,36.458333333333336,41.166666666666664,40.041666666666664,38.125,40.5,39.958333333333336,35.166666666666664,40.833333333333336,39.291666666666664,39.916666666666664,37.458333333333336,40.708333333333336,38.916666666666664,43.166666666666664,38.25,39.166666666666664,36.333333333333336,42.75,38.208333333333336,40.625,40.125,38.666666666666664,39.916666666666664
2011-01-17T00:00:00Z,35.791666666666664,32.625,37.5,40.083333333333336,42.375,41.666666666666664,39.625,31.5,39.208333333333336,33.75,38.166666666666664,35.833333333333336,35,34.416666666666664,51.541666666666664,35.833333333333336,40.791666666666664,35.125,45.583333333333336,35.541666666666664,35.458333333333336,41.916666666666664,38.125,38.5
2011-01-18T00:00:00Z,37.125,37.708333333333336,39,42.25,42.791666666666664,42.75,41.083333333333336,36.083333333333336,39.791666666666664,36.458333333333336,40.5,38.125,38.333333333333336,35.666666666666664,45.083333333333336,37.458333333333336,42.875,39.041666666666664,46,39.041666666666664,37.666666666666664,42.208333333333336,39.958333333333336,38.541666666666664
2011-01-19T00:00:00Z,47.083333333333336,39.833333333333336,46.625,45.583333333333336,46.666666666666664,47.458333333333336,46.083333333333336,35.958333333333336,47.166666666666664,45.208333333333336,46.833333333333336,45.166666666666664,44.708333333333336,47.208333333333336,47.333333333333336,46.958333333333336,46.25,45.041666666666664,46.375,43.541666666666664,42.791666666666664,46,45.25,46.458333333333336
2011-01-20T00:00:00Z,38.375,35.958333333333336,41.75,45.875,41.291666666666664,42.916666666666664,45.416666666666664,31.416666666666668,44.833333333333336,39.375,41.583333333333336,40.833333333333336,37.041666666666664,40.375,47.25,40.833333333333336,43.625,37.125,46.041666666666664,35.416666666666664,38,43.208333333333336,40.875,41.166666666666664
2011-01-21T00:00:00Z,38.541666666666664,26.458333333333332,37.041666666666664,42.708333333333336,41.833333333333336,43.333333333333336,41.791666666666664,21.208333333333332,41.791666666666664,34.083333333333336,36.333333333333336,35.875,33.083333333333336,35.833333333333336,46.375,37.083333333333336,43.25,35.5,44.708333333333336,32.958333333333336,32.166666666666664,42.708333333333336,40.5,39.458333333333336
2011-01-22T00:00:00Z,24.125,26.25,29.666666666666668,30.583333333333332,26.25,28.083333333333332,29.458333333333332,21.208333333333332,27.541666666666668,25.583333333333332,30.833333333333332,26,28.75,23.541666666666668,33.583333333333336,25.458333333333332,28.208333333333332,28.291666666666668,28.625,28.333333333333332,28.541666666666668,27.125,24.958333333333332,25.541666666666668
2011-01-23T00:00:00Z,26.125,29.208333333333332,32.708333333333336,32.041666666666664,28.125,30.083333333333332,30.583333333333332,25.583333333333332,29.208333333333332,30.833333333333332,33.25,27.875,33.166666666666664,27.875,32.833333333333336,29.375,31.291666666666668,29.041666666666668,28.333333333333332,30.791666666666668,34.041666666666664,29.041666666666668,28.083333333333332,28.083333333333332
2011-01-24T00:00:00Z,28.708333333333332,33.291666666666664,35.333333333333336,37.583333333333336,31.833333333333332,35.708333333333336,35.125,27,33.208333333333336,31,38.083333333333336,31,32.541666666666664,30.875,40.541666666666664,31.208333333333332,37.041666666666664,31.75,36.25,32.666666666666664,31.208333333333332,35.333333333333336,29.333333333333332,30.458333333333332
2011-01-25T00:00:00Z,40.458333333333336,31.833333333333332,36.291666666666664,42,41.333333333333336,42.583333333333336,41.208333333333336,33.375,41.625,36.833333333333336,35.75,35.791666666666664,32.583333333333336,38.416666666666664,48.833333333333336,39.041666666666664,43.458333333333336,32.833333333333336,46.625,31.583333333333332,36.125,42,40.125,39.291666666666664
2011-01-26T00:00:00Z,41.625,35.75,40.416666666666664,48.958333333333336,46.666666666666664,51.083333333333336,47.833333333333336,31.791666666666668,45.333333333333336,37.166666666666664,41.541666666666664,38.208333333333336,38.333333333333336,38.041666666666664,51.833333333333336,39.833333333333336,51.041666666666664,38.458333333333336,52.416666666666664,38.875,38.875,52.125,39.583333333333336,44
2011-01-27T00:00:00Z,35.25,31.958333333333332,37.041666666666664,40.333333333333336,36.916666666666664,40.375,39.166666666666664,27.791666666666668,38.625,35.666666666666664,37.916666666666664,34.75,37.541666666666664,35.083333333333336,41.541666666666664,35.375,41,34.833333333333336,42.041666666666664,35.458333333333336,36.208333333333336,39.833333333333336,35.375,36.958333333333336
2011-01-28T00:00:00Z,35.041666666666664,34.208333333333336,40.625,42.25,38.75,39.625,41.541666666666664,33.5,40.458333333333336,38.708333333333336,43.083333333333336,37.75,38.708333333333336,38.25,42,38.416666666666664,42,38.916666666666664,42.083333333333336,36.791666666666664,37.875,40.125,36.25,36.541666666666664
2011-01-29T00:00:00Z,38.125,40.833333333333336,45.25,44.041666666666664,38.458333333333336,41,44.208333333333336,41.25,42.583333333333336,41.958333333333336,45.5,41.416666666666664,45.416666666666664,40.5,44.666666666666664,41.291666666666664,43.333333333333336,41.541666666666664,44.375,43.666666666666664,41.375,41.333333333333336,38.125,40.083333333333336
2011-01-30T00:00:00Z,43.625,46.541666666666664,52.75,53.083333333333336,43.625,48.375,53.333333333333336,49.75,49.541666666666664,50.125,56.083333333333336,49.416666666666664,54.041666666666664,48.125,49.125,49.458333333333336,50.458333333333336,47.791666666666664,49.583333333333336,52,50.708333333333336,48.291666666666664,39.208333333333336,46.916666666666664
2011-01-31T00:00:00Z,35.625,39.291666666666664,42.25,44.125,39.25,42.833333333333336,42.5,33.125,40.25,37.875,44.375,38.875,40.416666666666664,36.291666666666664,49.583333333333336,38.5,44.125,40.625,45.291666666666664,41.25,38.833333333333336,43.75,35.625,38
2011-02-01T00:00:00Z,41.541666666666664,38.083333333333336,42.083333333333336,49.083333333333336,41.041666666666664,46.75,47.708333333333336,34.458333333333336,44.916666666666664,40.708333333333336,39.166666666666664,42.375,37.666666666666664,40.333333333333336,46.916666666666664,42.125,46.333333333333336,38.541666666666664,48.625,37.833333333333336,38.375,46.208333333333336,39.583333333333336,43.333333333333336
2011-02-02T00:00:00Z,61.125,39.583333333333336,51.375,65.70833333333333,62.5,64.33333333333333,64.91666666666667,36.708333333333336,63.375,51.625,46.416666666666664,55.25,45.25,57.541666666666664,58.083333333333336,58.083333333333336,62.75,47.916666666666664,58.875,43.833333333333336,42.875,63.666666666666664,60.291666666666664,63.416666666666664
2011-02-03T00:00:00Z,36.5,31.541666666666668,36.75,44.25,39.5,43.791666666666664,43.166666666666664,25.916666666666668,40.875,33.708333333333336,35.958333333333336,34.666666666666664,35.125,34.125,42.791666666666664,35.75,44.625,34.791666666666664,44.708333333333336,35.166666666666664,33.125,43.875,36.041666666666664,38.875
2011-02-04T00:00:00Z,35.916666666666664,34.041666666666664,34.416666666666664,38.416666666666664,38.083333333333336,38.416666666666664,37.458333333333336,31.916666666666668,36.291666666666664,33.666666666666664,34.375,33.25,34.041666666666664,34.75,42.083333333333336,34.625,39.791666666666664,33.708333333333336,40.208333333333336,34.958333333333336,34.583333333333336,38.75,36.916666666666664,35.375
2011-02-05T00:00:00Z,41.666666666666664,40.708333333333336,40.416666666666664,48.791666666666664,49.208333333333336,50.958333333333336,45.375,35.833333333333336,43.458333333333336,37.958333333333336,40.833333333333336,39.916666666666664,38.5,39.916666666666664,54.5,40.75,52.083333333333336,38.958333333333336,52.916666666666664,38.166666666666664,36.541666666666664,51.125,47,43.125
2011-02-06T00:00:00Z,41.708333333333336,36.791666666666664,41.333333333333336,47.166666666666664,43.75,47.208333333333336,46.875,34.333333333333336,44.375,38.75,40.208333333333336,38.375,39.083333333333336,41.375,48.125,39.75,46.791666666666664,37.125,47.541666666666664,37.208333333333336,38.25,46.208333333333336,42.208333333333336,43.208333333333336
2011-02-07T00:00:00Z,40.958333333333336,34.125,40.291666666666664,43.208333333333336,43.208333333333336,43.625,42.75,33.708333333333336,42.791666666666664,41,38.791666666666664,39.958333333333336,36.833333333333336,43,46.291666666666664,41.458333333333336,45.583333333333336,36.75,46,34.5,37.75,44.666666666666664,43.541666666666664,42.083333333333336
2011-02-08T00:00:00Z,42.208333333333336,31.041666666666668,40.25,46.5,44.708333333333336,46.458333333333336,45.791666666666664,25.041666666666668,45,37.75,39.208333333333336,38.5,36.583333333333336,40.083333333333336,48.916666666666664,40.25,46.75,38.541666666666664,47.833333333333336,35.916666666666664,35.375,46.416666666666664,43.041666666666664,43.5
2011-02-09T00:00:00Z,33.125,29.083333333333332,35.125,41.666666666666664,34.041666666666664,37.666666666666664,39.291666666666664,23.083333333333332,38.291666666666664,31.666666666666668,35.083333333333336,33.958333333333336,31.041666666666668,32.875,40.583333333333336,34.791666666666664,39.458333333333336,33.416666666666664,38.791666666666664,29.333333333333332,30.25,38.791666666666664,32.208333333333336,34.958333333333336
2011-02-10T00:00:00Z,31.625,29.583333333333332,38.416666666666664,37.25,31.416666666666668,32.708333333333336,36.25,25.166666666666668,34.708333333333336,34.041666666666664,38.25,34.375,35.416666666666664,33.666666666666664,37.458333333333336,34.541666666666664,35.625,35.166666666666664,34.791666666666664,34.666666666666664,33.333333333333336,33.541666666666664,30.208333333333332,32.583333333333336
2011-02-11T00:00:00Z,30.916666666666668,30.291666666666668,36.541666666666664,34,34,32.833333333333336,32.583333333333336,28.25,32.5,34.625,36.958333333333336,33.041666666666664,34.916666666666664,34.208333333333336,40.125,33.541666666666664,32.291666666666664,32.666666666666664,36.583333333333336,32.208333333333336,33.416666666666664,31.583333333333332,32.708333333333336,31.25
2011-02-12T00:00:00Z,37.083333333333336,36.041666666666664,41.5,40.625,39.75,40.666666666666664,40.75,31.5,41.083333333333336,40.375,40.083333333333336,38.416666666666664,41.458333333333336,40.541666666666664,45.166666666666664,40.083333333333336,40.625,38.5,42.916666666666664,39.958333333333336,39.916666666666664,39.708333333333336,40.666666666666664,38.583333333333336
2011-02-13T00:00:00Z,42.708333333333336,41.541666666666664,45.875,44.5,43.041666666666664,43.208333333333336,44.333333333333336,42.125,44.208333333333336,44.75,46.083333333333336,43.416666666666664,47.166666666666664,45.875,47.625,46,43.416666666666664,43.375,45.333333333333336,45.916666666666664,45.166666666666664,42.208333333333336,45.416666666666664,42.791666666666664
2011-02-14T00:00:00Z,55.208333333333336,46.583333333333336,55.375,57.166666666666664,53.041666666666664,55.083333333333336,56.333333333333336,46.291666666666664,55.041666666666664,52.958333333333336,54.958333333333336,54.416666666666664,54.166666666666664,53.541666666666664,55.541666666666664,54.583333333333336,53.583333333333336,52.708333333333336,52.375,54.166666666666664,49.208333333333336,54.5,55.458333333333336,55.125
2011-02-15T00:00:00Z,43,43.583333333333336,49,49.916666666666664,43.416666666666664,46.75,48.291666666666664,37.791666666666664,47.208333333333336,44.208333333333336,48.958333333333336,45.458333333333336,46.208333333333336,44.958333333333336,45.958333333333336,45.25,49.125,44.583333333333336,46.958333333333336,44.375,44.041666666666664,47.625,41.291666666666664,44.625
2011-02-16T00:00:00Z,39.458333333333336,44.5,48.5,48.25,43.541666666666664,44.125,47.458333333333336,43.333333333333336,46.125,46.375,49.541666666666664,46.916666666666664,46.666666666666664,44.625,49.208333333333336,45.541666666666664,45.375,44.333333333333336,45.75,43.958333333333336,44.833333333333336,44.208333333333336,44.5,43.375
2011-02-17T00:00:00Z,53.125,48.666666666666664,54.75,57.25,55.708333333333336,54.416666666666664,57.25,50,56.083333333333336,52.833333333333336,55.875,53.958333333333336,52.708333333333336,53.291666666666664,56.541666666666664,54.416666666666664,56.083333333333336,52.041666666666664,55.916666666666664,51.5,50.5,53.791666666666664,55.75,54.041666666666664
2011-02-18T00:00:00Z,62.875,56.583333333333336,63.375,65.20833333333333,63.916666666666664,64.875,65.33333333333333,54.041666666666664,64.20833333333333,62.458333333333336,62.625,62.958333333333336,61.666666666666664,63.583333333333336,60.041666666666664,63.916666666666664,63.375,62.25,57.166666666666664,61.625,58.666666666666664,63.583333333333336,65.33333333333333,63.791666666666664
2011-02-19T00:00:00Z,57,52.5,59.5,60.875,57.458333333333336,60.625,62.208333333333336,45.916666666666664,60.916666666666664,55.625,59.666666666666664,57.375,56.333333333333336,55.958333333333336,58.958333333333336,58.041666666666664,61.25,56.125,59.916666666666664,56.125,54.583333333333336,60.416666666666664,58.375,59.208333333333336
2011-02-20T00:00:00Z,46.791666666666664,45.666666666666664,51.291666666666664,51.583333333333336,46.75,50,51.25,41.166666666666664,50.583333333333336,49.166666666666664,51.791666666666664,48.666666666666664,48.25,49.333333333333336,48.583333333333336,50.5,49.75,46.875,49.875,46.208333333333336,48.208333333333336,49.375,44.666666666666664,46.875
2011-02-21T00:00:00Z,57.166666666666664,57.375,60.083333333333336,64.5,57.416666666666664,64,64.25,55.333333333333336,63.375,59.5,59.583333333333336,59.875,57.958333333333336,59.541666666666664,61.208333333333336,60.458333333333336,64.20833333333333,59.25,58.5,57.5,56.416666666666664,63.791666666666664,52.5,61.833333333333336
2011-02-22T00:00:00Z,36.875,51.875,58.625,56.958333333333336,37.125,46.125,54.5,44.583333333333336,46.166666666666664,43.625,63.083333333333336,46.333333333333336,56,38.166666666666664,45.958333333333336,43.041666666666664,53.291666666666664,57.291666666666664,46.333333333333336,56.666666666666664,47.791666666666664,49.333333333333336,35.125,40.958333333333336
2011-02-23T00:00:00Z,37,45.041666666666664,45.625,44.083333333333336,38.166666666666664,42.041666666666664,43.166666666666664,37.791666666666664,40.333333333333336,40.5,46.416666666666664,41.166666666666664,44.291666666666664,38.041666666666664,44.083333333333336,39.333333333333336,44.333333333333336,43.25,43.833333333333336,43.666666666666664,41.666666666666664,42.75,37.208333333333336,37.25
2011-02-24T00:00:00Z,45.25,49.291666666666664,48.75,55.5,47.041666666666664,50.25,53.041666666666664,39.375,50.375,42.041666666666664,51.958333333333336,43.541666666666664,43.875,43.875,51.208333333333336,44.5,52.166666666666664,43.25,51.666666666666664,42.041666666666664,39.333333333333336,52.375,46.208333333333336,47.5
2011-02-25T00:00:00Z,60.75,52.166666666666664,59,64.83333333333333,61.75,64.08333333333333,64.33333333333333,47.541666666666664,63.583333333333336,54.833333333333336,58.875,58.125,52.416666666666664,57.208333333333336,58.875,58.916666666666664,63,55.666666666666664,59.666666666666664,50.666666666666664,48.791666666666664,63.541666666666664,60.458333333333336,61.458333333333336
2011-02-26T00:00:00Z,42.041666666666664,43.458333333333336,46.75,52.583333333333336,44.083333333333336,48.666666666666664,50.541666666666664,37.083333333333336,47.541666666666664,43.875,47.125,45.291666666666664,43.541666666666664,43.75,49.416666666666664,45,50.458333333333336,43.958333333333336,50.083333333333336,40.333333333333336,41.666666666666664,49.75,43.125,45.375
2011-02-27T00:00:00Z,59.583333333333336,56.5,63.166666666666664,63.083333333333336,58.958333333333336,60.875,63.125,54,63.166666666666664,59.333333333333336,62.333333333333336,64.54166666666667,59.166666666666664,60.083333333333336,57.708333333333336,61.208333333333336,61.583333333333336,63.833333333333336,56.541666666666664,54.75,50.791666666666664,59.958333333333336,53.166666666666664,61.166666666666664
2011-02-28T00:00:00Z,65.25,60.708333333333336,63.625,69,65.79166666666667,67.58333333333333,69.41666666666667,57.833333333333336,68.33333333333333,62.416666666666664,64.95833333333333,64.08333333333333,62.291666666666664,63.708333333333336,63.416666666666664,65.41666666666667,67.95833333333333,64.375,61.75,63.625,57.791666666666664,67.41666666666667,63.916666666666664,66.54166666666667
2011-03-01T00:00:00Z,43.458333333333336,47.291666666666664,51.083333333333336,53.166666666666664,44.291666666666664,49.083333333333336,51.583333333333336,39.25,48.291666666666664,46.375,51,47.75,47.708333333333336,44.875,49.291666666666664,46.625,52.458333333333336,47.583333333333336,49.125,45.916666666666664,45,50.958333333333336,41.625,46.416666666666664
2011-03-02T00:00:00Z,42.833333333333336,45.541666666666664,51.5,48.583333333333336,46.041666666666664,47.583333333333336,47.5,44.125,46.416666666666664,49.375,50.791666666666664,46.791666666666664,48.833333333333336,47.916666666666664,52.333333333333336,47.541666666666664,48.375,46,49.291666666666664,44.875,46.416666666666664,46.708333333333336,46.708333333333336,44.75
2011-03-03T00:00:00Z,39,45.208333333333336,51.083333333333336,48.291666666666664,39.416666666666664,42.833333333333336,47.666666666666664,39.666666666666664,44.333333333333336,44.75,52.041666666666664,46,47.666666666666664,40.875,45.291666666666664,45,45.208333333333336,47.875,44.416666666666664,44.541666666666664,44.875,44.416666666666664,36.875,41.166666666666664
2011-03-04T00:00:00Z,41.958333333333336,42.458333333333336,47.166666666666664,48.041666666666664,44.75,46.458333333333336,47.25,37.666666666666664,45.833333333333336,44,46.125,43.083333333333336,43.625,42.541666666666664,50.458333333333336,43.125,46.916666666666664,44.75,48.791666666666664,42.541666666666664,43.333333333333336,46.708333333333336,43.25,45.041666666666664
2011-03-05T00:00:00Z,53.25,49.375,55.416666666666664,58.333333333333336,54.25,56.791666666666664,56.666666666666664,44.041666666666664,55.875,55.5,51.541666666666664,56,50.25,54.875,58.125,55.208333333333336,56.041666666666664,50.958333333333336,61.25,47.458333333333336,51,56.666666666666664,56.416666666666664,53.791666666666664
2011-03-06T00:00:00Z,57.875,41.791666666666664,50.916666666666664,59.333333333333336,59.791666666666664,60.916666666666664,58.291666666666664,37.583333333333336,58.833333333333336,49.375,49.75,50.958333333333336,47.583333333333336,53.75,59.333333333333336,53.5,60.458333333333336,49.541666666666664,60.666666666666664,47.041666666666664,46.541666666666664,60.083333333333336,59.541666666666664,57.875
2011-03-07T00:00:00Z,42.625,39.791666666666664,43.958333333333336,46.458333333333336,46.416666666666664,46,45.833333333333336,34.541666666666664,44.75,41.541666666666664,44.041666666666664,41.541666666666664,42.25,42.208333333333336,48.875,42.25,46.333333333333336,40.583333333333336,48.083333333333336,40.5,42.833333333333336,45.875,44.458333333333336,43.416666666666664
2011-03-08T00:00:00Z,41.208333333333336,41.791666666666664,48.875,50.541666666666664,44.625,47.833333333333336,48.75,36.5,46.5,43.375,47.75,45.541666666666664,42.791666666666664,41.916666666666664,50.375,44.458333333333336,48.791666666666664,42.833333333333336,48.625,41.5,42.583333333333336,48.25,42.875,42.833333333333336
2011-03-09T00:00:00Z,47.833333333333336,43.333333333333336,51.166666666666664,57.416666666666664,50.25,54.833333333333336,56.166666666666664,36.458333333333336,53.5,46.25,46.75,49.958333333333336,43.5,46.625,57.416666666666664,49.333333333333336,56.083333333333336,47.208333333333336,58.041666666666664,42.5,42.625,55.5,49.375,51.416666666666664
2011-03-10T00:00:00Z,56.958333333333336,44.125,52.125,58.791666666666664,58.666666666666664,60.416666666666664,58.916666666666664,40.208333333333336,59.083333333333336,51.541666666666664,50.333333333333336,53,47.5,53.875,63.458333333333336,54.25,59.875,50,62.125,47.125,48.875,58.958333333333336,56.416666666666664,58.166666666666664
2011-03-11T00:00:00Z,41.375,36.666666666666664,43.25,46.541666666666664,46.458333333333336,46.625,45.916666666666664,30.958333333333332,44.833333333333336,40.875,43.166666666666664,42.291666666666664,40.791666666666664,41.375,52.875,42.541666666666664,47,42.708333333333336,50.083333333333336,40.5,40.541666666666664,45.541666666666664,47.25,43.625
2011-03-12T00:00:00Z,48.916666666666664,47.958333333333336,51.666666666666664,49.583333333333336,50.458333333333336,50.208333333333336,49.833333333333336,49.041666666666664,51.625,50.458333333333336,53.75,50.541666666666664,53.166666666666664,49.958333333333336,54.791666666666664,51.416666666666664,49.833333333333336,50.541666666666664,51.125,51.5,49.875,48.041666666666664,51.708333333333336,51.208333333333336
2011-03-13T00:00:00Z,59.17391304347826,54.91304347826087,62.608695652173914,61.65217391304348,60.34782608695652,61.30434782608695,61.69565217391305,54.73913043478261,62.17391304347826,60.52173913043478,63.130434782608695,60.73913043478261,63.91304347826087,59.30434782608695,61.34782608695652,61.869565217391305,61.95652173913044,58.91304347826087,59.04347826086956,64.1304347826087,61.130434782608695,60.47826086956522,56.78260869565217,60.56521739130435
2011-03-14T00:00:00Z,47.458333333333336,49.75,56.208333333333336,56.458333333333336,47.958333333333336,52.166666666666664,55.958333333333336,44.208333333333336,52.5,48.916666666666664,55.083333333333336,52.041666666666664,50.083333333333336,47.458333333333336,52.25,49.958333333333336,54.875,50.833333333333336,53.875,49.125,48.291666666666664,54.041666666666664,46.583333333333336,50.291666666666664
2011-03-15T00:00:00Z,45.958333333333336,42.583333333333336,47.458333333333336,55.666666666666664,48.958333333333336,51.583333333333336,55,34.75,50.958333333333336,45.083333333333336,45.5,46.333333333333336,42.5,46.083333333333336,56.458333333333336,48.208333333333336,53.625,44.75,55.791666666666664,42.041666666666664,42.25,53.166666666666664,47.625,48.75
2011-03-16T00:00:00Z,54,44.416666666666664,50.916666666666664,59.958333333333336,57.291666666666664,61.291666666666664,58.25,40.833333333333336,56.416666666666664,50.166666666666664,51,50.416666666666664,47.583333333333336,51.375,62.333333333333336,52.458333333333336,63.291666666666664,49.375,62.791666666666664,46.125,49.041666666666664,61.916666666666664,53.958333333333336,54.666666666666664
2011-03-17T00:00:00Z,51.875,49.5,53.5,56.041666666666664,53.5,54.875,56.25,48.541666666666664,55.375,54.541666666666664,55.083333333333336,52.25,52.666666666666664,53.416666666666664,53.25,53.416666666666664,55.666666666666664,50.916666666666664,56.125,49.416666666666664,53.916666666666664,55.083333333333336,53.708333333333336,53.416666666666664
2011-03-18T00:00:00Z,63.708333333333336,61.791666666666664,67.41666666666667,65.29166666666667,65.04166666666667,64.95833333333333,65.375,62.25,66.33333333333333,66.41666666666667,67.25,66.20833333333333,66.45833333333333,64.5,60.875,65.29166666666667,65.41666666666667,63.791666666666664,60.875,64.54166666666667,64.66666666666667,64.625,65.04166666666667,64.79166666666667
2011-03-19T00:00:00Z,61,62.958333333333336,67.54166666666667,67.125,59.041666666666664,62.291666666666664,67.58333333333333,56.041666666666664,65.29166666666667,65.375,67.5,63.875,65.875,64.125,60.666666666666664,66.375,64.16666666666667,62.666666666666664,62.208333333333336,64.83333333333333,62.75,64.20833333333333,58.375,62.791666666666664
2011-03-20T00:00:00Z,46.833333333333336,55.333333333333336,59,56.958333333333336,48.666666666666664,52.125,56.041666666666664,46.458333333333336,52.583333333333336,52.833333333333336,59.375,54.875,56.041666666666664,49.25,52.958333333333336,52.791666666666664,55.166666666666664,57.583333333333336,54.291666666666664,55.125,53.375,53.708333333333336,46.25,49.291666666666664
2011-03-21T00:00:00Z,59.666666666666664,63.25,64.33333333333333,63.833333333333336,61.125,62.75,64.16666666666667,57.375,63.083333333333336,62.208333333333336,64.20833333333333,62.208333333333336,63.208333333333336,61.041666666666664,60.166666666666664,62.625,63,62.791666666666664,61.041666666666664,63.375,62.375,62.25,59.791666666666664,61.791666666666664
2011-03-22T00:00:00Z,62.708333333333336,63.375,68.375,70.08333333333333,59.416666666666664,67.04166666666667,70.75,62.583333333333336,69.70833333333333,67.79166666666667,70.41666666666667,66.58333333333333,69.58333333333333,70.25,62.416666666666664,69.91666666666667,70.625,66.58333333333333,65.375,68.5,67.45833333333333,69.54166666666667,56.541666666666664,67.58333333333333
2011-03-23T00:00:00Z,58.666666666666664,64.125,71.625,72.66666666666667,57.666666666666664,66.79166666666667,72.375,60.375,66.41666666666667,65.25,70.5,69.95833333333333,67.5,59.333333333333336,63.791666666666664,65.04166666666667,69.79166666666667,69.58333333333333,63.5,66.75,64.66666666666667,69.04166666666667,55.708333333333336,62.958333333333336
2011-03-24T00:00:00Z,53.875,48.583333333333336,58.458333333333336,67.20833333333333,52.25,59.916666666666664,65.33333333333333,42.041666666666664,60.5,54.875,57.541666666666664,56.083333333333336,54.833333333333336,55.458333333333336,58.166666666666664,57.166666666666664,64.95833333333333,56.583333333333336,61.958333333333336,54.75,51.5,62.708333333333336,48.291666666666664,57.541666666666664
2011-03-25T00:00:00Z,46.666666666666664,46.25,51.083333333333336,54.958333333333336,46.75,49.375,54.958333333333336,39.25,52.5,46.666666666666664,50.958333333333336,48.208333333333336,48.541666666666664,46.125,49.083333333333336,47.166666666666664,50.583333333333336,47.625,50.5,48.625,45.916666666666664,50.333333333333336,44.833333333333336,49.541666666666664
2011-03-26T00:00:00Z,40.5,45.208333333333336,47.375,52.625,43.708333333333336,49.25,50.833333333333336,37.75,47.208333333333336,42.958333333333336,48.041666666666664,45.166666666666664,46.083333333333336,41.416666666666664,49.958333333333336,44.166666666666664,52.416666666666664,46.958333333333336,52.166666666666664,46.416666666666664,42.958333333333336,50.416666666666664,42.5,44.333333333333336
2011-03-27T00:00:00Z,35.625,41.041666666666664,40.75,43.208333333333336,38.25,41.333333333333336,41.5,34.166666666666664,39.333333333333336,37,42.083333333333336,36.958333333333336,39.583333333333336,36.458333333333336,45.083333333333336,37.958333333333336,43.416666666666664,39.583333333333336,45.708333333333336,39.916666666666664,37.583333333333336,41.666666666666664,38.125,37.666666666666664
2011-03-28T00:00:00Z,36.375,40.208333333333336,40.583333333333336,39.833333333333336,39.208333333333336,40.458333333333336,39.958333333333336,32.916666666666664,39.916666666666664,37.291666666666664,42.75,37.375,39.958333333333336,38,44.625,37.833333333333336,40.208333333333336,39.458333333333336,41.958333333333336,40.291666666666664,36.916666666666664,39.291666666666664,40.291666666666664,37.458333333333336
2011-03-29T00:00:00Z,41.25,44.625,47.375,47.375,43,44.916666666666664,47.541666666666664,40,46.166666666666664,45.875,50.333333333333336,44,45.5,44.083333333333336,48.25,44.541666666666664,45.708333333333336,44.416666666666664,47.708333333333336,45,43.708333333333336,44.375,43.5,43.125
2011-03-30T00:00:00Z,40.75,46.875,48.375,49.416666666666664,44.791666666666664,48.625,47.875,39.458333333333336,45.166666666666664,43.083333333333336,49.208333333333336,45.166666666666664,45.583333333333336,41.166666666666664,54.208333333333336,43.708333333333336,51,45.125,54.208333333333336,45.5,41.958333333333336,49.416666666666664,44.375,42.958333333333336
2011-03-31T00:00:00Z,44.875,43.25,45.166666666666664,48.625,47.333333333333336,48.208333333333336,46.958333333333336,37.5,46.541666666666664,41.625,46.333333333333336,42.791666666666664,43,42.125,52.791666666666664,43.75,49.208333333333336,43.333333333333336,51.708333333333336,42.166666666666664,41,48.166666666666664,45.583333333333336,45.25
2011-04-01T00:00:00Z,44.291666666666664,41.625,46.625,49.833333333333336,45.666666666666664,49.625,49.416666666666664,34.208333333333336,48,43.333333333333336,47.875,44.166666666666664,43.791666666666664,43.833333333333336,52.083333333333336,44.791666666666664,50.375,43.208333333333336,51.958333333333336,42.125,42.5,48.916666666666664,45.916666666666664,45.833333333333336
2011-04-02T00:00:00Z,48.541666666666664,50.875,53.25,53.916666666666664,49.25,53.541666666666664,53.083333333333336,41.666666666666664,52.75,49.291666666666664,55.666666666666664,49.291666666666664,51.708333333333336,48.708333333333336,55.958333333333336,50.125,54.333333333333336,49.75,56.708333333333336,51.291666666666664,46.75,53.083333333333336,47.541666666666664,50.416666666666664
2011-04-03T00:00:00Z,51.458333333333336,55.25,57.416666666666664,55.416666666666664,52.083333333333336,55.916666666666664,54.791666666666664,53.291666666666664,54.458333333333336,53.666666666666664,60.416666666666664,54.583333333333336,59.375,53.083333333333336,56.5,53.75,54.875,54.708333333333336,55.583333333333336,57.916666666666664,54.125,52.958333333333336,51.458333333333336,53.541666666666664
2011-04-04T00:00:00Z,68,68.20833333333333,69.79166666666667,69.08333333333333,67.41666666666667,68.875,69.16666666666667,62.833333333333336,69.375,69.45833333333333,68.95833333333333,70.20833333333333,69.04166666666667,69.5,66.04166666666667,70.41666666666667,69.45833333333333,69.33333333333333,66.29166666666667,70.66666666666667,66.625,68.54166666666667,68.70833333333333,68.41666666666667
2011-04-05T00:00:00Z,59.125,47.375,56.958333333333336,62.708333333333336,61.166666666666664,62.208333333333336,63.125,41.875,60.875,54.5,54.875,55.083333333333336,52.458333333333336,57.208333333333336,62.916666666666664,56.708333333333336,62.75,54.333333333333336,63.416666666666664,51.416666666666664,50.458333333333336,61.333333333333336,59.166666666666664,60.75
2011-04-06T00:00:00Z,50.75,49.208333333333336,53.5,52.75,52.291666666666664,52.5,53.833333333333336,47.625,54.958333333333336,51.375,52.291666666666664,50.375,52.958333333333336,51.916666666666664,56.25,51.458333333333336,52.458333333333336,50.625,54.916666666666664,50.25,50.625,51.708333333333336,53.5,52.083333333333336
2011-04-07T00:00:00Z,61.041666666666664,57.75,62.333333333333336,62.125,62.166666666666664,61.833333333333336,62.166666666666664,57.916666666666664,62.291666666666664,62.208333333333336,62,61.541666666666664,61.75,62.416666666666664,63.833333333333336,62.708333333333336,63.125,61.416666666666664,63.416666666666664,58.916666666666664,58.708333333333336,61.458333333333336,59.583333333333336,59.833333333333336
2011-04-08T00:00:00Z,58.458333333333336,63.791666666666664,68.70833333333333,68.66666666666667,60.416666666666664,65.20833333333333,69.125,60.041666666666664,67.5,62,67.08333333333333,65.91666666666667,65.20833333333333,55.083333333333336,66.875,61.75,68.91666666666667,64.08333333333333,65.5,64.29166666666667,61.083333333333336,66.75,52.5,62.166666666666664
2011-04-09T00:00:00Z,51.541666666666664,66.58333333333333,63.375,61.541666666666664,52.333333333333336,57.458333333333336,58.916666666666664,61.583333333333336,55.583333333333336,50.833333333333336,71.54166666666667,51.375,58.708333333333336,49.583333333333336,57.958333333333336,52.083333333333336,59.333333333333336,59.041666666666664,59.916666666666664,60.916666666666664,51.833333333333336,57.541666666666664,49.25,53.125
2011-04-10T00:00:00Z,54.666666666666664,68.16666666666667,61,63.125,59.375,61.333333333333336,63.666666666666664,62.625,61.041666666666664,56.708333333333336,64.75,57.708333333333336,58.75,56.916666666666664,64.41666666666667,58.791666666666664,62.791666666666664,59.041666666666664,64.25,59.666666666666664,58.291666666666664,62.708333333333336,56.25,57.208333333333336
2011-04-11T00:00:00Z,69.04166666666667,68.625,73.08333333333333,70.58333333333333,70.75,71,70.45833333333333,66.83333333333333,70.66666666666667,71.04166666666667,71.75,70.5,71.375,68.54166666666667,71.16666666666667,70,70.25,72,67.75,70.25,70.58333333333333,69.58333333333333,71.91666666666667,69.20833333333333
2011-04-12T00:00:00Z,67.20833333333333,55.583333333333336,64.125,66.75,71.91666666666667,69.79166666666667,66.91666666666667,51.25,67.45833333333333,63.666666666666664,61.791666666666664,64.125,60.333333333333336,66.20833333333333,71.79166666666667,65.75,68,61.833333333333336,68.41666666666667,60.541666666666664,60.916666666666664,68.04166666666667,71.70833333333333,65.70833333333333
2011-04-13T00:00:00Z,58.75,53.708333333333336,58.125,59.458333333333336,62.625,61.416666666666664,59.791666666666664,48.833333333333336,60.625,56.833333333333336,61.083333333333336,55.458333333333336,56.541666666666664,58.166666666666664,66.95833333333333,57.666666666666664,61.25,55.125,62.708333333333336,54.875,56.125,60.25,59.916666666666664,58.916666666666664
2011-04-14T00:00:00Z,58.333333333333336,54.125,62.5,61.125,58.291666666666664,60.791666666666664,61.833333333333336,53.458333333333336,61.875,59.541666666666664,62.458333333333336,56.916666666666664,58.291666666666664,58.083333333333336,62.583333333333336,57.75,59.5,56.166666666666664,62.333333333333336,53.708333333333336,57.125,60.333333333333336,56.833333333333336,58.666666666666664
2011-04-15T00:00:00Z,57.5,57,65.125,63.25,58.375,62.541666666666664,63.333333333333336,54.083333333333336,62,62,64.45833333333333,61.208333333333336,61.208333333333336,61.083333333333336,63.625,61.25,61.541666666666664,60.666666666666664,64.83333333333333,59.75,61.583333333333336,63.708333333333336,55.416666666666664,59.25
2011-04-16T00:00:00Z,63.5,57.75,63.083333333333336,68.08333333333333,67.66666666666667,69.08333333333333,67.04166666666667,52.708333333333336,66.125,61.708333333333336,60.833333333333336,63.208333333333336,61.208333333333336,62.416666666666664,71.5,64.375,69.625,61.333333333333336,70.58333333333333,61.208333333333336,60.458333333333336,68.79166666666667,64.5,64.75
2011-04-17T00:00:00Z,57.125,53.333333333333336,56.583333333333336,59.625,60.541666666666664,60.458333333333336,60.25,48.166666666666664,59.25,56.041666666666664,56.708333333333336,56.416666666666664,57.541666666666664,56.083333333333336,65.375,57.166666666666664,61.458333333333336,55.375,62.333333333333336,55.75,56.75,60.083333333333336,60.708333333333336,58.166666666666664
2011-04-18T00:00:00Z,63.208333333333336,58.875,64.25,62.291666666666664,66.91666666666667,63.166666666666664,63.458333333333336,59.083333333333336,65.66666666666667,64.58333333333333,63.083333333333336,65.25,63.208333333333336,63.5,66.875,65.04166666666667,62.541666666666664,61.458333333333336,64.375,58.833333333333336,61.833333333333336,62.458333333333336,67.95833333333333,64.16666666666667
2011-04-19T00:00:00Z,68.70833333333333,66.58333333333333,69.95833333333333,68.04166666666667,70.16666666666667,68.375,68.16666666666667,65.29166666666667,70.33333333333333,70.29166666666667,69.625,70.29166666666667,70.29166666666667,69.375,69.625,70.79166666666667,67.375,68.625,68.625,67,67.79166666666667,67.58333333333333,70.75,68.625
2011-04-20T00:00:00Z,73.41666666666667,67.625,72.04166666666667,76.125,75.25,74.70833333333333,76.16666666666667,65.66666666666667,75.91666666666667,72.125,70.08333333333333,72.125,71,72.70833333333333,72.70833333333333,73.83333333333333,74.95833333333333,70.25,71.29166666666667,68.95833333333333,69.95833333333333,74.95833333333333,76.04166666666667,73.125
2011-04-21T00:00:00Z,61.583333333333336,63.375,67.75,69.79166666666667,63.25,66.58333333333333,68.79166666666667,59.208333333333336,64.25,64.125,68.375,62.625,67.33333333333333,62.708333333333336,66.08333333333333,64.95833333333333,69.875,65,67.58333333333333,67,64.75,68.04166666666667,61.625,61.333333333333336
2011-04-22T00:00:00Z,51.541666666666664,51.416666666666664,53.291666666666664,61.75,55.708333333333336,59.875,60.166666666666664,46.333333333333336,57.125,50.458333333333336,53.708333333333336,50.083333333333336,50.666666666666664,52.333333333333336,64.95833333333333,52.875,62.5,50.125,64.66666666666667,50.208333333333336,51.208333333333336,61.25,52.5,54.791666666666664
2011-04-23T00:00:00Z,64.5,63.416666666666664,61.833333333333336,72.45833333333333,64.83333333333333,64.29166666666667,72.75,61.375,64.91666666666667,59.333333333333336,61.166666666666664,59.791666666666664,59.166666666666664,63.583333333333336,73.125,63.208333333333336,72.41666666666667,61.75,65.95833333333333,55.875,57.791666666666664,64.20833333333333,69.91666666666667,64.54166666666667
2011-04-24T00:00:00Z,75.125,66.83333333333333,71.5,73.54166666666667,76.04166666666667,73.04166666666667,73.5,67.375,75.25,71.125,70.41666666666667,72.125,69.45833333333333,72.66666666666667,73.70833333333333,72.41666666666667,73.75,69.375,72.70833333333333,66.625,67.79166666666667,73.08333333333333,77.20833333333333,74.45833333333333
2011-04-25T00:00:00Z,73.70833333333333,66.5,72.70833333333333,73.375,75.08333333333333,73,73.70833333333333,65.29166666666667,74.45833333333333,72.58333333333333,70.04166666666667,72.45833333333333,70.70833333333333,73.125,74.75,73.79166666666667,73.04166666666667,69.125,74.08333333333333,68.70833333333333,69.75,72.58333333333333,76.20833333333333,72.5
2011-04-26T00:00:00Z,70.70833333333333,68.75,73.75,70.5,73.20833333333333,72.79166666666667,70.75,64.79166666666667,70.875,72.66666666666667,72.29166666666667,71.875,71.41666666666667,71.33333333333333,73.45833333333333,71.95833333333333,73.33333333333333,72.625,73,71.25,70.5,72.83333333333333,72.95833333333333,71.125
2011-04-27T00:00:00Z,73.29166666666667,69.375,76.33333333333333,75.875,76.45833333333333,74.54166666666667,75.66666666666667,65.125,75.20833333333333,73.83333333333333,75,74.20833333333333,73.70833333333333,73.125,76.16666666666667,74.79166666666667,75.45833333333333,74.58333333333333,75.5,73,72.58333333333333,74.95833333333333,75.79166666666667,73.20833333333333
2011-04-28T00:00:00Z,72.75,62.541666666666664,72.20833333333333,75.75,76.58333333333333,75.625,74.70833333333333,59.375,73.95833333333333,71.875,70.29166666666667,71.95833333333333,70.625,73.04166666666667,76.54166666666667,72.875,76.625,71.70833333333333,75.29166666666667,68.83333333333333,68.29166666666667,74.375,75.70833333333333,73.16666666666667
2011-04-29T00:00:00Z,63.375,58,62.458333333333336,66.79166666666667,67.70833333333333,68.125,66.91666666666667,54.791666666666664,66,62.041666666666664,63,60.791666666666664,63.125,62.708333333333336,73.58333333333333,62.416666666666664,69.91666666666667,61.541666666666664,71.875,58.833333333333336,62.208333333333336,67.95833333333333,68.29166666666667,64.16666666666667
2011-04-30T00:00:00Z,59.916666666666664,58.333333333333336,64.33333333333333,66.04166666666667,62.958333333333336,65.16666666666667,65.875,57.458333333333336,64.16666666666667,62.416666666666664,63.541666666666664,60.166666666666664,62.125,58.833333333333336,66.29166666666667,61.583333333333336,66.33333333333333,60.333333333333336,67.83333333333333,58.166666666666664,61.5,65.04166666666667,61.083333333333336,60.958333333333336
2011-05-01T00:00:00Z,58.583333333333336,61.458333333333336,67.625,66.45833333333333,60.166666666666664,63.583333333333336,65.79166666666667,57.416666666666664,64.54166666666667,64.5,65.83333333333333,63.208333333333336,64.29166666666667,61.375,63.083333333333336,62.541666666666664,64.08333333333333,63.291666666666664,65.25,61.958333333333336,61.875,64.58333333333333,59.083333333333336,61.666666666666664
2011-05-02T00:00:00Z,65.33333333333333,66.16666666666667,70.08333333333333,68.08333333333333,67.91666666666667,66.33333333333333,68.41666666666667,63.083333333333336,68.54166666666667,69.08333333333333,68.375,68.08333333333333,69.20833333333333,67.375,68.91666666666667,68.08333333333333,67.33333333333333,68.625,67.79166666666667,67.83333333333333,68.5,66.04166666666667,68.5,66.66666666666667
2011-05-03T00:00:00Z,70.83333333333333,63.375,71.83333333333333,71.83333333333333,73.08333333333333,71.375,72.04166666666667,61.083333333333336,72,69.625,70.16666666666667,69.75,68.125,71.5,71.625,72.29166666666667,70.875,69.83333333333333,72.875,65.95833333333333,66.75,70.33333333333333,73.95833333333333,70.66666666666667
2011-05-04T00:00:00Z,57.166666666666664,48.833333333333336,57.958333333333336,65.375,61.375,63.125,64.5,42.541666666666664,61.458333333333336,55.666666666666664,56.041666666666664,55.75,53.708333333333336,55.958333333333336,67.25,57.333333333333336,66.625,55.25,68.375,52.458333333333336,52.833333333333336,65.20833333333333,59.958333333333336,58.375
2011-05-05T00:00:00Z,53,49.625,53.625,57.166666666666664,57.625,57.375,57.416666666666664,45.958333333333336,56.875,53.625,52.458333333333336,51.083333333333336,51.916666666666664,53.375,61.416666666666664,53.916666666666664,57.208333333333336,50.25,60.583333333333336,50.083333333333336,53.25,57.166666666666664,58.208333333333336,53.958333333333336
2011-05-06T00:00:00Z,56.958333333333336,52.5,58.958333333333336,57.625,61.375,58.708333333333336,57.875,49.041666666666664,57.583333333333336,57.333333333333336,58.875,56.25,56.041666666666664,54.375,66.79166666666667,57,59.083333333333336,54.25,64.29166666666667,51.166666666666664,54.583333333333336,59.291666666666664,60.375,56.833333333333336
2011-05-07T00:00:00Z,60.791666666666664,56.125,62.916666666666664,62.916666666666664,64.625,62.416666666666664,64.29166666666667,55.666666666666664,63.333333333333336,61.5,62.541666666666664,61,60.583333333333336,60.916666666666664,67.08333333333333,62.458333333333336,63.541666666666664,59.458333333333336,67.29166666666667,57.083333333333336,59.458333333333336,62.708333333333336,63.708333333333336,60.083333333333336
2011-05-08T00:00:00Z,60.166666666666664,65.83333333333333,70.16666666666667,70.20833333333333,62.916666666666664,64.5,69.16666666666667,58.666666666666664,64.54166666666667,62.125,69.58333333333333,63.958333333333336,66.54166666666667,59.916666666666664,65.54166666666667,61.375,70.75,65.29166666666667,68.04166666666667,65.70833333333333,61.958333333333336,67.45833333333333,61.916666666666664,61.5
2011-05-09T00:00:00Z,62.875,67.66666666666667,70.91666666666667,67.33333333333333,64.54166666666667,65.20833333333333,67.5,62,66.33333333333333,66.54166666666667,71.5,63.916666666666664,68.375,64.66666666666667,66.58333333333333,64.45833333333333,65.91666666666667,66.91666666666667,67.75,67.41666666666667,64.54166666666667,65.33333333333333,63.458333333333336,62.833333333333336
2011-05-10T00:00:00Z,62.166666666666664,69.79166666666667,75.375,68.5,62.958333333333336,67.54166666666667,69.25,62.625,68.375,68.70833333333333,74.29166666666667,68.66666666666667,70.41666666666667,64.91666666666667,64.45833333333333,68.20833333333333,67.75,70.375,69.66666666666667,69,67.79166666666667,66.58333333333333,61.958333333333336,64.875
2011-05-11T00:00:00Z,60.083333333333336,69.08333333333333,72.375,68.91666666666667,60.458333333333336,66.16666666666667,69.08333333333333,64.25,67.70833333333333,67.45833333333333,73.125,68,70,64.79166666666667,61.625,66.20833333333333,69.25,69.95833333333333,67.16666666666667,69.70833333333333,67.20833333333333,67.25,58.708333333333336,63.208333333333336
2011-05-12T00:00:00Z,60.5,70.04166666666667,73.33333333333333,66.08333333333333,63.791666666666664,64.70833333333333,63.916666666666664,66.08333333333333,61.666666666666664,64.91666666666667,74.375,64.91666666666667,73.25,60.916666666666664,62.333333333333336,62.125,65.5,72.5,65.375,72.83333333333333,66.58333333333333,64.20833333333333,61.5,61.375
2011-05-13T00:00:00Z,63.833333333333336,67.91666666666667,74.83333333333333,71.83333333333333,64.95833333333333,70.70833333333333,71.66666666666667,64.33333333333333,69.33333333333333,67.45833333333333,74,67.83333333333333,71.20833333333333,66.45833333333333,63.791666666666664,67.66666666666667,71.45833333333333,72.66666666666667,72.125,69.08333333333333,67.20833333333333,70.70833333333333,63.375,66.91666666666667
2011-05-14T00:00:00Z,70.20833333333333,64.83333333333333,67.875,71.5,74.375,74.33333333333333,71.41666666666667,58.041666666666664,70.375,67.54166666666667,69.25,66.25,65.95833333333333,67.125,71.58333333333333,68.25,74.83333333333333,65.83333333333333,74.79166666666667,63.75,66.33333333333333,73,70.33333333333333,69.45833333333333
2011-05-15T00:00:00Z,69.375,59.333333333333336,66.875,72.70833333333333,74.58333333333333,72.29166666666667,72.58333333333333,57.041666666666664,72.54166666666667,65.83333333333333,65.95833333333333,66.16666666666667,65.66666666666667,67.04166666666667,71.125,68.83333333333333,73,65.29166666666667,73.95833333333333,63.625,63.416666666666664,71.20833333333333,72.66666666666667,69.66666666666667
2011-05-16T00:00:00Z,67.83333333333333,54.791666666666664,63.375,67,72.75,70.08333333333333,67.25,52.333333333333336,68.58333333333333,63.25,60.791666666666664,61.708333333333336,61.75,64.75,71.08333333333333,66.375,68.58333333333333,61.625,72.04166666666667,59.291666666666664,62.25,68.04166666666667,70.20833333333333,68.25
2011-05-17T00:00:00Z,65.75,47.708333333333336,55.916666666666664,62.291666666666664,70.83333333333333,67.66666666666667,63.375,46.041666666666664,65.25,58.25,53.291666666666664,57.333333333333336,53.375,62.458333333333336,69.375,61.75,64.45833333333333,53.833333333333336,70.95833333333333,53.083333333333336,56.083333333333336,65.83333333333333,68.08333333333333,66.20833333333333
2011-05-18T00:00:00Z,64.5,50.541666666666664,57.458333333333336,64.04166666666667,71.04166666666667,67.20833333333333,64.25,46.583333333333336,66.45833333333333,58.541666666666664,57.791666666666664,57.791666666666664,55.958333333333336,62.958333333333336,70.875,59.791666666666664,65.54166666666667,56.25,71.20833333333333,55.041666666666664,55.916666666666664,65.66666666666667,66.79166666666667,66
2011-05-19T00:00:00Z,63.291666666666664,58.75,65.29166666666667,66.95833333333333,69.45833333333333,66.54166666666667,67.29166666666667,55.083333333333336,66.625,63.5,63.791666666666664,61.541666666666664,63,62.166666666666664,71.83333333333333,62.833333333333336,68.20833333333333,63.5,70.875,60.125,60.375,65.875,67.16666666666667,64.20833333333333
2011-05-20T00:00:00Z,66.08333333333333,62.166666666666664,68.5,69.16666666666667,70.08333333333333,71.875,71.29166666666667,60.458333333333336,71.29166666666667,68.20833333333333,68.16666666666667,66.83333333333333,67.20833333333333,66.16666666666667,75.04166666666667,67.125,71.875,67.625,74.625,65.41666666666667,64.54166666666667,71.08333333333333,68.16666666666667,67.125
2011-05-21T00:00:00Z,68.08333333333333,67.79166666666667,72.66666666666667,73.29166666666667,71.33333333333333,73.91666666666667,74.5,63.583333333333336,72.95833333333333,71.45833333333333,73.20833333333333,68.125,70.375,69.83333333333333,74,69.58333333333333,73.41666666666667,69.20833333333333,74.83333333333333,67.20833333333333,68.91666666666667,73.25,69.45833333333333,68.75
2011-05-22T00:00:00Z,72.25,69.95833333333333,78.45833333333333,74.79166666666667,74.16666666666667,73.58333333333333,76.16666666666667,67.20833333333333,74.91666666666667,76.08333333333333,78.04166666666667,74.375,73.54166666666667,73.66666666666667,75.5,74.29166666666667,73.54166666666667,73.83333333333333,75.91666666666667,71.33333333333333,72.70833333333333,72.70833333333333,73.125,73.875
2011-05-23T00:00:00Z,75.04166666666667,70.25,77.75,77.91666666666667,79.125,76.33333333333333,78.54166666666667,67.375,79.04166666666667,72.79166666666667,77.375,73.20833333333333,71.79166666666667,75.58333333333333,79.70833333333333,75.5,78.16666666666667,72.54166666666667,78.66666666666667,68.625,68.79166666666667,76.625,77.375,76
2011-05-24T00:00:00Z,74.79166666666667,72.5,78.95833333333333,80.70833333333333,81.70833333333333,82.91666666666667,82.125,69.16666666666667,82,75.08333333333333,79.29166666666667,77.16666666666667,75.54166666666667,76.20833333333333,80.16666666666667,78.5,82.625,76.58333333333333,78.29166666666667,73.41666666666667,70.95833333333333,81.95833333333333,77.16666666666667,78.75
2011-05-25T00:00:00Z,74.875,71.875,77.95833333333333,80.29166666666667,79.25,81.04166666666667,82.66666666666667,69.66666666666667,81.79166666666667,76.08333333333333,79.25,75.58333333333333,75.75,76.29166666666667,79.375,76.83333333333333,82.08333333333333,75.20833333333333,78,73,76.5,80.08333333333333,75.66666666666667,77.45833333333333
2011-05-26T00:00:00Z,79.66666666666667,72.91666666666667,79.91666666666667,77.25,83.04166666666667,79.04166666666667,78.75,69.08333333333333,81.16666666666667,79.70833333333333,76.29166666666667,79.125,76.625,80.45833333333333,80.04166666666667,80.45833333333333,79.08333333333333,78.25,78.75,74.04166666666667,78.16666666666667,77.625,82.625,79.58333333333333
2011-05-27T00:00:00Z,73.83333333333333,65,67.95833333333333,75.20833333333333,79.83333333333333,76.41666666666667,75.29166666666667,59.916666666666664,75,68.29166666666667,67.04166666666667,67,65.70833333333333,69.125,80.125,69.04166666666667,76.58333333333333,66.33333333333333,78.58333333333333,65.25,67.41666666666667,75.04166666666667,78.70833333333333,74.79166666666667
2011-05-28T00:00:00Z,70.875,69.66666666666667,73.875,75.375,79.08333333333333,73.79166666666667,75.33333333333333,64.83333333333333,71.45833333333333,72.45833333333333,73,71.5,71.5,71.41666666666667,79.75,72.25,74.54166666666667,71.75,76.95833333333333,70.33333333333333,71.375,72.5,76.25,71.75
2011-05-29T00:00:00Z,74.70833333333333,71.54166666666667,77.95833333333333,76.04166666666667,80.83333333333333,76.16666666666667,77.45833333333333,68.66666666666667,77.20833333333333,75.70833333333333,76.375,75.375,74.125,75.625,80.58333333333333,76.29166666666667,75.58333333333333,74,79.04166666666667,71.29166666666667,73.83333333333333,75.41666666666667,78.29166666666667,76.625
2011-05-30T00:00:00Z,79.54166666666667,74.91666666666667,79.83333333333333,78.08333333333333,83.75,78.79166666666667,80.375,72.91666666666667,81.29166666666667,80.58333333333333,80.125,78.83333333333333,79.16666666666667,79.625,81.25,79.625,78.29166666666667,77.625,80.33333333333333,75.5,78.75,77.29166666666667,82.33333333333333,79.41666666666667
2011-05-31T00:00:00Z,81.83333333333333,76.25,83.16666666666667,82.25,83.79166666666667,82.91666666666667,83.91666666666667,74.875,84.54166666666667,82.41666666666667,82.75,79.79166666666667,81.66666666666667,81.375,83.625,82.125,83.08333333333333,80,84.41666666666667,77.5,81.20833333333333,81.41666666666667,82.125,83
2011-06-01T00:00:00Z,79.125,77.70833333333333,83.08333333333333,79.41666666666667,82.45833333333333,79.41666666666667,81.79166666666667,75.08333333333333,82.125,83.41666666666667,84,80.20833333333333,82.375,81.83333333333333,81.79166666666667,81.33333333333333,78.41666666666667,80.75,80.04166666666667,78.95833333333333,81.33333333333333,78.45833333333333,81.875,79.375
2011-06-02T00:00:00Z,79.625,73.70833333333333,82.25,81.79166666666667,84.375,82.08333333333333,83.95833333333333,72.66666666666667,84.5,81.79166666666667,80.54166666666667,78.79166666666667,80.95833333333333,80.875,84.125,80.16666666666667,81.91666666666667,79.70833333333333,82.45833333333333,77.16666666666667,79.95833333333333,80.625,83.375,80.91666666666667
2011-06-03T00:00:00Z,71.45833333333333,73.41666666666667,78.5,77.91666666666667,75.66666666666667,77.70833333333333,78.70833333333333,69.91666666666667,76.95833333333333,75.25,77.45833333333333,72.54166666666667,76.20833333333333,71.875,78.375,74.625,78.83333333333333,74.79166666666667,80.70833333333333,72.5,74.375,78.875,73.16666666666667,73.20833333333333
2011-06-04T00:00:00Z,68.75,73.29166666666667,76.66666666666667,75,73.625,72.58333333333333,76.5,70.54166666666667,74.29166666666667,75.79166666666667,79.29166666666667,73.875,76.54166666666667,72.08333333333333,75.45833333333333,72.79166666666667,74.125,74.5,74.75,72.375,74.33333333333333,73.66666666666667,72.875,69.70833333333333
2011-06-05T00:00:00Z,70.75,75.08333333333333,77.5,80.25,74.375,74.70833333333333,80.83333333333333,73.70833333333333,78.29166666666667,79.83333333333333,79.5,77.08333333333333,77,75.33333333333333,78.29166666666667,78.75,78.66666666666667,75.29166666666667,79.91666666666667,75.04166666666667,79.375,78.04166666666667,72.41666666666667,73.29166666666667
2011-06-06T00:00:00Z,73.83333333333333,74.41666666666667,77.79166666666667,77.25,75.58333333333333,76.16666666666667,79.33333333333333,69.41666666666667,77.5,79.125,77.875,76.29166666666667,76.79166666666667,75.375,76.41666666666667,77.33333333333333,76.33333333333333,75.33333333333333,77.75,74.16666666666667,77.66666666666667,75.5,74.66666666666667,74.54166666666667
2011-06-07T00:00:00Z,75.70833333333333,75,79.5,78.33333333333333,77.5,76.54166666666667,79.04166666666667,71.25,79.04166666666667,79.54166666666667,79.91666666666667,77.08333333333333,78.04166666666667,76.08333333333333,77.83333333333333,77,77.66666666666667,77.125,78.54166666666667,75.875,75.08333333333333,76,77,76.66666666666667
2011-06-08T00:00:00Z,80.66666666666667,73.875,81.75,80.66666666666667,84.70833333333333,81.58333333333333,81.83333333333333,73.70833333333333,83.375,82.20833333333333,80.625,79.83333333333333,78.16666666666667,80.41666666666667,81.91666666666667,81.75,81.08333333333333,78.66666666666667,82.29166666666667,75.95833333333333,78.54166666666667,80.08333333333333,82.58333333333333,81.41666666666667
2011-06-09T00:00:00Z,82.33333333333333,71.83333333333333,79.58333333333333,79.20833333333333,86.41666666666667,81.45833333333333,79.58333333333333,70.25,84.20833333333333,78.83333333333333,77.54166666666667,78.08333333333333,75.875,81.25,81.75,80.29166666666667,81.41666666666667,76.625,82,73.54166666666667,77.04166666666667,79.5,86.91666666666667,82.5
2011-06-10T00:00:00Z,77.79166666666667,71.5,80.33333333333333,78.375,82.95833333333333,79.29166666666667,78.375,72.08333333333333,82.375,78.08333333333333,76.91666666666667,77.70833333333333,76.75,79.54166666666667,81.29166666666667,79.83333333333333,79.08333333333333,77.66666666666667,81.16666666666667,74.75,74.625,77.45833333333333,81.08333333333333,80.04166666666667
2011-06-11T00:00:00Z,75.875,73.29166666666667,80,77.125,81.95833333333333,79.16666666666667,77.125,68.66666666666667,80.875,76.16666666666667,78.29166666666667,75.5,76.08333333333333,76.70833333333333,80.75,76.95833333333333,78.16666666666667,76.125,81.125,74.75,72.70833333333333,77.33333333333333,78.79166666666667,78.875
2011-06-12T00:00:00Z,76.29166666666667,69.66666666666667,76.5,78.91666666666667,82.70833333333333,80.375,78.91666666666667,68.91666666666667,81.83333333333333,74.70833333333333,75.75,74.20833333333333,73.75,75,79.75,75.20833333333333,79.66666666666667,74.45833333333333,81.91666666666667,72.625,72.70833333333333,78.29166666666667,78.5,79.45833333333333
2011-06-13T00:00:00Z,71.5,72.33333333333333,77.70833333333333,78.45833333333333,79.20833333333333,77.79166666666667,78.54166666666667,67.58333333333333,75.58333333333333,76.33333333333333,78.20833333333333,74.16666666666667,75.58333333333333,73.375,78.79166666666667,75.20833333333333,79,75.375,79.58333333333333,72.625,74.58333333333333,78.125,75.5,72.45833333333333
2011-06-14T00:00:00Z,69.875,68.375,74.33333333333333,75.91666666666667,73.25,75.75,76,62.666666666666664,74.70833333333333,71.95833333333333,75.66666666666667,70.58333333333333,70.66666666666667,70.54166666666667,75.54166666666667,72.33333333333333,75.25,71.25,76.95833333333333,66.04166666666667,69.79166666666667,75.83333333333333,73.58333333333333,71.375
2011-06-15T00:00:00Z,68.95833333333333,62.958333333333336,70.66666666666667,74.625,72.29166666666667,73.83333333333333,74.66666666666667,58.666666666666664,72.41666666666667,70.5,71.04166666666667,69.45833333333333,66.83333333333333,69.58333333333333,73.41666666666667,70.33333333333333,73.66666666666667,67.375,75.91666666666667,62.291666666666664,66.875,74.45833333333333,71.625,70.5
2011-06-16T00:00:00Z,72.83333333333333,68.875,72.79166666666667,77.125,75.70833333333333,76.95833333333333,77.91666666666667,65.5,75.58333333333333,74.83333333333333,73.33333333333333,73.16666666666667,72.66666666666667,74.5,75.125,74.79166666666667,77.29166666666667,71.45833333333333,79.08333333333333,70.58333333333333,71.41666666666667,76.625,74.5,75.91666666666667
2011-06-17T00:00:00Z,77.41666666666667,67.83333333333333,75.58333333333333,80.79166666666667,82.95833333333333,79.125,81.04166666666667,67.875,79.45833333333333,77.04166666666667,74.16666666666667,73.5,74.45833333333333,76.75,79.41666666666667,76.95833333333333,83.875,72.875,81.20833333333333,69.5,73.125,80.45833333333333,79.83333333333333,78.16666666666667
2011-06-18T00:00:00Z,80.41666666666667,69.83333333333333,75.29166666666667,80.54166666666667,86.16666666666667,82.5,81,67,82.75,76.20833333333333,76.5,74.95833333333333,72.41666666666667,78.125,83.04166666666667,76.875,82.95833333333333,73.625,82.75,70.04166666666667,71.375,80.91666666666667,83.45833333333333,82.375
2011-06-19T00:00:00Z,78.91666666666667,68.41666666666667,75.125,79.91666666666667,82.16666666666667,81.45833333333333,81.66666666666667,68.25,81.54166666666667,75.375,75.66666666666667,75,69.08333333333333,78.08333333333333,82.75,77.375,83.75,72.375,82.375,67.83333333333333,71.04166666666667,81.125,76.66666666666667,79.83333333333333
2011-06-20T00:00:00Z,73.04166666666667,73.70833333333333,81.83333333333333,85.58333333333333,75.95833333333333,80.20833333333333,86.125,69.875,81.08333333333333,79.58333333333333,82.75,77.45833333333333,76.70833333333333,76.25,80.45833333333333,80.29166666666667,87.75,75.91666666666667,83.5,74.54166666666667,74.875,83.25,71.91666666666667,76.41666666666667
2011-06-21T00:00:00Z,74.875,74.375,82.91666666666667,82.95833333333333,77.45833333333333,77.45833333333333,82.83333333333333,71.375,78.41666666666667,81,83,80.79166666666667,78.41666666666667,77.04166666666667,79.625,81.08333333333333,81.08333333333333,78.58333333333333,78.66666666666667,75.79166666666667,75.58333333333333,78.54166666666667,76.25,76.08333333333333
2011-06-22T00:00:00Z,79.75,74.25,78.45833333333333,81.70833333333333,84.5,81.33333333333333,81.375,70.16666666666667,81.79166666666667,78.625,77.45833333333333,78.25,76.95833333333333,80,84.5,80.375,83.45833333333333,76.29166666666667,83.58333333333333,74.5,75.41666666666667,80.45833333333333,83.125,80.375
2011-06-23T00:00:00Z,80.08333333333333,69.95833333333333,76,83.29166666666667,86.54166666666667,82.125,83.29166666666667,67.29166666666667,81.16666666666667,75.08333333333333,74,76.79166666666667,72.25,78.41666666666667,82.91666666666667,79.08333333333333,83.45833333333333,72.58333333333333,83.08333333333333,71.04166666666667,71.875,81.95833333333333,84.375,78.5
2011-06-24T00:00:00Z,76.25,71.375,79.04166666666667,82.66666666666667,85.16666666666667,80.625,82.625,70.75,81.16666666666667,80.25,77.08333333333333,79.29166666666667,77.79166666666667,79.16666666666667,82.5,80.875,81.91666666666667,78.08333333333333,83.20833333333333,76,76.25,80.04166666666667,80,79.33333333333333
2011-06-25T00:00:00Z,77.08333333333333,72.04166666666667,75.83333333333333,82.5,84.25,82.41666666666667,82.54166666666667,68.20833333333333,80.79166666666667,77.125,75.75,75.66666666666667,76.41666666666667,74.75,83.5,77.29166666666667,83.91666666666667,74.125,83.54166666666667,73.83333333333333,73.41666666666667,81.875,79.125,79.08333333333333
2011-06-26T00:00:00Z,76.25,72.45833333333333,77.79166666666667,82,81.79166666666667,80.125,82,68.5,80.95833333333333,77.25,78.125,76.08333333333333,75.20833333333333,75.75,83.70833333333333,78.75,81.375,73.875,83.20833333333333,73.20833333333333,72.20833333333333,80.16666666666667,78.33333333333333,78.29166666666667
2011-06-27T00:00:00Z,77.70833333333333,72.375,80.54166666666667,79.95833333333333,83.625,78.04166666666667,79.95833333333333,72.04166666666667,78.5,79.33333333333333,78.95833333333333,80.45833333333333,76.41666666666667,77.29166666666667,84.125,79.125,82.66666666666667,76.20833333333333,83.625,73.20833333333333,76.20833333333333,80.41666666666667,79.16666666666667,77.375
2011-06-28T00:00:00Z,80.45833333333333,73.41666666666667,80.70833333333333,83,82.875,81.95833333333333,83.16666666666667,71.625,82.125,78.5,81.16666666666667,79.375,76.54166666666667,78.5,84.25,76.58333333333333,83.54166666666667,78,84.125,74.79166666666667,75.875,80.95833333333333,82.54166666666667,81.29166666666667
2011-06-29T00:00:00Z,76.45833333333333,73.91666666666667,80.16666666666667,81.41666666666667,78.75,78.41666666666667,80.54166666666667,69.33333333333333,79.16666666666667,77.95833333333333,80.625,75.375,77.375,77,79.625,77.45833333333333,78.75,74.83333333333333,80.66666666666667,74.58333333333333,76.04166666666667,77.54166666666667,77.70833333333333,77.20833333333333
2011-06-30T00:00:00Z,75.75,71.75,78,81.20833333333333,77.95833333333333,80.125,81.375,67.875,79.875,76.25,80.33333333333333,73.75,75.70833333333333,75.875,81.08333333333333,76.95833333333333,78.45833333333333,73.91666666666667,81.95833333333333,71.5,73.29166666666667,79.875,77.95833333333333,77.45833333333333
